date,position,total_value,cash,tqqq_shares,sqqq_shares,ndx_price,sma50,sma250,rsi,signal,reason,pnl_dollar,pnl_pct,ndx_buyhold_pnl_pct,tqqq_buyhold_pnl_pct
2010-02-11,CASH,10000.0,10000.0,0.0,0.0,1775.74,1818.67,1564.65,46.26,CASH,Downside breakdown: NDX 1775.7 broke below exit buffer (1784.7),0.0,0.0,0.0,0.0
2010-02-12,CASH,10001.23,10001.23,0.0,0.0,1779.11,1818.5,1567.01,46.98,CASH,Downside breakdown: NDX 1779.1 broke below exit buffer (1783.9),1.23,0.01,0.19,0.41
2010-02-16,CASH,10006.16,10006.16,0.0,0.0,1802.06,1818.73,1569.47,51.73,CASH,Holding cash,6.16,0.06,1.48,4.3
2010-02-17,CASH,10007.4,10007.4,0.0,0.0,1810.86,1819.29,1572.04,53.45,CASH,Holding cash,7.4,0.07,1.98,6.07
2010-02-18,CASH,10008.63,10008.63,0.0,0.0,1823.39,1819.92,1574.64,55.87,CASH,Re-entry buffer: NDX 1823.4 below threshold (1849.5),8.63,0.09,2.68,8.08
2010-02-19,CASH,10009.87,10009.87,0.0,0.0,1823.32,1820.71,1577.42,55.85,CASH,Re-entry buffer: NDX 1823.3 below threshold (1847.5),9.87,0.1,2.68,8.08
2010-02-22,CASH,10013.57,10013.57,0.0,0.0,1817.63,1821.61,1580.0,54.37,CASH,Holding cash,13.57,0.14,2.36,7.32
2010-02-23,CASH,10014.8,10014.8,0.0,0.0,1793.82,1821.69,1582.54,48.55,CASH,Downside breakdown: NDX 1793.8 broke below exit buffer (1794.9),14.8,0.15,1.02,3.13
2010-02-24,CASH,10016.04,10016.04,0.0,0.0,1812.51,1821.95,1585.28,52.82,CASH,Holding cash,16.04,0.16,2.07,6.25
2010-02-25,CASH,10017.27,10017.27,0.0,0.0,1812.91,1822.37,1588.06,52.91,CASH,Holding cash,17.27,0.17,2.09,6.19
2010-02-26,CASH,10018.51,10018.51,0.0,0.0,1818.68,1822.56,1591.03,54.26,CASH,Holding cash,18.51,0.19,2.42,7.51
2010-03-01,CASH,10022.21,10022.21,0.0,0.0,1846.4,1823.53,1594.09,60.19,CASH,Re-entry buffer: NDX 1846.4 below threshold (1848.7),22.21,0.22,3.98,12.13
2010-03-02,TQQQ_100,10023.45,0.0,43307.6337,0.0,1851.21,1824.53,1597.06,61.13,TQQQ_100,"Bull trend confirmed: Price > SMA50 & SMA250, RSI 61.1",23.45,0.23,4.25,12.8
2010-03-03,TQQQ_100,10079.12,0.0,43307.6337,0.0,1851.57,1826.0,1600.16,61.21,TQQQ_100,"Bull trend confirmed: Price > SMA50 & SMA250, RSI 61.2",79.12,0.79,4.27,13.43
2010-03-04,TQQQ_100,10190.38,0.0,43307.6337,0.0,1859.72,1827.05,1603.34,62.93,TQQQ_100,"Bull trend confirmed: Price > SMA50 & SMA250, RSI 62.9",190.38,1.9,4.73,14.68
2010-03-05,TQQQ_100,10640.82,0.0,43307.6337,0.0,1888.56,1828.24,1606.72,68.28,TQQQ_100,"Bull trend confirmed: Price > SMA50 & SMA250, RSI 68.3",640.82,6.41,6.35,19.75
2010-03-08,TQQQ_100,10697.56,0.0,43307.6337,0.0,1890.89,1829.27,1609.84,68.68,TQQQ_100,"Bull trend confirmed: Price > SMA50 & SMA250, RSI 68.7",697.56,6.98,6.48,20.39
2010-03-09,TQQQ_100,10886.93,0.0,43307.6337,0.0,1901.38,1830.26,1612.94,70.46,TQQQ_100,"Bull trend confirmed: Price > SMA50 & SMA250, RSI 70.5",886.93,8.87,7.08,22.52
2010-03-10,TQQQ_100,11153.34,0.0,43307.6337,0.0,1917.35,1831.21,1615.95,72.97,TQQQ_100,"Bull trend confirmed: Price > SMA50 & SMA250, RSI 73.0",1153.34,11.53,7.97,25.51
2010-03-11,TQQQ_100,11256.05,0.0,43307.6337,0.0,1923.81,1832.12,1618.97,73.94,TQQQ_100,"Bull trend confirmed: Price > SMA50 & SMA250, RSI 73.9",1256.05,12.56,8.34,26.67
2010-03-12,TQQQ_100,11281.73,0.0,43307.6337,0.0,1924.43,1833.17,1622.09,74.04,TQQQ_100,"Bull trend confirmed: Price > SMA50 & SMA250, RSI 74.0",1281.73,12.82,8.37,26.96
2010-03-15,TQQQ_100,11205.76,0.0,43307.6337,0.0,1920.09,1834.0,1625.0,72.03,TQQQ_100,"Bull trend confirmed: Price > SMA50 & SMA250, RSI 72.0",1205.76,12.06,8.13,26.1
2010-03-16,TQQQ_100,11417.65,0.0,43307.6337,0.0,1932.24,1835.44,1627.9,74.14,TQQQ_100,"Bull trend confirmed: Price > SMA50 & SMA250, RSI 74.1",1417.65,14.18,8.81,28.49
2010-03-17,TQQQ_100,11496.82,0.0,43307.6337,0.0,1936.22,1836.43,1630.83,74.81,TQQQ_100,"Bull trend confirmed: Price > SMA50 & SMA250, RSI 74.8",1496.82,14.97,9.04,29.38
2010-03-18,TQQQ_30,11613.43,8129.4,12992.2901,0.0,1943.94,1837.54,1633.85,76.1,TQQQ_30,Overextended: RSI 76.1 >= 75,1613.43,16.13,9.47,30.69
2010-03-19,TQQQ_30,11552.8,8130.4,12992.2901,0.0,1932.43,1838.62,1636.54,70.31,TQQQ_30,Trim lock active,1552.8,15.53,8.82,28.38
2010-03-22,TQQQ_30,11648.25,8133.41,12992.2901,0.0,1949.59,1840.07,1639.41,73.54,TQQQ_30,Trim lock active,1648.25,16.48,9.79,31.85
2010-03-23,TQQQ_30,11722.77,8134.41,12992.2901,0.0,1963.2,1841.49,1642.31,75.79,TQQQ_30,Overextended: RSI 75.8 >= 75,1722.77,17.23,10.56,34.61
2010-03-24,TQQQ_30,11672.73,8135.41,12992.2901,0.0,1951.84,1842.8,1644.99,70.41,TQQQ_30,Trim lock active,1672.73,16.73,9.92,32.69
2010-03-25,TQQQ_30,11651.58,8136.42,12992.2901,0.0,1949.15,1844.55,1647.78,69.16,TQQQ_30,Trim lock active,1651.58,16.52,9.77,31.86
2010-03-26,TQQQ_30,11670.89,8137.42,12992.2901,0.0,1952.63,1845.88,1650.71,69.9,TQQQ_30,Trim lock active,1670.89,16.71,9.96,32.55
2010-03-29,TQQQ_30,11722.36,8140.43,12992.2901,0.0,1961.22,1847.37,1653.61,71.72,TQQQ_30,Trim lock active,1722.36,17.22,10.45,34.36
2010-03-30,TQQQ_30,11760.92,8141.43,12992.2901,0.0,1967.96,1849.44,1656.47,73.1,TQQQ_30,Trim lock active,1760.92,17.61,10.82,35.77
2010-03-31,TQQQ_30,11713.14,8142.44,12992.2901,0.0,1958.34,1850.7,1659.13,68.02,TQQQ_30,Trim lock active,1713.14,17.13,10.28,33.94
2010-04-01,TQQQ_30,11707.08,8143.44,12992.2901,0.0,1959.56,1852.53,1661.7,68.32,TQQQ_30,Trim lock active,1707.08,17.07,10.35,33.68
2010-04-05,TQQQ_30,11814.13,8147.46,12992.2901,0.0,1977.83,1855.07,1664.36,72.49,TQQQ_30,Trim lock active,1814.13,18.14,11.38,37.54
2010-04-06,TQQQ_30,11843.07,8148.46,12992.2901,0.0,1981.95,1858.82,1667.19,73.34,TQQQ_30,Trim lock active,1843.07,18.43,11.61,38.59
2010-04-07,TQQQ_30,11823.2,8149.47,12992.2901,0.0,1977.3,1862.31,1669.89,70.68,TQQQ_30,Trim lock active,1823.2,18.23,11.35,37.81
2010-04-08,TQQQ_30,11837.37,8150.47,12992.2901,0.0,1980.73,1865.85,1672.45,71.5,TQQQ_30,Trim lock active,1837.37,18.37,11.54,38.3
2010-04-09,TQQQ_30,11904.81,8151.47,12992.2901,0.0,1994.43,1869.36,1675.08,74.57,TQQQ_30,Trim lock active,1904.81,19.05,12.32,40.79
2010-04-12,TQQQ_30,11922.92,8154.49,12992.2901,0.0,1995.65,1873.85,1677.78,74.83,TQQQ_30,Trim lock active,1922.92,19.23,12.38,41.36
2010-04-13,TQQQ_30,11980.74,8155.5,12992.2901,0.0,2003.81,1879.11,1680.53,76.55,TQQQ_30,Overextended: RSI 76.6 >= 75,1980.74,19.81,12.84,43.49
2010-04-14,TQQQ_30,12116.56,8156.5,12992.2901,0.0,2028.82,1884.47,1683.23,80.87,TQQQ_30,Overextended: RSI 80.9 >= 75,2116.56,21.17,14.25,48.55
2010-04-15,TQQQ_30,12170.53,8157.51,12992.2901,0.0,2038.64,1889.7,1685.97,82.26,TQQQ_30,Overextended: RSI 82.3 >= 75,2170.53,21.71,14.81,50.54
2010-04-16,TQQQ_30,12028.69,8158.51,12992.2901,0.0,2012.84,1894.27,1688.78,68.28,TQQQ_30,Trim lock active,2028.69,20.29,13.35,45.18
2010-04-19,TQQQ_30,12025.62,8161.53,12992.2901,0.0,2013.53,1899.88,1691.52,68.44,TQQQ_30,Trim lock active,2025.62,20.26,13.39,44.95
2010-04-20,TQQQ_30,12083.76,8162.54,12992.2901,0.0,2023.6,1905.43,1694.27,70.68,TQQQ_30,Trim lock active,2083.76,20.84,13.96,47.09
2010-04-21,TQQQ_30,12153.78,8163.54,12992.2901,0.0,2034.53,1911.42,1697.03,72.93,TQQQ_30,Trim lock active,2153.78,21.54,14.57,49.68
2010-04-22,TQQQ_30,12213.85,8164.55,12992.2901,0.0,2045.16,1917.25,1699.72,74.94,TQQQ_30,Trim lock active,2213.85,22.14,15.17,51.9
2010-04-23,TQQQ_30,12268.46,8165.56,12992.2901,0.0,2055.33,1923.36,1702.46,76.73,TQQQ_30,Overextended: RSI 76.7 >= 75,2268.46,22.68,15.74,53.91
2010-04-26,TQQQ_30,12240.99,8168.58,12992.2901,0.0,2049.09,1928.83,1705.21,73.28,TQQQ_30,Trim lock active,2240.99,22.41,15.39,52.76
2010-04-27,TQQQ_30,11990.65,8169.58,12992.2901,0.0,2006.25,1933.37,1707.71,55.01,TQQQ_30,Trim lock active,1990.65,19.91,12.98,43.34
2010-04-28,TQQQ_30,12000.65,8170.59,12992.2901,0.0,2007.59,1937.48,1710.16,55.39,TQQQ_30,Trim lock active,2000.65,20.01,13.06,43.67
2010-04-29,TQQQ_50,12197.14,6098.57,19682.8957,0.0,2042.89,1942.12,1712.74,63.91,TQQQ_50,Bearish RSI divergence,2197.14,21.97,15.04,51.01
2010-04-30,TQQQ_50,11838.52,6099.32,19682.8957,0.0,2000.63,1945.66,1715.03,51.28,TQQQ_50,Bearish RSI divergence,1838.52,18.39,12.66,42.11
2010-05-03,TQQQ_50,12075.17,6101.58,19682.8957,0.0,2031.6,1949.83,1717.47,57.85,TQQQ_50,Bearish RSI divergence,2075.17,20.75,14.41,47.91
2010-05-04,TQQQ_50,11547.82,6102.33,19682.8957,0.0,1968.97,1952.86,1719.65,44.71,TQQQ_50,Bearish RSI divergence,1547.82,15.48,10.88,34.83
2010-05-05,TQQQ_50,11459.08,6103.08,19682.8957,0.0,1958.26,1956.15,1721.92,42.92,TQQQ_50,Bearish RSI divergence,1459.08,14.59,10.28,32.62
2010-05-06,CASH,10935.13,10935.13,0.0,0.0,1893.75,1957.77,1723.92,34.05,CASH,Downside breakdown: NDX 1893.8 broke below exit buffer (1910.4),935.13,9.35,6.65,19.63
2010-05-07,CASH,10936.48,10936.48,0.0,0.0,1849.44,1958.5,1725.73,29.53,CASH,Downside breakdown: NDX 1849.4 broke below exit buffer (1906.6),936.48,9.36,4.15,10.92
2010-05-10,CASH,10940.52,10940.52,0.0,0.0,1942.61,1960.98,1727.99,45.8,CASH,Holding cash,940.52,9.41,9.4,27.47
2010-05-11,CASH,10941.87,10941.87,0.0,0.0,1940.48,1962.86,1730.4,45.55,CASH,Holding cash,941.87,9.42,9.28,27.38
2010-05-12,CASH,10943.22,10943.22,0.0,0.0,1975.58,1965.35,1732.86,50.51,CASH,Re-entry buffer: NDX 1975.6 below threshold (2024.2),943.22,9.43,11.25,34.24
2010-05-13,CASH,10944.57,10944.57,0.0,0.0,1945.52,1967.23,1735.22,46.59,CASH,Holding cash,944.57,9.45,9.56,28.18
2010-05-14,CASH,10945.92,10945.92,0.0,0.0,1907.1,1968.17,1737.28,42.1,CASH,Holding cash,945.92,9.46,7.4,20.29
2010-05-17,CASH,10949.97,10949.97,0.0,0.0,1915.45,1968.71,1739.35,43.38,CASH,Holding cash,949.97,9.5,7.87,21.91
2010-05-18,CASH,10951.32,10951.32,0.0,0.0,1887.06,1968.64,1741.32,40.13,CASH,Downside breakdown: NDX 1887.1 broke below exit buffer (1902.8),951.32,9.51,6.27,17.25
2010-05-19,CASH,10952.67,10952.67,0.0,0.0,1873.42,1968.08,1743.35,38.64,CASH,Downside breakdown: NDX 1873.4 broke below exit buffer (1901.9),952.67,9.53,5.5,14.16
2010-05-20,CASH,10954.02,10954.02,0.0,0.0,1800.12,1965.73,1745.09,31.78,CASH,Downside breakdown: NDX 1800.1 broke below exit buffer (1897.3),954.02,9.54,1.37,2.61
2010-05-21,CASH,10955.37,10955.37,0.0,0.0,1822.77,1963.71,1746.73,35.59,CASH,Downside breakdown: NDX 1822.8 broke below exit buffer (1893.3),955.37,9.55,2.65,3.41
2010-05-24,CASH,10959.42,10959.42,0.0,0.0,1815.28,1961.53,1748.39,34.89,CASH,Downside breakdown: NDX 1815.3 broke below exit buffer (1894.7),959.42,9.59,2.23,4.26
2010-05-25,CASH,10960.77,10960.77,0.0,0.0,1815.68,1959.44,1749.97,34.97,CASH,Downside breakdown: NDX 1815.7 broke below exit buffer (1890.6),960.77,9.61,2.25,3.53
2010-05-26,CASH,10962.12,10962.12,0.0,0.0,1796.47,1956.72,1751.41,33.05,CASH,Downside breakdown: NDX 1796.5 broke below exit buffer (1898.9),962.12,9.62,1.17,0.33
2010-05-27,CASH,10963.47,10963.47,0.0,0.0,1862.71,1955.25,1752.96,44.35,CASH,Downside breakdown: NDX 1862.7 broke below exit buffer (1899.3),963.47,9.63,4.9,11.19
2010-05-28,CASH,10964.83,10964.83,0.0,0.0,1852.39,1953.42,1754.44,43.13,CASH,Downside breakdown: NDX 1852.4 broke below exit buffer (1901.9),964.83,9.65,4.32,9.63
2010-06-01,CASH,10970.23,10970.23,0.0,0.0,1835.04,1951.48,1755.88,41.08,CASH,Downside breakdown: NDX 1835.0 broke below exit buffer (1900.2),970.23,9.7,3.34,6.6
2010-06-02,CASH,10971.59,10971.59,0.0,0.0,1879.59,1950.08,1757.43,47.92,CASH,Downside breakdown: NDX 1879.6 broke below exit buffer (1898.1),971.59,9.72,5.85,14.1
2010-06-03,CASH,10972.94,10972.94,0.0,0.0,1895.66,1948.73,1759.04,50.17,CASH,Downside breakdown: NDX 1895.7 broke below exit buffer (1897.8),972.94,9.73,6.75,17.06
2010-06-04,CASH,10974.29,10974.29,0.0,0.0,1832.04,1946.33,1760.41,42.37,CASH,Downside breakdown: NDX 1832.0 broke below exit buffer (1894.6),974.29,9.74,3.17,5.5
2010-06-07,CASH,10978.35,10978.35,0.0,0.0,1798.16,1943.31,1761.6,38.91,CASH,Downside breakdown: NDX 1798.2 broke below exit buffer (1891.5),978.35,9.78,1.26,-0.61
2010-06-08,CASH,10979.7,10979.7,0.0,0.0,1795.7,1940.17,1762.8,38.66,CASH,Downside breakdown: NDX 1795.7 broke below exit buffer (1889.7),979.7,9.8,1.12,-1.17
2010-06-09,CASH,10981.06,10981.06,0.0,0.0,1778.92,1936.52,1763.93,36.94,CASH,Downside breakdown: NDX 1778.9 broke below exit buffer (1885.7),981.06,9.81,0.18,-3.35
2010-06-10,CASH,10982.41,10982.41,0.0,0.0,1830.09,1933.77,1765.29,44.99,CASH,Downside breakdown: NDX 1830.1 broke below exit buffer (1884.5),982.41,9.82,3.06,4.67
2010-06-11,CASH,10983.77,10983.77,0.0,0.0,1847.15,1931.54,1766.85,47.41,CASH,Downside breakdown: NDX 1847.2 broke below exit buffer (1884.4),983.77,9.84,4.02,7.41
2010-06-14,CASH,10987.83,10987.83,0.0,0.0,1845.48,1929.26,1768.46,47.19,CASH,Downside breakdown: NDX 1845.5 broke below exit buffer (1881.7),987.83,9.88,3.93,7.47
2010-06-15,CASH,10989.18,10989.18,0.0,0.0,1897.48,1927.65,1770.23,54.25,CASH,Holding cash,989.18,9.89,6.86,15.32
2010-06-16,CASH,10990.54,10990.54,0.0,0.0,1905.31,1926.12,1772.03,55.22,CASH,Holding cash,990.54,9.91,7.3,17.64
2010-06-17,CASH,10991.89,10991.89,0.0,0.0,1910.65,1924.79,1773.79,55.91,CASH,Holding cash,991.89,9.92,7.6,18.82
2010-06-18,CASH,10993.25,10993.25,0.0,0.0,1913.48,1923.44,1775.74,56.29,CASH,Holding cash,993.25,9.93,7.76,19.14
2010-06-21,CASH,10997.31,10997.31,0.0,0.0,1895.84,1921.47,1777.62,53.19,CASH,Holding cash,997.31,9.97,6.76,16.01
2010-06-22,CASH,10998.67,10998.67,0.0,0.0,1880.54,1919.17,1779.36,50.59,CASH,Holding cash,998.67,9.99,5.9,13.27
2010-06-23,CASH,11000.03,11000.03,0.0,0.0,1874.42,1916.58,1780.95,49.54,CASH,Downside breakdown: NDX 1874.4 broke below exit buffer (1875.8),1000.03,10.0,5.56,11.75
2010-06-24,CASH,11001.38,11001.38,0.0,0.0,1844.59,1912.9,1782.41,44.7,CASH,Downside breakdown: NDX 1844.6 broke below exit buffer (1874.7),1001.38,10.01,3.88,6.33
2010-06-25,CASH,11002.74,11002.74,0.0,0.0,1838.52,1908.9,1783.83,43.76,CASH,Downside breakdown: NDX 1838.5 broke below exit buffer (1872.2),1002.74,10.03,3.54,6.26
2010-06-28,CASH,11006.81,11006.81,0.0,0.0,1836.0,1905.36,1785.26,43.36,CASH,Downside breakdown: NDX 1836.0 broke below exit buffer (1869.2),1006.81,10.07,3.39,5.31
2010-06-29,CASH,11008.16,11008.16,0.0,0.0,1764.06,1900.37,1786.39,33.72,CASH,"Bear trend, RSI 33.7 outside SQQQ zone",1008.16,10.08,-0.66,-6.44
2010-06-30,CASH,11009.52,11009.52,0.0,0.0,1739.14,1894.68,1787.57,31.14,CASH,"Bear trend, RSI 31.1 outside SQQQ zone",1009.52,10.1,-2.06,-11.07
2010-07-01,CASH,11010.88,11010.88,0.0,0.0,1734.41,1888.68,1788.74,30.66,CASH,"Bear trend, RSI 30.7 outside SQQQ zone",1010.88,10.11,-2.33,-11.93
2010-07-02,CASH,11012.24,11012.24,0.0,0.0,1728.34,1882.34,1790.03,30.02,CASH,"Bear trend, RSI 30.0 outside SQQQ zone",1012.24,10.12,-2.67,-12.41
2010-07-06,CASH,11017.67,11017.67,0.0,0.0,1734.68,1875.93,1791.33,31.63,CASH,"Bear trend, RSI 31.6 outside SQQQ zone",1017.67,10.18,-2.31,-11.96
2010-07-07,SQQQ,11019.03,0.0,0.0,0.0014,1789.72,1870.74,1792.82,43.69,SQQQ,"Bear signal: Price below SMAs, RSI 43.7 in SQQQ zone",1019.03,10.19,0.79,-3.64
2010-07-08,CASH,10854.36,10854.36,0.0,0.0,1798.31,1866.58,1794.34,45.31,CASH,Downside breakdown: NDX 1798.3 broke below exit buffer (1826.2),854.36,8.54,1.27,-2.01
2010-07-09,CASH,10855.7,10855.7,0.0,0.0,1814.79,1862.73,1795.81,48.38,CASH,Downside breakdown: NDX 1814.8 broke below exit buffer (1822.1),855.7,8.56,2.2,0.73
2010-07-12,CASH,10859.72,10859.72,0.0,0.0,1821.03,1858.29,1797.28,49.54,CASH,Holding cash,859.72,8.6,2.55,1.88
2010-07-13,CASH,10861.05,10861.05,0.0,0.0,1845.03,1855.18,1798.66,53.82,CASH,Holding cash,861.05,8.61,3.9,5.36
2010-07-14,CASH,10862.39,10862.39,0.0,0.0,1853.41,1851.61,1799.99,55.25,CASH,Re-entry buffer: NDX 1853.4 below threshold (1888.8),862.39,8.62,4.37,7.04
2010-07-15,CASH,10863.73,10863.73,0.0,0.0,1856.24,1849.36,1801.31,55.74,CASH,Re-entry buffer: NDX 1856.2 below threshold (1886.2),863.73,8.64,4.53,7.42
2010-07-16,CASH,10865.07,10865.07,0.0,0.0,1803.48,1846.26,1802.35,45.57,CASH,Downside breakdown: NDX 1803.5 broke below exit buffer (1807.6),865.07,8.65,1.56,-1.23
2010-07-19,CASH,10869.09,10869.09,0.0,0.0,1819.28,1844.77,1803.41,48.6,CASH,Holding cash,869.09,8.69,2.45,1.0
2010-07-20,CASH,10870.43,10870.43,0.0,0.0,1840.67,1844.6,1804.52,52.45,CASH,Holding cash,870.43,8.7,3.66,4.19
2010-07-21,CASH,10871.77,10871.77,0.0,0.0,1817.3,1842.09,1805.38,48.2,CASH,Holding cash,871.77,8.72,2.34,0.54
2010-07-22,CASH,10873.11,10873.11,0.0,0.0,1863.1,1840.54,1806.43,55.76,CASH,Re-entry buffer: NDX 1863.1 below threshold (1878.0),873.11,8.73,4.92,7.32
2010-07-23,CASH,10874.45,10874.45,0.0,0.0,1875.38,1838.54,1807.54,57.56,CASH,Re-entry buffer: NDX 1875.4 below threshold (1875.9),874.45,8.74,5.61,10.11
2010-07-26,TQQQ_100,10878.47,0.0,47112.5432,0.0,1890.4,1837.44,1808.68,59.7,TQQQ_100,"Bull trend confirmed: Price > SMA50 & SMA250, RSI 59.7",878.47,8.78,6.46,12.53
2010-07-27,TQQQ_100,10876.15,0.0,47112.5432,0.0,1888.81,1837.07,1809.84,59.36,TQQQ_100,"Bull trend confirmed: Price > SMA50 & SMA250, RSI 59.4",876.15,8.76,6.37,12.51
2010-07-28,TQQQ_100,10653.83,0.0,47112.5432,0.0,1872.62,1836.22,1810.89,55.85,TQQQ_100,"Bull trend confirmed: Price > SMA50 & SMA250, RSI 55.8",653.83,6.54,5.46,10.21
2010-07-29,TQQQ_100,10400.09,0.0,47112.5432,0.0,1860.3,1835.68,1811.91,53.26,TQQQ_100,"Bull trend confirmed: Price > SMA50 & SMA250, RSI 53.3",400.09,4.0,4.76,7.59
2010-07-30,TQQQ_100,10471.11,0.0,47112.5432,0.0,1864.0,1835.49,1812.86,53.95,TQQQ_100,"Bull trend confirmed: Price > SMA50 & SMA250, RSI 54.0",471.11,4.71,4.97,8.32
2010-08-02,TQQQ_100,11034.47,0.0,47112.5432,0.0,1898.99,1837.47,1813.94,59.96,TQQQ_100,"Bull trend confirmed: Price > SMA50 & SMA250, RSI 60.0",1034.47,10.34,6.94,14.15
2010-08-03,TQQQ_100,10920.4,0.0,47112.5432,0.0,1891.81,1838.85,1815.05,58.28,TQQQ_100,"Bull trend confirmed: Price > SMA50 & SMA250, RSI 58.3",920.4,9.2,6.54,12.97
2010-08-04,TQQQ_100,11235.82,0.0,47112.5432,0.0,1909.2,1840.73,1816.28,61.13,TQQQ_100,"Bull trend confirmed: Price > SMA50 & SMA250, RSI 61.1",1235.82,12.36,7.52,16.23
2010-08-05,TQQQ_100,11169.49,0.0,47112.5432,0.0,1904.95,1842.51,1817.43,60.05,TQQQ_100,"Bull trend confirmed: Price > SMA50 & SMA250, RSI 60.0",1169.49,11.69,7.28,15.54
2010-08-06,TQQQ_100,11117.11,0.0,47112.5432,0.0,1902.88,1844.64,1818.6,59.5,TQQQ_100,"Bull trend confirmed: Price > SMA50 & SMA250, RSI 59.5",1117.11,11.17,7.16,15.0
2010-08-09,TQQQ_100,11311.49,0.0,47112.5432,0.0,1915.17,1845.69,1819.88,61.74,TQQQ_100,"Bull trend confirmed: Price > SMA50 & SMA250, RSI 61.7",1311.49,13.11,7.85,17.01
2010-08-10,TQQQ_100,11071.7,0.0,47112.5432,0.0,1899.24,1846.63,1821.0,57.31,TQQQ_100,"Bull trend confirmed: Price > SMA50 & SMA250, RSI 57.3",1071.7,10.72,6.95,14.53
2010-08-11,TQQQ_100,10160.34,0.0,47112.5432,0.0,1845.38,1846.83,1821.86,45.45,TQQQ_100,Downside buffer hold: NDX 1845.4 above buffer (1816.9),160.34,1.6,3.92,5.11
2010-08-12,TQQQ_100,9873.96,0.0,47112.5432,0.0,1832.17,1845.89,1822.75,43.1,TQQQ_100,Downside buffer hold: NDX 1832.2 above buffer (1815.3),-126.04,-1.26,3.18,2.14
2010-08-13,SQQQ,9677.25,0.0,0.0,0.0013,1818.8,1844.35,1823.76,40.79,SQQQ,"Bear signal: Price below SMAs, RSI 40.8 in SQQQ zone",-322.75,-3.23,2.42,0.11
2010-08-16,SQQQ,9619.93,0.0,0.0,0.0013,1821.51,1844.14,1824.7,41.47,SQQQ,"Bear signal: Price below SMAs, RSI 41.5 in SQQQ zone",-380.07,-3.8,2.58,0.67
2010-08-17,CASH,9232.96,9232.96,0.0,0.0,1845.37,1845.08,1825.7,47.25,CASH,Re-entry buffer: NDX 1845.4 below threshold (1876.7),-767.04,-7.67,3.92,4.5
2010-08-18,CASH,9234.1,9234.1,0.0,0.0,1850.8,1846.18,1826.64,48.49,CASH,Re-entry buffer: NDX 1850.8 below threshold (1876.6),-765.9,-7.66,4.23,5.44
2010-08-19,SQQQ,9235.24,0.0,0.0,0.0013,1823.0,1847.07,1827.38,42.91,SQQQ,"Bear signal: Price below SMAs, RSI 42.9 in SQQQ zone",-764.76,-7.65,2.66,1.57
2010-08-20,SQQQ,9244.51,0.0,0.0,0.0013,1825.75,1846.98,1828.15,43.6,SQQQ,"Bear signal: Price below SMAs, RSI 43.6 in SQQQ zone",-755.49,-7.55,2.82,1.22
2010-08-23,SQQQ,9502.37,0.0,0.0,0.0013,1808.31,1846.2,1828.82,40.27,SQQQ,"Bear signal: Price below SMAs, RSI 40.3 in SQQQ zone",-497.63,-4.98,1.83,-1.58
2010-08-24,CASH,10030.45,10030.45,0.0,0.0,1775.27,1844.8,1829.37,34.84,CASH,"Bear trend, RSI 34.8 outside SQQQ zone",30.45,0.3,-0.03,-7.22
2010-08-25,SQQQ,10031.69,0.0,0.0,0.0013,1790.88,1842.67,1829.97,39.02,SQQQ,"Bear signal: Price below SMAs, RSI 39.0 in SQQQ zone",31.69,0.32,0.85,-4.44
2010-08-26,SQQQ,10379.25,0.0,0.0,0.0013,1769.02,1839.94,1830.48,35.58,SQQQ,"Bear signal: Price below SMAs, RSI 35.6 in SQQQ zone",379.25,3.79,-0.38,-7.56
2010-08-27,SQQQ,9955.51,0.0,0.0,0.0013,1791.64,1837.56,1831.14,41.35,SQQQ,"Bear signal: Price below SMAs, RSI 41.3 in SQQQ zone",-44.49,-0.44,0.9,-4.5
2010-08-30,SQQQ,10269.74,0.0,0.0,0.0013,1772.07,1834.73,1831.85,38.16,SQQQ,"Bear signal: Price below SMAs, RSI 38.2 in SQQQ zone",269.74,2.7,-0.21,-7.6
2010-08-31,SQQQ,10374.49,0.0,0.0,0.0013,1767.43,1832.16,1832.54,37.43,SQQQ,"Bear signal: Price below SMAs, RSI 37.4 in SQQQ zone",374.49,3.74,-0.47,-8.06
2010-09-01,SQQQ,9492.09,0.0,0.0,0.0013,1820.05,1830.95,1833.4,49.36,SQQQ,"Bear signal: Price below SMAs, RSI 49.4 in SQQQ zone",-507.91,-5.08,2.5,-0.35
2010-09-02,CASH,9185.8,9185.8,0.0,0.0,1840.58,1830.28,1834.21,53.11,CASH,Re-entry buffer: NDX 1840.6 below threshold (1865.0),-814.2,-8.14,3.65,3.07
2010-09-03,TQQQ_100,9186.93,0.0,41334.6346,0.0,1870.31,1830.79,1835.07,57.97,TQQQ_100,"Bull trend confirmed: Price > SMA50 & SMA250, RSI 58.0",-813.07,-8.13,5.33,8.32
2010-09-07,TQQQ_100,8963.28,0.0,41334.6346,0.0,1856.5,1831.15,1835.82,55.12,TQQQ_100,"Bull trend confirmed: Price > SMA50 & SMA250, RSI 55.1",-1036.72,-10.37,4.55,5.68
2010-09-08,TQQQ_100,9279.87,0.0,41334.6346,0.0,1880.0,1832.03,1836.59,58.84,TQQQ_100,"Bull trend confirmed: Price > SMA50 & SMA250, RSI 58.8",-720.13,-7.2,5.87,9.42
2010-09-09,TQQQ_100,9397.28,0.0,41334.6346,0.0,1886.14,1834.47,1837.4,59.77,TQQQ_100,"Bull trend confirmed: Price > SMA50 & SMA250, RSI 59.8",-602.72,-6.03,6.22,10.8
2010-09-10,TQQQ_100,9498.41,0.0,41334.6346,0.0,1892.34,1837.54,1838.19,60.75,TQQQ_100,"Bull trend confirmed: Price > SMA50 & SMA250, RSI 60.7",-501.59,-5.02,6.57,11.99
2010-09-13,TQQQ_100,9917.11,0.0,41334.6346,0.0,1921.67,1841.28,1839.08,65.05,TQQQ_100,"Bull trend confirmed: Price > SMA50 & SMA250, RSI 65.1",-82.89,-0.83,8.22,16.93
2010-09-14,TQQQ_100,10042.72,0.0,41334.6346,0.0,1928.59,1845.29,1839.9,66.0,TQQQ_100,"Bull trend confirmed: Price > SMA50 & SMA250, RSI 66.0",42.72,0.43,8.61,18.41
2010-09-15,TQQQ_100,10213.26,0.0,41334.6346,0.0,1939.6,1849.39,1840.77,67.51,TQQQ_100,"Bull trend confirmed: Price > SMA50 & SMA250, RSI 67.5",213.26,2.13,9.23,20.42
2010-09-16,TQQQ_100,10357.26,0.0,41334.6346,0.0,1948.11,1852.55,1841.66,68.67,TQQQ_100,"Bull trend confirmed: Price > SMA50 & SMA250, RSI 68.7",357.26,3.57,9.71,22.12
2010-09-17,TQQQ_100,10467.53,0.0,41334.6346,0.0,1955.83,1855.7,1842.56,69.72,TQQQ_100,"Bull trend confirmed: Price > SMA50 & SMA250, RSI 69.7",467.53,4.68,10.14,23.42
2010-09-20,TQQQ_100,11012.85,0.0,41334.6346,0.0,1989.43,1859.2,1843.58,73.84,TQQQ_100,"Bull trend confirmed: Price > SMA50 & SMA250, RSI 73.8",1012.85,10.13,12.03,29.85
2010-09-21,TQQQ_100,10978.15,0.0,41334.6346,0.0,1989.11,1862.56,1844.64,73.74,TQQQ_100,"Bull trend confirmed: Price > SMA50 & SMA250, RSI 73.7",978.15,9.78,12.02,29.44
2010-09-22,TQQQ_100,10926.07,0.0,41334.6346,0.0,1982.76,1865.31,1845.73,71.61,TQQQ_100,"Bull trend confirmed: Price > SMA50 & SMA250, RSI 71.6",926.07,9.26,11.66,28.83
2010-09-23,TQQQ_100,10893.36,0.0,41334.6346,0.0,1982.15,1867.89,1846.89,71.39,TQQQ_100,"Bull trend confirmed: Price > SMA50 & SMA250, RSI 71.4",893.36,8.93,11.62,28.44
2010-09-24,TQQQ_30,11510.22,8057.15,12400.3904,0.0,2023.84,1871.24,1848.08,76.55,TQQQ_30,Overextended: RSI 76.5 >= 75,1510.22,15.1,13.97,35.71
2010-09-27,TQQQ_30,11473.67,8060.13,12400.3904,0.0,2010.99,1875.39,1849.26,72.23,TQQQ_30,Trim lock active,1473.67,14.74,13.25,34.16
2010-09-28,TQQQ_30,11483.24,8061.13,12400.3904,0.0,2012.43,1879.25,1850.43,72.42,TQQQ_30,Trim lock active,1483.24,14.83,13.33,34.5
2010-09-29,TQQQ_30,11456.67,8062.12,12400.3904,0.0,2009.08,1882.62,1851.8,71.21,TQQQ_30,Trim lock active,1456.67,14.57,13.14,33.41
2010-09-30,TQQQ_30,11411.7,8063.11,12400.3904,0.0,1998.04,1886.24,1853.14,67.23,TQQQ_30,Trim lock active,1411.7,14.12,12.52,31.61
2010-10-01,TQQQ_30,11402.28,8064.11,12400.3904,0.0,1996.6,1888.91,1854.43,66.71,TQQQ_30,Trim lock active,1402.28,14.02,12.44,31.2
2010-10-04,TQQQ_30,11289.45,8067.09,12400.3904,0.0,1975.33,1890.91,1855.51,59.36,TQQQ_30,Trim lock active,1289.45,12.89,11.24,26.65
2010-10-05,TQQQ_100,11530.34,0.0,41297.0099,0.0,2024.63,1893.59,1856.76,68.13,TQQQ_100,"Bull trend confirmed: Price > SMA50 & SMA250, RSI 68.1",1530.34,15.3,14.02,36.07
2010-10-06,TQQQ_100,11236.49,0.0,41297.0099,0.0,2006.52,1895.94,1857.92,62.77,TQQQ_100,"Bull trend confirmed: Price > SMA50 & SMA250, RSI 62.8",1236.49,12.36,13.0,32.61
2010-10-07,TQQQ_100,11346.67,0.0,41297.0099,0.0,2011.63,1898.72,1859.05,63.64,TQQQ_100,"Bull trend confirmed: Price > SMA50 & SMA250, RSI 63.6",1346.67,13.47,13.28,33.91
2010-10-08,TQQQ_50,11575.24,5787.62,20648.505,0.0,2027.03,1902.06,1860.24,66.2,TQQQ_50,Bearish RSI divergence,1575.24,15.75,14.15,36.6
2010-10-11,TQQQ_50,11589.11,5789.76,20648.505,0.0,2026.98,1905.32,1861.43,66.18,TQQQ_50,Bearish RSI divergence,1589.11,15.89,14.15,36.88
2010-10-12,TQQQ_50,11710.23,5790.47,20648.505,0.0,2041.55,1908.17,1862.58,68.61,TQQQ_50,Bearish RSI divergence,1710.23,17.1,14.97,39.72
2010-10-13,TQQQ_50,11854.78,5791.19,20648.505,0.0,2057.25,1911.48,1863.8,71.02,TQQQ_50,Bearish RSI divergence,1854.78,18.55,15.85,43.12
2010-10-14,TQQQ_50,11821.84,5791.9,20648.505,0.0,2054.51,1914.38,1865.06,70.01,TQQQ_50,Bearish RSI divergence,1821.84,18.22,15.7,42.32
2010-10-15,TQQQ_30,12207.2,8545.04,11788.4672,0.0,2097.73,1918.24,1866.42,75.84,TQQQ_30,Overextended: RSI 75.8 >= 75,2207.2,22.07,18.13,51.4
2010-10-18,TQQQ_30,12210.36,8548.2,11788.4672,0.0,2104.15,1922.27,1867.81,76.57,TQQQ_30,Overextended: RSI 76.6 >= 75,2210.36,22.1,18.49,51.4
2010-10-19,TQQQ_30,12065.79,8549.25,11788.4672,0.0,2069.73,1925.36,1869.08,65.21,TQQQ_30,Trim lock active,2065.79,20.66,16.56,45.38
2010-10-20,TQQQ_30,12139.95,8550.31,11788.4672,0.0,2085.75,1929.09,1870.37,67.62,TQQQ_30,Trim lock active,2139.95,21.4,17.46,48.4
2010-10-21,TQQQ_30,12166.05,8551.36,11788.4672,0.0,2090.1,1933.98,1871.71,68.26,TQQQ_30,Trim lock active,2166.05,21.66,17.7,49.44
2010-10-22,TQQQ_30,12237.58,8552.42,11788.4672,0.0,2104.21,1939.42,1873.14,70.32,TQQQ_30,Trim lock active,2237.58,22.38,18.5,52.35
2010-10-25,TQQQ_30,12296.67,8555.58,11788.4672,0.0,2113.55,1945.32,1874.71,71.63,TQQQ_30,Trim lock active,2296.67,22.97,19.02,54.67
2010-10-26,TQQQ_30,12320.14,8556.63,11788.4672,0.0,2119.05,1951.27,1876.46,72.4,TQQQ_30,Trim lock active,2320.14,23.2,19.33,55.59
2010-10-27,TQQQ_30,12359.94,8557.69,11788.4672,0.0,2125.88,1956.88,1878.11,73.37,TQQQ_30,Trim lock active,2359.94,23.6,19.72,57.19
2010-10-28,TQQQ_30,12382.84,8558.74,11788.4672,0.0,2129.73,1962.46,1879.96,73.93,TQQQ_30,Trim lock active,2382.84,23.83,19.93,58.1
2010-10-29,TQQQ_30,12365.54,8559.8,11788.4672,0.0,2124.45,1968.49,1881.77,71.71,TQQQ_30,Trim lock active,2365.54,23.66,19.64,57.34
2010-11-01,TQQQ_30,12377.45,8562.97,11788.4672,0.0,2128.42,1974.54,1883.57,72.38,TQQQ_30,Trim lock active,2377.45,23.77,19.86,57.7
2010-11-02,TQQQ_30,12494.13,8564.02,11788.4672,0.0,2151.72,1981.41,1885.45,75.98,TQQQ_30,Overextended: RSI 76.0 >= 75,2494.13,24.94,21.17,62.48
2010-11-03,TQQQ_30,12551.97,8565.08,11788.4672,0.0,2158.36,1989.07,1887.2,76.9,TQQQ_30,Overextended: RSI 76.9 >= 75,2551.97,25.52,21.55,64.83
2010-11-04,TQQQ_30,12694.3,8566.13,11788.4672,0.0,2187.8,1997.01,1889.03,80.48,TQQQ_30,Overextended: RSI 80.5 >= 75,2694.3,26.94,23.2,70.67
2010-11-05,TQQQ_30,12700.29,8567.19,11788.4672,0.0,2186.71,2005.36,1890.7,79.99,TQQQ_30,Overextended: RSI 80.0 >= 75,2700.29,27.0,23.14,70.87
2010-11-08,TQQQ_30,12713.95,8570.36,11788.4672,0.0,2188.94,2013.31,1892.36,80.25,TQQQ_30,Overextended: RSI 80.3 >= 75,2713.95,27.14,23.27,71.31
2010-11-09,TQQQ_30,12648.02,8571.41,11788.4672,0.0,2176.88,2021.4,1893.94,74.46,TQQQ_30,Trim lock active,2648.02,26.48,22.59,68.54
2010-11-10,TQQQ_30,12711.4,8572.47,11788.4672,0.0,2187.74,2029.81,1895.6,76.13,TQQQ_30,Overextended: RSI 76.1 >= 75,2711.4,27.11,23.2,71.11
2010-11-11,TQQQ_30,12642.85,8573.53,11788.4672,0.0,2173.11,2036.87,1897.14,69.54,TQQQ_30,Trim lock active,2642.85,26.43,22.38,68.24
2010-11-12,TQQQ_30,12436.84,8574.59,11788.4672,0.0,2137.95,2042.82,1898.46,56.8,TQQQ_30,Trim lock active,2436.84,24.37,20.4,59.68
2010-11-15,TQQQ_30,12398.65,8577.76,11788.4672,0.0,2131.48,2048.04,1899.74,54.81,TQQQ_30,Trim lock active,2398.65,23.99,20.03,57.97
2010-11-16,TQQQ_30,12210.11,8578.81,11788.4672,0.0,2093.63,2052.78,1900.9,44.9,TQQQ_30,Trim lock active,2210.11,22.1,17.9,50.13
2010-11-17,TQQQ_30,12245.52,8579.87,11788.4672,0.0,2100.0,2057.18,1902.21,46.65,TQQQ_30,Trim lock active,2245.52,22.46,18.26,51.55
2010-11-18,TQQQ_30,12416.97,8580.93,11788.4672,0.0,2134.77,2062.16,1903.69,55.03,TQQQ_30,Trim lock active,2416.97,24.17,20.22,58.59
2010-11-19,TQQQ_30,12427.05,8581.99,11788.4672,0.0,2135.27,2067.02,1905.06,55.14,TQQQ_30,Trim lock active,2427.05,24.27,20.25,58.96
2010-11-22,TQQQ_30,12531.58,8585.16,11788.4672,0.0,2150.86,2071.6,1906.52,58.53,TQQQ_30,Trim lock active,2531.58,25.32,21.12,63.15
2010-11-23,TQQQ_30,12346.24,8586.22,11788.4672,0.0,2116.61,2075.36,1907.81,49.67,TQQQ_30,Trim lock active,2346.24,23.46,19.2,55.45
2010-11-24,TQQQ_30,12566.9,8587.28,11788.4672,0.0,2160.52,2079.78,1909.39,58.37,TQQQ_30,Trim lock active,2566.9,25.67,21.67,64.53
2010-11-26,TQQQ_30,12543.97,8589.4,11788.4672,0.0,2153.91,2083.89,1910.94,56.78,TQQQ_30,Trim lock active,2543.97,25.44,21.3,63.49
2010-11-29,TQQQ_30,12492.1,8592.57,11788.4672,0.0,2144.56,2087.67,1912.37,54.51,TQQQ_30,Trim lock active,2492.1,24.92,20.77,61.22
2010-11-30,TQQQ_30,12344.92,8593.63,11788.4672,0.0,2117.33,2090.23,1913.67,48.45,TQQQ_30,Trim lock active,2344.92,23.45,19.24,55.09
2010-12-01,TQQQ_30,12584.51,8594.69,11788.4672,0.0,2162.83,2093.7,1915.19,57.05,TQQQ_30,Trim lock active,2584.51,25.85,21.8,64.95
2010-12-02,TQQQ_100,12706.72,0.0,36437.3199,0.0,2185.3,2097.75,1916.76,60.54,TQQQ_100,"Bull trend confirmed: Price > SMA50 & SMA250, RSI 60.5",2706.72,27.07,23.06,69.96
2010-12-03,TQQQ_50,12812.95,6406.48,18218.6599,0.0,2191.17,2101.93,1918.39,61.43,TQQQ_50,Bearish RSI divergence,2812.95,28.13,23.39,71.38
2010-12-06,TQQQ_50,12804.07,6408.85,18218.6599,0.0,2189.81,2105.25,1920.06,61.09,TQQQ_50,Bearish RSI divergence,2804.07,28.04,23.32,71.08
2010-12-07,TQQQ_50,12810.72,6409.64,18218.6599,0.0,2189.35,2108.82,1921.66,60.96,TQQQ_50,Bearish RSI divergence,2810.72,28.11,23.29,71.23
2010-12-08,TQQQ_50,12900.18,6410.43,18218.6599,0.0,2200.6,2112.58,1923.27,62.93,TQQQ_50,Bearish RSI divergence,2900.18,29.0,23.93,73.61
2010-12-09,TQQQ_50,12907.71,6411.22,18218.6599,0.0,2201.57,2116.43,1924.9,63.11,TQQQ_50,Bearish RSI divergence,2907.71,29.08,23.98,73.79
2010-12-10,TQQQ_100,13044.89,0.0,35830.6345,0.0,2215.34,2120.78,1926.53,65.56,TQQQ_100,"Bull trend confirmed: Price > SMA50 & SMA250, RSI 65.6",3044.89,30.45,24.76,77.44
2010-12-13,TQQQ_100,12891.75,0.0,35830.6345,0.0,2207.45,2125.0,1928.17,62.98,TQQQ_100,"Bull trend confirmed: Price > SMA50 & SMA250, RSI 63.0",2891.75,28.92,24.31,75.35
2010-12-14,TQQQ_100,12945.74,0.0,35830.6345,0.0,2212.59,2129.74,1929.81,63.97,TQQQ_100,"Bull trend confirmed: Price > SMA50 & SMA250, RSI 64.0",2945.74,29.46,24.6,76.09
2010-12-15,TQQQ_100,12813.84,0.0,35830.6345,0.0,2202.45,2133.3,1931.51,60.51,TQQQ_100,"Bull trend confirmed: Price > SMA50 & SMA250, RSI 60.5",2813.84,28.14,24.03,74.29
2010-12-16,TQQQ_100,13081.2,0.0,35830.6345,0.0,2218.02,2137.53,1933.15,63.75,TQQQ_100,"Bull trend confirmed: Price > SMA50 & SMA250, RSI 63.8",3081.2,30.81,24.91,77.93
2010-12-17,TQQQ_100,13121.04,0.0,35830.6345,0.0,2218.29,2141.66,1934.71,63.81,TQQQ_100,"Bull trend confirmed: Price > SMA50 & SMA250, RSI 63.8",3121.04,31.21,24.92,78.47
2010-12-20,TQQQ_100,13156.42,0.0,35830.6345,0.0,2223.04,2145.58,1936.24,64.83,TQQQ_100,"Bull trend confirmed: Price > SMA50 & SMA250, RSI 64.8",3156.42,31.56,25.19,78.95
2010-12-21,TQQQ_100,13373.3,0.0,35830.6345,0.0,2234.57,2149.73,1937.78,67.25,TQQQ_100,"Bull trend confirmed: Price > SMA50 & SMA250, RSI 67.2",3373.3,33.73,25.84,81.9
2010-12-22,TQQQ_100,13387.48,0.0,35830.6345,0.0,2235.91,2153.62,1939.24,67.53,TQQQ_100,"Bull trend confirmed: Price > SMA50 & SMA250, RSI 67.5",3387.48,33.87,25.91,82.1
2010-12-23,TQQQ_100,13285.67,0.0,35830.6345,0.0,2230.27,2157.08,1940.65,65.01,TQQQ_100,"Bull trend confirmed: Price > SMA50 & SMA250, RSI 65.0",3285.67,32.86,25.6,80.71
2010-12-27,TQQQ_100,13291.0,0.0,35830.6345,0.0,2229.86,2160.59,1942.08,64.83,TQQQ_100,"Bull trend confirmed: Price > SMA50 & SMA250, RSI 64.8",3291.0,32.91,25.57,80.78
2010-12-28,TQQQ_100,13233.46,0.0,35830.6345,0.0,2227.42,2163.18,1943.47,63.64,TQQQ_100,"Bull trend confirmed: Price > SMA50 & SMA250, RSI 63.6",3233.46,32.33,25.44,80.0
2010-12-29,TQQQ_100,13312.25,0.0,35830.6345,0.0,2231.64,2165.73,1944.96,64.84,TQQQ_100,"Bull trend confirmed: Price > SMA50 & SMA250, RSI 64.8",3312.25,33.12,25.67,81.07
2010-12-30,TQQQ_100,13212.21,0.0,35830.6345,0.0,2225.72,2168.85,1946.32,61.77,TQQQ_100,"Bull trend confirmed: Price > SMA50 & SMA250, RSI 61.8",3212.21,32.12,25.34,79.71
2010-12-31,TQQQ_100,13090.92,0.0,35830.6345,0.0,2217.86,2171.49,1947.63,57.85,TQQQ_100,"Bull trend confirmed: Price > SMA50 & SMA250, RSI 57.8",3090.92,30.91,24.9,78.06
2011-01-03,TQQQ_100,13682.27,0.0,35830.6345,0.0,2254.23,2174.77,1949.14,67.97,TQQQ_100,"Bull trend confirmed: Price > SMA50 & SMA250, RSI 68.0",3682.27,36.82,26.95,86.1
2011-01-04,TQQQ_100,13661.02,0.0,35830.6345,0.0,2251.46,2177.72,1950.64,66.66,TQQQ_100,"Bull trend confirmed: Price > SMA50 & SMA250, RSI 66.7",3661.02,36.61,26.79,85.82
2011-01-05,TQQQ_100,14000.07,0.0,35830.6345,0.0,2270.4,2180.86,1952.15,70.81,TQQQ_100,"Bull trend confirmed: Price > SMA50 & SMA250, RSI 70.8",4000.07,40.0,27.86,90.43
2011-01-06,TQQQ_100,14126.66,0.0,35830.6345,0.0,2277.51,2184.03,1953.71,72.21,TQQQ_100,"Bull trend confirmed: Price > SMA50 & SMA250, RSI 72.2",4126.66,41.27,28.26,92.15
2011-01-07,TQQQ_100,14093.89,0.0,35830.6345,0.0,2276.7,2187.04,1955.37,71.79,TQQQ_100,"Bull trend confirmed: Price > SMA50 & SMA250, RSI 71.8",4093.89,40.94,28.21,91.7
2011-01-10,TQQQ_100,14252.37,0.0,35830.6345,0.0,2284.38,2190.14,1956.96,73.38,TQQQ_100,"Bull trend confirmed: Price > SMA50 & SMA250, RSI 73.4",4252.37,42.52,28.64,93.86
2011-01-11,TQQQ_100,14317.87,0.0,35830.6345,0.0,2288.73,2193.42,1958.57,74.26,TQQQ_100,"Bull trend confirmed: Price > SMA50 & SMA250, RSI 74.3",4317.87,43.18,28.89,94.75
2011-01-12,TQQQ_30,14608.24,10225.77,10749.1904,0.0,2304.88,2196.95,1960.33,77.28,TQQQ_30,Overextended: RSI 77.3 >= 75,4608.24,46.08,29.8,98.7
2011-01-13,TQQQ_30,14623.31,10227.03,10749.1904,0.0,2305.53,2200.03,1961.97,77.39,TQQQ_30,Overextended: RSI 77.4 >= 75,4623.31,46.23,29.83,99.33
2011-01-14,TQQQ_30,14719.91,10228.29,10749.1904,0.0,2323.43,2203.33,1963.8,80.34,TQQQ_30,Overextended: RSI 80.3 >= 75,4719.91,47.2,30.84,103.65
2011-01-18,TQQQ_30,14760.8,10233.33,10749.1904,0.0,2328.79,2206.15,1965.71,81.14,TQQQ_30,Overextended: RSI 81.1 >= 75,4760.8,47.61,31.14,105.27
2011-01-19,TQQQ_30,14610.43,10234.59,10749.1904,0.0,2303.32,2208.48,1967.74,67.25,TQQQ_30,Trim lock active,4610.43,46.1,29.71,98.4
2011-01-20,TQQQ_30,14513.42,10235.86,10749.1904,0.0,2286.08,2210.42,1969.68,59.79,TQQQ_30,Trim lock active,4513.42,45.13,28.74,93.94
2011-01-21,TQQQ_30,14416.96,10237.12,10749.1904,0.0,2268.32,2212.25,1971.54,53.24,TQQQ_30,Trim lock active,4416.96,44.17,27.74,89.51
2011-01-24,TQQQ_100,14593.36,0.0,36040.9701,0.0,2300.39,2214.5,1973.46,61.45,TQQQ_100,"Bull trend confirmed: Price > SMA50 & SMA250, RSI 61.5",4593.36,45.93,29.55,97.34
2011-01-25,TQQQ_100,14644.11,0.0,36040.9701,0.0,2304.03,2217.12,1975.59,62.26,TQQQ_100,"Bull trend confirmed: Price > SMA50 & SMA250, RSI 62.3",4644.11,46.44,29.75,98.03
2011-01-26,TQQQ_100,14871.18,0.0,36040.9701,0.0,2314.19,2220.65,1977.89,64.5,TQQQ_100,"Bull trend confirmed: Price > SMA50 & SMA250, RSI 64.5",4871.18,48.71,30.32,101.1
2011-01-27,TQQQ_100,15157.89,0.0,36040.9701,0.0,2330.07,2224.62,1980.16,67.73,TQQQ_100,"Bull trend confirmed: Price > SMA50 & SMA250, RSI 67.7",5157.89,51.58,31.22,104.97
2011-01-28,TQQQ_100,14014.59,0.0,36040.9701,0.0,2270.51,2228.16,1982.14,49.54,TQQQ_100,"Bull trend confirmed: Price > SMA50 & SMA250, RSI 49.5",4014.59,40.15,27.86,89.51
2011-01-31,TQQQ_100,14222.07,0.0,36040.9701,0.0,2281.91,2231.8,1984.13,52.18,TQQQ_100,"Bull trend confirmed: Price > SMA50 & SMA250, RSI 52.2",4222.07,42.22,28.5,92.32
2011-02-01,TQQQ_50,15011.85,7505.92,18020.485,0.0,2324.95,2235.6,1986.5,60.59,TQQQ_50,Bearish RSI divergence,5011.85,50.12,30.93,103.0
2011-02-02,TQQQ_50,14978.94,7506.85,18020.485,0.0,2321.09,2239.32,1988.79,59.58,TQQQ_50,Bearish RSI divergence,4978.94,49.79,30.71,102.08
2011-02-03,TQQQ_50,15008.81,7507.78,18020.485,0.0,2323.07,2242.76,1991.15,59.95,TQQQ_50,Bearish RSI divergence,5008.81,50.09,30.82,102.87
2011-02-04,TQQQ_50,15145.09,7508.7,18020.485,0.0,2338.2,2247.19,1993.49,62.75,TQQQ_50,Bearish RSI divergence,5145.09,51.45,31.67,106.53
2011-02-07,TQQQ_50,15258.72,7511.48,18020.485,0.0,2349.2,2250.96,1995.88,64.69,TQQQ_50,Bearish RSI divergence,5258.72,52.59,32.29,109.52
2011-02-08,TQQQ_50,15424.83,7512.4,18020.485,0.0,2363.61,2255.16,1998.23,67.1,TQQQ_50,Bearish RSI divergence,5424.83,54.25,33.11,113.99
2011-02-09,TQQQ_50,15377.67,7513.33,18020.485,0.0,2360.95,2259.49,2000.56,66.2,TQQQ_50,Bearish RSI divergence,5377.67,53.78,32.96,112.69
2011-02-10,TQQQ_50,15416.89,7514.26,18020.485,0.0,2364.35,2264.43,2002.81,66.81,TQQQ_50,Bearish RSI divergence,5416.89,54.17,33.15,113.73
2011-02-11,TQQQ_50,15579.87,7515.18,18020.485,0.0,2379.15,2268.75,2005.08,69.4,TQQQ_50,Bearish RSI divergence,5579.87,55.8,33.98,118.11
2011-02-14,TQQQ_50,15633.41,7517.96,18020.485,0.0,2385.6,2272.76,2007.33,70.49,TQQQ_50,Bearish RSI divergence,5633.41,56.33,34.34,119.48
2011-02-15,TQQQ_100,15613.41,0.0,34759.4668,0.0,2381.92,2276.57,2009.57,68.99,TQQQ_100,"Bull trend confirmed: Price > SMA50 & SMA250, RSI 69.0",5613.41,56.13,34.14,118.92
2011-02-16,TQQQ_100,15901.96,0.0,34759.4668,0.0,2397.94,2280.74,2011.89,71.8,TQQQ_100,"Bull trend confirmed: Price > SMA50 & SMA250, RSI 71.8",5901.96,59.02,35.04,122.96
2011-02-17,TQQQ_100,15888.21,0.0,34759.4668,0.0,2397.57,2284.9,2014.3,71.64,TQQQ_100,"Bull trend confirmed: Price > SMA50 & SMA250, RSI 71.6",5888.21,58.88,35.02,122.77
2011-02-18,TQQQ_100,15798.05,0.0,34759.4668,0.0,2392.47,2288.74,2016.62,69.32,TQQQ_100,"Bull trend confirmed: Price > SMA50 & SMA250, RSI 69.3",5798.05,57.98,34.73,121.51
2011-02-22,TQQQ_100,14406.81,0.0,34759.4668,0.0,2322.86,2291.16,2018.66,46.98,TQQQ_100,"Bull trend confirmed: Price > SMA50 & SMA250, RSI 47.0",4406.81,44.07,30.81,102.0
2011-02-23,TQQQ_100,14051.29,0.0,34759.4668,0.0,2300.94,2292.88,2020.59,42.36,TQQQ_100,"Bull trend confirmed: Price > SMA50 & SMA250, RSI 42.4",4051.29,40.51,29.58,97.01
2011-02-24,TQQQ_100,14251.36,0.0,34759.4668,0.0,2313.31,2294.99,2022.46,45.61,TQQQ_100,"Bull trend confirmed: Price > SMA50 & SMA250, RSI 45.6",4251.36,42.51,30.27,99.82
2011-02-25,TQQQ_100,14861.96,0.0,34759.4668,0.0,2346.29,2297.67,2024.44,53.2,TQQQ_100,"Bull trend confirmed: Price > SMA50 & SMA250, RSI 53.2",4861.96,48.62,32.13,108.38
2011-02-28,TQQQ_100,14970.16,0.0,34759.4668,0.0,2350.99,2300.64,2026.44,54.18,TQQQ_100,"Bull trend confirmed: Price > SMA50 & SMA250, RSI 54.2",4970.16,49.7,32.39,109.9
2011-03-01,TQQQ_100,14250.5,0.0,34759.4668,0.0,2315.26,2302.58,2028.26,46.24,TQQQ_100,"Bull trend confirmed: Price > SMA50 & SMA250, RSI 46.2",4250.5,42.51,30.38,99.81
2011-03-02,TQQQ_100,14451.46,0.0,34759.4668,0.0,2326.77,2304.75,2030.01,48.84,TQQQ_100,"Bull trend confirmed: Price > SMA50 & SMA250, RSI 48.8",4451.46,44.51,31.03,102.62
2011-03-03,TQQQ_100,15313.68,0.0,34759.4668,0.0,2371.76,2307.73,2031.94,57.5,TQQQ_100,"Bull trend confirmed: Price > SMA50 & SMA250, RSI 57.5",5313.68,53.14,33.56,114.71
2011-03-04,TQQQ_100,15086.96,0.0,34759.4668,0.0,2359.96,2310.23,2033.77,54.88,TQQQ_100,"Bull trend confirmed: Price > SMA50 & SMA250, RSI 54.9",5086.96,50.87,32.9,111.54
2011-03-07,TQQQ_100,14485.83,0.0,34759.4668,0.0,2328.07,2312.08,2035.41,48.45,TQQQ_100,"Bull trend confirmed: Price > SMA50 & SMA250, RSI 48.4",4485.83,44.86,31.1,103.11
2011-03-08,TQQQ_100,14636.96,0.0,34759.4668,0.0,2337.55,2314.22,2037.07,50.31,TQQQ_100,"Bull trend confirmed: Price > SMA50 & SMA250, RSI 50.3",4636.96,46.37,31.64,105.23
2011-03-09,TQQQ_100,14341.55,0.0,34759.4668,0.0,2322.69,2316.08,2038.66,47.42,TQQQ_100,"Bull trend confirmed: Price > SMA50 & SMA250, RSI 47.4",4341.55,43.42,30.8,101.08
2011-03-10,TQQQ_100,13685.44,0.0,34759.4668,0.0,2284.29,2317.22,2040.12,40.87,TQQQ_100,Downside buffer hold: NDX 2284.3 above buffer (2276.9),3685.44,36.85,28.64,91.88
2011-03-11,TQQQ_100,13913.87,0.0,34759.4668,0.0,2299.26,2318.57,2041.59,44.11,TQQQ_100,Downside buffer hold: NDX 2299.3 above buffer (2277.3),3913.87,39.14,29.48,95.09
2011-03-14,TQQQ_100,13778.21,0.0,34759.4668,0.0,2290.72,2319.87,2043.0,42.68,TQQQ_100,Downside buffer hold: NDX 2290.7 above buffer (2281.8),3778.21,37.78,29.0,93.19
2011-03-15,CASH,13214.83,13214.83,0.0,0.0,2259.62,2320.71,2044.27,37.84,CASH,Downside breakdown: NDX 2259.6 broke below exit buffer (2280.6),3214.83,32.15,27.25,85.29
2011-03-16,CASH,13216.46,13216.46,0.0,0.0,2202.97,2319.68,2045.35,30.97,CASH,Downside breakdown: NDX 2203.0 broke below exit buffer (2277.1),3216.46,32.16,24.06,71.68
2011-03-17,CASH,13218.09,13218.09,0.0,0.0,2225.24,2319.16,2046.45,35.9,CASH,Downside breakdown: NDX 2225.2 broke below exit buffer (2275.9),3218.09,32.18,25.31,76.16
2011-03-18,CASH,13219.72,13219.72,0.0,0.0,2221.07,2318.17,2047.48,35.39,CASH,Downside breakdown: NDX 2221.1 broke below exit buffer (2274.5),3219.72,32.2,25.08,75.2
2011-03-21,CASH,13224.6,13224.6,0.0,0.0,2262.7,2317.87,2048.73,43.95,CASH,Downside breakdown: NDX 2262.7 broke below exit buffer (2274.2),3224.6,32.25,27.42,84.97
2011-03-22,CASH,13226.24,13226.24,0.0,0.0,2257.96,2317.5,2049.96,43.24,CASH,Downside breakdown: NDX 2258.0 broke below exit buffer (2274.9),3226.24,32.26,27.16,84.47
2011-03-23,CASH,13227.87,13227.87,0.0,0.0,2270.5,2317.22,2051.23,45.72,CASH,Downside breakdown: NDX 2270.5 broke below exit buffer (2275.2),3227.87,32.28,27.86,87.26
2011-03-24,CASH,13229.5,13229.5,0.0,0.0,2312.09,2317.69,2052.64,53.02,CASH,Holding cash,3229.5,32.29,30.2,97.45
2011-03-25,CASH,13231.13,13231.13,0.0,0.0,2316.36,2317.92,2054.03,53.71,CASH,Holding cash,3231.13,32.31,30.44,98.89
2011-03-28,CASH,13236.02,13236.02,0.0,0.0,2303.1,2317.87,2055.41,51.2,CASH,Holding cash,3236.02,32.36,29.7,95.52
2011-03-29,CASH,13237.65,13237.65,0.0,0.0,2325.54,2317.91,2056.87,55.03,CASH,Re-entry buffer: NDX 2325.5 below threshold (2357.5),3237.65,32.38,30.96,101.13
2011-03-30,CASH,13239.29,13239.29,0.0,0.0,2336.52,2318.07,2058.31,56.82,CASH,Re-entry buffer: NDX 2336.5 below threshold (2355.4),3239.29,32.39,31.58,104.09
2011-03-31,CASH,13240.92,13240.92,0.0,0.0,2338.99,2318.78,2059.74,57.23,CASH,Re-entry buffer: NDX 2339.0 below threshold (2354.8),3240.92,32.41,31.72,104.96
2011-04-01,CASH,13242.55,13242.55,0.0,0.0,2342.92,2319.92,2061.2,57.92,CASH,Re-entry buffer: NDX 2342.9 below threshold (2355.6),3242.55,32.43,31.94,105.27
2011-04-04,CASH,13247.45,13247.45,0.0,0.0,2334.54,2321.24,2062.61,55.86,CASH,Re-entry buffer: NDX 2334.5 below threshold (2353.6),3247.45,32.47,31.47,103.42
2011-04-05,CASH,13249.08,13249.08,0.0,0.0,2327.87,2321.79,2063.95,54.2,CASH,Re-entry buffer: NDX 2327.9 below threshold (2350.5),3249.08,32.49,31.09,101.11
2011-04-06,CASH,13250.71,13250.71,0.0,0.0,2332.34,2322.36,2065.29,55.16,CASH,Re-entry buffer: NDX 2332.3 below threshold (2350.1),3250.71,32.51,31.34,102.62
2011-04-07,CASH,13252.35,13252.35,0.0,0.0,2332.88,2322.73,2066.61,55.28,CASH,Re-entry buffer: NDX 2332.9 below threshold (2350.4),3252.35,32.52,31.38,102.58
2011-04-08,CASH,13253.98,13253.98,0.0,0.0,2321.18,2322.55,2067.78,51.99,CASH,Holding cash,3253.98,32.54,30.72,99.54
2011-04-11,CASH,13258.88,13258.88,0.0,0.0,2314.5,2323.43,2068.88,50.15,CASH,Holding cash,3258.88,32.59,30.34,97.74
2011-04-12,CASH,13260.52,13260.52,0.0,0.0,2298.3,2323.76,2070.03,45.92,CASH,Holding cash,3260.52,32.61,29.43,93.84
2011-04-13,CASH,13262.15,13262.15,0.0,0.0,2316.63,2323.59,2071.24,50.96,CASH,Holding cash,3262.15,32.62,30.46,98.46
2011-04-14,CASH,13263.79,13263.79,0.0,0.0,2311.25,2323.4,2072.39,49.5,CASH,Holding cash,3263.79,32.64,30.16,97.38
2011-04-15,CASH,13265.42,13265.42,0.0,0.0,2307.58,2323.09,2073.48,48.48,CASH,Holding cash,3265.42,32.65,29.95,96.1
2011-04-18,CASH,13270.33,13270.33,0.0,0.0,2292.34,2322.17,2074.47,44.39,CASH,Downside breakdown: NDX 2292.3 broke below exit buffer (2295.6),3270.33,32.7,29.09,92.32
2011-04-19,CASH,13271.97,13271.97,0.0,0.0,2306.77,2321.32,2075.48,48.8,CASH,Holding cash,3271.97,32.72,29.9,95.79
2011-04-20,TQQQ_100,13273.6,0.0,30980.0988,0.0,2357.76,2321.2,2076.71,60.66,TQQQ_100,"Bull trend confirmed: Price > SMA50 & SMA250, RSI 60.7",3273.6,32.74,32.78,108.81
2011-04-21,TQQQ_100,13610.37,0.0,30980.0988,0.0,2377.3,2321.53,2078.19,64.09,TQQQ_100,"Bull trend confirmed: Price > SMA50 & SMA250, RSI 64.1",3610.37,36.1,33.88,114.11
2011-04-25,TQQQ_100,13711.39,0.0,30980.0988,0.0,2383.72,2321.92,2079.7,65.17,TQQQ_100,"Bull trend confirmed: Price > SMA50 & SMA250, RSI 65.2",3711.39,37.11,34.24,115.7
2011-04-26,TQQQ_100,13947.14,0.0,30980.0988,0.0,2396.03,2322.26,2081.11,67.2,TQQQ_100,"Bull trend confirmed: Price > SMA50 & SMA250, RSI 67.2",3947.14,39.47,34.93,119.41
2011-04-27,TQQQ_100,14236.46,0.0,30980.0988,0.0,2413.59,2322.82,2082.76,69.89,TQQQ_100,"Bull trend confirmed: Price > SMA50 & SMA250, RSI 69.9",4236.46,42.36,35.92,123.96
2011-04-28,TQQQ_100,14215.04,0.0,30980.0988,0.0,2409.9,2323.38,2084.28,68.62,TQQQ_100,"Bull trend confirmed: Price > SMA50 & SMA250, RSI 68.6",4215.04,42.15,35.71,123.62
2011-04-29,TQQQ_100,14146.14,0.0,30980.0988,0.0,2404.08,2323.5,2086.02,66.55,TQQQ_100,"Bull trend confirmed: Price > SMA50 & SMA250, RSI 66.6",4146.14,41.46,35.38,122.54
2011-05-02,TQQQ_100,14069.61,0.0,30980.0988,0.0,2404.24,2323.63,2087.8,66.58,TQQQ_100,"Bull trend confirmed: Price > SMA50 & SMA250, RSI 66.6",4069.61,40.7,35.39,121.34
2011-05-03,TQQQ_100,13858.34,0.0,30980.0988,0.0,2392.8,2323.64,2089.8,62.32,TQQQ_100,"Bull trend confirmed: Price > SMA50 & SMA250, RSI 62.3",3858.34,38.58,34.75,118.01
2011-05-04,TQQQ_100,13777.23,0.0,30980.0988,0.0,2387.51,2324.93,2091.95,60.39,TQQQ_100,"Bull trend confirmed: Price > SMA50 & SMA250, RSI 60.4",3777.23,37.77,34.45,116.74
2011-05-05,TQQQ_100,13570.58,0.0,30980.0988,0.0,2375.21,2326.42,2093.68,56.05,TQQQ_100,"Bull trend confirmed: Price > SMA50 & SMA250, RSI 56.0",3570.58,35.71,33.76,113.49
2011-05-06,TQQQ_100,13688.43,0.0,30980.0988,0.0,2383.18,2327.81,2095.45,58.15,TQQQ_100,"Bull trend confirmed: Price > SMA50 & SMA250, RSI 58.1",3688.43,36.88,34.21,115.34
2011-05-09,TQQQ_100,13836.92,0.0,30980.0988,0.0,2390.97,2328.71,2097.11,60.15,TQQQ_100,"Bull trend confirmed: Price > SMA50 & SMA250, RSI 60.2",3836.92,38.37,34.65,117.68
2011-05-10,TQQQ_100,14192.08,0.0,30980.0988,0.0,2411.35,2329.91,2098.98,64.89,TQQQ_100,"Bull trend confirmed: Price > SMA50 & SMA250, RSI 64.9",4192.08,41.92,35.79,123.26
2011-05-11,TQQQ_100,13885.91,0.0,30980.0988,0.0,2393.08,2331.47,2100.92,58.21,TQQQ_100,"Bull trend confirmed: Price > SMA50 & SMA250, RSI 58.2",3885.91,38.86,34.77,118.45
2011-05-12,TQQQ_100,14130.83,0.0,30980.0988,0.0,2407.89,2333.09,2102.89,61.65,TQQQ_100,"Bull trend confirmed: Price > SMA50 & SMA250, RSI 61.7",4130.83,41.31,35.6,122.3
2011-05-13,TQQQ_100,13630.27,0.0,30980.0988,0.0,2379.24,2333.24,2104.86,52.62,TQQQ_100,"Bull trend confirmed: Price > SMA50 & SMA250, RSI 52.6",3630.27,36.3,33.99,114.43
2011-05-16,TQQQ_100,12921.49,0.0,30980.0988,0.0,2337.85,2332.8,2106.72,42.85,TQQQ_100,"Bull trend confirmed: Price > SMA50 & SMA250, RSI 42.8",2921.49,29.21,31.65,103.27
2011-05-17,TQQQ_100,13027.13,0.0,30980.0988,0.0,2343.51,2333.11,2108.89,44.37,TQQQ_100,"Bull trend confirmed: Price > SMA50 & SMA250, RSI 44.4",3027.13,30.27,31.97,104.94
2011-05-18,TQQQ_100,13344.0,0.0,30980.0988,0.0,2362.95,2333.62,2111.05,49.35,TQQQ_100,"Bull trend confirmed: Price > SMA50 & SMA250, RSI 49.4",3344.0,33.44,33.07,109.92
2011-05-19,TQQQ_100,13458.83,0.0,30980.0988,0.0,2369.67,2334.56,2113.27,50.99,TQQQ_100,"Bull trend confirmed: Price > SMA50 & SMA250, RSI 51.0",3458.83,34.59,33.45,111.73
2011-05-20,TQQQ_100,13161.86,0.0,30980.0988,0.0,2351.43,2335.9,2115.41,46.59,TQQQ_100,"Bull trend confirmed: Price > SMA50 & SMA250, RSI 46.6",3161.86,31.62,32.42,107.06
2011-05-23,TQQQ_100,12590.84,0.0,30980.0988,0.0,2316.78,2336.25,2117.49,39.6,TQQQ_100,Downside buffer hold: NDX 2316.8 above buffer (2305.0),2590.84,25.91,30.47,98.07
2011-05-24,CASH,12353.59,12353.59,0.0,0.0,2303.55,2336.51,2119.25,37.3,CASH,Downside breakdown: NDX 2303.6 broke below exit buffer (2306.0),2353.59,23.54,29.72,94.34
2011-05-25,CASH,12355.11,12355.11,0.0,0.0,2310.95,2337.53,2121.09,39.42,CASH,Holding cash,2355.11,23.55,30.14,96.51
2011-05-26,CASH,12356.64,12356.64,0.0,0.0,2325.93,2339.99,2123.05,43.58,CASH,Holding cash,2356.64,23.57,30.98,100.19
2011-05-27,CASH,12358.16,12358.16,0.0,0.0,2336.09,2342.21,2124.88,46.27,CASH,Holding cash,2358.16,23.58,31.56,103.18
2011-05-31,CASH,12364.25,12364.25,0.0,0.0,2372.54,2345.24,2126.79,54.64,CASH,Re-entry buffer: NDX 2372.5 below threshold (2374.4),2364.25,23.64,33.61,112.96
2011-06-01,CASH,12365.78,12365.78,0.0,0.0,2322.48,2346.43,2128.75,44.41,CASH,Holding cash,2365.78,23.66,30.79,99.35
2011-06-02,CASH,12367.3,12367.3,0.0,0.0,2326.7,2347.81,2130.86,45.34,CASH,Holding cash,2367.3,23.67,31.03,100.51
2011-06-03,CASH,12368.83,12368.83,0.0,0.0,2292.31,2348.25,2132.85,39.54,CASH,Downside breakdown: NDX 2292.3 broke below exit buffer (2318.7),2368.83,23.69,29.09,91.4
2011-06-06,CASH,12373.4,12373.4,0.0,0.0,2274.48,2347.49,2134.83,36.91,CASH,Downside breakdown: NDX 2274.5 broke below exit buffer (2319.4),2373.4,23.73,28.09,86.78
2011-06-07,CASH,12374.93,12374.93,0.0,0.0,2268.96,2346.55,2136.59,36.1,CASH,Downside breakdown: NDX 2269.0 broke below exit buffer (2318.7),2374.93,23.75,27.78,85.7
2011-06-08,CASH,12376.45,12376.45,0.0,0.0,2252.89,2345.54,2138.21,33.8,CASH,Downside breakdown: NDX 2252.9 broke below exit buffer (2318.1),2376.45,23.76,26.87,81.7
2011-06-09,CASH,12377.98,12377.98,0.0,0.0,2256.65,2344.16,2139.85,34.85,CASH,Downside breakdown: NDX 2256.6 broke below exit buffer (2316.6),2377.98,23.78,27.08,82.49
2011-06-10,CASH,12379.51,12379.51,0.0,0.0,2221.09,2341.86,2141.15,30.01,CASH,Downside breakdown: NDX 2221.1 broke below exit buffer (2313.2),2379.51,23.8,25.08,74.11
2011-06-13,CASH,12384.08,12384.08,0.0,0.0,2222.28,2339.52,2142.42,30.36,CASH,Downside breakdown: NDX 2222.3 broke below exit buffer (2312.7),2384.08,23.84,25.15,74.23
2011-06-14,CASH,12385.61,12385.61,0.0,0.0,2250.34,2337.67,2143.78,38.17,CASH,Downside breakdown: NDX 2250.3 broke below exit buffer (2309.8),2385.61,23.86,26.73,80.71
2011-06-15,CASH,12387.14,12387.14,0.0,0.0,2209.01,2335.16,2144.96,32.41,CASH,Downside breakdown: NDX 2209.0 broke below exit buffer (2305.7),2387.14,23.87,24.4,70.84
2011-06-16,CASH,12388.67,12388.67,0.0,0.0,2199.93,2332.6,2146.17,31.29,CASH,Downside breakdown: NDX 2199.9 broke below exit buffer (2302.4),2388.67,23.89,23.89,68.45
2011-06-17,CASH,12390.19,12390.19,0.0,0.0,2192.96,2329.81,2147.42,30.42,CASH,Downside breakdown: NDX 2193.0 broke below exit buffer (2298.0),2390.19,23.9,23.5,67.2
2011-06-20,CASH,12394.78,12394.78,0.0,0.0,2204.36,2327.24,2148.74,33.66,CASH,Downside breakdown: NDX 2204.4 broke below exit buffer (2296.3),2394.78,23.95,24.14,69.42
2011-06-21,CASH,12396.3,12396.3,0.0,0.0,2251.82,2325.85,2150.37,45.12,CASH,Downside breakdown: NDX 2251.8 broke below exit buffer (2295.2),2396.3,23.96,26.81,80.71
2011-06-22,CASH,12397.83,12397.83,0.0,0.0,2235.75,2324.28,2151.96,42.45,CASH,Downside breakdown: NDX 2235.8 broke below exit buffer (2293.7),2397.83,23.98,25.91,76.64
2011-06-23,CASH,12399.36,12399.36,0.0,0.0,2255.05,2323.41,2153.64,46.55,CASH,Downside breakdown: NDX 2255.1 broke below exit buffer (2291.7),2399.36,23.99,26.99,81.53
2011-06-24,CASH,12400.89,12400.89,0.0,0.0,2217.06,2321.42,2155.45,40.44,CASH,Downside breakdown: NDX 2217.1 broke below exit buffer (2288.6),2400.89,24.01,24.85,71.97
2011-06-27,CASH,12405.48,12405.48,0.0,0.0,2252.24,2320.24,2157.5,47.33,CASH,Downside breakdown: NDX 2252.2 broke below exit buffer (2285.5),2405.48,24.05,26.83,80.33
2011-06-28,CASH,12407.0,12407.0,0.0,0.0,2285.75,2319.81,2159.71,52.92,CASH,Holding cash,2407.0,24.07,28.72,88.42
2011-06-29,CASH,12408.53,12408.53,0.0,0.0,2294.43,2319.85,2161.97,54.27,CASH,Holding cash,2408.53,24.09,29.21,90.78
2011-06-30,CASH,12410.06,12410.06,0.0,0.0,2325.07,2320.21,2164.33,58.77,CASH,Re-entry buffer: NDX 2325.1 below threshold (2355.6),2410.06,24.1,30.94,98.03
2011-07-01,TQQQ_100,12411.59,0.0,29193.8073,0.0,2361.39,2320.29,2166.62,63.38,TQQQ_100,"Bull trend confirmed: Price > SMA50 & SMA250, RSI 63.4",2411.59,24.12,32.98,107.2
2011-07-05,TQQQ_100,12590.46,0.0,29193.8073,0.0,2371.21,2320.16,2168.91,64.53,TQQQ_100,"Bull trend confirmed: Price > SMA50 & SMA250, RSI 64.5",2590.46,25.9,33.53,110.19
2011-07-06,TQQQ_100,12724.62,0.0,29193.8073,0.0,2378.58,2320.06,2171.17,65.41,TQQQ_100,"Bull trend confirmed: Price > SMA50 & SMA250, RSI 65.4",2724.62,27.25,33.95,112.43
2011-07-07,TQQQ_100,13239.61,0.0,29193.8073,0.0,2412.89,2320.4,2173.53,69.24,TQQQ_100,"Bull trend confirmed: Price > SMA50 & SMA250, RSI 69.2",3239.61,32.4,35.88,121.02
2011-07-08,TQQQ_100,13129.99,0.0,29193.8073,0.0,2405.89,2320.25,2175.78,67.59,TQQQ_100,"Bull trend confirmed: Price > SMA50 & SMA250, RSI 67.6",3129.99,31.3,35.49,119.19
2011-07-11,TQQQ_100,12426.02,0.0,29193.8073,0.0,2362.0,2319.29,2177.81,58.26,TQQQ_100,"Bull trend confirmed: Price > SMA50 & SMA250, RSI 58.3",2426.02,24.26,33.01,107.44
2011-07-12,TQQQ_100,12123.08,0.0,29193.8073,0.0,2343.79,2318.08,2179.76,54.87,TQQQ_100,"Bull trend confirmed: Price > SMA50 & SMA250, RSI 54.9",2123.08,21.23,31.99,102.38
2011-07-13,TQQQ_100,12284.66,0.0,29193.8073,0.0,2352.43,2317.05,2181.96,56.17,TQQQ_100,"Bull trend confirmed: Price > SMA50 & SMA250, RSI 56.2",2284.66,22.85,32.48,105.08
2011-07-14,TQQQ_100,11861.98,0.0,29193.8073,0.0,2325.06,2315.69,2183.98,51.14,TQQQ_100,"Bull trend confirmed: Price > SMA50 & SMA250, RSI 51.1",1861.98,18.62,30.93,98.03
2011-07-15,TQQQ_100,12333.71,0.0,29193.8073,0.0,2356.67,2315.07,2186.04,56.04,TQQQ_100,"Bull trend confirmed: Price > SMA50 & SMA250, RSI 56.0",2333.71,23.34,32.71,105.9
2011-07-18,TQQQ_100,12130.31,0.0,29193.8073,0.0,2344.01,2314.45,2188.15,53.71,TQQQ_100,"Bull trend confirmed: Price > SMA50 & SMA250, RSI 53.7",2130.31,21.3,32.0,102.5
2011-07-19,TQQQ_100,12985.72,0.0,29193.8073,0.0,2398.17,2314.75,2190.29,61.14,TQQQ_100,"Bull trend confirmed: Price > SMA50 & SMA250, RSI 61.1",2985.72,29.86,35.05,116.79
2011-07-20,TQQQ_100,12803.97,0.0,29193.8073,0.0,2387.8,2314.69,2192.34,59.18,TQQQ_100,"Bull trend confirmed: Price > SMA50 & SMA250, RSI 59.2",2803.97,28.04,34.47,113.75
2011-07-21,TQQQ_100,13063.63,0.0,29193.8073,0.0,2404.24,2314.54,2194.4,61.3,TQQQ_100,"Bull trend confirmed: Price > SMA50 & SMA250, RSI 61.3",3063.63,30.64,35.39,118.09
2011-07-22,TQQQ_50,13468.97,6734.49,14596.9037,0.0,2429.5,2315.27,2196.56,64.35,TQQQ_50,Bearish RSI divergence,3468.97,34.69,36.82,124.85
2011-07-25,TQQQ_50,13431.8,6736.98,14596.9037,0.0,2424.15,2315.6,2198.77,63.21,TQQQ_50,Bearish RSI divergence,3431.8,34.32,36.51,123.53
2011-07-26,TQQQ_50,13469.41,6737.81,14596.9037,0.0,2429.45,2316.6,2201.04,63.89,TQQQ_50,Bearish RSI divergence,3469.41,34.69,36.81,124.76
2011-07-27,TQQQ_50,12959.58,6738.64,14596.9037,0.0,2367.16,2317.19,2203.05,51.76,TQQQ_50,Bearish RSI divergence,2959.58,29.6,33.31,107.71
2011-07-28,TQQQ_50,12993.6,6739.47,14596.9037,0.0,2371.77,2317.75,2204.95,52.48,TQQQ_50,Bearish RSI divergence,2993.6,29.94,33.57,108.81
2011-07-29,TQQQ_50,12933.84,6740.3,14596.9037,0.0,2362.81,2317.75,2206.83,50.89,TQQQ_50,Bearish RSI divergence,2933.84,29.34,33.06,106.79
2011-08-01,TQQQ_50,12852.66,6742.79,14596.9037,0.0,2354.05,2317.44,2208.61,49.32,TQQQ_50,Bearish RSI divergence,2852.66,28.53,32.57,104.0
2011-08-02,TQQQ_50,12389.71,6743.62,14596.9037,0.0,2292.85,2316.27,2210.16,40.02,TQQQ_50,Downside buffer hold: NDX 2292.9 above buffer (2272.4),2389.71,23.9,29.12,88.51
2011-08-03,TQQQ_50,12536.96,6744.46,14596.9037,0.0,2312.78,2316.19,2211.8,43.74,TQQQ_50,Downside buffer hold: NDX 2312.8 above buffer (2271.7),2536.96,25.37,30.24,93.4
2011-08-04,CASH,11749.45,11749.45,0.0,0.0,2207.2,2314.26,2212.97,32.31,CASH,"Bear trend, RSI 32.3 outside SQQQ zone",1749.45,17.49,24.3,67.08
2011-08-05,CASH,11750.9,11750.9,0.0,0.0,2194.38,2311.93,2214.15,31.24,CASH,"Bear trend, RSI 31.2 outside SQQQ zone",1750.9,17.51,23.58,63.4
2011-08-08,CASH,11755.24,11755.24,0.0,0.0,2060.29,2306.62,2215.01,22.76,CASH,"Bear trend, RSI 22.8 oversold",1755.24,17.55,16.02,34.69
2011-08-09,SQQQ,11756.69,0.0,0.0,0.0034,2160.79,2303.11,2216.32,36.64,SQQQ,"Bear signal: Price below SMAs, RSI 36.6 in SQQQ zone",1756.69,17.57,21.68,53.14
2011-08-10,CASH,13075.69,13075.69,0.0,0.0,2073.09,2297.12,2217.34,31.35,CASH,"Bear trend, RSI 31.3 outside SQQQ zone",3075.69,30.76,16.75,35.08
2011-08-11,SQQQ,13077.31,0.0,0.0,0.0039,2167.07,2294.01,2218.72,41.15,SQQQ,"Bear signal: Price below SMAs, RSI 41.2 in SQQQ zone",3077.31,30.77,22.04,52.41
2011-08-12,SQQQ,12731.2,0.0,0.0,0.0039,2182.05,2291.12,2220.07,42.56,SQQQ,"Bear signal: Price below SMAs, RSI 42.6 in SQQQ zone",2731.2,27.31,22.88,56.29
2011-08-15,SQQQ,12174.61,0.0,0.0,0.0039,2214.12,2289.56,2221.52,45.57,SQQQ,"Bear signal: Price below SMAs, RSI 45.6 in SQQQ zone",2174.61,21.75,24.69,63.03
2011-08-16,SQQQ,12492.66,0.0,0.0,0.0039,2194.27,2287.95,2223.01,44.03,SQQQ,"Bear signal: Price below SMAs, RSI 44.0 in SQQQ zone",2492.66,24.93,23.57,58.84
2011-08-17,SQQQ,12707.81,0.0,0.0,0.0039,2181.62,2286.2,2224.43,43.04,SQQQ,"Bear signal: Price below SMAs, RSI 43.0 in SQQQ zone",2707.81,27.08,22.86,56.27
2011-08-18,SQQQ,14536.58,0.0,0.0,0.0039,2073.03,2282.61,2225.49,35.6,SQQQ,"Bear signal: Price below SMAs, RSI 35.6 in SQQQ zone",4536.58,45.37,16.74,33.61
2011-08-19,CASH,15336.37,15336.37,0.0,0.0,2038.22,2278.24,2226.54,33.6,CASH,"Bear trend, RSI 33.6 outside SQQQ zone",5336.37,53.36,14.78,26.12
2011-08-22,CASH,15342.04,15342.04,0.0,0.0,2044.73,2274.71,2227.56,34.34,CASH,"Bear trend, RSI 34.3 outside SQQQ zone",5342.04,53.42,15.15,27.25
2011-08-23,SQQQ,15343.93,0.0,0.0,0.0045,2129.27,2272.85,2229.0,43.24,SQQQ,"Bear signal: Price below SMAs, RSI 43.2 in SQQQ zone",5343.93,53.44,19.91,43.0
2011-08-24,SQQQ,14961.68,0.0,0.0,0.0045,2145.04,2270.75,2230.41,44.74,SQQQ,"Bear signal: Price below SMAs, RSI 44.7 in SQQQ zone",4961.68,49.62,20.8,46.37
2011-08-25,SQQQ,15677.73,0.0,0.0,0.0045,2108.21,2268.73,2231.76,41.95,SQQQ,"Bear signal: Price below SMAs, RSI 41.9 in SQQQ zone",5677.73,56.78,18.72,39.34
2011-08-26,SQQQ,14520.2,0.0,0.0,0.0045,2161.97,2267.97,2233.33,47.14,SQQQ,"Bear signal: Price below SMAs, RSI 47.1 in SQQQ zone",4520.2,45.2,21.75,49.4
2011-08-29,SQQQ,13292.69,0.0,0.0,0.0045,2223.96,2268.59,2234.95,52.43,SQQQ,"Bear signal: Price below SMAs, RSI 52.4 in SQQQ zone",3292.69,32.93,25.24,62.12
2011-08-30,CASH,13050.42,13050.42,0.0,0.0,2237.69,2269.26,2236.54,53.53,CASH,Holding cash,3050.42,30.5,26.01,65.42
2011-08-31,CASH,13052.03,13052.03,0.0,0.0,2241.01,2269.04,2238.02,53.81,CASH,Holding cash,3052.03,30.52,26.2,66.38
2011-09-01,SQQQ,13053.64,0.0,0.0,0.0044,2219.05,2268.71,2239.47,51.6,SQQQ,"Bear signal: Price below SMAs, RSI 51.6 in SQQQ zone",3053.64,30.54,24.96,61.69
2011-09-02,SQQQ,13944.98,0.0,0.0,0.0044,2167.83,2266.96,2240.62,46.76,SQQQ,"Bear signal: Price below SMAs, RSI 46.8 in SQQQ zone",3944.98,39.45,22.08,50.37
2011-09-06,SQQQ,13944.98,0.0,0.0,0.0044,2167.6,2265.97,2241.75,46.74,SQQQ,"Bear signal: Price below SMAs, RSI 46.7 in SQQQ zone",3944.98,39.45,22.07,50.34
2011-09-07,SQQQ,12879.59,0.0,0.0,0.0044,2223.75,2265.4,2243.07,52.41,SQQQ,"Bear signal: Price below SMAs, RSI 52.4 in SQQQ zone",2879.59,28.8,25.23,61.71
2011-09-08,SQQQ,13058.91,0.0,0.0,0.0044,2214.29,2263.97,2244.25,51.42,SQQQ,"Bear signal: Price below SMAs, RSI 51.4 in SQQQ zone",3058.91,30.59,24.7,59.47
2011-09-09,SQQQ,13913.34,0.0,0.0,0.0044,2163.66,2261.36,2245.19,46.35,SQQQ,"Bear signal: Price below SMAs, RSI 46.4 in SQQQ zone",3913.34,39.13,21.85,48.97
2011-09-12,SQQQ,13375.36,0.0,0.0,0.0044,2191.84,2258.69,2246.19,49.34,SQQQ,"Bear signal: Price below SMAs, RSI 49.3 in SQQQ zone",3375.36,33.75,23.43,54.56
2011-09-13,SQQQ,12858.49,0.0,0.0,0.0044,2220.58,2255.88,2247.28,52.27,SQQQ,"Bear signal: Price below SMAs, RSI 52.3 in SQQQ zone",2858.49,28.58,25.05,60.55
2011-09-14,CASH,12320.53,12320.53,0.0,0.0,2252.75,2253.51,2248.47,55.37,CASH,Holding cash,2320.53,23.21,26.86,67.49
2011-09-15,CASH,12322.04,12322.04,0.0,0.0,2286.56,2251.67,2249.66,58.43,CASH,Re-entry buffer: NDX 2286.6 below threshold (2306.0),2322.04,23.22,28.77,75.1
2011-09-16,TQQQ_100,12323.56,0.0,33427.4008,0.0,2306.09,2249.53,2250.93,60.13,TQQQ_100,"Bull trend confirmed: Price > SMA50 & SMA250, RSI 60.1",2323.56,23.24,29.87,79.68
2011-09-19,TQQQ_100,12354.93,0.0,33427.4008,0.0,2308.76,2247.59,2252.23,60.37,TQQQ_100,"Bull trend confirmed: Price > SMA50 & SMA250, RSI 60.4",2354.93,23.55,30.02,80.13
2011-09-20,TQQQ_100,12179.87,0.0,33427.4008,0.0,2295.89,2246.27,2253.49,58.55,TQQQ_100,"Bull trend confirmed: Price > SMA50 & SMA250, RSI 58.5",2179.87,21.8,29.29,77.58
2011-09-21,TQQQ_100,11560.45,0.0,33427.4008,0.0,2258.3,2244.56,2254.43,53.48,TQQQ_100,"Bull trend confirmed: Price > SMA50 & SMA250, RSI 53.5",1560.45,15.6,27.18,68.55
2011-09-22,SQQQ,10435.64,0.0,0.0,0.0034,2184.59,2241.2,2255.12,45.21,SQQQ,"Bear signal: Price below SMAs, RSI 45.2 in SQQQ zone",435.64,4.36,23.02,52.15
2011-09-23,SQQQ,10101.4,0.0,0.0,0.0034,2206.86,2238.84,2255.9,47.84,SQQQ,"Bear signal: Price below SMAs, RSI 47.8 in SQQQ zone",101.4,1.01,24.28,56.89
2011-09-26,SQQQ,9758.91,0.0,0.0,0.0034,2234.28,2236.39,2256.8,50.95,SQQQ,"Bear signal: Price below SMAs, RSI 51.0 in SQQQ zone",-241.09,-2.41,25.82,62.22
2011-09-27,CASH,9470.07,9470.07,0.0,0.0,2253.55,2234.58,2257.82,53.07,CASH,Re-entry buffer in bear regime,-529.93,-5.3,26.91,67.18
2011-09-28,SQQQ,9471.23,0.0,0.0,0.0033,2220.84,2231.03,2258.72,49.18,SQQQ,"Bear signal: Price below SMAs, RSI 49.2 in SQQQ zone",-528.77,-5.29,25.07,59.3
2011-09-29,SQQQ,9775.48,0.0,0.0,0.0033,2197.68,2227.23,2259.61,46.58,SQQQ,"Bear signal: Price below SMAs, RSI 46.6 in SQQQ zone",-224.52,-2.25,23.76,54.58
2011-09-30,SQQQ,10526.23,0.0,0.0,0.0033,2139.18,2221.93,2260.06,40.73,SQQQ,"Bear signal: Price below SMAs, RSI 40.7 in SQQQ zone",526.23,5.26,20.47,42.56
2011-10-03,SQQQ,11367.85,0.0,0.0,0.0033,2085.04,2215.04,2260.38,36.19,SQQQ,"Bear signal: Price below SMAs, RSI 36.2 in SQQQ zone",1367.85,13.68,17.42,31.39
2011-10-04,SQQQ,10648.71,0.0,0.0,0.0033,2129.21,2209.14,2260.85,41.88,SQQQ,"Bear signal: Price below SMAs, RSI 41.9 in SQQQ zone",648.71,6.49,19.91,39.39
2011-10-05,SQQQ,9846.61,0.0,0.0,0.0033,2182.77,2204.21,2261.47,47.94,SQQQ,"Bear signal: Price below SMAs, RSI 47.9 in SQQQ zone",-153.39,-1.53,22.92,49.98
2011-10-06,CASH,9348.74,9348.74,0.0,0.0,2217.99,2201.22,2262.24,51.52,CASH,Re-entry buffer in bear regime,-651.26,-6.51,24.91,57.69
2011-10-07,CASH,9349.89,9349.89,0.0,0.0,2202.76,2197.84,2262.88,49.92,CASH,Re-entry buffer in bear regime,-650.11,-6.5,24.05,54.44
2011-10-10,TQQQ_100,9353.35,0.0,26770.1231,0.0,2278.65,2196.16,2263.77,57.07,TQQQ_100,"Bull trend confirmed: Price > SMA50 & SMA250, RSI 57.1",-646.65,-6.47,28.32,70.28
2011-10-11,TQQQ_100,9553.1,0.0,26770.1231,0.0,2294.92,2194.98,2264.73,58.44,TQQQ_100,"Bull trend confirmed: Price > SMA50 & SMA250, RSI 58.4",-446.9,-4.47,29.24,73.92
2011-10-12,TQQQ_100,9706.55,0.0,26770.1231,0.0,2307.18,2195.26,2265.57,59.49,TQQQ_100,"Bull trend confirmed: Price > SMA50 & SMA250, RSI 59.5",-293.45,-2.93,29.93,76.71
2011-10-13,TQQQ_100,9967.13,0.0,26770.1231,0.0,2326.88,2195.55,2266.46,61.18,TQQQ_100,"Bull trend confirmed: Price > SMA50 & SMA250, RSI 61.2",-32.87,-0.33,31.04,81.46
2011-10-14,TQQQ_100,10516.09,0.0,26770.1231,0.0,2371.94,2198.84,2267.67,64.81,TQQQ_100,"Bull trend confirmed: Price > SMA50 & SMA250, RSI 64.8",516.09,5.16,33.57,91.45
2011-10-17,TQQQ_100,10029.3,0.0,26770.1231,0.0,2334.38,2201.64,2268.66,59.79,TQQQ_100,"Bull trend confirmed: Price > SMA50 & SMA250, RSI 59.8",29.3,0.29,31.46,82.59
2011-10-18,TQQQ_100,10393.07,0.0,26770.1231,0.0,2364.87,2207.73,2269.76,62.34,TQQQ_100,"Bull trend confirmed: Price > SMA50 & SMA250, RSI 62.3",393.07,3.93,33.18,89.21
2011-10-19,TQQQ_100,9793.84,0.0,26770.1231,0.0,2316.81,2210.85,2270.61,56.29,TQQQ_100,"Bull trend confirmed: Price > SMA50 & SMA250, RSI 56.3",-206.16,-2.06,30.47,78.3
2011-10-20,TQQQ_100,9669.5,0.0,26770.1231,0.0,2306.29,2215.52,2271.38,55.03,TQQQ_100,"Bull trend confirmed: Price > SMA50 & SMA250, RSI 55.0",-330.5,-3.31,29.88,76.04
2011-10-21,TQQQ_100,10013.43,0.0,26770.1231,0.0,2335.93,2218.89,2272.25,57.89,TQQQ_100,"Bull trend confirmed: Price > SMA50 & SMA250, RSI 57.9",13.43,0.13,31.55,82.3
2011-10-24,TQQQ_100,10639.09,0.0,26770.1231,0.0,2384.42,2222.94,2273.28,62.13,TQQQ_100,"Bull trend confirmed: Price > SMA50 & SMA250, RSI 62.1",639.09,6.39,34.28,93.69
2011-10-25,TQQQ_100,10035.91,0.0,26770.1231,0.0,2335.87,2225.38,2274.11,56.04,TQQQ_100,"Bull trend confirmed: Price > SMA50 & SMA250, RSI 56.0",35.91,0.36,31.54,82.71
2011-10-26,TQQQ_100,9996.24,0.0,26770.1231,0.0,2334.79,2228.19,2274.95,55.91,TQQQ_100,"Bull trend confirmed: Price > SMA50 & SMA250, RSI 55.9",-3.76,-0.04,31.48,81.99
2011-10-27,TQQQ_100,10801.81,0.0,26770.1231,0.0,2399.83,2232.55,2276.03,61.72,TQQQ_100,"Bull trend confirmed: Price > SMA50 & SMA250, RSI 61.7",801.81,8.02,35.15,96.65
2011-10-28,TQQQ_50,10837.52,5418.76,13385.0615,0.0,2401.29,2239.12,2277.03,61.85,TQQQ_50,Bearish RSI divergence,837.52,8.38,35.23,97.3
2011-10-31,TQQQ_50,10571.0,5420.77,13385.0615,0.0,2360.08,2245.55,2277.84,56.4,TQQQ_50,Bearish RSI divergence,571.0,5.71,32.91,87.53
2011-11-01,TQQQ_50,10172.85,5421.43,13385.0615,0.0,2298.37,2250.63,2278.28,49.38,TQQQ_50,Bearish RSI divergence,172.85,1.73,29.43,73.0
2011-11-02,TQQQ_50,10290.58,5422.1,13385.0615,0.0,2318.32,2254.41,2278.81,51.48,TQQQ_50,Bearish RSI divergence,290.58,2.91,30.56,77.27
2011-11-03,TQQQ_50,10587.56,5422.77,13385.0615,0.0,2367.71,2258.86,2279.52,56.32,TQQQ_50,Bearish RSI divergence,587.56,5.88,33.34,88.06
2011-11-04,TQQQ_50,10508.2,5423.44,13385.0615,0.0,2356.32,2263.82,2280.24,54.96,TQQQ_50,Bearish RSI divergence,508.2,5.08,32.7,85.14
2011-11-07,TQQQ_50,10623.3,5425.45,13385.0615,0.0,2371.04,2268.01,2280.97,56.42,TQQQ_50,Bearish RSI divergence,623.3,6.23,33.52,89.26
2011-11-08,TQQQ_50,10797.26,5426.11,13385.0615,0.0,2400.01,2271.53,2281.88,59.23,TQQQ_50,Bearish RSI divergence,797.26,7.97,35.16,95.57
2011-11-09,TQQQ_50,10242.36,5426.78,13385.0615,0.0,2314.1,2273.05,2282.59,49.12,TQQQ_50,Bearish RSI divergence,242.36,2.42,30.32,75.34
2011-11-10,TQQQ_50,10223.18,5427.45,13385.0615,0.0,2312.07,2274.48,2283.31,48.91,TQQQ_50,Bearish RSI divergence,223.18,2.23,30.2,74.62
2011-11-11,TQQQ_100,10493.03,0.0,27729.9769,0.0,2355.78,2277.21,2284.36,53.56,TQQQ_100,"Bull trend confirmed: Price > SMA50 & SMA250, RSI 53.6",493.03,4.93,32.66,84.42
2011-11-14,TQQQ_100,10314.9,0.0,27729.9769,0.0,2341.32,2280.68,2285.32,51.88,TQQQ_100,"Bull trend confirmed: Price > SMA50 & SMA250, RSI 51.9",314.9,3.15,31.85,81.29
2011-11-15,TQQQ_100,10646.52,0.0,27729.9769,0.0,2366.24,2284.65,2286.25,54.53,TQQQ_100,"Bull trend confirmed: Price > SMA50 & SMA250, RSI 54.5",646.52,6.47,33.25,87.12
2011-11-16,TQQQ_100,10121.73,0.0,27729.9769,0.0,2324.37,2286.67,2287.0,49.58,TQQQ_100,"Bull trend confirmed: Price > SMA50 & SMA250, RSI 49.6",121.73,1.22,30.9,77.89
2011-11-17,SQQQ,9425.64,0.0,0.0,0.0038,2272.09,2287.82,2287.49,44.19,SQQQ,"Bear signal: Price below SMAs, RSI 44.2 in SQQQ zone",-574.36,-5.74,27.95,65.66
2011-11-18,SQQQ,9657.87,0.0,0.0,0.0038,2253.95,2289.63,2288.04,42.47,SQQQ,"Bear signal: Price below SMAs, RSI 42.5 in SQQQ zone",-342.13,-3.42,26.93,61.69
2011-11-21,SQQQ,10199.73,0.0,0.0,0.0038,2211.14,2290.01,2288.24,38.63,SQQQ,"Bear signal: Price below SMAs, RSI 38.6 in SQQQ zone",199.73,2.0,24.52,52.29
2011-11-22,SQQQ,10108.66,0.0,0.0,0.0038,2216.33,2289.93,2288.49,39.35,SQQQ,"Bear signal: Price below SMAs, RSI 39.3 in SQQQ zone",108.66,1.09,24.81,53.62
2011-11-23,SQQQ,10791.67,0.0,0.0,0.0038,2166.54,2288.2,2288.58,35.12,SQQQ,"Bear signal: Price below SMAs, RSI 35.1 in SQQQ zone",791.67,7.92,22.01,43.41
2011-11-25,CASH,11042.12,11042.12,0.0,0.0,2150.88,2285.49,2288.71,33.89,CASH,"Bear trend, RSI 33.9 outside SQQQ zone",1042.12,10.42,21.13,40.16
2011-11-28,SQQQ,11046.2,0.0,0.0,0.0042,2224.22,2283.85,2288.96,43.83,SQQQ,"Bear signal: Price below SMAs, RSI 43.8 in SQQQ zone",1046.2,10.46,25.26,54.63
2011-11-29,SQQQ,11265.09,0.0,0.0,0.0042,2211.39,2281.91,2289.06,42.62,SQQQ,"Bear signal: Price below SMAs, RSI 42.6 in SQQQ zone",1265.09,12.65,24.53,51.84
2011-11-30,CASH,10048.48,10048.48,0.0,0.0,2295.2,2281.89,2289.48,51.94,CASH,Re-entry buffer: NDX 2295.2 below threshold (2330.5),48.48,0.48,29.25,68.5
2011-12-01,CASH,10049.72,10049.72,0.0,0.0,2309.2,2282.91,2289.96,53.31,CASH,Re-entry buffer: NDX 2309.2 below threshold (2329.7),49.72,0.5,30.04,72.11
2011-12-02,CASH,10050.96,10050.96,0.0,0.0,2302.04,2285.26,2290.41,52.49,CASH,Re-entry buffer: NDX 2302.0 below threshold (2330.6),50.96,0.51,29.64,70.48
2011-12-05,CASH,10054.68,10054.68,0.0,0.0,2326.95,2287.66,2290.91,55.08,CASH,Re-entry buffer: NDX 2326.9 below threshold (2333.8),54.68,0.55,31.04,76.06
2011-12-06,CASH,10055.92,10055.92,0.0,0.0,2321.49,2289.4,2291.39,54.38,CASH,Re-entry buffer: NDX 2321.5 below threshold (2334.0),55.92,0.56,30.73,74.71
2011-12-07,CASH,10057.16,10057.16,0.0,0.0,2320.54,2290.74,2291.81,54.25,CASH,Re-entry buffer: NDX 2320.5 below threshold (2335.0),57.16,0.57,30.68,74.98
2011-12-08,SQQQ,10058.4,0.0,0.0,0.0042,2282.59,2291.98,2292.11,49.22,SQQQ,"Bear signal: Price below SMAs, RSI 49.2 in SQQQ zone",58.4,0.58,28.54,66.07
2011-12-09,CASH,9582.56,9582.56,0.0,0.0,2318.68,2294.4,2292.54,53.62,CASH,Re-entry buffer: NDX 2318.7 below threshold (2338.6),-417.44,-4.17,30.58,73.94
2011-12-12,SQQQ,9586.1,0.0,0.0,0.0041,2292.24,2297.46,2292.9,50.19,SQQQ,"Bear signal: Price below SMAs, RSI 50.2 in SQQQ zone",-413.9,-4.14,29.09,68.24
2011-12-13,SQQQ,9920.04,0.0,0.0,0.0041,2268.37,2301.13,2293.1,47.25,SQQQ,"Bear signal: Price below SMAs, RSI 47.2 in SQQQ zone",-79.96,-0.8,27.74,62.55
2011-12-14,SQQQ,10376.76,0.0,0.0,0.0041,2233.03,2303.2,2293.16,43.21,SQQQ,"Bear signal: Price below SMAs, RSI 43.2 in SQQQ zone",376.76,3.77,25.75,54.99
2011-12-15,SQQQ,10470.07,0.0,0.0,0.0041,2226.71,2304.08,2293.17,42.51,SQQQ,"Bear signal: Price below SMAs, RSI 42.5 in SQQQ zone",470.07,4.7,25.4,53.79
2011-12-16,SQQQ,10327.65,0.0,0.0,0.0041,2238.18,2304.49,2293.19,44.27,SQQQ,"Bear signal: Price below SMAs, RSI 44.3 in SQQQ zone",327.65,3.28,26.04,55.71
2011-12-19,SQQQ,10597.75,0.0,0.0,0.0041,2215.27,2304.74,2293.1,41.53,SQQQ,"Bear signal: Price below SMAs, RSI 41.5 in SQQQ zone",597.75,5.98,24.75,51.4
2011-12-20,SQQQ,9674.5,0.0,0.0,0.0041,2281.94,2304.8,2293.31,51.03,SQQQ,"Bear signal: Price below SMAs, RSI 51.0 in SQQQ zone",-325.5,-3.26,28.51,64.84
2011-12-21,SQQQ,10062.46,0.0,0.0,0.0041,2249.03,2303.88,2293.39,46.97,SQQQ,"Bear signal: Price below SMAs, RSI 47.0 in SQQQ zone",62.46,0.62,26.65,57.98
2011-12-22,SQQQ,9826.74,0.0,0.0,0.0041,2266.77,2303.08,2293.55,49.31,SQQQ,"Bear signal: Price below SMAs, RSI 49.3 in SQQQ zone",-173.26,-1.73,27.65,61.83
2011-12-23,SQQQ,9566.46,0.0,0.0,0.0041,2287.57,2302.29,2293.77,51.99,SQQQ,"Bear signal: Price below SMAs, RSI 52.0 in SQQQ zone",-433.54,-4.34,28.82,66.02
2011-12-27,SQQQ,9492.79,0.0,0.0,0.0041,2293.12,2300.71,2294.04,52.71,SQQQ,"Bear signal: Price below SMAs, RSI 52.7 in SQQQ zone",-507.21,-5.07,29.14,67.3
2011-12-28,SQQQ,9797.27,0.0,0.0,0.0041,2267.08,2299.37,2294.24,49.01,SQQQ,"Bear signal: Price below SMAs, RSI 49.0 in SQQQ zone",-202.73,-2.03,27.67,61.93
2011-12-29,SQQQ,9595.92,0.0,0.0,0.0041,2285.07,2297.77,2294.36,51.54,SQQQ,"Bear signal: Price below SMAs, RSI 51.5 in SQQQ zone",-404.08,-4.04,28.68,65.08
2011-12-30,SQQQ,9669.59,0.0,0.0,0.0041,2277.83,2296.99,2294.46,50.45,SQQQ,"Bear signal: Price below SMAs, RSI 50.5 in SQQQ zone",-330.41,-3.3,28.27,63.73
2012-01-03,CASH,9129.38,9129.38,0.0,0.0,2321.96,2297.31,2294.67,56.47,CASH,Re-entry buffer: NDX 2322.0 below threshold (2334.8),-870.62,-8.71,30.76,73.05
2012-01-04,CASH,9130.51,9130.51,0.0,0.0,2329.71,2297.18,2294.88,57.45,CASH,Re-entry buffer: NDX 2329.7 below threshold (2332.4),-869.49,-8.69,31.2,75.12
2012-01-05,TQQQ_100,9131.64,0.0,24802.6159,0.0,2348.98,2296.47,2295.17,59.86,TQQQ_100,"Bull trend confirmed: Price > SMA50 & SMA250, RSI 59.9",-868.36,-8.68,32.28,79.43
2012-01-06,TQQQ_100,9225.99,0.0,24802.6159,0.0,2356.17,2296.88,2295.46,60.75,TQQQ_100,"Bull trend confirmed: Price > SMA50 & SMA250, RSI 60.8",-774.01,-7.74,32.69,81.29
2012-01-09,TQQQ_100,9148.79,0.0,24802.6159,0.0,2350.65,2297.2,2295.7,59.65,TQQQ_100,"Bull trend confirmed: Price > SMA50 & SMA250, RSI 59.7",-851.21,-8.51,32.38,79.77
2012-01-10,TQQQ_100,9336.31,0.0,24802.6159,0.0,2367.38,2296.55,2295.95,61.9,TQQQ_100,"Bull trend confirmed: Price > SMA50 & SMA250, RSI 61.9",-663.69,-6.64,33.32,83.46
2012-01-11,TQQQ_100,9401.25,0.0,24802.6159,0.0,2372.25,2295.97,2296.22,62.56,TQQQ_100,"Bull trend confirmed: Price > SMA50 & SMA250, RSI 62.6",-598.75,-5.99,33.59,84.73
2012-01-12,TQQQ_100,9512.79,0.0,24802.6159,0.0,2381.99,2296.4,2296.45,63.89,TQQQ_100,"Bull trend confirmed: Price > SMA50 & SMA250, RSI 63.9",-487.21,-4.87,34.14,86.92
2012-01-13,TQQQ_100,9403.7,0.0,24802.6159,0.0,2371.98,2297.88,2296.63,61.47,TQQQ_100,"Bull trend confirmed: Price > SMA50 & SMA250, RSI 61.5",-596.3,-5.96,33.58,84.78
2012-01-17,TQQQ_100,9656.18,0.0,24802.6159,0.0,2393.24,2299.37,2296.99,64.55,TQQQ_100,"Bull trend confirmed: Price > SMA50 & SMA250, RSI 64.5",-343.82,-3.44,34.77,89.74
2012-01-18,TQQQ_100,10039.78,0.0,24802.6159,0.0,2425.96,2300.54,2297.55,68.69,TQQQ_100,"Bull trend confirmed: Price > SMA50 & SMA250, RSI 68.7",39.78,0.4,36.62,97.28
2012-01-19,TQQQ_100,10240.76,0.0,24802.6159,0.0,2441.7,2302.25,2298.24,70.48,TQQQ_100,"Bull trend confirmed: Price > SMA50 & SMA250, RSI 70.5",240.76,2.41,37.5,101.23
2012-01-20,TQQQ_100,10195.41,0.0,24802.6159,0.0,2437.02,2303.57,2298.79,69.22,TQQQ_100,"Bull trend confirmed: Price > SMA50 & SMA250, RSI 69.2",195.41,1.95,37.24,100.34
2012-01-23,TQQQ_100,10194.19,0.0,24802.6159,0.0,2437.22,2304.31,2299.32,69.24,TQQQ_100,"Bull trend confirmed: Price > SMA50 & SMA250, RSI 69.2",194.19,1.94,37.25,100.31
2012-01-24,TQQQ_100,10137.81,0.0,24802.6159,0.0,2433.96,2306.71,2299.8,68.25,TQQQ_100,"Bull trend confirmed: Price > SMA50 & SMA250, RSI 68.3",137.81,1.38,37.07,99.21
2012-01-25,TQQQ_100,10525.1,0.0,24802.6159,0.0,2465.66,2309.78,2300.34,72.38,TQQQ_100,"Bull trend confirmed: Price > SMA50 & SMA250, RSI 72.4",525.1,5.25,38.85,106.82
2012-01-26,TQQQ_100,10413.57,0.0,24802.6159,0.0,2454.63,2311.76,2301.08,69.02,TQQQ_100,"Bull trend confirmed: Price > SMA50 & SMA250, RSI 69.0",413.57,4.14,38.23,104.62
2012-01-27,TQQQ_100,10516.51,0.0,24802.6159,0.0,2461.77,2314.17,2301.8,69.99,TQQQ_100,"Bull trend confirmed: Price > SMA50 & SMA250, RSI 70.0",516.51,5.17,38.63,106.65
2012-01-30,TQQQ_100,10533.67,0.0,24802.6159,0.0,2465.32,2316.15,2302.36,70.49,TQQQ_100,"Bull trend confirmed: Price > SMA50 & SMA250, RSI 70.5",533.67,5.34,38.83,106.98
2012-01-31,TQQQ_100,10570.44,0.0,24802.6159,0.0,2467.95,2319.02,2302.95,70.87,TQQQ_100,"Bull trend confirmed: Price > SMA50 & SMA250, RSI 70.9",570.44,5.7,38.98,107.71
2012-02-01,TQQQ_100,10830.25,0.0,24802.6159,0.0,2488.18,2323.34,2303.61,73.71,TQQQ_100,"Bull trend confirmed: Price > SMA50 & SMA250, RSI 73.7",830.25,8.3,40.12,112.81
2012-02-02,TQQQ_100,10941.78,0.0,24802.6159,0.0,2495.83,2328.18,2304.24,74.71,TQQQ_100,"Bull trend confirmed: Price > SMA50 & SMA250, RSI 74.7",941.78,9.42,40.55,115.0
2012-02-03,TQQQ_30,11376.87,7963.81,7440.7848,0.0,2529.17,2334.54,2304.96,78.55,TQQQ_30,Overextended: RSI 78.6 >= 75,1376.87,13.77,42.43,123.55
2012-02-06,TQQQ_30,11376.5,7966.75,7440.7848,0.0,2528.3,2340.78,2305.61,78.22,TQQQ_30,Overextended: RSI 78.2 >= 75,1376.5,13.77,42.38,123.34
2012-02-07,TQQQ_30,11392.19,7967.73,7440.7848,0.0,2532.06,2348.09,2306.3,78.64,TQQQ_30,Overextended: RSI 78.6 >= 75,1392.19,13.92,42.59,124.3
2012-02-08,TQQQ_30,11450.16,7968.72,7440.7848,0.0,2545.72,2355.99,2307.02,80.15,TQQQ_30,Overextended: RSI 80.1 >= 75,1450.16,14.5,43.36,128.03
2012-02-09,TQQQ_30,11528.35,7969.7,7440.7848,0.0,2563.93,2362.78,2307.76,81.97,TQQQ_30,Overextended: RSI 82.0 >= 75,1528.35,15.28,44.39,133.09
2012-02-10,TQQQ_30,11453.22,7970.68,7440.7848,0.0,2547.32,2369.5,2308.41,75.18,TQQQ_30,Overextended: RSI 75.2 >= 75,1453.22,14.53,43.45,128.1
2012-02-13,TQQQ_30,11549.93,7973.63,7440.7848,0.0,2569.49,2374.98,2309.16,77.82,TQQQ_30,Overextended: RSI 77.8 >= 75,1549.93,15.5,44.7,134.24
2012-02-14,TQQQ_30,11582.17,7974.61,7440.7848,0.0,2575.24,2380.3,2309.87,78.46,TQQQ_30,Overextended: RSI 78.5 >= 75,1582.17,15.82,45.02,136.29
2012-02-15,TQQQ_30,11502.63,7975.6,7440.7848,0.0,2556.01,2385.38,2310.5,71.07,TQQQ_30,Trim lock active,1502.63,15.03,43.94,131.02
2012-02-16,TQQQ_30,11651.05,7976.58,7440.7848,0.0,2592.29,2390.69,2311.3,75.72,TQQQ_30,Overextended: RSI 75.7 >= 75,1651.05,16.51,45.98,140.67
2012-02-17,TQQQ_30,11620.78,7977.56,7440.7848,0.0,2584.24,2395.95,2312.35,72.92,TQQQ_30,Trim lock active,1620.78,16.21,45.53,138.63
2012-02-21,TQQQ_30,11655.6,7981.5,7440.7848,0.0,2590.24,2401.34,2313.51,73.7,TQQQ_30,Trim lock active,1655.6,16.56,45.87,140.65
2012-02-22,TQQQ_30,11608.05,7982.48,7440.7848,0.0,2579.78,2407.28,2314.57,69.92,TQQQ_30,Trim lock active,1608.05,16.08,45.28,137.47
2012-02-23,TQQQ_30,11677.78,7983.46,7440.7848,0.0,2594.93,2412.81,2315.57,72.15,TQQQ_30,Trim lock active,1677.78,16.78,46.13,141.97
2012-02-24,TQQQ_30,11714.81,7984.45,7440.7848,0.0,2604.21,2419.05,2316.58,73.45,TQQQ_30,Trim lock active,1714.81,17.15,46.65,144.33
2012-02-27,TQQQ_30,11735.77,7987.4,7440.7848,0.0,2606.76,2425.82,2317.75,73.81,TQQQ_30,Trim lock active,1735.77,17.36,46.8,145.51
2012-02-28,TQQQ_30,11848.89,7988.39,7440.7848,0.0,2633.46,2433.82,2318.97,77.29,TQQQ_30,Overextended: RSI 77.3 >= 75,1848.89,18.49,48.3,152.86
2012-02-29,TQQQ_30,11799.15,7989.37,7440.7848,0.0,2623.1,2441.75,2319.98,73.22,TQQQ_30,Trim lock active,1799.15,17.99,47.72,149.54
2012-03-01,TQQQ_30,11892.78,7990.36,7440.7848,0.0,2643.54,2449.86,2321.11,75.92,TQQQ_30,Overextended: RSI 75.9 >= 75,1892.78,18.93,48.87,155.61
2012-03-02,TQQQ_30,11882.0,7991.34,7440.7848,0.0,2641.58,2458.39,2322.37,75.14,TQQQ_30,Overextended: RSI 75.1 >= 75,1882.0,18.82,48.76,154.83
2012-03-05,TQQQ_30,11763.62,7994.3,7440.7848,0.0,2614.92,2465.05,2323.48,65.3,TQQQ_30,Trim lock active,1763.62,17.64,47.26,146.89
2012-03-06,TQQQ_30,11656.52,7995.28,7440.7848,0.0,2588.95,2471.84,2324.54,57.42,TQQQ_30,Trim lock active,1656.52,16.57,45.8,139.81
2012-03-07,TQQQ_50,11740.6,5870.3,11665.547,0.0,2607.85,2478.67,2325.83,61.1,TQQQ_50,Bearish RSI divergence,1740.6,17.41,46.86,145.25
2012-03-08,TQQQ_50,11927.51,5871.02,11665.547,0.0,2637.18,2485.66,2327.19,66.01,TQQQ_50,Bearish RSI divergence,1927.51,19.28,48.51,153.03
2012-03-09,TQQQ_50,12001.43,5871.75,11665.547,0.0,2646.85,2492.73,2328.61,67.47,TQQQ_50,Bearish RSI divergence,2001.43,20.01,49.06,156.09
2012-03-12,TQQQ_50,12013.41,5873.92,11665.547,0.0,2646.85,2500.33,2330.16,67.47,TQQQ_50,Bearish RSI divergence,2013.41,20.13,49.06,156.5
2012-03-13,TQQQ_50,12359.98,5874.64,11665.547,0.0,2697.43,2508.57,2332.14,74.18,TQQQ_50,Bearish RSI divergence,2359.98,23.6,51.9,170.95
2012-03-14,TQQQ_30,12433.33,8703.33,6635.0573,0.0,2708.41,2517.19,2334.07,75.37,TQQQ_30,Overextended: RSI 75.4 >= 75,2433.33,24.33,52.52,173.98
2012-03-15,TQQQ_30,12462.93,8704.41,6635.0573,0.0,2714.79,2525.04,2336.05,76.06,TQQQ_30,Overextended: RSI 76.1 >= 75,2462.93,24.63,52.88,176.07
2012-03-16,TQQQ_30,12455.8,8705.48,6635.0573,0.0,2712.78,2532.7,2337.85,75.35,TQQQ_30,Overextended: RSI 75.3 >= 75,2455.8,24.56,52.77,175.47
2012-03-19,TQQQ_30,12540.66,8708.7,6635.0573,0.0,2733.26,2540.39,2339.75,77.66,TQQQ_30,Overextended: RSI 77.7 >= 75,2540.66,25.41,53.92,181.47
2012-03-20,TQQQ_30,12562.72,8709.77,6635.0573,0.0,2737.63,2548.02,2341.62,78.13,TQQQ_30,Overextended: RSI 78.1 >= 75,2562.72,25.63,54.17,183.01
2012-03-21,TQQQ_30,12562.48,8710.85,6635.0573,0.0,2736.88,2555.74,2343.31,77.82,TQQQ_30,Overextended: RSI 77.8 >= 75,2562.48,25.62,54.13,182.91
2012-03-22,TQQQ_30,12540.28,8711.92,6635.0573,0.0,2731.5,2563.03,2344.97,75.56,TQQQ_30,Overextended: RSI 75.6 >= 75,2540.28,25.4,53.82,181.2
2012-03-23,TQQQ_30,12536.11,8712.99,6635.0573,0.0,2728.55,2570.15,2346.68,74.28,TQQQ_30,Trim lock active,2536.11,25.36,53.66,180.82
2012-03-26,TQQQ_30,12738.99,8716.22,6635.0573,0.0,2778.02,2578.07,2348.49,80.29,TQQQ_30,Overextended: RSI 80.3 >= 75,2738.99,27.39,56.44,195.48
2012-03-27,TQQQ_30,12755.47,8717.29,6635.0573,0.0,2782.12,2586.28,2350.27,80.7,TQQQ_30,Overextended: RSI 80.7 >= 75,2755.47,27.55,56.67,196.62
2012-03-28,TQQQ_30,12709.34,8718.37,6635.0573,0.0,2770.97,2593.83,2352.0,76.14,TQQQ_30,Overextended: RSI 76.1 >= 75,2709.34,27.09,56.05,193.15
2012-03-29,TQQQ_30,12669.43,8719.44,6635.0573,0.0,2762.05,2600.55,2353.67,72.61,TQQQ_30,Trim lock active,2669.43,26.69,55.54,190.14
2012-03-30,TQQQ_30,12642.97,8720.52,6635.0573,0.0,2755.27,2606.82,2355.36,69.95,TQQQ_30,Trim lock active,2642.97,26.43,55.16,188.12
2012-04-02,TQQQ_30,12765.86,8723.74,6635.0573,0.0,2784.42,2613.77,2357.18,74.3,TQQQ_30,Trim lock active,2765.86,27.66,56.8,196.91
2012-04-03,TQQQ_30,12767.27,8724.82,6635.0573,0.0,2782.78,2620.68,2358.98,73.66,TQQQ_30,Trim lock active,2767.27,27.67,56.71,196.93
2012-04-04,TQQQ_30,12603.43,8725.89,6635.0573,0.0,2745.0,2626.9,2360.63,60.58,TQQQ_30,Trim lock active,2603.43,26.03,54.58,184.82
2012-04-05,TQQQ_30,12675.32,8726.97,6635.0573,0.0,2762.5,2632.84,2362.4,63.79,TQQQ_30,Trim lock active,2675.32,26.75,55.57,190.02
2012-04-09,TQQQ_30,12588.81,8731.27,6635.0573,0.0,2739.98,2638.55,2364.1,57.33,TQQQ_30,Trim lock active,2588.81,25.89,54.3,183.35
2012-04-10,TQQQ_30,12403.66,8732.35,6635.0573,0.0,2695.12,2643.21,2365.69,47.09,TQQQ_30,Trim lock active,2403.66,24.04,51.77,169.67
2012-04-11,TQQQ_30,12457.85,8733.43,6635.0573,0.0,2708.13,2648.07,2367.25,49.89,TQQQ_30,Trim lock active,2457.85,24.58,52.51,173.57
2012-04-12,TQQQ_30,12583.84,8734.5,6635.0573,0.0,2740.26,2653.52,2368.97,56.06,TQQQ_30,Trim lock active,2583.84,25.84,54.32,182.75
2012-04-13,TQQQ_30,12410.83,8735.58,6635.0573,0.0,2698.99,2657.73,2370.53,47.9,TQQQ_30,Trim lock active,2410.83,24.11,51.99,169.96
2012-04-16,TQQQ_30,12298.33,8738.81,6635.0573,0.0,2670.1,2661.22,2372.05,43.16,TQQQ_30,Trim lock active,2298.33,22.98,50.37,161.46
2012-04-17,TQQQ_30,12509.23,8739.89,6635.0573,0.0,2723.58,2665.11,2373.71,52.52,TQQQ_30,Trim lock active,2509.23,25.09,53.38,176.87
2012-04-18,TQQQ_30,12482.77,8740.97,6635.0573,0.0,2716.14,2668.86,2375.15,51.26,TQQQ_30,Trim lock active,2482.77,24.83,52.96,174.85
2012-04-19,TQQQ_30,12362.86,8742.04,6635.0573,0.0,2686.82,2671.96,2376.38,46.51,TQQQ_30,Trim lock active,2362.86,23.63,51.31,165.96
2012-04-20,TQQQ_30,12324.93,8743.12,6635.0573,0.0,2676.04,2674.56,2377.55,44.86,TQQQ_30,Trim lock active,2324.93,23.25,50.7,163.09
2012-04-23,TQQQ_30,12238.01,8746.35,6635.0573,0.0,2653.5,2676.36,2378.58,41.55,TQQQ_30,Downside buffer hold: NDX 2653.5 above buffer (2633.4),2238.01,22.38,49.43,156.47
2012-04-24,TQQQ_30,12177.45,8747.43,6635.0573,0.0,2638.73,2678.18,2379.48,39.49,TQQQ_30,Downside buffer hold: NDX 2638.7 above buffer (2635.0),2177.45,21.77,48.6,151.94
2012-04-25,TQQQ_30,12450.97,8748.51,6635.0573,0.0,2709.62,2680.99,2380.68,51.82,TQQQ_30,Trim lock active,2450.97,24.51,52.59,171.96
2012-04-26,TQQQ_30,12518.28,8749.59,6635.0573,0.0,2725.23,2683.99,2381.97,54.04,TQQQ_30,Trim lock active,2518.28,25.18,53.47,176.82
2012-04-27,TQQQ_30,12583.94,8750.67,6635.0573,0.0,2741.34,2687.69,2383.32,56.28,TQQQ_30,Trim lock active,2583.94,25.84,54.38,181.57
2012-04-30,TQQQ_30,12507.51,8753.9,6635.0573,0.0,2723.68,2690.32,2384.64,53.22,TQQQ_30,Trim lock active,2507.51,25.08,53.38,175.71
2012-05-01,TQQQ_30,12529.9,8754.98,6635.0573,0.0,2726.92,2693.17,2386.0,53.72,TQQQ_30,Trim lock active,2529.9,25.3,53.57,177.28
2012-05-02,TQQQ_30,12555.9,8756.06,6635.0573,0.0,2734.77,2696.07,2387.44,54.97,TQQQ_30,Trim lock active,2555.9,25.56,54.01,179.11
2012-05-03,TQQQ_30,12438.95,8757.14,6635.0573,0.0,2704.59,2698.56,2388.72,49.44,TQQQ_30,Trim lock active,2438.95,24.39,52.31,170.44
2012-05-04,CASH,12169.88,12169.88,0.0,0.0,2637.92,2699.42,2389.71,39.9,CASH,Downside breakdown: NDX 2637.9 broke below exit buffer (2657.7),2169.88,21.7,48.55,150.6
2012-05-07,CASH,12174.38,12174.38,0.0,0.0,2639.28,2700.12,2390.62,40.15,CASH,Downside breakdown: NDX 2639.3 broke below exit buffer (2660.6),2174.38,21.74,48.63,150.96
2012-05-08,CASH,12175.88,12175.88,0.0,0.0,2629.87,2700.59,2391.57,38.92,CASH,Downside breakdown: NDX 2629.9 broke below exit buffer (2659.1),2175.88,21.76,48.1,148.19
2012-05-09,CASH,12177.38,12177.38,0.0,0.0,2621.35,2700.34,2392.42,37.8,CASH,Downside breakdown: NDX 2621.4 broke below exit buffer (2659.9),2177.38,21.77,47.62,146.82
2012-05-10,CASH,12178.88,12178.88,0.0,0.0,2616.24,2700.21,2393.37,37.11,CASH,Downside breakdown: NDX 2616.2 broke below exit buffer (2660.7),2178.88,21.79,47.33,144.29
2012-05-11,CASH,12180.38,12180.38,0.0,0.0,2615.98,2699.65,2394.48,37.07,CASH,Downside breakdown: NDX 2616.0 broke below exit buffer (2660.7),2180.38,21.8,47.32,144.05
2012-05-14,CASH,12184.89,12184.89,0.0,0.0,2590.28,2698.63,2395.47,33.5,CASH,Downside breakdown: NDX 2590.3 broke below exit buffer (2659.8),2184.89,21.85,45.87,137.3
2012-05-15,CASH,12186.39,12186.39,0.0,0.0,2580.75,2697.95,2396.34,32.25,CASH,Downside breakdown: NDX 2580.8 broke below exit buffer (2661.4),2186.39,21.86,45.33,135.23
2012-05-16,CASH,12187.89,12187.89,0.0,0.0,2561.56,2697.4,2397.11,29.85,CASH,Downside breakdown: NDX 2561.6 broke below exit buffer (2660.0),2187.89,21.88,44.25,130.13
2012-05-17,CASH,12189.39,12189.39,0.0,0.0,2509.05,2695.42,2397.74,24.48,CASH,Downside breakdown: NDX 2509.1 broke below exit buffer (2655.8),2189.39,21.89,41.3,115.97
2012-05-18,CASH,12190.9,12190.9,0.0,0.0,2478.53,2692.25,2398.39,22.01,CASH,Downside breakdown: NDX 2478.5 broke below exit buffer (2650.6),2190.9,21.91,39.58,107.3
2012-05-21,CASH,12195.41,12195.41,0.0,0.0,2545.43,2690.22,2399.35,37.04,CASH,Downside breakdown: NDX 2545.4 broke below exit buffer (2646.6),2195.41,21.95,43.34,124.73
2012-05-22,CASH,12196.91,12196.91,0.0,0.0,2539.2,2688.07,2400.27,36.34,CASH,Downside breakdown: NDX 2539.2 broke below exit buffer (2643.7),2196.91,21.97,42.99,123.91
2012-05-23,CASH,12198.41,12198.41,0.0,0.0,2547.08,2685.06,2401.15,37.95,CASH,Downside breakdown: NDX 2547.1 broke below exit buffer (2639.7),2198.41,21.98,43.44,125.17
2012-05-24,CASH,12199.92,12199.92,0.0,0.0,2531.35,2681.52,2401.93,36.0,CASH,Downside breakdown: NDX 2531.4 broke below exit buffer (2637.9),2199.92,22.0,42.55,121.12
2012-05-25,CASH,12201.42,12201.42,0.0,0.0,2527.05,2677.76,2402.55,35.46,CASH,Downside breakdown: NDX 2527.1 broke below exit buffer (2635.1),2201.42,22.01,42.31,119.87
2012-05-29,CASH,12207.44,12207.44,0.0,0.0,2558.97,2674.69,2403.5,42.33,CASH,Downside breakdown: NDX 2559.0 broke below exit buffer (2632.6),2207.44,22.07,44.11,128.06
2012-05-30,CASH,12208.94,12208.94,0.0,0.0,2537.4,2670.77,2404.34,39.29,CASH,Downside breakdown: NDX 2537.4 broke below exit buffer (2629.4),2208.94,22.09,42.89,122.52
2012-05-31,CASH,12210.45,12210.45,0.0,0.0,2524.87,2666.52,2405.27,37.6,CASH,Downside breakdown: NDX 2524.9 broke below exit buffer (2624.6),2210.45,22.1,42.19,119.34
2012-06-01,CASH,12211.95,12211.95,0.0,0.0,2458.83,2660.95,2406.01,30.22,CASH,Downside breakdown: NDX 2458.8 broke below exit buffer (2617.1),2211.95,22.12,38.47,102.09
2012-06-04,CASH,12216.47,12216.47,0.0,0.0,2478.13,2655.89,2406.84,34.28,CASH,Downside breakdown: NDX 2478.1 broke below exit buffer (2611.4),2216.47,22.16,39.55,106.43
2012-06-05,CASH,12217.98,12217.98,0.0,0.0,2487.5,2651.07,2407.78,36.22,CASH,Downside breakdown: NDX 2487.5 broke below exit buffer (2607.7),2217.98,22.18,40.08,109.27
2012-06-06,CASH,12219.48,12219.48,0.0,0.0,2546.32,2646.43,2408.94,46.83,CASH,Downside breakdown: NDX 2546.3 broke below exit buffer (2601.6),2219.48,22.19,43.39,123.58
2012-06-07,CASH,12220.99,12220.99,0.0,0.0,2535.41,2641.5,2410.2,45.32,CASH,Downside breakdown: NDX 2535.4 broke below exit buffer (2598.1),2220.99,22.21,42.78,121.07
2012-06-08,CASH,12222.5,12222.5,0.0,0.0,2559.21,2637.26,2411.55,49.16,CASH,Downside breakdown: NDX 2559.2 broke below exit buffer (2594.5),2222.5,22.22,44.12,127.57
2012-06-11,CASH,12227.02,12227.02,0.0,0.0,2517.18,2632.37,2412.61,43.37,CASH,Downside breakdown: NDX 2517.2 broke below exit buffer (2589.9),2227.02,22.27,41.75,116.69
2012-06-12,CASH,12228.52,12228.52,0.0,0.0,2546.2,2628.18,2413.96,47.93,CASH,Downside breakdown: NDX 2546.2 broke below exit buffer (2585.9),2228.52,22.29,43.39,123.53
2012-06-13,CASH,12230.03,12230.03,0.0,0.0,2527.44,2623.04,2415.27,45.39,CASH,Downside breakdown: NDX 2527.4 broke below exit buffer (2581.9),2230.03,22.3,42.33,119.14
2012-06-14,CASH,12231.54,12231.54,0.0,0.0,2539.97,2618.19,2416.66,47.4,CASH,Downside breakdown: NDX 2540.0 broke below exit buffer (2577.7),2231.54,22.32,43.04,121.6
2012-06-15,CASH,12233.05,12233.05,0.0,0.0,2571.23,2614.71,2418.13,52.13,CASH,Downside breakdown: NDX 2571.2 broke below exit buffer (2573.1),2233.05,22.33,44.8,129.79
2012-06-18,CASH,12237.57,12237.57,0.0,0.0,2592.52,2611.31,2419.49,55.09,CASH,Holding cash,2237.57,22.38,46.0,135.71
2012-06-19,CASH,12239.08,12239.08,0.0,0.0,2620.83,2608.93,2421.03,58.75,CASH,Re-entry buffer: NDX 2620.8 below threshold (2650.7),2239.08,22.39,47.59,143.47
2012-06-20,CASH,12240.59,12240.59,0.0,0.0,2623.33,2607.49,2422.5,59.07,CASH,Re-entry buffer: NDX 2623.3 below threshold (2649.0),2240.59,22.41,47.73,144.33
2012-06-21,CASH,12242.1,12242.1,0.0,0.0,2556.96,2604.47,2423.86,48.43,CASH,Downside breakdown: NDX 2557.0 broke below exit buffer (2562.7),2242.1,22.42,43.99,126.03
2012-06-22,CASH,12243.61,12243.61,0.0,0.0,2585.53,2601.38,2425.2,52.4,CASH,Holding cash,2243.61,22.44,45.6,133.06
2012-06-25,CASH,12248.14,12248.14,0.0,0.0,2533.54,2598.07,2426.19,45.53,CASH,Downside breakdown: NDX 2533.5 broke below exit buffer (2554.4),2248.14,22.48,42.68,119.24
2012-06-26,CASH,12249.65,12249.65,0.0,0.0,2549.84,2595.66,2427.21,47.84,CASH,Downside breakdown: NDX 2549.8 broke below exit buffer (2554.4),2249.65,22.5,43.59,123.48
2012-06-27,CASH,12251.16,12251.16,0.0,0.0,2565.53,2592.5,2428.17,50.03,CASH,Holding cash,2251.16,22.51,44.48,127.57
2012-06-28,CASH,12252.67,12252.67,0.0,0.0,2536.65,2588.91,2428.87,46.18,CASH,Downside breakdown: NDX 2536.6 broke below exit buffer (2547.4),2252.67,22.53,42.85,119.39
2012-06-29,CASH,12254.18,12254.18,0.0,0.0,2615.72,2587.49,2429.85,56.14,CASH,Re-entry buffer: NDX 2615.7 below threshold (2630.0),2254.18,22.54,47.3,140.82
2012-07-02,CASH,12258.71,12258.71,0.0,0.0,2625.03,2586.47,2430.84,57.15,CASH,Re-entry buffer: NDX 2625.0 below threshold (2627.8),2258.71,22.59,47.83,142.75
2012-07-03,TQQQ_100,12260.22,0.0,24042.6374,0.0,2645.84,2586.32,2431.77,59.39,TQQQ_100,"Bull trend confirmed: Price > SMA50 & SMA250, RSI 59.4",2260.22,22.6,49.0,148.53
2012-07-05,TQQQ_100,12302.99,0.0,24042.6374,0.0,2647.47,2586.49,2432.73,59.57,TQQQ_100,"Bull trend confirmed: Price > SMA50 & SMA250, RSI 59.6",2302.99,23.03,49.09,149.39
2012-07-06,TQQQ_100,11818.28,0.0,24042.6374,0.0,2612.29,2584.54,2433.73,54.05,TQQQ_100,"Bull trend confirmed: Price > SMA50 & SMA250, RSI 54.0",1818.28,18.18,47.11,139.57
2012-07-09,TQQQ_100,11777.88,0.0,24042.6374,0.0,2610.31,2582.25,2434.8,53.75,TQQQ_100,"Bull trend confirmed: Price > SMA50 & SMA250, RSI 53.7",1777.88,17.78,47.0,138.75
2012-07-10,TQQQ_100,11416.74,0.0,24042.6374,0.0,2585.52,2579.13,2435.73,49.98,TQQQ_100,"Bull trend confirmed: Price > SMA50 & SMA250, RSI 50.0",1416.74,14.17,45.6,131.43
2012-07-11,TQQQ_100,11259.92,0.0,24042.6374,0.0,2570.99,2576.08,2436.72,47.87,TQQQ_100,Downside buffer hold: NDX 2571.0 above buffer (2534.2),1259.92,12.6,44.78,128.25
2012-07-12,TQQQ_100,10934.4,0.0,24042.6374,0.0,2545.3,2572.44,2437.47,44.3,TQQQ_100,Downside buffer hold: NDX 2545.3 above buffer (2532.1),934.4,9.34,43.34,121.65
2012-07-13,TQQQ_100,11409.6,0.0,24042.6374,0.0,2584.97,2569.45,2438.44,50.44,TQQQ_100,"Bull trend confirmed: Price > SMA50 & SMA250, RSI 50.4",1409.6,14.1,45.57,131.28
2012-07-16,TQQQ_100,11324.06,0.0,24042.6374,0.0,2577.05,2566.9,2439.15,49.27,TQQQ_100,"Bull trend confirmed: Price > SMA50 & SMA250, RSI 49.3",1324.06,13.24,45.13,129.55
2012-07-17,TQQQ_100,11497.53,0.0,24042.6374,0.0,2591.65,2565.97,2439.97,51.51,TQQQ_100,"Bull trend confirmed: Price > SMA50 & SMA250, RSI 51.5",1497.53,14.98,45.95,133.06
2012-07-18,TQQQ_100,11965.59,0.0,24042.6374,0.0,2625.87,2565.7,2440.85,56.35,TQQQ_100,"Bull trend confirmed: Price > SMA50 & SMA250, RSI 56.4",1965.59,19.66,47.87,142.55
2012-07-19,TQQQ_100,12355.27,0.0,24042.6374,0.0,2655.81,2566.22,2441.76,60.11,TQQQ_100,"Bull trend confirmed: Price > SMA50 & SMA250, RSI 60.1",2355.27,23.55,49.56,150.45
2012-07-20,TQQQ_100,11880.05,0.0,24042.6374,0.0,2618.04,2566.16,2442.53,53.82,TQQQ_100,"Bull trend confirmed: Price > SMA50 & SMA250, RSI 53.8",1880.05,18.8,47.43,140.82
2012-07-23,TQQQ_100,11440.51,0.0,24042.6374,0.0,2589.93,2565.63,2443.18,49.65,TQQQ_100,"Bull trend confirmed: Price > SMA50 & SMA250, RSI 49.7",1440.51,14.41,45.85,131.91
2012-07-24,TQQQ_100,11179.13,0.0,24042.6374,0.0,2567.46,2564.66,2443.98,46.55,TQQQ_100,"Bull trend confirmed: Price > SMA50 & SMA250, RSI 46.5",1179.13,11.79,44.59,126.61
2012-07-25,TQQQ_100,10929.66,0.0,24042.6374,0.0,2549.2,2563.84,2444.69,44.14,TQQQ_100,Downside buffer hold: NDX 2549.2 above buffer (2521.4),929.66,9.3,43.56,121.55
2012-07-26,TQQQ_100,11357.34,0.0,24042.6374,0.0,2584.85,2563.92,2445.57,49.63,TQQQ_100,"Bull trend confirmed: Price > SMA50 & SMA250, RSI 49.6",1357.34,13.57,45.56,130.22
2012-07-27,TQQQ_100,12217.45,0.0,24042.6374,0.0,2647.03,2565.63,2446.75,57.48,TQQQ_100,"Bull trend confirmed: Price > SMA50 & SMA250, RSI 57.5",2217.45,22.17,49.07,147.66
2012-07-30,TQQQ_100,12143.8,0.0,24042.6374,0.0,2642.12,2568.29,2448.14,56.72,TQQQ_100,"Bull trend confirmed: Price > SMA50 & SMA250, RSI 56.7",2143.8,21.44,48.79,146.17
2012-07-31,TQQQ_100,12150.92,0.0,24042.6374,0.0,2642.53,2571.57,2449.46,56.78,TQQQ_100,"Bull trend confirmed: Price > SMA50 & SMA250, RSI 56.8",2150.92,21.51,48.81,146.31
2012-08-01,TQQQ_100,12032.13,0.0,24042.6374,0.0,2635.13,2573.36,2451.17,55.51,TQQQ_100,"Bull trend confirmed: Price > SMA50 & SMA250, RSI 55.5",2032.13,20.32,48.4,143.9
2012-08-02,TQQQ_100,11906.19,0.0,24042.6374,0.0,2625.52,2575.09,2452.9,53.83,TQQQ_100,"Bull trend confirmed: Price > SMA50 & SMA250, RSI 53.8",1906.19,19.06,47.85,141.35
2012-08-03,TQQQ_100,12583.36,0.0,24042.6374,0.0,2676.0,2577.67,2455.36,60.58,TQQQ_100,"Bull trend confirmed: Price > SMA50 & SMA250, RSI 60.6",2583.36,25.83,50.7,155.08
2012-08-06,TQQQ_100,12866.11,0.0,24042.6374,0.0,2694.09,2580.92,2457.49,62.69,TQQQ_100,"Bull trend confirmed: Price > SMA50 & SMA250, RSI 62.7",2866.11,28.66,51.72,160.81
2012-08-07,TQQQ_100,13184.49,0.0,24042.6374,0.0,2717.16,2584.73,2460.07,65.24,TQQQ_100,"Bull trend confirmed: Price > SMA50 & SMA250, RSI 65.2",3184.49,31.84,53.02,167.26
2012-08-08,TQQQ_100,13163.09,0.0,24042.6374,0.0,2714.02,2587.83,2462.26,64.59,TQQQ_100,"Bull trend confirmed: Price > SMA50 & SMA250, RSI 64.6",3163.09,31.63,52.84,166.83
2012-08-09,TQQQ_100,13274.78,0.0,24042.6374,0.0,2719.61,2591.47,2464.41,65.25,TQQQ_100,"Bull trend confirmed: Price > SMA50 & SMA250, RSI 65.2",3274.78,32.75,53.15,169.09
2012-08-10,TQQQ_100,13329.43,0.0,24042.6374,0.0,2722.96,2595.43,2466.44,65.66,TQQQ_100,"Bull trend confirmed: Price > SMA50 & SMA250, RSI 65.7",3329.43,33.29,53.34,170.2
2012-08-13,TQQQ_100,13410.21,0.0,24042.6374,0.0,2728.68,2600.83,2468.58,66.4,TQQQ_100,"Bull trend confirmed: Price > SMA50 & SMA250, RSI 66.4",3410.21,34.1,53.66,171.84
2012-08-14,TQQQ_100,13429.22,0.0,24042.6374,0.0,2727.79,2605.82,2470.77,66.16,TQQQ_100,"Bull trend confirmed: Price > SMA50 & SMA250, RSI 66.2",3429.22,34.29,53.61,172.22
2012-08-15,TQQQ_100,13524.27,0.0,24042.6374,0.0,2735.47,2610.78,2473.42,67.25,TQQQ_100,"Bull trend confirmed: Price > SMA50 & SMA250, RSI 67.2",3524.27,35.24,54.05,174.15
2012-08-16,TQQQ_100,14008.97,0.0,24042.6374,0.0,2768.09,2615.22,2476.34,71.45,TQQQ_100,"Bull trend confirmed: Price > SMA50 & SMA250, RSI 71.4",4008.97,40.09,55.88,183.97
2012-08-17,TQQQ_100,14201.42,0.0,24042.6374,0.0,2780.3,2620.12,2479.28,72.85,TQQQ_100,"Bull trend confirmed: Price > SMA50 & SMA250, RSI 72.9",4201.42,42.01,56.57,187.87
2012-08-20,TQQQ_100,14256.07,0.0,24042.6374,0.0,2784.33,2624.62,2481.9,73.32,TQQQ_100,"Bull trend confirmed: Price > SMA50 & SMA250, RSI 73.3",4256.07,42.56,56.8,188.98
2012-08-21,TQQQ_100,14092.14,0.0,24042.6374,0.0,2772.2,2629.72,2484.41,69.45,TQQQ_100,"Bull trend confirmed: Price > SMA50 & SMA250, RSI 69.5",4092.14,40.92,56.12,185.66
2012-08-22,TQQQ_100,14244.19,0.0,24042.6374,0.0,2783.42,2634.46,2487.11,70.98,TQQQ_100,"Bull trend confirmed: Price > SMA50 & SMA250, RSI 71.0",4244.19,42.44,56.75,188.74
2012-08-23,TQQQ_100,13928.18,0.0,24042.6374,0.0,2762.02,2639.15,2489.51,64.38,TQQQ_100,"Bull trend confirmed: Price > SMA50 & SMA250, RSI 64.4",3928.18,39.28,55.54,182.34
2012-08-24,TQQQ_100,14175.28,0.0,24042.6374,0.0,2778.05,2643.92,2491.72,66.86,TQQQ_100,"Bull trend confirmed: Price > SMA50 & SMA250, RSI 66.9",4175.28,41.75,56.44,187.34
2012-08-27,TQQQ_100,14244.19,0.0,24042.6374,0.0,2782.55,2648.14,2493.9,67.55,TQQQ_100,"Bull trend confirmed: Price > SMA50 & SMA250, RSI 67.5",4244.19,42.44,56.7,188.74
2012-08-28,TQQQ_100,14241.81,0.0,24042.6374,0.0,2782.69,2651.95,2496.07,67.57,TQQQ_100,"Bull trend confirmed: Price > SMA50 & SMA250, RSI 67.6",4241.81,42.42,56.71,188.69
2012-08-29,TQQQ_100,14246.56,0.0,24042.6374,0.0,2784.0,2655.21,2498.33,67.8,TQQQ_100,"Bull trend confirmed: Price > SMA50 & SMA250, RSI 67.8",4246.56,42.47,56.78,188.79
2012-08-30,TQQQ_100,13811.76,0.0,24042.6374,0.0,2753.74,2657.82,2500.67,57.84,TQQQ_100,"Bull trend confirmed: Price > SMA50 & SMA250, RSI 57.8",3811.76,38.12,55.08,179.98
2012-08-31,TQQQ_100,14106.39,0.0,24042.6374,0.0,2772.24,2662.12,2503.09,61.56,TQQQ_100,"Bull trend confirmed: Price > SMA50 & SMA250, RSI 61.6",4106.39,41.06,56.12,185.95
2012-09-04,TQQQ_100,14046.97,0.0,24042.6374,0.0,2772.03,2665.85,2505.29,61.49,TQQQ_100,"Bull trend confirmed: Price > SMA50 & SMA250, RSI 61.5",4046.97,40.47,56.11,184.74
2012-09-05,TQQQ_100,13982.83,0.0,24042.6374,0.0,2766.95,2670.52,2507.5,59.81,TQQQ_100,"Bull trend confirmed: Price > SMA50 & SMA250, RSI 59.8",3982.83,39.83,55.82,183.44
2012-09-06,TQQQ_50,14907.1,7453.55,12021.3187,0.0,2829.71,2676.12,2510.16,70.51,TQQQ_50,Bearish RSI divergence,4907.1,49.07,59.35,202.18
2012-09-07,TQQQ_50,14875.94,7454.47,12021.3187,0.0,2825.11,2681.31,2512.69,69.06,TQQQ_50,Bearish RSI divergence,4875.94,48.76,59.09,200.88
2012-09-10,TQQQ_50,14605.46,7457.23,12021.3187,0.0,2788.35,2686.34,2514.96,58.67,TQQQ_50,Bearish RSI divergence,4605.46,46.05,57.02,189.8
2012-09-11,TQQQ_50,14575.5,7458.15,12021.3187,0.0,2784.89,2689.73,2517.09,57.79,TQQQ_50,Bearish RSI divergence,4575.5,45.75,56.83,188.55
2012-09-12,TQQQ_50,14638.18,7459.07,12021.3187,0.0,2791.68,2693.06,2519.11,59.09,TQQQ_50,Bearish RSI divergence,4638.18,46.38,57.21,191.05
2012-09-13,TQQQ_50,14925.41,7459.99,12021.3187,0.0,2831.35,2696.77,2521.21,65.72,TQQQ_50,Bearish RSI divergence,4925.41,49.25,59.45,202.66
2012-09-14,TQQQ_50,15117.6,7460.91,12021.3187,0.0,2855.23,2700.93,2523.4,68.99,TQQQ_50,Bearish RSI divergence,5117.6,51.18,60.79,210.42
2012-09-17,TQQQ_50,15134.62,7463.67,12021.3187,0.0,2856.44,2705.81,2525.64,69.15,TQQQ_50,Bearish RSI divergence,5134.62,51.35,60.86,210.99
2012-09-18,TQQQ_50,15149.79,7464.59,12021.3187,0.0,2857.38,2710.75,2528.04,69.28,TQQQ_50,Bearish RSI divergence,5149.79,51.5,60.91,211.57
2012-09-19,TQQQ_50,15201.8,7465.51,12021.3187,0.0,2864.03,2716.32,2530.76,70.25,TQQQ_50,Bearish RSI divergence,5201.8,52.02,61.29,213.64
2012-09-20,TQQQ_50,15184.9,7466.43,12021.3187,0.0,2861.7,2722.13,2533.38,69.42,TQQQ_50,Bearish RSI divergence,5184.9,51.85,61.16,212.92
2012-09-21,TQQQ_50,15185.82,7467.35,12021.3187,0.0,2861.64,2728.46,2535.89,69.4,TQQQ_50,Bearish RSI divergence,5185.82,51.86,61.15,212.92
2012-09-24,TQQQ_50,15046.02,7470.11,12021.3187,0.0,2843.98,2733.64,2538.25,62.86,TQQQ_50,Bearish RSI divergence,5046.02,50.46,60.16,207.14
2012-09-25,TQQQ_50,14742.81,7471.03,12021.3187,0.0,2804.53,2738.19,2540.58,51.25,TQQQ_50,Bearish RSI divergence,4742.81,47.43,57.94,194.81
2012-09-26,TQQQ_50,14552.46,7471.95,12021.3187,0.0,2781.63,2741.99,2542.92,45.94,TQQQ_50,Bearish RSI divergence,4552.46,45.52,56.65,187.06
2012-09-27,TQQQ_50,14853.95,7472.87,12021.3187,0.0,2821.6,2745.91,2545.65,54.75,TQQQ_50,Bearish RSI divergence,4853.95,48.54,58.9,199.24
2012-09-28,TQQQ_50,14677.86,7473.79,12021.3187,0.0,2799.19,2748.77,2548.5,49.84,TQQQ_50,Bearish RSI divergence,4677.86,46.78,57.64,192.07
2012-10-01,TQQQ_50,14649.73,7476.56,12021.3187,0.0,2794.28,2752.3,2551.16,48.81,TQQQ_50,Bearish RSI divergence,4649.73,46.5,57.36,190.81
2012-10-02,TQQQ_50,14696.99,7477.48,12021.3187,0.0,2799.29,2756.48,2553.63,49.95,TQQQ_50,Bearish RSI divergence,4696.99,46.97,57.64,192.69
2012-10-03,TQQQ_100,14834.53,0.0,24242.4509,0.0,2818.84,2761.51,2556.03,54.23,TQQQ_100,"Bull trend confirmed: Price > SMA50 & SMA250, RSI 54.2",4834.53,48.35,58.74,198.23
2012-10-04,TQQQ_100,15007.03,0.0,24242.4509,0.0,2828.6,2767.1,2558.54,56.24,TQQQ_100,"Bull trend confirmed: Price > SMA50 & SMA250, RSI 56.2",5007.03,50.07,59.29,201.7
2012-10-05,TQQQ_100,14748.29,0.0,24242.4509,0.0,2811.94,2771.64,2560.67,52.04,TQQQ_100,"Bull trend confirmed: Price > SMA50 & SMA250, RSI 52.0",4748.29,47.48,58.35,196.5
2012-10-08,TQQQ_100,14357.78,0.0,24242.4509,0.0,2786.92,2774.44,2562.64,46.43,TQQQ_100,"Bull trend confirmed: Price > SMA50 & SMA250, RSI 46.4",4357.78,43.58,56.94,188.65
2012-10-09,CASH,13619.9,13619.9,0.0,0.0,2741.92,2776.44,2564.38,38.41,CASH,Downside breakdown: NDX 2741.9 broke below exit buffer (2742.6),3619.9,36.2,54.41,173.81
2012-10-10,CASH,13621.58,13621.58,0.0,0.0,2728.54,2778.16,2565.98,36.39,CASH,Downside breakdown: NDX 2728.5 broke below exit buffer (2744.1),3621.58,36.22,53.66,170.49
2012-10-11,CASH,13623.26,13623.26,0.0,0.0,2719.21,2779.84,2567.37,35.01,CASH,Downside breakdown: NDX 2719.2 broke below exit buffer (2744.8),3623.26,36.23,53.13,168.08
2012-10-12,CASH,13624.94,13624.94,0.0,0.0,2720.14,2781.73,2568.92,35.28,CASH,Downside breakdown: NDX 2720.1 broke below exit buffer (2747.3),3624.94,36.25,53.18,168.03
2012-10-15,CASH,13629.97,13629.97,0.0,0.0,2739.87,2783.01,2570.42,40.76,CASH,Downside breakdown: NDX 2739.9 broke below exit buffer (2750.4),3629.97,36.3,54.29,173.38
2012-10-16,CASH,13631.66,13631.66,0.0,0.0,2778.38,2784.69,2572.26,49.71,CASH,Holding cash,3631.66,36.32,56.46,185.27
2012-10-17,CASH,13633.34,13633.34,0.0,0.0,2775.62,2785.86,2574.14,49.14,CASH,Holding cash,3633.34,36.33,56.31,184.41
2012-10-18,CASH,13635.02,13635.02,0.0,0.0,2744.17,2786.47,2575.77,43.05,CASH,Downside breakdown: NDX 2744.2 broke below exit buffer (2753.9),3635.02,36.35,54.54,174.68
2012-10-19,CASH,13636.7,13636.7,0.0,0.0,2678.32,2785.64,2576.95,33.65,CASH,Downside breakdown: NDX 2678.3 broke below exit buffer (2751.2),3636.7,36.37,50.83,154.83
2012-10-22,CASH,13641.74,13641.74,0.0,0.0,2694.56,2785.07,2578.38,37.28,CASH,Downside breakdown: NDX 2694.6 broke below exit buffer (2751.0),3641.74,36.42,51.74,158.83
2012-10-23,CASH,13643.42,13643.42,0.0,0.0,2666.02,2783.82,2579.71,33.78,CASH,Downside breakdown: NDX 2666.0 broke below exit buffer (2749.0),3643.42,36.43,50.14,151.17
2012-10-24,CASH,13645.11,13645.11,0.0,0.0,2655.55,2782.37,2580.73,32.57,CASH,Downside breakdown: NDX 2655.6 broke below exit buffer (2746.7),3645.11,36.45,49.55,148.67
2012-10-25,CASH,13646.79,13646.79,0.0,0.0,2657.66,2780.82,2581.76,33.09,CASH,Downside breakdown: NDX 2657.7 broke below exit buffer (2745.8),3646.79,36.47,49.66,148.67
2012-10-26,CASH,13648.47,13648.47,0.0,0.0,2665.83,2778.77,2582.98,35.17,CASH,Downside breakdown: NDX 2665.8 broke below exit buffer (2743.2),3648.47,36.48,50.13,151.27
2012-10-31,CASH,13656.88,13656.88,0.0,0.0,2647.92,2776.12,2584.38,32.76,CASH,Downside breakdown: NDX 2647.9 broke below exit buffer (2742.2),3656.88,36.57,49.12,146.41
2012-11-01,CASH,13658.57,13658.57,0.0,0.0,2687.52,2774.19,2585.85,42.19,CASH,Downside breakdown: NDX 2687.5 broke below exit buffer (2739.0),3658.57,36.59,51.35,156.86
2012-11-02,CASH,13660.25,13660.25,0.0,0.0,2656.28,2771.87,2587.01,37.7,CASH,Downside breakdown: NDX 2656.3 broke below exit buffer (2735.6),3660.25,36.6,49.59,147.47
2012-11-05,CASH,13665.3,13665.3,0.0,0.0,2672.91,2769.66,2588.28,41.29,CASH,Downside breakdown: NDX 2672.9 broke below exit buffer (2732.9),3665.3,36.65,50.52,153.53
2012-11-06,CASH,13666.99,13666.99,0.0,0.0,2681.05,2768.04,2589.52,43.01,CASH,Downside breakdown: NDX 2681.1 broke below exit buffer (2731.4),3666.99,36.67,50.98,155.08
2012-11-07,CASH,13668.67,13668.67,0.0,0.0,2612.69,2764.73,2590.37,33.97,CASH,Downside breakdown: NDX 2612.7 broke below exit buffer (2725.4),3668.67,36.69,47.13,136.77
2012-11-08,CASH,13670.36,13670.36,0.0,0.0,2572.57,2760.53,2591.4,29.99,CASH,"Bear trend, RSI 30.0 oversold",3670.36,36.7,44.87,125.7
2012-11-09,CASH,13672.04,13672.04,0.0,0.0,2584.1,2756.56,2592.49,32.44,CASH,"Bear trend, RSI 32.4 outside SQQQ zone",3672.04,36.72,45.52,128.15
2012-11-12,CASH,13677.1,13677.1,0.0,0.0,2582.77,2752.54,2593.4,32.3,CASH,"Bear trend, RSI 32.3 outside SQQQ zone",3677.1,36.77,45.45,128.49
2012-11-13,CASH,13678.79,13678.79,0.0,0.0,2561.86,2748.7,2594.28,30.09,CASH,"Bear trend, RSI 30.1 outside SQQQ zone",3678.79,36.79,44.27,123.53
2012-11-14,CASH,13680.47,13680.47,0.0,0.0,2531.87,2743.89,2594.94,27.22,CASH,"Bear trend, RSI 27.2 oversold",3680.47,36.8,42.58,115.53
2012-11-15,CASH,13682.16,13682.16,0.0,0.0,2524.36,2738.94,2595.74,26.53,CASH,"Bear trend, RSI 26.5 oversold",3682.16,36.82,42.16,113.61
2012-11-16,CASH,13683.85,13683.85,0.0,0.0,2534.16,2734.28,2596.79,29.04,CASH,"Bear trend, RSI 29.0 oversold",3683.85,36.84,42.71,116.01
2012-11-19,SQQQ,13688.91,0.0,0.0,0.0102,2595.83,2729.61,2598.16,42.35,SQQQ,"Bear signal: Price below SMAs, RSI 42.4 in SQQQ zone",3688.91,36.89,46.18,131.57
2012-11-20,SQQQ,13685.84,0.0,0.0,0.0102,2594.66,2725.0,2599.69,42.19,SQQQ,"Bear signal: Price below SMAs, RSI 42.2 in SQQQ zone",3685.84,36.86,46.12,131.62
2012-11-21,SQQQ,13590.69,0.0,0.0,0.0102,2600.48,2721.24,2601.23,43.35,SQQQ,"Bear signal: Price below SMAs, RSI 43.3 in SQQQ zone",3590.69,35.91,46.44,133.26
2012-11-23,CASH,12973.77,12973.77,0.0,0.0,2639.59,2718.33,2603.12,50.52,CASH,Downside breakdown: NDX 2639.6 broke below exit buffer (2678.7),2973.77,29.74,48.65,143.95
2012-11-26,CASH,12978.57,12978.57,0.0,0.0,2651.67,2715.53,2605.12,52.52,CASH,Downside breakdown: NDX 2651.7 broke below exit buffer (2676.1),2978.57,29.79,49.33,147.08
2012-11-27,CASH,12980.17,12980.17,0.0,0.0,2641.42,2711.73,2606.79,50.65,CASH,Downside breakdown: NDX 2641.4 broke below exit buffer (2672.7),2980.17,29.8,48.75,144.29
2012-11-28,CASH,12981.77,12981.77,0.0,0.0,2665.27,2707.94,2608.61,54.7,CASH,Downside breakdown: NDX 2665.3 broke below exit buffer (2670.7),2981.77,29.82,50.09,150.84
2012-11-29,CASH,12983.37,12983.37,0.0,0.0,2680.03,2704.41,2610.15,57.04,CASH,Holding cash,2983.37,29.83,50.92,155.17
2012-11-30,CASH,12984.97,12984.97,0.0,0.0,2677.88,2700.82,2611.62,56.59,CASH,Holding cash,2984.97,29.85,50.8,154.26
2012-12-03,CASH,12989.77,12989.77,0.0,0.0,2671.84,2696.97,2613.1,55.24,CASH,Holding cash,2989.77,29.9,50.46,153.0
2012-12-04,CASH,12991.37,12991.37,0.0,0.0,2667.89,2693.1,2614.46,54.33,CASH,Holding cash,2991.37,29.91,50.24,151.37
2012-12-05,CASH,12992.98,12992.98,0.0,0.0,2637.89,2688.62,2615.73,47.87,CASH,Downside breakdown: NDX 2637.9 broke below exit buffer (2656.1),2992.98,29.93,48.55,143.61
2012-12-06,CASH,12994.58,12994.58,0.0,0.0,2656.3,2684.87,2617.07,51.67,CASH,Holding cash,2994.58,29.95,49.59,148.09
2012-12-07,CASH,12996.18,12996.18,0.0,0.0,2640.54,2681.59,2618.5,48.42,CASH,Downside breakdown: NDX 2640.5 broke below exit buffer (2648.7),2996.18,29.96,48.7,143.85
2012-12-10,CASH,13000.99,13000.99,0.0,0.0,2647.57,2678.91,2619.82,49.93,CASH,Downside breakdown: NDX 2647.6 broke below exit buffer (2648.4),3000.99,30.01,49.1,146.02
2012-12-11,CASH,13002.59,13002.59,0.0,0.0,2682.07,2676.12,2621.38,56.65,CASH,Re-entry buffer: NDX 2682.1 below threshold (2708.1),3002.59,30.03,51.04,155.51
2012-12-12,CASH,13004.19,13004.19,0.0,0.0,2674.57,2673.62,2623.0,54.92,CASH,Re-entry buffer: NDX 2674.6 below threshold (2706.3),3004.19,30.04,50.62,153.77
2012-12-13,CASH,13005.8,13005.8,0.0,0.0,2654.01,2670.82,2624.69,50.39,CASH,Holding cash,3005.8,30.06,49.46,148.04
2012-12-14,CASH,13007.4,13007.4,0.0,0.0,2628.09,2667.4,2626.29,45.32,CASH,Downside breakdown: NDX 2628.1 broke below exit buffer (2633.8),3007.4,30.07,48.0,141.01
2012-12-17,CASH,13012.21,13012.21,0.0,0.0,2664.26,2664.3,2628.0,52.51,CASH,Holding cash,3012.21,30.12,50.04,150.4
2012-12-18,TQQQ_100,13013.81,0.0,24206.8917,0.0,2705.39,2661.84,2629.96,59.09,TQQQ_100,"Bull trend confirmed: Price > SMA50 & SMA250, RSI 59.1",3013.81,30.14,52.35,162.01
2012-12-19,TQQQ_100,12827.22,0.0,24206.8917,0.0,2690.99,2659.42,2631.59,56.16,TQQQ_100,"Bull trend confirmed: Price > SMA50 & SMA250, RSI 56.2",2827.22,28.27,51.54,158.25
2012-12-20,TQQQ_100,12836.77,0.0,24206.8917,0.0,2693.55,2657.55,2633.37,56.57,TQQQ_100,"Bull trend confirmed: Price > SMA50 & SMA250, RSI 56.6",2836.77,28.37,51.69,158.45
2012-12-21,TQQQ_100,12437.28,0.0,24206.8917,0.0,2664.67,2656.01,2634.96,50.76,TQQQ_100,"Bull trend confirmed: Price > SMA50 & SMA250, RSI 50.8",2437.28,24.37,50.06,150.4
2012-12-24,TQQQ_100,12332.01,0.0,24206.8917,0.0,2658.05,2654.6,2636.45,49.5,TQQQ_100,"Bull trend confirmed: Price > SMA50 & SMA250, RSI 49.5",2332.01,23.32,49.69,148.28
2012-12-26,SQQQ,12040.17,0.0,0.0,0.0095,2637.18,2652.96,2637.82,45.67,SQQQ,"Bear signal: Price below SMAs, RSI 45.7 in SQQQ zone",2040.17,20.4,48.51,142.41
2012-12-27,SQQQ,12091.84,0.0,0.0,0.0095,2632.94,2651.21,2639.29,44.91,SQQQ,"Bear signal: Price below SMAs, RSI 44.9 in SQQQ zone",2091.84,20.92,48.27,141.06
2012-12-28,SQQQ,12442.08,0.0,0.0,0.0095,2606.36,2648.54,2640.57,40.36,SQQQ,"Bear signal: Price below SMAs, RSI 40.4 in SQQQ zone",2442.08,24.42,46.78,134.08
2012-12-31,CASH,11641.12,11641.12,0.0,0.0,2660.93,2646.19,2642.1,51.26,CASH,Re-entry buffer: NDX 2660.9 below threshold (2683.0),1641.12,16.41,49.85,149.34
2013-01-02,TQQQ_100,11643.99,0.0,20817.0583,0.0,2746.47,2645.61,2643.8,62.75,TQQQ_100,"Bull trend confirmed: Price > SMA50 & SMA250, RSI 62.8",1643.99,16.44,54.67,172.61
2013-01-03,TQQQ_100,11475.31,0.0,20817.0583,0.0,2732.26,2645.37,2645.41,60.21,TQQQ_100,"Bull trend confirmed: Price > SMA50 & SMA250, RSI 60.2",1475.31,14.75,53.87,168.66
2013-01-04,TQQQ_100,11362.17,0.0,20817.0583,0.0,2724.49,2646.3,2646.91,58.81,TQQQ_100,"Bull trend confirmed: Price > SMA50 & SMA250, RSI 58.8",1362.17,13.62,53.43,166.01
2013-01-07,TQQQ_100,11374.51,0.0,20817.0583,0.0,2724.22,2646.89,2648.39,58.76,TQQQ_100,"Bull trend confirmed: Price > SMA50 & SMA250, RSI 58.8",1374.51,13.75,53.41,166.3
2013-01-08,TQQQ_100,11308.67,0.0,20817.0583,0.0,2718.72,2647.94,2649.86,57.66,TQQQ_100,"Bull trend confirmed: Price > SMA50 & SMA250, RSI 57.7",1308.67,13.09,53.1,164.76
2013-01-09,TQQQ_100,11423.88,0.0,20817.0583,0.0,2727.65,2649.39,2651.3,59.0,TQQQ_100,"Bull trend confirmed: Price > SMA50 & SMA250, RSI 59.0",1423.88,14.24,53.61,167.45
2013-01-10,TQQQ_100,11625.49,0.0,20817.0583,0.0,2744.18,2651.12,2652.79,61.44,TQQQ_100,"Bull trend confirmed: Price > SMA50 & SMA250, RSI 61.4",1625.49,16.25,54.54,172.17
2013-01-11,TQQQ_100,11668.68,0.0,20817.0583,0.0,2748.26,2652.76,2654.25,62.04,TQQQ_100,"Bull trend confirmed: Price > SMA50 & SMA250, RSI 62.0",1668.68,16.69,54.77,173.18
2013-01-14,TQQQ_100,11518.5,0.0,20817.0583,0.0,2735.7,2654.52,2655.71,59.0,TQQQ_100,"Bull trend confirmed: Price > SMA50 & SMA250, RSI 59.0",1518.5,15.19,54.06,169.67
2013-01-15,TQQQ_100,11347.75,0.0,20817.0583,0.0,2722.98,2655.23,2657.03,56.0,TQQQ_100,"Bull trend confirmed: Price > SMA50 & SMA250, RSI 56.0",1347.75,13.48,53.34,165.67
2013-01-16,TQQQ_50,11475.31,5737.66,10408.5292,0.0,2734.73,2656.8,2658.26,58.12,TQQQ_50,Bearish RSI divergence,1475.31,14.75,54.01,168.66
2013-01-17,TQQQ_50,11564.48,5738.36,10408.5292,0.0,2747.15,2658.28,2659.48,60.29,TQQQ_50,Bearish RSI divergence,1564.48,15.64,54.7,172.8
2013-01-18,TQQQ_50,11532.27,5739.07,10408.5292,0.0,2743.24,2659.53,2660.71,59.25,TQQQ_50,Bearish RSI divergence,1532.27,15.32,54.48,171.26
2013-01-22,TQQQ_50,11558.76,5741.9,10408.5292,0.0,2746.19,2662.2,2661.94,59.81,TQQQ_50,Bearish RSI divergence,1558.76,15.59,54.65,172.37
2013-01-23,TQQQ_100,11654.1,0.0,20519.7027,0.0,2762.17,2665.99,2663.26,62.82,TQQQ_100,"Bull trend confirmed: Price > SMA50 & SMA250, RSI 62.8",1654.1,16.54,55.55,176.8
2013-01-24,TQQQ_100,11189.72,0.0,20519.7027,0.0,2723.53,2668.78,2664.29,52.58,TQQQ_100,"Bull trend confirmed: Price > SMA50 & SMA250, RSI 52.6",1189.72,11.9,53.37,165.77
2013-01-25,TQQQ_100,11356.0,0.0,20519.7027,0.0,2736.73,2671.86,2665.42,55.26,TQQQ_100,"Bull trend confirmed: Price > SMA50 & SMA250, RSI 55.3",1356.0,13.56,54.12,169.72
2013-01-28,TQQQ_100,11437.11,0.0,20519.7027,0.0,2742.43,2675.47,2666.54,56.41,TQQQ_100,"Bull trend confirmed: Price > SMA50 & SMA250, RSI 56.4",1437.11,14.37,54.44,171.64
2013-01-29,TQQQ_100,11437.11,0.0,20519.7027,0.0,2743.58,2679.7,2667.65,56.65,TQQQ_100,"Bull trend confirmed: Price > SMA50 & SMA250, RSI 56.7",1437.11,14.37,54.5,171.64
2013-01-30,TQQQ_100,11374.26,0.0,20519.7027,0.0,2738.71,2683.99,2668.73,55.25,TQQQ_100,"Bull trend confirmed: Price > SMA50 & SMA250, RSI 55.3",1374.26,13.74,54.23,170.15
2013-01-31,TQQQ_100,11301.26,0.0,20519.7027,0.0,2731.53,2687.94,2669.71,53.17,TQQQ_100,"Bull trend confirmed: Price > SMA50 & SMA250, RSI 53.2",1301.26,13.01,53.82,168.42
2013-02-01,TQQQ_100,11672.34,0.0,20519.7027,0.0,2763.96,2691.3,2670.78,60.42,TQQQ_100,"Bull trend confirmed: Price > SMA50 & SMA250, RSI 60.4",1672.34,16.72,55.65,177.23
2013-02-04,TQQQ_100,11078.2,0.0,20519.7027,0.0,2715.68,2693.72,2671.53,48.41,TQQQ_100,"Bull trend confirmed: Price > SMA50 & SMA250, RSI 48.4",1078.2,10.78,52.93,163.12
2013-02-05,TQQQ_100,11564.88,0.0,20519.7027,0.0,2754.99,2696.81,2672.43,56.07,TQQQ_100,"Bull trend confirmed: Price > SMA50 & SMA250, RSI 56.1",1564.88,15.65,55.15,174.68
2013-02-06,TQQQ_50,11457.4,5728.7,10259.8514,0.0,2746.35,2698.95,2673.29,54.16,TQQQ_50,Bearish RSI divergence,1457.4,14.57,54.66,172.13
2013-02-07,TQQQ_50,11472.3,5729.41,10259.8514,0.0,2746.5,2700.84,2674.09,54.19,TQQQ_50,Bearish RSI divergence,1472.3,14.72,54.67,172.8
2013-02-08,TQQQ_50,11647.41,5730.11,10259.8514,0.0,2775.56,2703.52,2674.94,59.55,TQQQ_50,Bearish RSI divergence,1647.41,16.47,56.3,181.08
2013-02-11,TQQQ_50,11647.49,5732.23,10259.8514,0.0,2774.64,2705.71,2675.85,59.31,TQQQ_50,Bearish RSI divergence,1647.49,16.47,56.25,180.99
2013-02-12,TQQQ_50,11579.25,5732.94,10259.8514,0.0,2762.62,2707.36,2676.62,56.17,TQQQ_50,Bearish RSI divergence,1579.25,15.79,55.58,177.71
2013-02-13,TQQQ_50,11647.89,5733.65,10259.8514,0.0,2773.77,2709.28,2677.42,58.37,TQQQ_50,Bearish RSI divergence,1647.89,16.48,56.2,180.94
2013-02-14,TQQQ_50,11636.43,5734.35,10259.8514,0.0,2771.43,2711.27,2678.28,57.72,TQQQ_50,Bearish RSI divergence,1636.43,16.36,56.07,180.36
2013-02-15,TQQQ_50,11586.44,5735.06,10259.8514,0.0,2764.67,2713.21,2678.97,55.77,TQQQ_50,Bearish RSI divergence,1586.44,15.86,55.69,177.95
2013-02-19,TQQQ_50,11717.03,5737.89,10259.8514,0.0,2782.86,2716.11,2679.76,59.71,TQQQ_50,Bearish RSI divergence,1717.03,17.17,56.72,184.02
2013-02-20,TQQQ_50,11444.99,5738.6,10259.8514,0.0,2739.99,2717.78,2680.36,48.71,TQQQ_50,Bearish RSI divergence,1444.99,14.45,54.3,171.07
2013-02-21,TQQQ_50,11260.15,5739.3,10259.8514,0.0,2711.51,2719.2,2680.89,43.03,TQQQ_50,Downside buffer hold: NDX 2711.5 above buffer (2690.2),1260.15,12.6,52.7,162.25
2013-02-22,TQQQ_50,11423.08,5740.01,10259.8514,0.0,2737.28,2721.0,2681.46,48.84,TQQQ_50,Bearish RSI divergence,1423.08,14.23,54.15,169.96
2013-02-25,TQQQ_50,11213.29,5742.13,10259.8514,0.0,2700.97,2721.37,2681.84,42.3,TQQQ_50,Downside buffer hold: NDX 2701.0 above buffer (2692.1),1213.29,12.13,52.1,159.89
2013-02-26,TQQQ_50,11279.91,5742.84,10259.8514,0.0,2713.02,2722.14,2682.27,44.93,TQQQ_50,Downside buffer hold: NDX 2713.0 above buffer (2694.2),1279.91,12.8,52.78,163.02
2013-02-27,TQQQ_50,11448.93,5743.55,10259.8514,0.0,2741.26,2723.89,2682.7,50.63,TQQQ_50,Bearish RSI divergence,1448.93,14.49,54.37,171.02
2013-02-28,TQQQ_50,11428.34,5744.26,10259.8514,0.0,2738.58,2726.1,2683.16,50.1,TQQQ_50,Bearish RSI divergence,1428.34,14.28,54.22,170.01
2013-03-01,TQQQ_50,11487.86,5744.97,10259.8514,0.0,2747.75,2727.77,2683.58,51.95,TQQQ_50,Bearish RSI divergence,1487.86,14.88,54.74,172.8
2013-03-04,TQQQ_100,11564.0,0.0,20396.5598,0.0,2759.53,2728.85,2684.05,54.29,TQQQ_100,"Bull trend confirmed: Price > SMA50 & SMA250, RSI 54.3",1564.0,15.64,55.4,176.32
2013-03-05,TQQQ_100,12071.95,0.0,20396.5598,0.0,2799.25,2731.02,2684.79,61.18,TQQQ_100,"Bull trend confirmed: Price > SMA50 & SMA250, RSI 61.2",2071.95,20.72,57.64,188.45
2013-03-06,TQQQ_100,11995.36,0.0,20396.5598,0.0,2792.56,2733.0,2685.6,59.55,TQQQ_100,"Bull trend confirmed: Price > SMA50 & SMA250, RSI 59.6",1995.36,19.95,57.26,186.62
2013-03-07,TQQQ_100,12100.19,0.0,20396.5598,0.0,2799.49,2735.69,2686.37,60.72,TQQQ_100,"Bull trend confirmed: Price > SMA50 & SMA250, RSI 60.7",2100.19,21.0,57.65,189.13
2013-03-08,TQQQ_100,12114.3,0.0,20396.5598,0.0,2804.11,2738.61,2687.04,61.51,TQQQ_100,"Bull trend confirmed: Price > SMA50 & SMA250, RSI 61.5",2114.3,21.14,57.91,189.46
2013-03-11,TQQQ_100,12239.26,0.0,20396.5598,0.0,2811.86,2742.11,2687.7,62.87,TQQQ_100,"Bull trend confirmed: Price > SMA50 & SMA250, RSI 62.9",2239.26,22.39,58.35,192.45
2013-03-12,TQQQ_100,12090.1,0.0,20396.5598,0.0,2800.81,2745.46,2688.31,59.64,TQQQ_100,"Bull trend confirmed: Price > SMA50 & SMA250, RSI 59.6",2090.1,20.9,57.73,188.89
2013-03-13,TQQQ_100,12051.81,0.0,20396.5598,0.0,2798.68,2749.31,2688.72,59.01,TQQQ_100,"Bull trend confirmed: Price > SMA50 & SMA250, RSI 59.0",2051.81,20.52,57.61,187.97
2013-03-14,TQQQ_100,12174.76,0.0,20396.5598,0.0,2807.3,2752.24,2689.11,60.81,TQQQ_100,"Bull trend confirmed: Price > SMA50 & SMA250, RSI 60.8",2174.76,21.75,58.09,190.91
2013-03-15,TQQQ_100,12059.86,0.0,20396.5598,0.0,2799.41,2753.3,2689.45,58.28,TQQQ_100,"Bull trend confirmed: Price > SMA50 & SMA250, RSI 58.3",2059.86,20.6,57.65,188.16
2013-03-18,TQQQ_100,11977.21,0.0,20396.5598,0.0,2792.3,2754.5,2689.77,56.02,TQQQ_100,"Bull trend confirmed: Price > SMA50 & SMA250, RSI 56.0",1977.21,19.77,57.25,186.19
2013-03-19,TQQQ_100,11928.84,0.0,20396.5598,0.0,2787.27,2755.75,2689.99,54.41,TQQQ_100,"Bull trend confirmed: Price > SMA50 & SMA250, RSI 54.4",1928.84,19.29,56.96,185.03
2013-03-20,TQQQ_100,12156.61,0.0,20396.5598,0.0,2805.91,2757.39,2690.26,59.1,TQQQ_100,"Bull trend confirmed: Price > SMA50 & SMA250, RSI 59.1",2156.61,21.57,58.01,190.48
2013-03-21,TQQQ_100,11767.59,0.0,20396.5598,0.0,2774.85,2758.51,2690.41,49.9,TQQQ_100,"Bull trend confirmed: Price > SMA50 & SMA250, RSI 49.9",1767.59,17.68,56.26,181.18
2013-03-22,TQQQ_100,12092.12,0.0,20396.5598,0.0,2800.81,2759.97,2690.69,56.06,TQQQ_100,"Bull trend confirmed: Price > SMA50 & SMA250, RSI 56.1",2092.12,20.92,57.73,188.93
2013-03-25,TQQQ_100,11969.17,0.0,20396.5598,0.0,2789.45,2760.88,2690.93,52.99,TQQQ_100,"Bull trend confirmed: Price > SMA50 & SMA250, RSI 53.0",1969.17,19.69,57.09,186.0
2013-03-26,TQQQ_100,12152.59,0.0,20396.5598,0.0,2806.5,2762.04,2691.05,56.81,TQQQ_100,"Bull trend confirmed: Price > SMA50 & SMA250, RSI 56.8",2152.59,21.53,58.05,190.38
2013-03-27,TQQQ_100,12217.08,0.0,20396.5598,0.0,2809.98,2763.53,2691.16,57.57,TQQQ_100,"Bull trend confirmed: Price > SMA50 & SMA250, RSI 57.6",2217.08,22.17,58.24,191.92
2013-03-28,TQQQ_50,12287.63,6143.82,10198.2799,0.0,2818.69,2765.44,2691.35,59.48,TQQQ_50,Bearish RSI divergence,2287.63,22.88,58.73,193.61
2013-04-01,TQQQ_50,12171.74,6146.85,10198.2799,0.0,2797.07,2766.69,2691.49,53.07,TQQQ_50,Bearish RSI divergence,2171.74,21.72,57.52,187.92
2013-04-02,TQQQ_50,12308.56,6147.6,10198.2799,0.0,2820.62,2768.16,2691.75,58.34,TQQQ_50,Bearish RSI divergence,2308.56,23.09,58.84,194.43
2013-04-03,TQQQ_50,12146.04,6148.36,10198.2799,0.0,2795.04,2769.2,2691.79,51.57,TQQQ_50,Bearish RSI divergence,2146.04,21.46,57.4,186.62
2013-04-04,TQQQ_50,12149.82,6149.12,10198.2799,0.0,2794.92,2770.17,2691.84,51.54,TQQQ_50,Bearish RSI divergence,2149.82,21.5,57.39,186.77
2013-04-05,TQQQ_50,12003.44,6149.88,10198.2799,0.0,2771.75,2770.36,2691.95,45.94,TQQQ_50,Bearish RSI divergence,2003.44,20.03,56.09,179.74
2013-04-08,TQQQ_50,12095.41,6152.15,10198.2799,0.0,2786.13,2771.61,2692.04,49.6,TQQQ_50,Bearish RSI divergence,2095.41,20.95,56.9,184.02
2013-04-09,TQQQ_50,12213.08,6152.91,10198.2799,0.0,2804.67,2772.97,2692.3,53.93,TQQQ_50,Bearish RSI divergence,2213.08,22.13,57.94,189.61
2013-04-10,TQQQ_100,12568.6,0.0,19981.2161,0.0,2859.21,2775.31,2692.96,63.78,TQQQ_100,"Bull trend confirmed: Price > SMA50 & SMA250, RSI 63.8",2568.6,25.69,61.02,206.56
2013-04-11,TQQQ_100,12546.88,0.0,19981.2161,0.0,2859.07,2777.62,2693.56,63.75,TQQQ_100,"Bull trend confirmed: Price > SMA50 & SMA250, RSI 63.7",2546.88,25.47,61.01,206.03
2013-04-12,TQQQ_100,12533.05,0.0,19981.2161,0.0,2856.48,2779.97,2694.03,63.01,TQQQ_100,"Bull trend confirmed: Price > SMA50 & SMA250, RSI 63.0",2533.05,25.33,60.86,205.7
2013-04-15,TQQQ_100,11770.85,0.0,19981.2161,0.0,2797.47,2781.29,2694.42,49.01,TQQQ_100,"Bull trend confirmed: Price > SMA50 & SMA250, RSI 49.0",1770.85,17.71,57.54,187.1
2013-04-16,TQQQ_100,12262.52,0.0,19981.2161,0.0,2838.41,2782.78,2695.09,56.27,TQQQ_100,"Bull trend confirmed: Price > SMA50 & SMA250, RSI 56.3",2262.52,22.63,59.84,199.1
2013-04-17,TQQQ_100,11545.74,0.0,19981.2161,0.0,2781.98,2784.11,2695.33,46.45,TQQQ_100,Downside buffer hold: NDX 2782.0 above buffer (2747.0),1545.74,15.46,56.67,181.61
2013-04-18,CASH,11046.14,11046.14,0.0,0.0,2741.95,2783.85,2695.43,40.99,CASH,Downside breakdown: NDX 2741.9 broke below exit buffer (2743.9),1046.14,10.46,54.41,169.43
2013-04-19,CASH,11047.5,11047.5,0.0,0.0,2780.46,2784.53,2695.8,47.4,CASH,Holding cash,1047.5,10.48,56.58,180.6
2013-04-22,CASH,11051.59,11051.59,0.0,0.0,2810.07,2785.8,2696.34,51.74,CASH,Re-entry buffer: NDX 2810.1 below threshold (2827.1),1051.59,10.52,58.25,189.22
2013-04-23,TQQQ_100,11052.95,0.0,18091.8543,0.0,2835.37,2787.0,2697.07,55.14,TQQQ_100,"Bull trend confirmed: Price > SMA50 & SMA250, RSI 55.1",1052.95,10.53,59.67,197.75
2013-04-24,TQQQ_100,11026.14,0.0,18091.8543,0.0,2834.12,2788.19,2697.85,54.94,TQQQ_100,"Bull trend confirmed: Price > SMA50 & SMA250, RSI 54.9",1026.14,10.26,59.6,197.03
2013-04-25,TQQQ_100,11204.94,0.0,18091.8543,0.0,2848.66,2789.91,2698.41,56.95,TQQQ_100,"Bull trend confirmed: Price > SMA50 & SMA250, RSI 57.0",1204.94,12.05,60.42,201.84
2013-04-26,TQQQ_100,11110.18,0.0,18091.8543,0.0,2840.55,2791.24,2698.87,55.46,TQQQ_100,"Bull trend confirmed: Price > SMA50 & SMA250, RSI 55.5",1110.18,11.1,59.96,199.29
2013-04-29,TQQQ_50,11405.18,5702.59,9045.9272,0.0,2866.95,2793.15,2699.37,59.21,TQQQ_50,Bearish RSI divergence,1405.18,14.05,61.45,207.24
2013-04-30,TQQQ_50,11531.04,5703.29,9045.9272,0.0,2887.44,2795.61,2700.02,61.89,TQQQ_50,Bearish RSI divergence,1531.04,15.31,62.6,213.98
2013-05-01,TQQQ_50,11457.54,5703.99,9045.9272,0.0,2873.35,2797.42,2700.61,59.02,TQQQ_50,Bearish RSI divergence,1457.54,14.58,61.81,209.98
2013-05-02,TQQQ_100,11666.54,0.0,17701.6853,0.0,2911.14,2800.84,2701.32,63.86,TQQQ_100,"Bull trend confirmed: Price > SMA50 & SMA250, RSI 63.9",1666.54,16.67,63.94,221.2
2013-05-03,TQQQ_100,12074.13,0.0,17701.6853,0.0,2944.59,2805.5,2702.28,67.51,TQQQ_100,"Bull trend confirmed: Price > SMA50 & SMA250, RSI 67.5",2074.13,20.74,65.82,232.43
2013-05-06,TQQQ_100,12229.82,0.0,17701.6853,0.0,2955.36,2809.86,2703.55,68.61,TQQQ_100,"Bull trend confirmed: Price > SMA50 & SMA250, RSI 68.6",2229.82,22.3,66.43,236.71
2013-05-07,TQQQ_100,12200.08,0.0,17701.6853,0.0,2952.88,2814.9,2704.8,68.04,TQQQ_100,"Bull trend confirmed: Price > SMA50 & SMA250, RSI 68.0",2200.08,22.0,66.29,235.89
2013-05-08,TQQQ_100,12390.78,0.0,17701.6853,0.0,2968.24,2820.01,2706.15,69.73,TQQQ_100,"Bull trend confirmed: Price > SMA50 & SMA250, RSI 69.7",2390.78,23.91,67.16,241.14
2013-05-09,TQQQ_100,12347.03,0.0,17701.6853,0.0,2961.12,2824.4,2707.51,67.94,TQQQ_100,"Bull trend confirmed: Price > SMA50 & SMA250, RSI 67.9",2347.03,23.47,66.75,239.94
2013-05-10,TQQQ_100,12556.96,0.0,17701.6853,0.0,2981.02,2829.25,2708.97,70.23,TQQQ_100,"Bull trend confirmed: Price > SMA50 & SMA250, RSI 70.2",2556.96,25.57,67.87,245.72
2013-05-13,TQQQ_100,12605.94,0.0,17701.6853,0.0,2982.09,2833.94,2710.44,70.36,TQQQ_100,"Bull trend confirmed: Price > SMA50 & SMA250, RSI 70.4",2605.94,26.06,67.94,247.07
2013-05-14,TQQQ_100,12791.38,0.0,17701.6853,0.0,2996.05,2838.67,2712.06,71.98,TQQQ_100,"Bull trend confirmed: Price > SMA50 & SMA250, RSI 72.0",2791.38,27.91,68.72,252.17
2013-05-15,TQQQ_100,12885.85,0.0,17701.6853,0.0,3002.62,2842.74,2713.75,72.74,TQQQ_100,"Bull trend confirmed: Price > SMA50 & SMA250, RSI 72.7",2885.85,28.86,69.09,254.77
2013-05-16,TQQQ_100,12838.6,0.0,17701.6853,0.0,2999.34,2846.87,2715.5,71.7,TQQQ_100,"Bull trend confirmed: Price > SMA50 & SMA250, RSI 71.7",2838.6,28.39,68.91,253.47
2013-05-17,TQQQ_30,13200.73,9240.51,5310.5056,0.0,3028.96,2851.46,2717.58,75.16,TQQQ_30,Overextended: RSI 75.2 >= 75,3200.73,32.01,70.57,263.44
2013-05-20,TQQQ_30,13186.3,9243.93,5310.5056,0.0,3020.97,2855.8,2719.75,72.58,TQQQ_30,Trim lock active,3186.3,31.86,70.12,261.81
2013-05-21,TQQQ_30,13202.14,9245.07,5310.5056,0.0,3026.45,2860.09,2721.67,73.26,TQQQ_30,Trim lock active,3202.14,32.02,70.43,263.15
2013-05-22,TQQQ_30,13106.71,9246.21,5310.5056,0.0,2999.13,2864.06,2723.51,64.68,TQQQ_30,Trim lock active,3106.71,31.07,68.89,254.29
2013-05-23,TQQQ_30,13065.87,9247.35,5310.5056,0.0,2991.45,2867.91,2725.29,62.46,TQQQ_30,Trim lock active,3065.87,30.66,68.46,250.44
2013-05-24,TQQQ_30,13064.91,9248.49,5310.5056,0.0,2991.02,2871.59,2727.13,62.33,TQQQ_30,Trim lock active,3064.91,30.65,68.44,250.25
2013-05-28,TQQQ_30,13148.19,9253.05,5310.5056,0.0,3011.94,2875.84,2729.07,66.0,TQQQ_30,Trim lock active,3148.19,31.48,69.62,257.47
2013-05-29,TQQQ_30,13090.55,9254.19,5310.5056,0.0,2994.82,2879.89,2730.81,60.78,TQQQ_30,Trim lock active,3090.55,30.91,68.65,252.08
2013-05-30,TQQQ_30,13154.15,9255.33,5310.5056,0.0,3011.83,2884.38,2732.71,63.84,TQQQ_30,Trim lock active,3154.15,31.54,69.61,257.81
2013-05-31,TQQQ_30,13044.03,9256.47,5310.5056,0.0,2981.76,2887.9,2734.54,55.59,TQQQ_30,Trim lock active,3044.03,30.44,67.92,247.6
2013-06-03,TQQQ_30,13069.49,9259.9,5310.5056,0.0,2990.79,2892.21,2736.66,57.37,TQQQ_30,Trim lock active,3069.49,30.69,68.42,249.62
2013-06-04,TQQQ_30,13013.43,9261.04,5310.5056,0.0,2973.69,2895.67,2738.65,53.03,TQQQ_30,Trim lock active,3013.43,30.13,67.46,244.37
2013-06-05,TQQQ_30,12870.78,9262.18,5310.5056,0.0,2937.14,2898.63,2740.44,45.16,TQQQ_30,Trim lock active,2870.78,28.71,65.4,231.17
2013-06-06,TQQQ_30,12916.0,9263.32,5310.5056,0.0,2950.3,2901.5,2742.06,48.14,TQQQ_30,Trim lock active,2916.0,29.16,66.14,235.22
2013-06-07,TQQQ_30,13069.87,9264.46,5310.5056,0.0,2990.87,2905.12,2743.88,56.08,TQQQ_30,Trim lock active,3069.87,30.7,68.43,249.24
2013-06-10,TQQQ_30,13074.86,9267.89,5310.5056,0.0,2990.49,2908.56,2745.61,55.99,TQQQ_30,Trim lock active,3074.86,30.75,68.41,249.38
2013-06-11,TQQQ_30,12965.8,9269.03,5310.5056,0.0,2959.84,2911.81,2747.38,49.38,TQQQ_30,Trim lock active,2965.8,29.66,66.68,239.27
2013-06-12,TQQQ_30,12838.88,9270.18,5310.5056,0.0,2926.14,2913.92,2748.9,43.33,TQQQ_30,Trim lock active,2838.88,28.39,64.78,227.51
2013-06-13,TQQQ_30,12968.08,9271.32,5310.5056,0.0,2962.9,2917.28,2750.64,50.46,TQQQ_30,Trim lock active,2968.08,29.68,66.85,239.27
2013-06-14,TQQQ_30,12904.15,9272.46,5310.5056,0.0,2943.86,2920.26,2752.25,47.15,TQQQ_30,Trim lock active,2904.15,29.04,65.78,233.29
2013-06-17,TQQQ_30,13008.34,9275.89,5310.5056,0.0,2971.26,2924.25,2753.85,52.03,TQQQ_30,Trim lock active,3008.34,30.08,67.33,242.54
2013-06-18,TQQQ_30,13097.65,9277.03,5310.5056,0.0,2996.09,2928.45,2755.47,55.99,TQQQ_30,Trim lock active,3097.65,30.98,68.72,250.63
2013-06-19,TQQQ_30,12978.61,9278.18,5310.5056,0.0,2959.5,2931.54,2756.82,49.5,TQQQ_30,Trim lock active,2978.61,29.79,66.66,239.6
2013-06-20,TQQQ_30,12706.86,9279.32,5310.5056,0.0,2890.33,2932.17,2757.89,40.05,TQQQ_30,Downside buffer hold: NDX 2890.3 above buffer (2889.5),2706.86,27.07,62.77,214.56
2013-06-21,CASH,12659.72,12659.72,0.0,0.0,2877.94,2932.54,2759.18,38.63,CASH,Downside breakdown: NDX 2877.9 broke below exit buffer (2889.5),2659.72,26.6,62.07,210.13
2013-06-24,CASH,12664.4,12664.4,0.0,0.0,2848.2,2932.38,2760.23,35.38,CASH,Downside breakdown: NDX 2848.2 broke below exit buffer (2888.8),2664.4,26.64,60.4,200.54
2013-06-25,CASH,12665.96,12665.96,0.0,0.0,2866.5,2933.76,2761.56,38.79,CASH,Downside breakdown: NDX 2866.5 broke below exit buffer (2890.9),2665.96,26.66,61.43,206.95
2013-06-26,CASH,12667.52,12667.52,0.0,0.0,2893.85,2934.87,2762.93,43.58,CASH,Holding cash,2667.52,26.68,62.97,215.33
2013-06-27,CASH,12669.08,12669.08,0.0,0.0,2906.84,2937.36,2764.3,45.76,CASH,Holding cash,2669.08,26.69,63.7,218.84
2013-06-28,CASH,12670.65,12670.65,0.0,0.0,2909.6,2940.72,2765.79,46.23,CASH,Holding cash,2670.65,26.71,63.85,219.71
2013-07-01,CASH,12675.33,12675.33,0.0,0.0,2927.35,2943.66,2767.04,49.3,CASH,Holding cash,2675.33,26.75,64.85,226.55
2013-07-02,CASH,12676.9,12676.9,0.0,0.0,2929.63,2946.05,2768.26,49.69,CASH,Holding cash,2676.9,26.77,64.98,226.7
2013-07-03,CASH,12678.46,12678.46,0.0,0.0,2941.41,2948.17,2769.44,51.79,CASH,Holding cash,2678.46,26.78,65.64,231.13
2013-07-05,CASH,12681.58,12681.58,0.0,0.0,2963.22,2950.75,2770.7,55.5,CASH,Re-entry buffer: NDX 2963.2 below threshold (2991.0),2681.58,26.82,66.87,238.45
2013-07-08,CASH,12686.28,12686.28,0.0,0.0,2966.13,2953.1,2772.12,55.99,CASH,Re-entry buffer: NDX 2966.1 below threshold (2991.9),2686.28,26.86,67.04,239.55
2013-07-09,CASH,12687.84,12687.84,0.0,0.0,2984.32,2955.97,2773.61,59.0,CASH,Re-entry buffer: NDX 2984.3 below threshold (2994.2),2687.84,26.88,68.06,245.77
2013-07-10,TQQQ_100,12689.4,0.0,17589.4293,0.0,3000.66,2958.65,2775.27,61.55,TQQQ_100,"Bull trend confirmed: Price > SMA50 & SMA250, RSI 61.5",2689.4,26.89,68.98,251.6
2013-07-11,TQQQ_100,13480.32,0.0,17589.4293,0.0,3059.46,2962.09,2777.23,69.01,TQQQ_100,"Bull trend confirmed: Price > SMA50 & SMA250, RSI 69.0",3480.32,34.8,72.29,273.51
2013-07-12,TQQQ_100,13621.12,0.0,17589.4293,0.0,3079.07,2966.2,2779.36,71.03,TQQQ_100,"Bull trend confirmed: Price > SMA50 & SMA250, RSI 71.0",3621.12,36.21,73.4,277.41
2013-07-15,TQQQ_100,13727.14,0.0,17589.4293,0.0,3079.85,2969.58,2781.34,71.11,TQQQ_100,"Bull trend confirmed: Price > SMA50 & SMA250, RSI 71.1",3727.14,37.27,73.44,280.35
2013-07-16,TQQQ_100,13673.26,0.0,17589.4293,0.0,3077.47,2972.24,2783.34,70.47,TQQQ_100,"Bull trend confirmed: Price > SMA50 & SMA250, RSI 70.5",3673.26,36.73,73.31,278.86
2013-07-17,TQQQ_100,13770.6,0.0,17589.4293,0.0,3085.28,2974.83,2785.32,71.38,TQQQ_100,"Bull trend confirmed: Price > SMA50 & SMA250, RSI 71.4",3770.6,37.71,73.75,281.55
2013-07-18,TQQQ_100,13669.79,0.0,17589.4293,0.0,3077.82,2977.33,2787.13,69.17,TQQQ_100,"Bull trend confirmed: Price > SMA50 & SMA250, RSI 69.2",3669.79,36.7,73.33,278.76
2013-07-19,TQQQ_100,13254.34,0.0,17589.4293,0.0,3044.93,2978.87,2788.68,60.31,TQQQ_100,"Bull trend confirmed: Price > SMA50 & SMA250, RSI 60.3",3254.34,32.54,71.47,267.25
2013-07-22,TQQQ_100,13349.94,0.0,17589.4293,0.0,3055.23,2980.75,2790.43,61.96,TQQQ_100,"Bull trend confirmed: Price > SMA50 & SMA250, RSI 62.0",3349.94,33.5,72.05,269.9
2013-07-23,TQQQ_100,13052.7,0.0,17589.4293,0.0,3031.4,2981.76,2792.2,56.16,TQQQ_100,"Bull trend confirmed: Price > SMA50 & SMA250, RSI 56.2",3052.7,30.53,70.71,261.66
2013-07-24,TQQQ_100,13176.11,0.0,17589.4293,0.0,3041.16,2982.94,2794.09,57.9,TQQQ_100,"Bull trend confirmed: Price > SMA50 & SMA250, RSI 57.9",3176.11,31.76,71.26,265.08
2013-07-25,TQQQ_100,13414.26,0.0,17589.4293,0.0,3061.67,2984.25,2796.14,61.36,TQQQ_100,"Bull trend confirmed: Price > SMA50 & SMA250, RSI 61.4",3414.26,34.14,72.42,271.68
2013-07-26,TQQQ_100,13636.77,0.0,17589.4293,0.0,3076.23,2985.72,2798.11,63.65,TQQQ_100,"Bull trend confirmed: Price > SMA50 & SMA250, RSI 63.7",3636.77,36.37,73.24,277.84
2013-07-29,TQQQ_100,13574.19,0.0,17589.4293,0.0,3068.95,2987.11,2799.79,61.68,TQQQ_100,"Bull trend confirmed: Price > SMA50 & SMA250, RSI 61.7",3574.19,35.74,72.83,276.11
2013-07-30,TQQQ_100,13775.82,0.0,17589.4293,0.0,3085.33,2988.24,2801.57,64.35,TQQQ_100,"Bull trend confirmed: Price > SMA50 & SMA250, RSI 64.4",3775.82,37.76,73.75,281.7
2013-07-31,TQQQ_50,13862.73,6931.36,8794.7146,0.0,3090.19,2989.63,2803.36,65.13,TQQQ_50,Bearish RSI divergence,3862.73,38.63,74.02,284.11
2013-08-01,TQQQ_50,14074.79,6932.22,8794.7146,0.0,3126.3,2991.62,2805.32,70.3,TQQQ_50,Bearish RSI divergence,4074.79,40.75,76.06,295.81
2013-08-02,TQQQ_100,14194.72,0.0,17191.4927,0.0,3143.52,2994.51,2807.4,72.4,TQQQ_100,"Bull trend confirmed: Price > SMA50 & SMA250, RSI 72.4",4194.72,41.95,77.03,302.41
2013-08-05,TQQQ_100,14225.3,0.0,17191.4927,0.0,3143.19,2997.55,2809.26,72.3,TQQQ_100,"Bull trend confirmed: Price > SMA50 & SMA250, RSI 72.3",4225.3,42.25,77.01,303.28
2013-08-06,TQQQ_100,13972.15,0.0,17191.4927,0.0,3122.2,3000.17,2810.98,65.73,TQQQ_100,"Bull trend confirmed: Price > SMA50 & SMA250, RSI 65.7",3972.15,39.72,75.83,296.1
2013-08-07,TQQQ_100,13892.3,0.0,17191.4927,0.0,3118.69,3002.3,2812.58,64.67,TQQQ_100,"Bull trend confirmed: Price > SMA50 & SMA250, RSI 64.7",3892.3,38.92,75.63,293.84
2013-08-08,TQQQ_100,14077.48,0.0,17191.4927,0.0,3130.13,3005.01,2814.25,66.56,TQQQ_100,"Bull trend confirmed: Price > SMA50 & SMA250, RSI 66.6",4077.48,40.77,76.27,299.08
2013-08-09,TQQQ_100,13926.27,0.0,17191.4927,0.0,3118.57,3007.14,2815.84,62.9,TQQQ_100,"Bull trend confirmed: Price > SMA50 & SMA250, RSI 62.9",3926.27,39.26,75.62,294.8
2013-08-12,TQQQ_100,14012.93,0.0,17191.4927,0.0,3125.93,3010.03,2817.45,64.25,TQQQ_100,"Bull trend confirmed: Price > SMA50 & SMA250, RSI 64.2",4012.93,40.13,76.04,297.25
2013-08-13,TQQQ_100,14245.68,0.0,17191.4927,0.0,3141.06,3013.03,2819.1,66.91,TQQQ_100,"Bull trend confirmed: Price > SMA50 & SMA250, RSI 66.9",4245.68,42.46,76.89,303.85
2013-08-14,TQQQ_100,14087.67,0.0,17191.4927,0.0,3129.45,3016.15,2820.71,63.03,TQQQ_100,"Bull trend confirmed: Price > SMA50 & SMA250, RSI 63.0",4087.67,40.88,76.23,299.37
2013-08-15,TQQQ_100,13380.92,0.0,17191.4927,0.0,3076.23,3018.93,2822.07,49.01,TQQQ_100,"Bull trend confirmed: Price > SMA50 & SMA250, RSI 49.0",3380.92,33.81,73.24,279.34
2013-08-16,TQQQ_100,13333.34,0.0,17191.4927,0.0,3073.91,3021.4,2823.3,48.5,TQQQ_100,"Bull trend confirmed: Price > SMA50 & SMA250, RSI 48.5",3333.34,33.33,73.11,277.99
2013-08-19,TQQQ_100,13280.68,0.0,17191.4927,0.0,3069.76,3022.98,2824.45,47.56,TQQQ_100,"Bull trend confirmed: Price > SMA50 & SMA250, RSI 47.6",3280.68,32.81,72.87,276.5
2013-08-20,TQQQ_100,13462.47,0.0,17191.4927,0.0,3082.17,3024.81,2825.65,50.66,TQQQ_100,"Bull trend confirmed: Price > SMA50 & SMA250, RSI 50.7",3462.47,34.62,73.57,281.65
2013-08-21,TQQQ_100,13328.25,0.0,17191.4927,0.0,3071.47,3027.05,2826.84,48.02,TQQQ_100,"Bull trend confirmed: Price > SMA50 & SMA250, RSI 48.0",3328.25,33.28,72.97,277.84
2013-08-22,TQQQ_100,13708.81,0.0,17191.4927,0.0,3101.82,3030.56,2828.12,55.15,TQQQ_100,"Bull trend confirmed: Price > SMA50 & SMA250, RSI 55.2",3708.81,37.09,74.68,288.63
2013-08-23,TQQQ_100,13997.62,0.0,17191.4927,0.0,3124.27,3033.79,2829.57,59.57,TQQQ_100,"Bull trend confirmed: Price > SMA50 & SMA250, RSI 59.6",3997.62,39.98,75.94,296.82
2013-08-26,TQQQ_100,14009.52,0.0,17191.4927,0.0,3122.67,3037.36,2830.94,59.13,TQQQ_100,"Bull trend confirmed: Price > SMA50 & SMA250, RSI 59.1",4009.52,40.1,75.85,297.16
2013-08-27,TQQQ_100,13127.77,0.0,17191.4927,0.0,3059.58,3039.13,2832.05,44.84,TQQQ_100,"Bull trend confirmed: Price > SMA50 & SMA250, RSI 44.8",3127.77,31.28,72.3,272.16
2013-08-28,TQQQ_100,13297.67,0.0,17191.4927,0.0,3072.17,3040.65,2833.21,47.56,TQQQ_100,"Bull trend confirmed: Price > SMA50 & SMA250, RSI 47.6",3297.67,32.98,73.01,276.98
2013-08-29,TQQQ_100,13572.9,0.0,17191.4927,0.0,3093.36,3043.33,2834.45,51.87,TQQQ_100,"Bull trend confirmed: Price > SMA50 & SMA250, RSI 51.9",3572.9,35.73,74.2,284.78
2013-08-30,TQQQ_100,13319.75,0.0,17191.4927,0.0,3073.81,3047.0,2835.73,47.95,TQQQ_100,"Bull trend confirmed: Price > SMA50 & SMA250, RSI 48.0",3319.75,33.2,73.1,277.6
2013-09-03,TQQQ_100,13538.91,0.0,17191.4927,0.0,3091.76,3051.28,2837.01,51.57,TQQQ_100,"Bull trend confirmed: Price > SMA50 & SMA250, RSI 51.6",3538.91,35.39,74.11,283.82
2013-09-04,TQQQ_100,13980.65,0.0,17191.4927,0.0,3124.54,3056.8,2838.42,57.39,TQQQ_100,"Bull trend confirmed: Price > SMA50 & SMA250, RSI 57.4",3980.65,39.81,75.96,296.34
2013-09-05,TQQQ_100,14041.81,0.0,17191.4927,0.0,3129.94,3062.07,2839.87,58.28,TQQQ_100,"Bull trend confirmed: Price > SMA50 & SMA250, RSI 58.3",4041.81,40.42,76.26,298.07
2013-09-06,TQQQ_100,14092.78,0.0,17191.4927,0.0,3133.38,3066.86,2841.08,58.86,TQQQ_100,"Bull trend confirmed: Price > SMA50 & SMA250, RSI 58.9",4092.78,40.93,76.45,299.52
2013-09-09,TQQQ_50,14588.86,7294.43,8595.7463,0.0,3169.93,3072.12,2842.46,64.58,TQQQ_50,Bearish RSI divergence,4588.86,45.89,78.51,313.58
2013-09-10,TQQQ_50,14700.19,7295.33,8595.7463,0.0,3185.07,3077.63,2844.05,66.65,TQQQ_50,Bearish RSI divergence,4700.19,47.0,79.37,319.84
2013-09-11,TQQQ_100,14663.72,0.0,17108.3506,0.0,3179.86,3082.68,2845.63,65.24,TQQQ_100,"Bull trend confirmed: Price > SMA50 & SMA250, RSI 65.2",4663.72,46.64,79.07,317.72
2013-09-12,TQQQ_100,14597.77,0.0,17108.3506,0.0,3175.57,3087.6,2847.16,64.04,TQQQ_100,"Bull trend confirmed: Price > SMA50 & SMA250, RSI 64.0",4597.77,45.98,78.83,315.85
2013-09-13,TQQQ_100,14645.12,0.0,17108.3506,0.0,3178.28,3092.34,2848.55,64.48,TQQQ_100,"Bull trend confirmed: Price > SMA50 & SMA250, RSI 64.5",4645.12,46.45,78.98,317.19
2013-09-16,TQQQ_100,14521.7,0.0,17108.3506,0.0,3168.69,3096.45,2849.81,61.58,TQQQ_100,"Bull trend confirmed: Price > SMA50 & SMA250, RSI 61.6",4521.7,45.22,78.44,313.68
2013-09-17,TQQQ_100,14812.49,0.0,17108.3506,0.0,3190.83,3100.94,2851.14,65.45,TQQQ_100,"Bull trend confirmed: Price > SMA50 & SMA250, RSI 65.4",4812.49,48.12,79.69,321.96
2013-09-18,TQQQ_100,15356.91,0.0,17108.3506,0.0,3231.31,3105.88,2852.64,71.17,TQQQ_100,"Bull trend confirmed: Price > SMA50 & SMA250, RSI 71.2",5356.91,53.57,81.97,337.47
2013-09-19,TQQQ_100,15451.59,0.0,17108.3506,0.0,3237.61,3110.62,2854.13,71.95,TQQQ_100,"Bull trend confirmed: Price > SMA50 & SMA250, RSI 71.9",5451.59,54.52,82.32,340.17
2013-09-20,TQQQ_100,15282.53,0.0,17108.3506,0.0,3224.73,3113.93,2855.59,67.91,TQQQ_100,"Bull trend confirmed: Price > SMA50 & SMA250, RSI 67.9",5282.53,52.83,81.6,335.35
2013-09-23,TQQQ_100,15196.29,0.0,17108.3506,0.0,3219.34,3116.73,2857.02,66.24,TQQQ_100,"Bull trend confirmed: Price > SMA50 & SMA250, RSI 66.2",5196.29,51.96,81.3,332.9
2013-09-24,TQQQ_100,15199.67,0.0,17108.3506,0.0,3218.66,3119.51,2858.52,66.01,TQQQ_100,"Bull trend confirmed: Price > SMA50 & SMA250, RSI 66.0",5199.67,52.0,81.26,332.99
2013-09-25,TQQQ_100,15055.96,0.0,17108.3506,0.0,3208.55,3122.13,2860.13,62.66,TQQQ_100,"Bull trend confirmed: Price > SMA50 & SMA250, RSI 62.7",5055.96,50.56,80.69,328.9
2013-09-26,TQQQ_100,15400.87,0.0,17108.3506,0.0,3234.04,3125.11,2861.94,67.19,TQQQ_100,"Bull trend confirmed: Price > SMA50 & SMA250, RSI 67.2",5400.87,54.01,82.12,338.72
2013-09-27,TQQQ_100,15328.17,0.0,17108.3506,0.0,3230.3,3128.15,2863.58,65.92,TQQQ_100,"Bull trend confirmed: Price > SMA50 & SMA250, RSI 65.9",5328.17,53.28,81.91,336.65
2013-09-30,TQQQ_100,15231.8,0.0,17108.3506,0.0,3218.2,3131.62,2865.25,61.87,TQQQ_100,"Bull trend confirmed: Price > SMA50 & SMA250, RSI 61.9",5231.8,52.32,81.23,333.91
2013-10-01,TQQQ_100,15688.3,0.0,17108.3506,0.0,3253.05,3135.58,2867.09,67.98,TQQQ_100,"Bull trend confirmed: Price > SMA50 & SMA250, RSI 68.0",5688.3,56.88,83.19,346.91
2013-10-02,TQQQ_100,15659.56,0.0,17108.3506,0.0,3253.26,3140.01,2868.9,68.01,TQQQ_100,"Bull trend confirmed: Price > SMA50 & SMA250, RSI 68.0",5659.56,56.6,83.21,346.09
2013-10-03,TQQQ_50,15115.14,7557.57,8554.1753,0.0,3213.83,3143.47,2870.48,56.22,TQQQ_50,Bearish RSI divergence,5115.14,51.15,80.99,330.58
2013-10-04,TQQQ_50,15310.5,7558.5,8554.1753,0.0,3242.57,3147.09,2872.14,61.46,TQQQ_50,Bearish RSI divergence,5310.5,53.11,82.6,341.66
2013-10-07,TQQQ_50,15121.4,7561.3,8554.1753,0.0,3215.69,3149.87,2873.75,54.84,TQQQ_50,Bearish RSI divergence,5121.4,51.21,81.09,330.73
2013-10-08,TQQQ_50,14694.58,7562.23,8554.1753,0.0,3153.87,3151.57,2875.22,43.3,TQQQ_50,Bearish RSI divergence,4694.58,46.95,77.61,306.36
2013-10-09,TQQQ_50,14616.89,7563.16,8554.1753,0.0,3142.54,3152.72,2876.82,41.57,TQQQ_50,Downside buffer hold: NDX 3142.5 above buffer (3116.4),4616.89,46.17,76.97,301.88
2013-10-10,TQQQ_50,15065.87,7564.09,8554.1753,0.0,3210.84,3155.13,2878.75,53.59,TQQQ_50,Bearish RSI divergence,5065.87,50.66,80.82,327.41
2013-10-11,TQQQ_50,15235.87,7565.03,8554.1753,0.0,3233.83,3157.28,2880.81,56.81,TQQQ_50,Bearish RSI divergence,5235.87,52.36,82.11,337.04
2013-10-14,TQQQ_50,15397.6,7567.82,8554.1753,0.0,3256.02,3159.53,2882.96,59.72,TQQQ_50,Bearish RSI divergence,5397.6,53.98,83.36,346.09
2013-10-15,TQQQ_50,15314.84,7568.76,8554.1753,0.0,3244.66,3161.56,2884.97,57.58,TQQQ_50,Bearish RSI divergence,5314.84,53.15,82.72,341.32
2013-10-16,TQQQ_50,15580.37,7569.69,8554.1753,0.0,3281.67,3164.75,2886.99,62.31,TQQQ_50,Bearish RSI divergence,5580.37,55.8,84.81,356.4
2013-10-17,TQQQ_50,15710.65,7570.62,8554.1753,0.0,3301.28,3168.4,2889.09,64.57,TQQQ_50,Bearish RSI divergence,5710.65,57.11,85.91,363.77
2013-10-18,TQQQ_100,16113.98,0.0,16136.1522,0.0,3353.88,3172.88,2891.53,69.79,TQQQ_100,"Bull trend confirmed: Price > SMA50 & SMA250, RSI 69.8",6113.98,61.14,88.87,386.69
2013-10-21,TQQQ_100,16206.47,0.0,16136.1522,0.0,3361.18,3177.73,2894.26,70.44,TQQQ_100,"Bull trend confirmed: Price > SMA50 & SMA250, RSI 70.4",6206.47,62.06,89.28,389.49
2013-10-22,TQQQ_100,16262.29,0.0,16136.1522,0.0,3366.93,3182.55,2896.95,70.97,TQQQ_100,"Bull trend confirmed: Price > SMA50 & SMA250, RSI 71.0",6262.29,62.62,89.61,391.17
2013-10-23,TQQQ_100,16000.75,0.0,16136.1522,0.0,3346.05,3186.65,2899.67,66.31,TQQQ_100,"Bull trend confirmed: Price > SMA50 & SMA250, RSI 66.3",6000.75,60.01,88.43,383.28
2013-10-24,TQQQ_100,16200.09,0.0,16136.1522,0.0,3362.38,3191.31,2902.5,68.08,TQQQ_100,"Bull trend confirmed: Price > SMA50 & SMA250, RSI 68.1",6200.09,62.0,89.35,389.3
2013-10-25,TQQQ_100,16523.8,0.0,16136.1522,0.0,3383.83,3197.46,2905.4,70.28,TQQQ_100,"Bull trend confirmed: Price > SMA50 & SMA250, RSI 70.3",6523.8,65.24,90.56,399.07
2013-10-28,TQQQ_100,16557.3,0.0,16136.1522,0.0,3382.68,3203.63,2908.27,70.0,TQQQ_100,"Bull trend confirmed: Price > SMA50 & SMA250, RSI 70.0",6557.3,65.57,90.49,400.08
2013-10-29,TQQQ_100,16637.03,0.0,16136.1522,0.0,3391.75,3210.07,2911.24,70.98,TQQQ_100,"Bull trend confirmed: Price > SMA50 & SMA250, RSI 71.0",6637.03,66.37,91.0,402.49
2013-10-30,TQQQ_100,16584.39,0.0,16136.1522,0.0,3385.38,3216.14,2914.04,69.27,TQQQ_100,"Bull trend confirmed: Price > SMA50 & SMA250, RSI 69.3",6584.39,65.84,90.65,400.9
2013-10-31,TQQQ_100,16477.55,0.0,16136.1522,0.0,3377.73,3222.26,2916.92,67.18,TQQQ_100,"Bull trend confirmed: Price > SMA50 & SMA250, RSI 67.2",6477.55,64.78,90.22,397.68
2013-11-01,TQQQ_100,16469.58,0.0,16136.1522,0.0,3379.76,3227.82,2919.75,67.46,TQQQ_100,"Bull trend confirmed: Price > SMA50 & SMA250, RSI 67.5",6469.58,64.7,90.33,397.44
2013-11-04,TQQQ_100,16549.32,0.0,16136.1522,0.0,3384.75,3233.03,2922.56,68.18,TQQQ_100,"Bull trend confirmed: Price > SMA50 & SMA250, RSI 68.2",6549.32,65.49,90.61,399.84
2013-11-05,TQQQ_100,16619.48,0.0,16136.1522,0.0,3388.82,3238.35,2925.67,68.79,TQQQ_100,"Bull trend confirmed: Price > SMA50 & SMA250, RSI 68.8",6619.48,66.19,90.84,401.96
2013-11-06,TQQQ_100,16590.78,0.0,16136.1522,0.0,3385.38,3244.87,2928.92,67.61,TQQQ_100,"Bull trend confirmed: Price > SMA50 & SMA250, RSI 67.6",6590.78,65.91,90.65,401.1
2013-11-07,TQQQ_100,15670.67,0.0,16136.1522,0.0,3321.41,3249.86,2931.87,50.4,TQQQ_100,"Bull trend confirmed: Price > SMA50 & SMA250, RSI 50.4",5670.67,56.71,87.04,373.31
2013-11-08,TQQQ_100,16289.39,0.0,16136.1522,0.0,3366.84,3255.33,2935.01,58.48,TQQQ_100,"Bull trend confirmed: Price > SMA50 & SMA250, RSI 58.5",6289.39,62.89,89.6,391.99
2013-11-11,TQQQ_100,16211.24,0.0,16136.1522,0.0,3362.98,3261.11,2938.21,57.62,TQQQ_100,"Bull trend confirmed: Price > SMA50 & SMA250, RSI 57.6",6211.24,62.11,89.38,389.63
2013-11-12,TQQQ_100,16290.99,0.0,16136.1522,0.0,3365.23,3266.58,2941.54,58.01,TQQQ_100,"Bull trend confirmed: Price > SMA50 & SMA250, RSI 58.0",6290.99,62.91,89.51,392.04
2013-11-13,TQQQ_50,16874.63,8437.31,8068.0761,0.0,3405.56,3272.2,2945.07,64.31,TQQQ_50,Bearish RSI divergence,6874.63,68.75,91.78,409.67
2013-11-14,TQQQ_50,16941.05,8438.36,8068.0761,0.0,3415.14,3277.9,2948.59,65.63,TQQQ_50,Bearish RSI divergence,6941.05,69.41,92.32,413.62
2013-11-15,TQQQ_50,17001.09,8439.4,8068.0761,0.0,3422.58,3283.69,2951.9,66.66,TQQQ_50,Bearish RSI divergence,7001.09,70.01,92.74,417.18
2013-11-18,TQQQ_50,16767.41,8442.52,8068.0761,0.0,3388.87,3288.07,2955.08,58.15,TQQQ_50,Bearish RSI divergence,6767.41,67.67,90.84,402.88
2013-11-19,TQQQ_50,16686.32,8443.56,8068.0761,0.0,3378.13,3291.93,2958.19,55.71,TQQQ_50,Bearish RSI divergence,6686.32,66.86,90.24,397.92
2013-11-20,TQQQ_50,16629.96,8444.6,8068.0761,0.0,3367.17,3295.67,2961.1,53.26,TQQQ_50,Bearish RSI divergence,6629.96,66.3,89.62,394.45
2013-11-21,TQQQ_50,16881.35,8445.64,8068.0761,0.0,3402.74,3300.22,2964.1,59.5,TQQQ_50,Bearish RSI divergence,6881.35,68.81,91.62,409.57
2013-11-22,TQQQ_50,17015.55,8446.68,8068.0761,0.0,3422.02,3305.09,2967.22,62.42,TQQQ_50,Bearish RSI divergence,7015.55,70.16,92.71,417.62
2013-11-25,TQQQ_50,17075.29,8449.81,8068.0761,0.0,3427.49,3310.27,2970.27,63.24,TQQQ_50,Bearish RSI divergence,7075.29,70.75,93.02,421.04
2013-11-26,TQQQ_50,17219.05,8450.85,8068.0761,0.0,3445.76,3315.37,2973.34,65.89,TQQQ_50,Bearish RSI divergence,7219.05,72.19,94.05,429.66
2013-11-27,TQQQ_100,17395.51,0.0,15692.561,0.0,3470.48,3320.15,2976.51,69.13,TQQQ_100,"Bull trend confirmed: Price > SMA50 & SMA250, RSI 69.1",7395.51,73.96,95.44,440.25
2013-11-29,TQQQ_100,17680.85,0.0,15692.561,0.0,3487.82,3325.15,2979.77,71.2,TQQQ_100,"Bull trend confirmed: Price > SMA50 & SMA250, RSI 71.2",7680.85,76.81,96.42,449.11
2013-12-02,TQQQ_100,17570.74,0.0,15692.561,0.0,3481.15,3330.28,2983.02,69.28,TQQQ_100,"Bull trend confirmed: Price > SMA50 & SMA250, RSI 69.3",7570.74,75.71,96.04,445.7
2013-12-03,TQQQ_100,17519.58,0.0,15692.561,0.0,3479.34,3335.48,2986.39,68.73,TQQQ_100,"Bull trend confirmed: Price > SMA50 & SMA250, RSI 68.7",7519.58,75.2,95.94,444.11
2013-12-04,TQQQ_100,17564.55,0.0,15692.561,0.0,3483.01,3340.77,2989.7,69.26,TQQQ_100,"Bull trend confirmed: Price > SMA50 & SMA250, RSI 69.3",7564.55,75.65,96.14,445.5
2013-12-05,TQQQ_100,17510.27,0.0,15692.561,0.0,3477.73,3346.15,2993.04,67.5,TQQQ_100,"Bull trend confirmed: Price > SMA50 & SMA250, RSI 67.5",7510.27,75.1,95.85,443.82
2013-12-06,TQQQ_100,17871.61,0.0,15692.561,0.0,3504.26,3351.56,2996.47,71.43,TQQQ_100,"Bull trend confirmed: Price > SMA50 & SMA250, RSI 71.4",7871.61,78.72,97.34,455.04
2013-12-09,TQQQ_100,18085.62,0.0,15692.561,0.0,3516.17,3357.27,2999.81,73.0,TQQQ_100,"Bull trend confirmed: Price > SMA50 & SMA250, RSI 73.0",8085.62,80.86,98.01,461.69
2013-12-10,TQQQ_100,18053.04,0.0,15692.561,0.0,3514.2,3363.19,3003.17,72.29,TQQQ_100,"Bull trend confirmed: Price > SMA50 & SMA250, RSI 72.3",8053.04,80.53,97.9,460.67
2013-12-11,TQQQ_100,17378.45,0.0,15692.561,0.0,3468.99,3367.51,3006.43,58.27,TQQQ_100,"Bull trend confirmed: Price > SMA50 & SMA250, RSI 58.3",7378.45,73.78,95.35,439.72
2013-12-12,TQQQ_100,17237.33,0.0,15692.561,0.0,3460.29,3371.65,3009.75,56.02,TQQQ_100,"Bull trend confirmed: Price > SMA50 & SMA250, RSI 56.0",7237.33,72.37,94.86,435.34
2013-12-13,TQQQ_100,17155.13,0.0,15692.561,0.0,3456.4,3376.5,3012.92,55.0,TQQQ_100,"Bull trend confirmed: Price > SMA50 & SMA250, RSI 55.0",7155.13,71.55,94.65,432.79
2013-12-16,TQQQ_100,17449.77,0.0,15692.561,0.0,3475.79,3381.17,3016.0,59.02,TQQQ_100,"Bull trend confirmed: Price > SMA50 & SMA250, RSI 59.0",7449.77,74.5,95.74,441.94
2013-12-17,TQQQ_100,17339.68,0.0,15692.561,0.0,3469.32,3386.24,3019.12,57.18,TQQQ_100,"Bull trend confirmed: Price > SMA50 & SMA250, RSI 57.2",7339.68,73.4,95.37,438.52
2013-12-18,TQQQ_100,17938.29,0.0,15692.561,0.0,3509.63,3393.36,3022.38,64.57,TQQQ_100,"Bull trend confirmed: Price > SMA50 & SMA250, RSI 64.6",7938.29,79.38,97.64,457.11
2013-12-19,TQQQ_100,17777.01,0.0,15692.561,0.0,3498.63,3400.48,3025.72,61.46,TQQQ_100,"Bull trend confirmed: Price > SMA50 & SMA250, RSI 61.5",7777.01,77.77,97.02,452.1
2013-12-20,TQQQ_100,18312.03,0.0,15692.561,0.0,3531.19,3406.89,3029.21,66.6,TQQQ_100,"Bull trend confirmed: Price > SMA50 & SMA250, RSI 66.6",8312.03,83.12,98.86,468.72
2013-12-23,TQQQ_50,18904.45,9452.23,7846.2805,0.0,3569.4,3413.6,3032.94,71.41,TQQQ_50,Bearish RSI divergence,8904.45,89.04,101.01,487.12
2013-12-24,TQQQ_50,18918.8,9453.39,7846.2805,0.0,3572.8,3419.93,3036.7,71.8,TQQQ_50,Bearish RSI divergence,8918.8,89.19,101.2,487.94
2013-12-26,TQQQ_100,19013.4,0.0,15608.8643,0.0,3584.58,3426.73,3040.61,73.17,TQQQ_100,"Bull trend confirmed: Price > SMA50 & SMA250, RSI 73.2",9013.4,90.13,101.86,493.67
2013-12-27,TQQQ_100,18874.57,0.0,15608.8643,0.0,3574.02,3432.58,3044.26,69.9,TQQQ_100,"Bull trend confirmed: Price > SMA50 & SMA250, RSI 69.9",8874.57,88.75,101.27,489.33
2013-12-30,TQQQ_100,18775.86,0.0,15608.8643,0.0,3570.08,3437.95,3047.56,68.67,TQQQ_100,"Bull trend confirmed: Price > SMA50 & SMA250, RSI 68.7",8775.86,87.76,101.05,486.25
2013-12-31,TQQQ_100,19144.53,0.0,15608.8643,0.0,3592.0,3442.72,3051.0,71.66,TQQQ_100,"Bull trend confirmed: Price > SMA50 & SMA250, RSI 71.7",9144.53,91.45,102.28,497.76
2014-01-02,TQQQ_100,18697.17,0.0,15608.8643,0.0,3563.57,3446.76,3054.35,63.23,TQQQ_100,"Bull trend confirmed: Price > SMA50 & SMA250, RSI 63.2",8697.17,86.97,100.68,483.79
2014-01-03,TQQQ_100,18289.94,0.0,15608.8643,0.0,3538.73,3450.2,3057.61,56.92,TQQQ_100,"Bull trend confirmed: Price > SMA50 & SMA250, RSI 56.9",8289.94,82.9,99.28,471.08
2014-01-06,TQQQ_100,18095.59,0.0,15608.8643,0.0,3526.96,3453.82,3060.84,54.17,TQQQ_100,"Bull trend confirmed: Price > SMA50 & SMA250, RSI 54.2",8095.59,80.96,98.62,465.01
2014-01-07,TQQQ_100,18564.53,0.0,15608.8643,0.0,3557.85,3457.73,3064.17,59.69,TQQQ_100,"Bull trend confirmed: Price > SMA50 & SMA250, RSI 59.7",8564.53,85.65,100.36,479.65
2014-01-08,TQQQ_100,18703.35,0.0,15608.8643,0.0,3567.54,3461.4,3067.46,61.26,TQQQ_100,"Bull trend confirmed: Price > SMA50 & SMA250, RSI 61.3",8703.35,87.03,100.9,483.99
2014-01-09,TQQQ_100,18510.54,0.0,15608.8643,0.0,3552.58,3464.8,3070.68,57.52,TQQQ_100,"Bull trend confirmed: Price > SMA50 & SMA250, RSI 57.5",8510.54,85.11,100.06,477.97
2014-01-10,TQQQ_50,18695.64,9347.82,7804.4322,0.0,3565.08,3468.27,3073.99,59.73,TQQQ_50,Bearish RSI divergence,8695.64,86.96,100.77,483.74
2014-01-13,TQQQ_50,18283.38,9351.28,7804.4322,0.0,3512.8,3470.82,3077.15,48.39,TQQQ_50,Bearish RSI divergence,8283.38,82.83,97.82,457.78
2014-01-14,TQQQ_50,18795.89,9352.43,7804.4322,0.0,3580.65,3474.87,3080.54,59.22,TQQQ_50,Bearish RSI divergence,8795.89,87.96,101.64,489.72
2014-01-15,TQQQ_50,19017.62,9353.58,7804.4322,0.0,3609.84,3479.47,3083.99,62.83,TQQQ_50,Bearish RSI divergence,9017.62,90.18,103.29,503.49
2014-01-16,TQQQ_50,19038.83,9354.74,7804.4322,0.0,3611.29,3484.01,3087.46,63.0,TQQQ_50,Bearish RSI divergence,9038.83,90.39,103.37,504.74
2014-01-17,TQQQ_50,18867.99,9355.89,7804.4322,0.0,3591.25,3488.05,3090.84,58.87,TQQQ_50,Bearish RSI divergence,8867.99,88.68,102.24,494.0
2014-01-21,TQQQ_50,19085.48,9360.5,7804.4322,0.0,3617.7,3492.7,3094.26,62.38,TQQQ_50,Bearish RSI divergence,9085.48,90.85,103.73,507.3
2014-01-22,TQQQ_50,19176.87,9361.66,7804.4322,0.0,3627.72,3498.83,3097.88,63.64,TQQQ_50,Bearish RSI divergence,9176.87,91.77,104.29,512.93
2014-01-23,TQQQ_50,19060.02,9362.81,7804.4322,0.0,3613.76,3503.77,3101.39,60.59,TQQQ_50,Bearish RSI divergence,9060.02,90.6,103.51,505.56
2014-01-24,TQQQ_50,18486.57,9363.97,7804.4322,0.0,3541.48,3507.34,3104.58,47.79,TQQQ_50,Bearish RSI divergence,8486.57,84.87,99.44,469.68
2014-01-27,TQQQ_50,18224.72,9367.43,7804.4322,0.0,3509.02,3510.21,3107.65,43.36,TQQQ_50,Downside buffer hold: NDX 3509.0 above buffer (3468.8),8224.72,82.25,97.61,453.11
2014-01-28,TQQQ_50,18222.79,9368.58,7804.4322,0.0,3505.72,3512.21,3110.71,42.93,TQQQ_50,Downside buffer hold: NDX 3505.7 above buffer (3471.5),8222.79,82.23,97.42,452.92
2014-01-29,CASH,17944.75,17944.75,0.0,0.0,3467.82,3513.27,3113.66,38.18,CASH,Downside breakdown: NDX 3467.8 broke below exit buffer (3471.1),7944.75,79.45,95.29,435.48
2014-01-30,CASH,17946.96,17946.96,0.0,0.0,3532.41,3515.46,3116.73,48.61,CASH,Re-entry buffer: NDX 3532.4 below threshold (3560.4),7946.96,79.47,98.93,463.71
2014-01-31,CASH,17949.17,17949.17,0.0,0.0,3521.92,3518.13,3119.96,47.21,CASH,Re-entry buffer: NDX 3521.9 below threshold (3564.4),7949.17,79.49,98.34,459.76
2014-02-03,CASH,17955.81,17955.81,0.0,0.0,3440.5,3519.37,3122.7,38.09,CASH,Downside breakdown: NDX 3440.5 broke below exit buffer (3471.2),7955.81,79.56,93.75,422.67
2014-02-04,CASH,17958.02,17958.02,0.0,0.0,3470.2,3521.43,3125.59,42.46,CASH,Downside breakdown: NDX 3470.2 broke below exit buffer (3475.3),7958.02,79.58,95.42,432.88
2014-02-05,CASH,17960.24,17960.24,0.0,0.0,3454.9,3522.48,3128.43,40.86,CASH,Downside breakdown: NDX 3454.9 broke below exit buffer (3475.1),7960.24,79.6,94.56,427.97
2014-02-06,CASH,17962.45,17962.45,0.0,0.0,3497.6,3523.99,3131.32,46.87,CASH,Holding cash,7962.45,79.62,96.97,448.2
2014-02-07,CASH,17964.67,17964.67,0.0,0.0,3561.91,3526.68,3134.47,54.39,CASH,Re-entry buffer: NDX 3561.9 below threshold (3578.8),7964.67,79.65,100.59,477.29
2014-02-10,TQQQ_100,17971.31,0.0,14898.4153,0.0,3582.11,3529.4,3137.74,56.48,TQQQ_100,"Bull trend confirmed: Price > SMA50 & SMA250, RSI 56.5",7971.31,79.71,101.72,487.89
2014-02-11,TQQQ_100,18586.75,0.0,14898.4153,0.0,3621.72,3532.43,3141.14,60.31,TQQQ_100,"Bull trend confirmed: Price > SMA50 & SMA250, RSI 60.3",8586.75,85.87,103.96,508.02
2014-02-12,TQQQ_100,18675.09,0.0,14898.4153,0.0,3627.36,3535.22,3144.56,60.84,TQQQ_100,"Bull trend confirmed: Price > SMA50 & SMA250, RSI 60.8",8675.09,86.75,104.27,510.91
2014-02-13,TQQQ_100,19155.07,0.0,14898.4153,0.0,3659.56,3538.79,3148.14,63.8,TQQQ_100,"Bull trend confirmed: Price > SMA50 & SMA250, RSI 63.8",9155.07,91.55,106.09,526.61
2014-02-14,TQQQ_100,19211.02,0.0,14898.4153,0.0,3663.88,3542.48,3151.66,64.19,TQQQ_100,"Bull trend confirmed: Price > SMA50 & SMA250, RSI 64.2",9211.02,92.11,106.33,528.44
2014-02-18,TQQQ_100,19511.38,0.0,14898.4153,0.0,3679.43,3546.41,3155.42,65.63,TQQQ_100,"Bull trend confirmed: Price > SMA50 & SMA250, RSI 65.6",9511.38,95.11,107.21,538.27
2014-02-19,TQQQ_100,19084.39,0.0,14898.4153,0.0,3652.85,3549.91,3159.19,61.11,TQQQ_100,"Bull trend confirmed: Price > SMA50 & SMA250, RSI 61.1",9084.39,90.84,105.71,524.3
2014-02-20,TQQQ_100,19361.2,0.0,14898.4153,0.0,3671.93,3553.26,3162.92,63.08,TQQQ_100,"Bull trend confirmed: Price > SMA50 & SMA250, RSI 63.1",9361.2,93.61,106.78,533.35
2014-02-21,TQQQ_100,19261.08,0.0,14898.4153,0.0,3662.6,3556.19,3166.77,61.44,TQQQ_100,"Bull trend confirmed: Price > SMA50 & SMA250, RSI 61.4",9261.08,92.61,106.26,530.08
2014-02-24,TQQQ_100,19599.72,0.0,14898.4153,0.0,3685.81,3559.62,3170.66,63.95,TQQQ_100,"Bull trend confirmed: Price > SMA50 & SMA250, RSI 63.9",9599.72,96.0,107.56,541.16
2014-02-25,TQQQ_100,19529.05,0.0,14898.4153,0.0,3679.14,3563.83,3174.41,62.68,TQQQ_100,"Bull trend confirmed: Price > SMA50 & SMA250, RSI 62.7",9529.05,95.29,107.19,538.84
2014-02-26,TQQQ_100,19464.26,0.0,14898.4153,0.0,3676.6,3568.15,3178.17,62.18,TQQQ_100,"Bull trend confirmed: Price > SMA50 & SMA250, RSI 62.2",9464.26,94.64,107.05,536.72
2014-02-27,TQQQ_100,19847.07,0.0,14898.4153,0.0,3699.8,3573.02,3181.97,64.95,TQQQ_100,"Bull trend confirmed: Price > SMA50 & SMA250, RSI 64.9",9847.07,98.47,108.35,549.25
2014-02-28,TQQQ_100,19746.94,0.0,14898.4153,0.0,3696.1,3577.43,3185.72,64.14,TQQQ_100,"Bull trend confirmed: Price > SMA50 & SMA250, RSI 64.1",9746.94,97.47,108.14,545.97
2014-03-03,TQQQ_100,19314.08,0.0,14898.4153,0.0,3668.37,3581.41,3189.2,58.3,TQQQ_100,"Bull trend confirmed: Price > SMA50 & SMA250, RSI 58.3",9314.08,93.14,106.58,531.81
2014-03-04,TQQQ_50,20091.47,10045.74,7449.2076,0.0,3719.93,3585.61,3192.91,64.73,TQQQ_50,Bearish RSI divergence,10091.47,100.91,109.49,557.24
2014-03-05,TQQQ_50,20175.16,10046.97,7449.2076,0.0,3727.19,3590.19,3196.62,65.54,TQQQ_50,Bearish RSI divergence,10175.16,101.75,109.9,562.64
2014-03-06,TQQQ_50,20138.12,10048.21,7449.2076,0.0,3720.93,3593.98,3200.28,64.18,TQQQ_50,Bearish RSI divergence,10138.12,101.38,109.54,560.13
2014-03-07,TQQQ_50,19995.07,10049.45,7449.2076,0.0,3703.4,3596.66,3203.85,60.39,TQQQ_50,Bearish RSI divergence,9995.07,99.95,108.56,550.69
2014-03-10,TQQQ_50,20019.4,10053.17,7449.2076,0.0,3706.34,3599.33,3207.47,60.81,TQQQ_50,Bearish RSI divergence,10019.4,100.19,108.72,552.04
2014-03-11,TQQQ_50,19896.96,10054.41,7449.2076,0.0,3691.5,3601.47,3211.04,57.52,TQQQ_50,Bearish RSI divergence,9896.96,98.97,107.89,543.95
2014-03-12,TQQQ_50,20008.63,10055.65,7449.2076,0.0,3707.06,3604.13,3214.64,59.96,TQQQ_50,Bearish RSI divergence,10008.63,100.09,108.76,551.17
2014-03-13,TQQQ_50,19587.31,10056.89,7449.2076,0.0,3651.49,3605.76,3218.05,49.08,TQQQ_50,Bearish RSI divergence,9587.31,95.87,105.63,523.53
2014-03-14,TQQQ_50,19392.72,10058.13,7449.2076,0.0,3627.87,3606.48,3221.39,45.32,TQQQ_50,Bearish RSI divergence,9392.72,93.93,104.3,510.72
2014-03-17,TQQQ_50,19645.27,10061.85,7449.2076,0.0,3662.51,3608.45,3224.89,51.23,TQQQ_50,Bearish RSI divergence,9645.27,96.45,106.25,527.0
2014-03-18,TQQQ_100,19991.04,0.0,14999.81,0.0,3706.62,3611.81,3228.5,57.52,TQQQ_100,"Bull trend confirmed: Price > SMA50 & SMA250, RSI 57.5",9991.04,99.91,108.74,549.54
2014-03-19,TQQQ_100,19661.96,0.0,14999.81,0.0,3682.74,3614.93,3232.13,53.5,TQQQ_100,"Bull trend confirmed: Price > SMA50 & SMA250, RSI 53.5",9661.96,96.62,107.39,538.84
2014-03-20,TQQQ_100,19816.12,0.0,14999.81,0.0,3693.97,3617.65,3235.7,55.09,TQQQ_100,"Bull trend confirmed: Price > SMA50 & SMA250, RSI 55.1",9816.12,98.16,108.02,543.85
2014-03-21,TQQQ_100,19089.75,0.0,14999.81,0.0,3653.07,3619.36,3239.16,48.57,TQQQ_100,"Bull trend confirmed: Price > SMA50 & SMA250, RSI 48.6",9089.75,90.9,105.72,520.25
2014-03-24,TQQQ_100,18609.47,0.0,14999.81,0.0,3617.39,3620.66,3242.4,43.71,TQQQ_100,Downside buffer hold: NDX 3617.4 above buffer (3573.2),8609.47,86.09,103.71,504.65
2014-03-25,TQQQ_100,18781.44,0.0,14999.81,0.0,3629.73,3621.95,3245.68,45.73,TQQQ_100,"Bull trend confirmed: Price > SMA50 & SMA250, RSI 45.7",8781.44,87.81,104.41,510.24
2014-03-26,TQQQ_100,18066.94,0.0,14999.81,0.0,3582.89,3623.35,3248.74,39.87,TQQQ_100,Downside buffer hold: NDX 3582.9 above buffer (3569.9),8066.94,80.67,101.77,487.02
2014-03-27,CASH,17746.75,17746.75,0.0,0.0,3563.13,3623.0,3251.8,37.68,CASH,Downside breakdown: NDX 3563.1 broke below exit buffer (3569.5),7746.75,77.47,100.66,476.62
2014-03-28,CASH,17748.93,17748.93,0.0,0.0,3571.49,3622.23,3254.8,39.2,CASH,Holding cash,7748.93,77.49,101.13,480.37
2014-03-31,CASH,17755.5,17755.5,0.0,0.0,3595.74,3621.92,3258.01,43.52,CASH,Holding cash,7755.5,77.55,102.49,491.93
2014-04-01,CASH,17757.69,17757.69,0.0,0.0,3658.4,3623.27,3261.46,52.83,CASH,Re-entry buffer: NDX 3658.4 below threshold (3679.9),7757.69,77.58,106.02,524.01
2014-04-02,CASH,17759.88,17759.88,0.0,0.0,3665.99,3624.23,3265.04,53.82,CASH,Re-entry buffer: NDX 3666.0 below threshold (3676.8),7759.88,77.6,106.45,528.92
2014-04-03,CASH,17762.07,17762.07,0.0,0.0,3637.58,3624.43,3268.44,49.61,CASH,Re-entry buffer: NDX 3637.6 below threshold (3679.0),7762.07,77.62,104.85,514.09
2014-04-04,CASH,17764.26,17764.26,0.0,0.0,3539.38,3622.94,3271.38,38.42,CASH,Downside breakdown: NDX 3539.4 broke below exit buffer (3562.6),7764.26,77.64,99.32,465.35
2014-04-07,CASH,17770.83,17770.83,0.0,0.0,3507.75,3622.27,3273.98,35.64,CASH,Downside breakdown: NDX 3507.8 broke below exit buffer (3560.3),7770.83,77.71,97.54,448.39
2014-04-08,CASH,17773.02,17773.02,0.0,0.0,3538.23,3622.85,3276.69,40.14,CASH,Downside breakdown: NDX 3538.2 broke below exit buffer (3561.1),7773.02,77.73,99.25,463.71
2014-04-09,CASH,17775.21,17775.21,0.0,0.0,3600.44,3624.75,3279.67,48.13,CASH,Holding cash,7775.21,77.75,102.76,492.61
2014-04-10,CASH,17777.4,17777.4,0.0,0.0,3487.76,3625.14,3282.43,38.19,CASH,Downside breakdown: NDX 3487.8 broke below exit buffer (3558.3),7777.4,77.77,96.41,437.89
2014-04-11,CASH,17779.59,17779.59,0.0,0.0,3446.85,3623.43,3284.86,35.34,CASH,Downside breakdown: NDX 3446.9 broke below exit buffer (3557.9),7779.59,77.8,94.11,419.11
2014-04-14,CASH,17786.17,17786.17,0.0,0.0,3474.63,3622.49,3287.63,38.69,CASH,Downside breakdown: NDX 3474.6 broke below exit buffer (3557.6),7786.17,77.86,95.67,430.76
2014-04-15,CASH,17788.36,17788.36,0.0,0.0,3487.85,3623.43,3290.62,40.27,CASH,Downside breakdown: NDX 3487.9 broke below exit buffer (3557.1),7788.36,77.88,96.42,436.06
2014-04-16,CASH,17790.55,17790.55,0.0,0.0,3533.09,3624.69,3293.63,45.47,CASH,Downside breakdown: NDX 3533.1 broke below exit buffer (3558.8),7790.55,77.91,98.96,456.87
2014-04-17,CASH,17792.75,17792.75,0.0,0.0,3534.53,3626.28,3296.53,45.63,CASH,Downside breakdown: NDX 3534.5 broke below exit buffer (3561.0),7792.75,77.93,99.05,457.16
2014-04-21,CASH,17801.52,17801.52,0.0,0.0,3559.95,3627.53,3299.42,48.54,CASH,Downside breakdown: NDX 3559.9 broke below exit buffer (3563.2),7801.52,78.02,100.48,469.78
2014-04-22,CASH,17803.72,17803.72,0.0,0.0,3588.81,3628.07,3302.44,51.7,CASH,Holding cash,7803.72,78.04,102.1,483.74
2014-04-23,CASH,17805.91,17805.91,0.0,0.0,3557.04,3627.57,3305.28,48.19,CASH,Downside breakdown: NDX 3557.0 broke below exit buffer (3564.6),7805.91,78.06,100.31,467.85
2014-04-24,CASH,17808.11,17808.11,0.0,0.0,3591.03,3626.95,3308.28,51.95,CASH,Holding cash,7808.11,78.08,102.23,484.61
2014-04-25,CASH,17810.3,17810.3,0.0,0.0,3533.1,3625.07,3310.94,45.85,CASH,Downside breakdown: NDX 3533.1 broke below exit buffer (3566.7),7810.3,78.1,98.96,456.39
2014-04-28,CASH,17816.89,17816.89,0.0,0.0,3545.03,3622.78,3313.57,47.22,CASH,Downside breakdown: NDX 3545.0 broke below exit buffer (3563.5),7816.89,78.17,99.64,462.36
2014-04-29,CASH,17819.09,17819.09,0.0,0.0,3573.99,3620.98,3316.38,50.51,CASH,Holding cash,7819.09,78.19,101.27,474.79
2014-04-30,CASH,17821.28,17821.28,0.0,0.0,3582.02,3619.03,3319.06,51.41,CASH,Holding cash,7821.28,78.21,101.72,479.89
2014-05-01,CASH,17823.48,17823.48,0.0,0.0,3594.36,3617.86,3321.66,52.83,CASH,Holding cash,7823.48,78.23,102.41,485.09
2014-05-02,CASH,17825.68,17825.68,0.0,0.0,3587.64,3616.18,3324.19,51.94,CASH,Holding cash,7825.68,78.26,102.04,482.2
2014-05-05,CASH,17832.27,17832.27,0.0,0.0,3605.09,3615.03,3326.8,54.11,CASH,Holding cash,7832.27,78.32,103.02,490.49
2014-05-06,CASH,17834.47,17834.47,0.0,0.0,3556.51,3612.44,3329.15,47.66,CASH,Downside breakdown: NDX 3556.5 broke below exit buffer (3566.9),7834.47,78.34,100.28,467.66
2014-05-07,CASH,17836.67,17836.67,0.0,0.0,3546.47,3609.79,3331.49,46.43,CASH,Downside breakdown: NDX 3546.5 broke below exit buffer (3563.1),7836.67,78.37,99.72,462.55
2014-05-08,CASH,17838.87,17838.87,0.0,0.0,3540.42,3607.06,3333.73,45.66,CASH,Downside breakdown: NDX 3540.4 broke below exit buffer (3559.0),7838.87,78.39,99.38,460.63
2014-05-09,CASH,17841.07,17841.07,0.0,0.0,3555.7,3604.18,3336.02,48.0,CASH,Holding cash,7841.07,78.41,100.24,467.18
2014-05-12,CASH,17847.66,17847.66,0.0,0.0,3612.73,3602.51,3338.49,55.65,CASH,Re-entry buffer: NDX 3612.7 below threshold (3652.5),7847.66,78.48,103.45,494.82
2014-05-13,CASH,17849.86,17849.86,0.0,0.0,3611.13,3601.37,3340.92,55.4,CASH,Re-entry buffer: NDX 3611.1 below threshold (3650.4),7849.86,78.5,103.36,496.07
2014-05-14,CASH,17852.07,17852.07,0.0,0.0,3593.25,3598.84,3343.3,52.6,CASH,Holding cash,7852.07,78.52,102.35,487.21
2014-05-15,CASH,17854.27,17854.27,0.0,0.0,3565.17,3595.6,3345.44,48.46,CASH,Holding cash,7854.27,78.54,100.77,473.63
2014-05-16,CASH,17856.47,17856.47,0.0,0.0,3587.2,3592.92,3347.71,51.67,CASH,Holding cash,7856.47,78.56,102.01,484.32
2014-05-19,CASH,17863.07,17863.07,0.0,0.0,3615.62,3591.17,3350.07,55.53,CASH,Re-entry buffer: NDX 3615.6 below threshold (3635.1),7863.07,78.63,103.61,496.85
2014-05-20,CASH,17865.27,17865.27,0.0,0.0,3600.31,3589.05,3352.47,53.07,CASH,Re-entry buffer: NDX 3600.3 below threshold (3633.1),7865.27,78.65,102.75,490.3
2014-05-21,TQQQ_100,17867.48,0.0,14346.8825,0.0,3635.61,3587.93,3355.05,57.72,TQQQ_100,"Bull trend confirmed: Price > SMA50 & SMA250, RSI 57.7",7867.48,78.67,104.74,506.96
2014-05-22,TQQQ_100,18088.66,0.0,14346.8825,0.0,3650.86,3586.8,3357.69,59.58,TQQQ_100,"Bull trend confirmed: Price > SMA50 & SMA250, RSI 59.6",8088.66,80.89,105.6,514.47
2014-05-23,TQQQ_100,18494.17,0.0,14346.8825,0.0,3677.33,3587.32,3360.35,62.65,TQQQ_100,"Bull trend confirmed: Price > SMA50 & SMA250, RSI 62.7",8494.17,84.94,107.09,528.25
2014-05-27,TQQQ_100,19188.91,0.0,14346.8825,0.0,3723.07,3589.22,3363.26,67.28,TQQQ_100,"Bull trend confirmed: Price > SMA50 & SMA250, RSI 67.3",9188.91,91.89,109.66,551.85
2014-05-28,TQQQ_100,19007.42,0.0,14346.8825,0.0,3712.26,3590.22,3366.06,65.22,TQQQ_100,"Bull trend confirmed: Price > SMA50 & SMA250, RSI 65.2",9007.42,90.07,109.05,545.68
2014-05-29,TQQQ_100,19393.08,0.0,14346.8825,0.0,3735.72,3590.8,3369.08,67.54,TQQQ_100,"Bull trend confirmed: Price > SMA50 & SMA250, RSI 67.5",9393.08,93.93,110.38,558.78
2014-05-30,TQQQ_100,19376.06,0.0,14346.8825,0.0,3736.82,3591.88,3372.06,67.65,TQQQ_100,"Bull trend confirmed: Price > SMA50 & SMA250, RSI 67.7",9376.06,93.76,110.44,558.21
2014-06-02,TQQQ_100,19327.85,0.0,14346.8825,0.0,3732.96,3592.66,3375.1,66.81,TQQQ_100,"Bull trend confirmed: Price > SMA50 & SMA250, RSI 66.8",9327.85,93.28,110.22,556.57
2014-06-03,TQQQ_100,19299.5,0.0,14346.8825,0.0,3730.07,3594.2,3378.27,66.14,TQQQ_100,"Bull trend confirmed: Price > SMA50 & SMA250, RSI 66.1",9299.5,92.99,110.06,555.61
2014-06-04,TQQQ_100,19503.67,0.0,14346.8825,0.0,3743.59,3596.73,3381.44,67.76,TQQQ_100,"Bull trend confirmed: Price > SMA50 & SMA250, RSI 67.8",9503.67,95.04,110.82,562.54
2014-06-05,TQQQ_100,20011.24,0.0,14346.8825,0.0,3776.95,3599.67,3384.59,71.41,TQQQ_100,"Bull trend confirmed: Price > SMA50 & SMA250, RSI 71.4",10011.24,100.11,112.7,579.78
2014-06-06,TQQQ_100,20334.51,0.0,14346.8825,0.0,3794.57,3603.9,3387.8,73.13,TQQQ_100,"Bull trend confirmed: Price > SMA50 & SMA250, RSI 73.1",10334.51,103.35,113.69,590.76
2014-06-09,TQQQ_100,20297.64,0.0,14346.8825,0.0,3795.74,3608.56,3391.15,73.25,TQQQ_100,"Bull trend confirmed: Price > SMA50 & SMA250, RSI 73.2",10297.64,102.98,113.76,589.51
2014-06-10,TQQQ_100,20413.91,0.0,14346.8825,0.0,3800.86,3613.14,3394.65,73.78,TQQQ_100,"Bull trend confirmed: Price > SMA50 & SMA250, RSI 73.8",10413.91,104.14,114.04,593.46
2014-06-11,TQQQ_100,20382.71,0.0,14346.8825,0.0,3797.85,3617.19,3397.99,72.86,TQQQ_100,"Bull trend confirmed: Price > SMA50 & SMA250, RSI 72.9",10382.71,103.83,113.87,592.4
2014-06-12,TQQQ_100,19849.61,0.0,14346.8825,0.0,3763.8,3619.29,3401.27,63.29,TQQQ_100,"Bull trend confirmed: Price > SMA50 & SMA250, RSI 63.3",9849.61,98.5,111.96,574.29
2014-06-13,TQQQ_100,19985.72,0.0,14346.8825,0.0,3775.56,3621.49,3404.48,65.0,TQQQ_100,"Bull trend confirmed: Price > SMA50 & SMA250, RSI 65.0",9985.72,99.86,112.62,578.92
2014-06-16,TQQQ_100,20059.45,0.0,14346.8825,0.0,3779.93,3624.33,3407.62,65.64,TQQQ_100,"Bull trend confirmed: Price > SMA50 & SMA250, RSI 65.6",10059.45,100.59,112.87,581.42
2014-06-17,TQQQ_100,20087.8,0.0,14346.8825,0.0,3781.32,3629.17,3410.91,65.85,TQQQ_100,"Bull trend confirmed: Price > SMA50 & SMA250, RSI 65.9",10087.8,100.88,112.94,582.38
2014-06-18,TQQQ_100,20453.6,0.0,14346.8825,0.0,3804.61,3635.11,3414.56,69.31,TQQQ_100,"Bull trend confirmed: Price > SMA50 & SMA250, RSI 69.3",10453.6,104.54,114.25,594.81
2014-06-19,TQQQ_100,20374.21,0.0,14346.8825,0.0,3800.8,3640.36,3418.26,68.09,TQQQ_100,"Bull trend confirmed: Price > SMA50 & SMA250, RSI 68.1",10374.21,103.74,114.04,592.11
2014-06-20,TQQQ_100,20447.94,0.0,14346.8825,0.0,3802.64,3644.4,3422.07,68.38,TQQQ_100,"Bull trend confirmed: Price > SMA50 & SMA250, RSI 68.4",10447.94,104.48,114.14,594.62
2014-06-23,TQQQ_100,20470.61,0.0,14346.8825,0.0,3805.31,3650.76,3425.83,68.82,TQQQ_100,"Bull trend confirmed: Price > SMA50 & SMA250, RSI 68.8",10470.61,104.71,114.29,595.39
2014-06-24,TQQQ_50,20413.91,10206.96,7173.4413,0.0,3799.53,3657.81,3429.45,66.66,TQQQ_50,Bearish RSI divergence,10413.91,104.14,113.97,593.46
2014-06-25,TQQQ_50,20602.63,10208.22,7173.4413,0.0,3827.33,3664.86,3433.13,71.32,TQQQ_50,Bearish RSI divergence,10602.63,106.03,115.53,606.2
2014-06-26,TQQQ_50,20632.26,10209.47,7173.4413,0.0,3826.91,3671.64,3436.8,71.16,TQQQ_50,Bearish RSI divergence,10632.26,106.32,115.51,608.13
2014-06-27,TQQQ_100,20737.03,0.0,14131.8293,0.0,3844.44,3677.87,3440.47,73.83,TQQQ_100,"Bull trend confirmed: Price > SMA50 & SMA250, RSI 73.8",10737.03,107.37,116.5,615.16
2014-06-30,TQQQ_100,20890.69,0.0,14131.8293,0.0,3849.48,3684.17,3444.15,74.56,TQQQ_100,"Bull trend confirmed: Price > SMA50 & SMA250, RSI 74.6",10890.69,108.91,116.78,620.46
2014-07-01,TQQQ_30,21591.88,15114.31,4239.5488,0.0,3894.33,3690.86,3447.96,79.92,TQQQ_30,Overextended: RSI 79.9 >= 75,11591.88,115.92,119.31,644.64
2014-07-02,TQQQ_30,21618.88,15116.18,4239.5488,0.0,3899.27,3697.07,3451.71,80.41,TQQQ_30,Overextended: RSI 80.4 >= 75,11618.88,116.19,119.59,647.53
2014-07-03,TQQQ_30,21745.62,15118.04,4239.5488,0.0,3923.01,3704.39,3455.53,82.61,TQQQ_30,Overextended: RSI 82.6 >= 75,11745.62,117.46,120.92,661.89
2014-07-07,TQQQ_30,21689.39,15125.5,4239.5488,0.0,3910.71,3710.78,3459.24,77.75,TQQQ_30,Overextended: RSI 77.7 >= 75,11689.39,116.89,120.23,654.56
2014-07-08,TQQQ_30,21462.45,15127.36,4239.5488,0.0,3864.07,3717.4,3462.69,62.68,TQQQ_30,Trim lock active,11462.45,114.62,117.6,628.26
2014-07-09,TQQQ_30,21607.63,15129.23,4239.5488,0.0,3892.91,3724.36,3466.03,66.94,TQQQ_30,Trim lock active,11607.63,116.08,119.23,644.74
2014-07-10,TQQQ_30,21548.31,15131.09,4239.5488,0.0,3880.04,3730.48,3469.23,63.46,TQQQ_30,Trim lock active,11548.31,115.48,118.5,637.7
2014-07-11,TQQQ_30,21661.65,15132.96,4239.5488,0.0,3904.58,3736.93,3472.53,66.99,TQQQ_30,Trim lock active,11661.65,116.62,119.88,650.52
2014-07-14,TQQQ_30,21792.12,15138.56,4239.5488,0.0,3929.46,3743.63,3475.94,70.14,TQQQ_30,Trim lock active,11792.12,117.92,121.29,664.87
2014-07-15,TQQQ_30,21724.42,15140.42,4239.5488,0.0,3914.46,3750.17,3479.25,66.05,TQQQ_30,Trim lock active,11724.42,117.24,120.44,656.88
2014-07-16,TQQQ_30,21800.88,15142.29,4239.5488,0.0,3932.33,3756.71,3482.67,68.41,TQQQ_30,Trim lock active,11800.88,118.01,121.45,665.45
2014-07-17,TQQQ_30,21537.07,15144.15,4239.5488,0.0,3878.01,3763.14,3486.0,55.71,TQQQ_30,Trim lock active,11537.07,115.37,118.39,634.91
2014-07-18,TQQQ_50,21841.49,10920.74,6914.9817,0.0,3939.89,3771.01,3489.54,63.93,TQQQ_50,Bearish RSI divergence,11841.49,118.41,121.87,669.69
2014-07-21,TQQQ_50,21805.88,10924.78,6914.9817,0.0,3934.14,3778.88,3493.15,62.76,TQQQ_50,Bearish RSI divergence,11805.88,118.06,121.55,666.89
2014-07-22,TQQQ_50,22023.22,10926.13,6914.9817,0.0,3961.62,3787.0,3496.84,65.96,TQQQ_50,Bearish RSI divergence,12023.22,120.23,123.1,682.12
2014-07-23,TQQQ_50,22232.34,10927.48,6914.9817,0.0,3986.19,3794.47,3500.53,68.55,TQQQ_50,Bearish RSI divergence,12232.34,122.32,124.48,696.76
2014-07-24,TQQQ_50,22194.05,10928.82,6914.9817,0.0,3983.19,3801.91,3504.16,67.87,TQQQ_50,Bearish RSI divergence,12194.05,121.94,124.31,693.97
2014-07-25,TQQQ_50,22057.33,10930.17,6914.9817,0.0,3965.17,3809.35,3507.75,63.77,TQQQ_50,Bearish RSI divergence,12057.33,120.57,123.3,684.24
2014-07-28,TQQQ_50,22075.05,10934.21,6914.9817,0.0,3967.24,3817.39,3511.27,64.04,TQQQ_50,Bearish RSI divergence,12075.05,120.75,123.41,685.2
2014-07-29,TQQQ_50,22020.35,10935.56,6914.9817,0.0,3959.03,3824.83,3514.75,62.08,TQQQ_50,Bearish RSI divergence,12020.35,120.2,122.95,681.25
2014-07-30,TQQQ_50,22154.29,10936.91,6914.9817,0.0,3976.07,3832.04,3518.15,64.51,TQQQ_50,Bearish RSI divergence,12154.29,121.54,123.91,690.6
2014-07-31,TQQQ_50,21472.15,10938.26,6914.9817,0.0,3892.5,3837.88,3521.14,48.18,TQQQ_50,Bearish RSI divergence,11472.15,114.72,119.2,642.42
2014-08-01,TQQQ_50,21351.84,10939.61,6914.9817,0.0,3879.67,3842.76,3524.09,46.25,TQQQ_50,Bearish RSI divergence,11351.84,113.52,118.48,633.85
2014-08-04,TQQQ_50,21569.13,10943.65,6914.9817,0.0,3908.77,3847.92,3527.24,51.05,TQQQ_50,Bearish RSI divergence,11569.13,115.69,120.12,648.88
2014-08-05,TQQQ_50,21321.69,10945.0,6914.9817,0.0,3874.94,3851.87,3530.26,45.91,TQQQ_50,Bearish RSI divergence,11321.69,113.22,118.22,631.34
2014-08-06,TQQQ_100,21305.27,0.0,14222.0971,0.0,3874.27,3854.9,3533.24,45.81,TQQQ_100,"Bull trend confirmed: Price > SMA50 & SMA250, RSI 45.8",11305.27,113.05,118.18,630.09
2014-08-07,TQQQ_100,21100.04,0.0,14222.0971,0.0,3857.94,3857.81,3536.2,43.38,TQQQ_100,"Bull trend confirmed: Price > SMA50 & SMA250, RSI 43.4",11100.04,111.0,117.26,623.06
2014-08-08,TQQQ_100,21549.87,0.0,14222.0971,0.0,3888.09,3860.86,3539.24,48.79,TQQQ_100,"Bull trend confirmed: Price > SMA50 & SMA250, RSI 48.8",11549.87,115.5,118.96,638.47
2014-08-11,TQQQ_100,21940.66,0.0,14222.0971,0.0,3910.46,3864.33,3542.32,52.43,TQQQ_100,"Bull trend confirmed: Price > SMA50 & SMA250, RSI 52.4",11940.66,119.41,120.22,651.87
2014-08-12,TQQQ_100,21890.05,0.0,14222.0971,0.0,3905.23,3867.78,3545.42,51.51,TQQQ_100,"Bull trend confirmed: Price > SMA50 & SMA250, RSI 51.5",11890.05,118.9,119.92,650.13
2014-08-13,TQQQ_100,22601.36,0.0,14222.0971,0.0,3949.2,3872.16,3548.92,58.16,TQQQ_100,"Bull trend confirmed: Price > SMA50 & SMA250, RSI 58.2",12601.36,126.01,122.4,674.51
2014-08-14,TQQQ_100,22949.98,0.0,14222.0971,0.0,3969.11,3876.67,3552.5,60.79,TQQQ_100,"Bull trend confirmed: Price > SMA50 & SMA250, RSI 60.8",12949.98,129.5,123.52,686.45
2014-08-15,TQQQ_50,23262.05,11631.02,7111.0485,0.0,3987.51,3880.88,3556.17,63.09,TQQQ_50,Bearish RSI divergence,13262.05,132.62,124.55,697.15
2014-08-18,TQQQ_50,23547.5,11635.33,7111.0485,0.0,4020.5,3885.4,3559.92,66.85,TQQQ_50,Bearish RSI divergence,13547.5,135.47,126.41,716.42
2014-08-19,TQQQ_100,23754.16,0.0,13940.0325,0.0,4040.13,3890.29,3563.8,68.88,TQQQ_100,"Bull trend confirmed: Price > SMA50 & SMA250, RSI 68.9",13754.16,137.54,127.52,730.48
2014-08-20,TQQQ_100,23754.16,0.0,13940.0325,0.0,4040.71,3895.09,3567.55,68.95,TQQQ_100,"Bull trend confirmed: Price > SMA50 & SMA250, RSI 68.9",13754.16,137.54,127.55,730.48
2014-08-21,TQQQ_100,23889.21,0.0,13940.0325,0.0,4047.03,3900.07,3571.24,69.64,TQQQ_100,"Bull trend confirmed: Price > SMA50 & SMA250, RSI 69.6",13889.21,138.89,127.91,735.2
2014-08-22,TQQQ_100,23982.89,0.0,13940.0325,0.0,4052.75,3905.85,3574.96,70.29,TQQQ_100,"Bull trend confirmed: Price > SMA50 & SMA250, RSI 70.3",13982.89,139.83,128.23,738.48
2014-08-25,TQQQ_100,24250.19,0.0,13940.0325,0.0,4067.48,3911.69,3579.0,71.94,TQQQ_100,"Bull trend confirmed: Price > SMA50 & SMA250, RSI 71.9",14250.19,142.5,129.06,747.82
2014-08-26,TQQQ_100,24332.87,0.0,13940.0325,0.0,4071.67,3917.52,3582.99,72.41,TQQQ_100,"Bull trend confirmed: Price > SMA50 & SMA250, RSI 72.4",14332.87,143.33,129.29,750.71
2014-08-27,TQQQ_100,24335.63,0.0,13940.0325,0.0,4073.18,3923.36,3586.91,72.59,TQQQ_100,"Bull trend confirmed: Price > SMA50 & SMA250, RSI 72.6",14335.63,143.36,129.38,750.81
2014-08-28,TQQQ_100,24236.42,0.0,13940.0325,0.0,4066.27,3928.59,3590.88,70.35,TQQQ_100,"Bull trend confirmed: Price > SMA50 & SMA250, RSI 70.3",14236.42,142.36,128.99,747.34
2014-08-29,TQQQ_100,24520.26,0.0,13940.0325,0.0,4082.56,3934.23,3594.85,72.51,TQQQ_100,"Bull trend confirmed: Price > SMA50 & SMA250, RSI 72.5",14520.26,145.2,129.91,757.27
2014-09-02,TQQQ_100,24724.19,0.0,13940.0325,0.0,4095.81,3940.09,3598.73,74.16,TQQQ_100,"Bull trend confirmed: Price > SMA50 & SMA250, RSI 74.2",14724.19,147.24,130.65,764.39
2014-09-03,TQQQ_100,24299.8,0.0,13940.0325,0.0,4070.96,3945.4,3602.49,66.14,TQQQ_100,"Bull trend confirmed: Price > SMA50 & SMA250, RSI 66.1",14299.8,143.0,129.25,749.56
2014-09-04,TQQQ_100,24222.64,0.0,13940.0325,0.0,4066.13,3950.73,3606.23,64.68,TQQQ_100,"Bull trend confirmed: Price > SMA50 & SMA250, RSI 64.7",14222.64,142.23,128.98,746.86
2014-09-05,TQQQ_100,24597.41,0.0,13940.0325,0.0,4089.92,3955.99,3609.91,68.39,TQQQ_100,"Bull trend confirmed: Price > SMA50 & SMA250, RSI 68.4",14597.41,145.97,130.32,759.96
2014-09-08,TQQQ_100,24721.42,0.0,13940.0325,0.0,4095.47,3961.36,3613.55,69.2,TQQQ_100,"Bull trend confirmed: Price > SMA50 & SMA250, RSI 69.2",14721.42,147.21,130.63,764.3
2014-09-09,TQQQ_100,24120.68,0.0,13940.0325,0.0,4061.88,3965.71,3617.08,59.27,TQQQ_100,"Bull trend confirmed: Price > SMA50 & SMA250, RSI 59.3",14120.68,141.21,128.74,743.3
2014-09-10,TQQQ_100,24680.08,0.0,13940.0325,0.0,4094.97,3970.62,3620.75,64.65,TQQQ_100,"Bull trend confirmed: Price > SMA50 & SMA250, RSI 64.7",14680.08,146.8,130.61,762.85
2014-09-11,TQQQ_100,24660.8,0.0,13940.0325,0.0,4092.65,3974.58,3624.41,64.02,TQQQ_100,"Bull trend confirmed: Price > SMA50 & SMA250, RSI 64.0",14660.8,146.61,130.48,762.18
2014-09-12,TQQQ_100,24272.24,0.0,13940.0325,0.0,4069.23,3977.98,3628.01,57.81,TQQQ_100,"Bull trend confirmed: Price > SMA50 & SMA250, RSI 57.8",14272.24,142.72,129.16,748.59
2014-09-15,TQQQ_100,23541.98,0.0,13940.0325,0.0,4029.89,3980.12,3631.37,49.18,TQQQ_100,"Bull trend confirmed: Price > SMA50 & SMA250, RSI 49.2",13541.98,135.42,126.94,723.06
2014-09-16,TQQQ_100,24178.56,0.0,13940.0325,0.0,4067.27,3983.25,3634.71,55.91,TQQQ_100,"Bull trend confirmed: Price > SMA50 & SMA250, RSI 55.9",14178.56,141.79,129.05,745.32
2014-09-17,TQQQ_100,24297.05,0.0,13940.0325,0.0,4073.57,3987.44,3638.06,56.95,TQQQ_100,"Bull trend confirmed: Price > SMA50 & SMA250, RSI 56.9",14297.05,142.97,129.4,749.46
2014-09-18,TQQQ_50,24820.63,12410.31,6970.0163,0.0,4103.08,3991.64,3641.57,61.51,TQQQ_50,Bearish RSI divergence,14820.63,148.21,131.06,767.77
2014-09-19,TQQQ_50,24794.6,12411.84,6970.0163,0.0,4100.09,3996.05,3645.09,60.81,TQQQ_50,Bearish RSI divergence,14794.6,147.95,130.89,765.84
2014-09-22,TQQQ_50,24462.99,12416.43,6970.0163,0.0,4061.23,3999.18,3648.46,52.42,TQQQ_50,Bearish RSI divergence,14462.99,144.63,128.71,742.33
2014-09-23,TQQQ_50,24359.81,12417.97,6970.0163,0.0,4051.57,4001.62,3651.84,50.56,TQQQ_50,Bearish RSI divergence,14359.81,143.6,128.16,735.01
2014-09-24,TQQQ_50,24748.52,12419.5,6970.0163,0.0,4094.31,4005.22,3655.28,57.73,TQQQ_50,Bearish RSI divergence,14748.52,147.49,130.57,762.08
2014-09-25,TQQQ_50,23967.43,12421.03,6970.0163,0.0,4007.82,4006.73,3658.39,43.87,TQQQ_50,Bearish RSI divergence,13967.43,139.67,125.7,707.36
2014-09-26,TQQQ_50,24338.23,12422.56,6970.0163,0.0,4053.72,4010.24,3661.73,50.64,TQQQ_50,Bearish RSI divergence,14338.23,143.38,128.28,733.18
2014-09-29,TQQQ_50,24302.86,12427.15,6970.0163,0.0,4047.18,4012.39,3664.9,49.72,TQQQ_50,Bearish RSI divergence,14302.86,143.03,127.92,730.39
2014-09-30,TQQQ_50,24348.49,12428.69,6970.0163,0.0,4049.45,4014.69,3668.09,50.06,TQQQ_50,Bearish RSI divergence,14348.49,143.48,128.04,733.47
2014-10-01,TQQQ_50,23779.59,12430.22,6970.0163,0.0,3984.74,4015.16,3671.17,41.47,TQQQ_50,Downside buffer hold: NDX 3984.7 above buffer (3965.7),13779.59,137.8,124.4,693.58
2014-10-02,TQQQ_50,23775.61,12431.75,6970.0163,0.0,3985.87,4015.15,3674.15,41.66,TQQQ_50,Downside buffer hold: NDX 3985.9 above buffer (3963.8),13775.61,137.76,124.46,693.2
2014-10-03,TQQQ_100,24118.85,0.0,14386.0191,0.0,4027.31,4016.03,3677.39,48.23,TQQQ_100,"Bull trend confirmed: Price > SMA50 & SMA250, RSI 48.2",14118.85,141.19,126.8,717.09
2014-10-06,TQQQ_100,23953.9,0.0,14386.0191,0.0,4016.27,4017.05,3680.84,46.72,TQQQ_100,Downside buffer hold: NDX 4016.3 above buffer (3967.0),13953.9,139.54,126.17,711.5
2014-10-07,CASH,22941.49,22941.49,0.0,0.0,3958.59,4016.88,3684.11,39.72,CASH,Downside breakdown: NDX 3958.6 broke below exit buffer (3965.7),12941.49,129.41,122.93,677.2
2014-10-08,CASH,22944.32,22944.32,0.0,0.0,4041.12,4018.52,3687.43,51.03,CASH,Re-entry buffer: NDX 4041.1 below threshold (4075.4),12944.32,129.44,127.57,722.1
2014-10-09,CASH,22947.14,22947.14,0.0,0.0,3969.32,4018.39,3690.37,43.4,CASH,Holding cash,12947.14,129.47,123.53,681.15
2014-10-10,CASH,22949.97,22949.97,0.0,0.0,3870.86,4017.95,3692.83,35.55,CASH,Downside breakdown: NDX 3870.9 broke below exit buffer (3955.0),12949.97,129.5,117.99,622.67
2014-10-13,CASH,22958.46,22958.46,0.0,0.0,3808.0,4016.52,3695.08,31.62,CASH,Downside breakdown: NDX 3808.0 broke below exit buffer (3949.3),12958.46,129.58,114.45,588.86
2014-10-14,CASH,22961.29,22961.29,0.0,0.0,3810.45,4014.56,3697.2,31.94,CASH,Downside breakdown: NDX 3810.4 broke below exit buffer (3947.0),12961.29,129.61,114.58,590.11
2014-10-15,CASH,22964.12,22964.12,0.0,0.0,3785.97,4012.78,3699.14,30.42,CASH,Downside breakdown: NDX 3786.0 broke below exit buffer (3943.5),12964.12,129.64,113.21,575.37
2014-10-16,CASH,22966.95,22966.95,0.0,0.0,3765.28,4010.6,3700.78,29.17,CASH,Downside breakdown: NDX 3765.3 broke below exit buffer (3938.4),12966.95,129.67,112.04,564.87
2014-10-17,CASH,22969.79,22969.79,0.0,0.0,3815.47,4009.75,3702.6,36.07,CASH,Downside breakdown: NDX 3815.5 broke below exit buffer (3935.0),12969.79,129.7,114.87,590.88
2014-10-20,CASH,22978.28,22978.28,0.0,0.0,3870.08,4009.39,3704.61,42.62,CASH,Downside breakdown: NDX 3870.1 broke below exit buffer (3932.6),12978.28,129.78,117.94,620.65
2014-10-21,CASH,22981.11,22981.11,0.0,0.0,3971.39,4010.6,3707.11,52.37,CASH,Holding cash,12981.11,129.81,123.65,677.01
2014-10-22,CASH,22983.95,22983.95,0.0,0.0,3949.59,4011.49,3709.46,50.39,CASH,Holding cash,12983.95,129.84,122.42,664.97
2014-10-23,CASH,22986.78,22986.78,0.0,0.0,4012.27,4012.75,3711.98,55.6,CASH,Holding cash,12986.78,129.87,125.95,699.94
2014-10-24,CASH,22989.62,22989.62,0.0,0.0,4042.02,4014.21,3714.61,57.86,CASH,Re-entry buffer: NDX 4042.0 below threshold (4093.2),12989.62,129.9,127.62,718.34
2014-10-27,CASH,22998.12,22998.12,0.0,0.0,4046.02,4015.38,3717.23,58.17,CASH,Re-entry buffer: NDX 4046.0 below threshold (4092.6),12998.12,129.98,127.85,721.43
2014-10-28,TQQQ_100,23000.95,0.0,13063.0797,0.0,4106.63,4017.1,3720.12,62.63,TQQQ_100,"Bull trend confirmed: Price > SMA50 & SMA250, RSI 62.6",13000.95,130.01,131.26,758.13
2014-10-29,TQQQ_100,22724.64,0.0,13063.0797,0.0,4090.55,4018.11,3722.97,60.78,TQQQ_100,"Bull trend confirmed: Price > SMA50 & SMA250, RSI 60.8",12724.64,127.25,130.36,747.82
2014-10-30,TQQQ_100,22866.67,0.0,13063.0797,0.0,4100.64,4019.31,3725.85,61.55,TQQQ_100,"Bull trend confirmed: Price > SMA50 & SMA250, RSI 61.5",12866.67,128.67,130.93,753.12
2014-10-31,TQQQ_100,23809.22,0.0,13063.0797,0.0,4158.21,4021.54,3728.94,65.68,TQQQ_100,"Bull trend confirmed: Price > SMA50 & SMA250, RSI 65.7",13809.22,138.09,134.17,788.29
2014-11-03,TQQQ_100,24054.55,0.0,13063.0797,0.0,4169.28,4023.87,3732.07,66.43,TQQQ_100,"Bull trend confirmed: Price > SMA50 & SMA250, RSI 66.4",14054.55,140.55,134.79,797.44
2014-11-04,TQQQ_100,23798.9,0.0,13063.0797,0.0,4156.23,4025.64,3735.15,64.64,TQQQ_100,"Bull trend confirmed: Price > SMA50 & SMA250, RSI 64.6",13798.9,137.99,134.06,787.9
2014-11-05,TQQQ_100,23796.32,0.0,13063.0797,0.0,4153.27,4027.27,3738.48,64.22,TQQQ_100,"Bull trend confirmed: Price > SMA50 & SMA250, RSI 64.2",13796.32,137.96,133.89,787.81
2014-11-06,TQQQ_100,24000.32,0.0,13063.0797,0.0,4164.08,4029.09,3741.67,65.11,TQQQ_100,"Bull trend confirmed: Price > SMA50 & SMA250, RSI 65.1",14000.32,140.0,134.5,795.42
2014-11-07,TQQQ_100,23940.92,0.0,13063.0797,0.0,4160.5,4030.98,3744.86,64.54,TQQQ_100,"Bull trend confirmed: Price > SMA50 & SMA250, RSI 64.5",13940.92,139.41,134.3,793.2
2014-11-10,TQQQ_100,24186.25,0.0,13063.0797,0.0,4175.95,4032.84,3748.1,65.94,TQQQ_100,"Bull trend confirmed: Price > SMA50 & SMA250, RSI 65.9",14186.25,141.86,135.17,802.35
2014-11-11,TQQQ_100,24416.09,0.0,13063.0797,0.0,4187.16,4034.67,3751.22,66.96,TQQQ_100,"Bull trend confirmed: Price > SMA50 & SMA250, RSI 67.0",14416.09,144.16,135.8,810.93
2014-11-12,TQQQ_100,24550.36,0.0,13063.0797,0.0,4195.4,4037.16,3754.35,67.72,TQQQ_100,"Bull trend confirmed: Price > SMA50 & SMA250, RSI 67.7",14550.36,145.5,136.26,815.94
2014-11-13,TQQQ_100,24865.41,0.0,13063.0797,0.0,4213.48,4040.11,3757.51,69.4,TQQQ_100,"Bull trend confirmed: Price > SMA50 & SMA250, RSI 69.4",14865.41,148.65,137.28,827.69
2014-11-14,TQQQ_100,25095.23,0.0,13063.0797,0.0,4224.99,4042.81,3760.85,70.45,TQQQ_100,"Bull trend confirmed: Price > SMA50 & SMA250, RSI 70.4",15095.23,150.95,137.93,836.27
2014-11-17,TQQQ_100,24860.24,0.0,13063.0797,0.0,4213.79,4045.17,3764.2,68.0,TQQQ_100,"Bull trend confirmed: Price > SMA50 & SMA250, RSI 68.0",14860.24,148.6,137.3,827.5
2014-11-18,TQQQ_100,25418.03,0.0,13063.0797,0.0,4242.19,4048.78,3767.7,70.77,TQQQ_100,"Bull trend confirmed: Price > SMA50 & SMA250, RSI 70.8",15418.03,154.18,138.9,848.31
2014-11-19,TQQQ_100,25095.23,0.0,13063.0797,0.0,4222.66,4051.33,3770.98,66.51,TQQQ_100,"Bull trend confirmed: Price > SMA50 & SMA250, RSI 66.5",15095.23,150.95,137.8,836.27
2014-11-20,TQQQ_100,25428.36,0.0,13063.0797,0.0,4242.09,4054.32,3774.26,68.54,TQQQ_100,"Bull trend confirmed: Price > SMA50 & SMA250, RSI 68.5",15428.36,154.28,138.89,848.7
2014-11-21,TQQQ_100,25611.7,0.0,13063.0797,0.0,4251.32,4057.96,3777.55,69.49,TQQQ_100,"Bull trend confirmed: Price > SMA50 & SMA250, RSI 69.5",15611.7,156.12,139.41,855.54
2014-11-24,TQQQ_100,26190.15,0.0,13063.0797,0.0,4284.32,4063.05,3780.91,72.66,TQQQ_100,"Bull trend confirmed: Price > SMA50 & SMA250, RSI 72.7",16190.15,161.9,141.27,877.12
2014-11-25,TQQQ_100,26275.37,0.0,13063.0797,0.0,4288.23,4067.47,3784.18,73.01,TQQQ_100,"Bull trend confirmed: Price > SMA50 & SMA250, RSI 73.0",16275.37,162.75,141.49,880.3
2014-11-26,TQQQ_30,26812.5,18768.75,3918.9239,0.0,4317.99,4072.36,3787.5,75.63,TQQQ_30,Overextended: RSI 75.6 >= 75,16812.5,168.13,143.17,900.34
2014-11-28,TQQQ_30,26937.21,18773.38,3918.9239,0.0,4337.79,4077.05,3790.92,77.21,TQQQ_30,Overextended: RSI 77.2 >= 75,16937.21,169.37,144.28,915.27
2014-12-01,TQQQ_30,26642.79,18780.32,3918.9239,0.0,4287.81,4080.81,3794.16,65.63,TQQQ_30,Trim lock active,16642.79,166.43,141.47,877.79
2014-12-02,TQQQ_30,26729.55,18782.64,3918.9239,0.0,4305.96,4085.7,3797.45,67.54,TQQQ_30,Trim lock active,16729.55,167.3,142.49,888.29
2014-12-03,TQQQ_30,26803.91,18784.95,3918.9239,0.0,4312.93,4090.93,3800.79,68.26,TQQQ_30,Trim lock active,16803.91,168.04,142.88,897.25
2014-12-04,TQQQ_30,26782.21,18787.27,3918.9239,0.0,4311.93,4095.28,3804.02,68.03,TQQQ_30,Trim lock active,16782.21,167.82,142.82,894.27
2014-12-05,TQQQ_30,26789.95,18789.59,3918.9239,0.0,4311.57,4101.36,3807.2,67.94,TQQQ_30,Trim lock active,16789.95,167.9,142.8,894.94
2014-12-08,TQQQ_30,26624.14,18796.53,3918.9239,0.0,4278.34,4105.85,3810.26,59.98,TQQQ_30,Trim lock active,16624.14,166.24,140.93,873.46
2014-12-09,TQQQ_100,26702.38,0.0,13240.2369,0.0,4294.67,4110.8,3813.56,62.31,TQQQ_100,"Bull trend confirmed: Price > SMA50 & SMA250, RSI 62.3",16702.38,167.02,141.85,882.9
2014-12-10,TQQQ_100,25409.4,0.0,13240.2369,0.0,4224.87,4114.31,3816.62,49.11,TQQQ_100,"Bull trend confirmed: Price > SMA50 & SMA250, RSI 49.1",15409.4,154.09,137.92,835.3
2014-12-11,TQQQ_100,25807.24,0.0,13240.2369,0.0,4246.48,4119.54,3819.78,52.47,TQQQ_100,"Bull trend confirmed: Price > SMA50 & SMA250, RSI 52.5",15807.24,158.07,139.14,849.95
2014-12-12,TQQQ_100,24953.97,0.0,13240.2369,0.0,4199.28,4123.81,3822.68,45.42,TQQQ_100,"Bull trend confirmed: Price > SMA50 & SMA250, RSI 45.4",14953.97,149.54,136.48,818.54
2014-12-15,TQQQ_100,24205.41,0.0,13240.2369,0.0,4157.41,4126.41,3825.43,40.26,TQQQ_100,"Bull trend confirmed: Price > SMA50 & SMA250, RSI 40.3",14205.41,142.05,134.12,790.99
2014-12-16,TQQQ_100,23004.04,0.0,13240.2369,0.0,4089.6,4127.88,3827.75,33.59,TQQQ_100,Downside buffer hold: NDX 4089.6 above buffer (4072.2),13004.04,130.04,130.3,746.76
2014-12-17,TQQQ_100,24239.43,0.0,13240.2369,0.0,4165.1,4132.01,3830.41,44.59,TQQQ_100,"Bull trend confirmed: Price > SMA50 & SMA250, RSI 44.6",14239.43,142.39,134.56,792.24
2014-12-18,TQQQ_100,26016.62,0.0,13240.2369,0.0,4267.77,4136.54,3833.36,55.41,TQQQ_100,"Bull trend confirmed: Price > SMA50 & SMA250, RSI 55.4",16016.62,160.17,140.34,857.65
2014-12-19,TQQQ_100,26307.15,0.0,13240.2369,0.0,4281.78,4142.79,3836.21,56.65,TQQQ_100,"Bull trend confirmed: Price > SMA50 & SMA250, RSI 56.6",16307.15,163.07,141.13,868.35
2014-12-22,TQQQ_100,26549.82,0.0,13240.2369,0.0,4293.67,4151.25,3839.09,57.73,TQQQ_100,"Bull trend confirmed: Price > SMA50 & SMA250, RSI 57.7",16549.82,165.5,141.8,877.28
2014-12-23,TQQQ_100,26295.89,0.0,13240.2369,0.0,4279.3,4160.68,3841.87,55.92,TQQQ_100,"Bull trend confirmed: Price > SMA50 & SMA250, RSI 55.9",16295.89,162.96,140.99,867.94
2014-12-24,TQQQ_100,26350.86,0.0,13240.2369,0.0,4283.1,4170.13,3844.71,56.31,TQQQ_100,"Bull trend confirmed: Price > SMA50 & SMA250, RSI 56.3",16350.86,163.51,141.2,869.96
2014-12-26,TQQQ_100,26884.9,0.0,13240.2369,0.0,4314.09,4180.69,3847.68,59.46,TQQQ_100,"Bull trend confirmed: Price > SMA50 & SMA250, RSI 59.5",16884.9,168.85,142.95,889.62
2014-12-29,TQQQ_50,26890.13,13445.07,6620.1184,0.0,4312.64,4191.64,3850.57,59.24,TQQQ_50,Bearish RSI divergence,16890.13,168.9,142.86,889.81
2014-12-30,TQQQ_50,26614.3,13446.72,6620.1184,0.0,4282.35,4200.98,3853.44,54.78,TQQQ_50,Bearish RSI divergence,16614.3,166.14,141.16,869.38
2014-12-31,TQQQ_50,26203.66,13448.38,6620.1184,0.0,4236.28,4208.3,3856.23,48.77,TQQQ_50,Bearish RSI divergence,16203.66,162.04,138.56,839.03
2015-01-02,TQQQ_50,26102.26,13451.7,6620.1184,0.0,4230.24,4213.48,3859.04,48.02,TQQQ_50,Bearish RSI divergence,16102.26,161.02,138.22,831.32
2015-01-05,TQQQ_50,25537.87,13456.67,6620.1184,0.0,4160.96,4217.7,3861.46,40.41,TQQQ_50,Downside buffer hold: NDX 4161.0 above buffer (4159.6),15537.87,155.38,134.32,789.4
2015-01-06,CASH,25060.46,25060.46,0.0,0.0,4110.83,4219.68,3863.63,35.96,CASH,Downside breakdown: NDX 4110.8 broke below exit buffer (4161.9),15060.46,150.6,131.5,754.13
2015-01-07,CASH,25063.55,25063.55,0.0,0.0,4160.0,4222.03,3866.06,42.63,CASH,Downside breakdown: NDX 4160.0 broke below exit buffer (4167.3),15063.55,150.64,134.27,786.99
2015-01-08,CASH,25066.64,25066.64,0.0,0.0,4240.55,4225.93,3868.76,51.53,CASH,Re-entry buffer: NDX 4240.5 below threshold (4280.7),15066.64,150.67,138.8,837.58
2015-01-09,CASH,25069.73,25069.73,0.0,0.0,4213.28,4228.06,3871.56,48.77,CASH,Holding cash,15069.73,150.7,137.27,818.6
2015-01-12,CASH,25079.01,25079.01,0.0,0.0,4169.97,4229.65,3873.92,44.68,CASH,Downside breakdown: NDX 4170.0 broke below exit buffer (4175.8),15079.01,150.79,134.83,790.37
2015-01-13,CASH,25082.1,25082.1,0.0,0.0,4166.2,4230.96,3876.15,44.33,CASH,Downside breakdown: NDX 4166.2 broke below exit buffer (4170.5),15082.1,150.82,134.62,789.59
2015-01-14,CASH,25085.19,25085.19,0.0,0.0,4145.84,4230.71,3878.28,42.41,CASH,Downside breakdown: NDX 4145.8 broke below exit buffer (4168.6),15085.19,150.85,133.47,775.91
2015-01-15,CASH,25088.28,25088.28,0.0,0.0,4089.65,4229.12,3880.28,37.56,CASH,Downside breakdown: NDX 4089.6 broke below exit buffer (4162.4),15088.28,150.88,130.31,741.13
2015-01-16,CASH,25091.38,25091.38,0.0,0.0,4142.14,4228.84,3882.38,44.0,CASH,Downside breakdown: NDX 4142.1 broke below exit buffer (4160.3),15091.38,150.91,133.26,771.09
2015-01-20,CASH,25103.75,25103.75,0.0,0.0,4171.21,4229.19,3884.55,47.24,CASH,Holding cash,15103.75,151.04,134.9,790.37
2015-01-21,CASH,25106.85,25106.85,0.0,0.0,4192.09,4229.76,3886.86,49.51,CASH,Holding cash,15106.85,151.07,136.08,804.05
2015-01-22,CASH,25109.94,25109.94,0.0,0.0,4270.36,4231.95,3889.78,56.96,CASH,Re-entry buffer: NDX 4270.4 below threshold (4308.2),15109.94,151.1,140.48,854.35
2015-01-23,CASH,25113.04,25113.04,0.0,0.0,4278.14,4234.0,3892.86,57.63,CASH,Re-entry buffer: NDX 4278.1 below threshold (4307.7),15113.04,151.13,140.92,860.71
2015-01-26,CASH,25122.33,25122.33,0.0,0.0,4275.72,4235.77,3895.94,57.33,CASH,Re-entry buffer: NDX 4275.7 below threshold (4305.8),15122.33,151.22,140.79,858.59
2015-01-27,CASH,25125.42,25125.42,0.0,0.0,4165.5,4235.17,3898.73,45.71,CASH,Holding cash,15125.42,151.25,134.58,784.39
2015-01-28,CASH,25128.52,25128.52,0.0,0.0,4140.38,4233.71,3901.16,43.54,CASH,Downside breakdown: NDX 4140.4 broke below exit buffer (4158.3),15128.52,151.29,133.16,769.17
2015-01-29,CASH,25131.62,25131.62,0.0,0.0,4181.35,4232.83,3903.8,47.88,CASH,Holding cash,15131.62,151.32,135.47,794.32
2015-01-30,CASH,25134.72,25134.72,0.0,0.0,4148.43,4231.53,3906.63,44.9,CASH,Downside breakdown: NDX 4148.4 broke below exit buffer (4156.2),15134.72,151.35,133.62,773.79
2015-02-02,CASH,25144.01,25144.01,0.0,0.0,4188.59,4230.46,3909.5,49.07,CASH,Holding cash,15144.01,151.44,135.88,796.73
2015-02-03,CASH,25147.11,25147.11,0.0,0.0,4229.15,4230.58,3912.6,52.94,CASH,Holding cash,15147.11,151.47,138.16,821.2
2015-02-04,CASH,25150.21,25150.21,0.0,0.0,4221.2,4230.17,3915.49,52.11,CASH,Holding cash,15150.21,151.5,137.71,818.79
2015-02-05,CASH,25153.31,25153.31,0.0,0.0,4256.18,4230.26,3918.27,55.44,CASH,Re-entry buffer: NDX 4256.2 below threshold (4299.3),15153.31,151.53,139.68,843.17
2015-02-06,CASH,25156.42,25156.42,0.0,0.0,4228.68,4229.15,3920.86,52.35,CASH,Holding cash,15156.42,151.56,138.14,826.02
2015-02-09,CASH,25165.72,25165.72,0.0,0.0,4216.09,4227.71,3923.23,50.96,CASH,Holding cash,15165.72,151.66,137.43,815.8
2015-02-10,CASH,25168.82,25168.82,0.0,0.0,4281.16,4226.97,3925.85,57.31,CASH,Re-entry buffer: NDX 4281.2 below threshold (4293.2),15168.82,151.69,141.09,859.65
2015-02-11,TQQQ_100,25171.93,0.0,12641.5866,0.0,4297.28,4226.16,3928.4,58.73,TQQQ_100,"Bull trend confirmed: Price > SMA50 & SMA250, RSI 58.7",15171.93,151.72,142.0,870.44
2015-02-12,TQQQ_100,26051.73,0.0,12641.5866,0.0,4347.97,4227.37,3931.14,62.93,TQQQ_100,"Bull trend confirmed: Price > SMA50 & SMA250, RSI 62.9",16051.73,160.52,144.85,904.36
2015-02-13,TQQQ_100,26709.08,0.0,12641.5866,0.0,4384.03,4228.93,3933.95,65.6,TQQQ_100,"Bull trend confirmed: Price > SMA50 & SMA250, RSI 65.6",16709.08,167.09,146.88,929.7
2015-02-17,TQQQ_100,26781.57,0.0,12641.5866,0.0,4385.34,4230.37,3936.88,65.7,TQQQ_100,"Bull trend confirmed: Price > SMA50 & SMA250, RSI 65.7",16781.57,167.82,146.96,932.5
2015-02-18,TQQQ_100,26896.54,0.0,12641.5866,0.0,4390.91,4231.95,3939.76,66.14,TQQQ_100,"Bull trend confirmed: Price > SMA50 & SMA250, RSI 66.1",16896.54,168.97,147.27,936.93
2015-02-19,TQQQ_100,27301.45,0.0,12641.5866,0.0,4411.86,4233.96,3942.76,67.8,TQQQ_100,"Bull trend confirmed: Price > SMA50 & SMA250, RSI 67.8",17301.45,173.01,148.45,952.54
2015-02-20,TQQQ_100,27826.34,0.0,12641.5866,0.0,4443.05,4237.25,3945.79,70.15,TQQQ_100,"Bull trend confirmed: Price > SMA50 & SMA250, RSI 70.1",17826.34,178.26,150.21,972.77
2015-02-23,TQQQ_100,27936.31,0.0,12641.5866,0.0,4449.49,4240.35,3948.87,70.62,TQQQ_100,"Bull trend confirmed: Price > SMA50 & SMA250, RSI 70.6",17936.31,179.36,150.57,977.01
2015-02-24,TQQQ_100,27993.79,0.0,12641.5866,0.0,4451.03,4244.87,3951.97,70.74,TQQQ_100,"Bull trend confirmed: Price > SMA50 & SMA250, RSI 70.7",17993.79,179.94,150.66,979.23
2015-02-25,TQQQ_100,27768.85,0.0,12641.5866,0.0,4440.59,4248.76,3954.93,68.69,TQQQ_100,"Bull trend confirmed: Price > SMA50 & SMA250, RSI 68.7",17768.85,177.69,150.07,970.56
2015-02-26,TQQQ_100,28191.27,0.0,12641.5866,0.0,4462.27,4254.02,3957.99,70.6,TQQQ_100,"Bull trend confirmed: Price > SMA50 & SMA250, RSI 70.6",18191.27,181.91,151.29,986.84
2015-02-27,TQQQ_100,27818.84,0.0,12641.5866,0.0,4440.67,4259.68,3961.08,66.27,TQQQ_100,"Bull trend confirmed: Price > SMA50 & SMA250, RSI 66.3",17818.84,178.19,150.07,972.49
2015-03-02,TQQQ_100,28568.67,0.0,12641.5866,0.0,4483.05,4267.55,3964.13,70.14,TQQQ_100,"Bull trend confirmed: Price > SMA50 & SMA250, RSI 70.1",18568.67,185.69,152.46,1001.39
2015-03-03,TQQQ_100,28158.76,0.0,12641.5866,0.0,4458.78,4273.42,3967.06,65.5,TQQQ_100,"Bull trend confirmed: Price > SMA50 & SMA250, RSI 65.5",18158.76,181.59,151.09,985.59
2015-03-04,TQQQ_100,27846.34,0.0,12641.5866,0.0,4445.36,4276.98,3969.96,63.02,TQQQ_100,"Bull trend confirmed: Price > SMA50 & SMA250, RSI 63.0",17846.34,178.46,150.34,973.55
2015-03-05,TQQQ_100,27968.8,0.0,12641.5866,0.0,4452.06,4280.38,3972.95,63.76,TQQQ_100,"Bull trend confirmed: Price > SMA50 & SMA250, RSI 63.8",17968.8,179.69,150.72,978.27
2015-03-06,TQQQ_100,27006.52,0.0,12641.5866,0.0,4399.23,4282.49,3975.72,54.52,TQQQ_100,"Bull trend confirmed: Price > SMA50 & SMA250, RSI 54.5",17006.52,170.07,147.74,941.17
2015-03-09,TQQQ_100,27266.45,0.0,12641.5866,0.0,4412.99,4285.17,3978.61,56.3,TQQQ_100,"Bull trend confirmed: Price > SMA50 & SMA250, RSI 56.3",17266.45,172.66,148.52,951.19
2015-03-10,TQQQ_50,25756.79,12878.4,6320.7933,0.0,4329.08,4286.09,3981.1,44.8,TQQQ_50,Bearish RSI divergence,15756.79,157.57,143.79,892.99
2015-03-11,TQQQ_50,25532.18,12879.99,6320.7933,0.0,4305.38,4285.91,3983.71,42.19,TQQQ_50,Bearish RSI divergence,15532.18,155.32,142.46,875.55
2015-03-12,TQQQ_50,25776.21,12881.57,6320.7933,0.0,4336.23,4286.38,3986.55,46.56,TQQQ_50,Bearish RSI divergence,15776.21,157.76,144.19,894.24
2015-03-13,TQQQ_50,25611.59,12883.16,6320.7933,0.0,4314.9,4287.03,3989.16,44.08,TQQQ_50,Bearish RSI divergence,15611.59,156.12,142.99,881.43
2015-03-16,TQQQ_100,26103.75,0.0,12484.7614,0.0,4370.47,4289.72,3991.81,51.36,TQQQ_100,"Bull trend confirmed: Price > SMA50 & SMA250, RSI 51.4",16103.75,161.04,146.12,919.01
2015-03-17,TQQQ_100,26249.39,0.0,12484.7614,0.0,4375.63,4292.63,3994.58,51.99,TQQQ_100,"Bull trend confirmed: Price > SMA50 & SMA250, RSI 52.0",16249.39,162.49,146.41,924.69
2015-03-18,TQQQ_100,27004.73,0.0,12484.7614,0.0,4422.5,4297.86,3997.5,57.35,TQQQ_100,"Bull trend confirmed: Price > SMA50 & SMA250, RSI 57.4",17004.73,170.05,149.05,954.18
2015-03-19,TQQQ_100,27135.56,0.0,12484.7614,0.0,4426.82,4304.18,4000.59,57.82,TQQQ_100,"Bull trend confirmed: Price > SMA50 & SMA250, RSI 57.8",17135.56,171.36,149.29,959.28
2015-03-20,TQQQ_100,27698.35,0.0,12484.7614,0.0,4458.54,4310.15,4003.96,61.19,TQQQ_100,"Bull trend confirmed: Price > SMA50 & SMA250, RSI 61.2",17698.35,176.98,151.08,981.25
2015-03-23,TQQQ_100,27466.32,0.0,12484.7614,0.0,4445.54,4314.25,4007.22,59.11,TQQQ_100,"Bull trend confirmed: Price > SMA50 & SMA250, RSI 59.1",17466.32,174.66,150.35,972.2
2015-03-24,TQQQ_100,27187.38,0.0,12484.7614,0.0,4430.99,4318.6,4010.61,56.78,TQQQ_100,"Bull trend confirmed: Price > SMA50 & SMA250, RSI 56.8",17187.38,171.87,149.53,961.31
2015-03-25,TQQQ_100,25291.68,0.0,12484.7614,0.0,4329.29,4321.79,4013.68,43.79,TQQQ_100,"Bull trend confirmed: Price > SMA50 & SMA250, RSI 43.8",15291.68,152.92,143.8,887.31
2015-03-26,TQQQ_100,25084.32,0.0,12484.7614,0.0,4315.26,4324.77,4016.65,42.35,TQQQ_100,Downside buffer hold: NDX 4315.3 above buffer (4271.8),15084.32,150.84,143.01,879.21
2015-03-27,TQQQ_100,25326.25,0.0,12484.7614,0.0,4332.86,4328.51,4019.6,44.8,TQQQ_100,"Bull trend confirmed: Price > SMA50 & SMA250, RSI 44.8",15326.25,153.26,144.0,888.65
2015-03-30,TQQQ_100,26237.2,0.0,12484.7614,0.0,4382.82,4334.37,4022.5,51.15,TQQQ_100,"Bull trend confirmed: Price > SMA50 & SMA250, RSI 51.2",16237.2,162.37,146.82,924.22
2015-03-31,TQQQ_100,25424.99,0.0,12484.7614,0.0,4333.69,4338.2,4025.17,45.6,TQQQ_100,Downside buffer hold: NDX 4333.7 above buffer (4286.7),15424.99,154.25,144.05,892.51
2015-04-01,TQQQ_100,24995.44,0.0,12484.7614,0.0,4311.26,4341.0,4027.87,43.29,TQQQ_100,Downside buffer hold: NDX 4311.3 above buffer (4288.7),14995.44,149.95,142.79,875.74
2015-04-02,TQQQ_100,25037.42,0.0,12484.7614,0.0,4316.01,4343.48,4030.97,43.93,TQQQ_100,Downside buffer hold: NDX 4316.0 above buffer (4293.5),15037.42,150.37,143.05,877.38
2015-04-06,TQQQ_100,25639.78,0.0,12484.7614,0.0,4350.98,4345.1,4034.34,48.59,TQQQ_100,"Bull trend confirmed: Price > SMA50 & SMA250, RSI 48.6",15639.78,156.4,145.02,900.89
2015-04-07,TQQQ_100,25521.27,0.0,12484.7614,0.0,4344.08,4346.41,4037.57,47.75,TQQQ_100,Downside buffer hold: NDX 4344.1 above buffer (4294.9),15521.27,155.21,144.63,896.27
2015-04-08,TQQQ_100,26128.57,0.0,12484.7614,0.0,4375.96,4348.42,4040.67,51.9,TQQQ_100,"Bull trend confirmed: Price > SMA50 & SMA250, RSI 51.9",16128.57,161.29,146.43,919.97
2015-04-09,TQQQ_100,26614.91,0.0,12484.7614,0.0,4403.95,4353.19,4044.33,55.26,TQQQ_100,"Bull trend confirmed: Price > SMA50 & SMA250, RSI 55.3",16614.91,166.15,148.01,938.96
2015-04-10,TQQQ_100,26933.36,0.0,12484.7614,0.0,4422.02,4358.82,4048.24,57.33,TQQQ_100,"Bull trend confirmed: Price > SMA50 & SMA250, RSI 57.3",16933.36,169.33,149.02,951.39
2015-04-13,TQQQ_100,26733.4,0.0,12484.7614,0.0,4409.21,4363.38,4051.97,55.37,TQQQ_100,"Bull trend confirmed: Price > SMA50 & SMA250, RSI 55.4",16733.4,167.33,148.3,943.59
2015-04-14,TQQQ_100,26503.81,0.0,12484.7614,0.0,4397.64,4368.36,4055.61,53.59,TQQQ_100,"Bull trend confirmed: Price > SMA50 & SMA250, RSI 53.6",16503.81,165.04,147.65,934.62
2015-04-15,TQQQ_100,26972.86,0.0,12484.7614,0.0,4424.53,4373.08,4059.18,57.05,TQQQ_100,"Bull trend confirmed: Price > SMA50 & SMA250, RSI 57.0",16972.86,169.73,149.17,952.93
2015-04-16,TQQQ_100,26879.04,0.0,12484.7614,0.0,4418.83,4376.87,4062.72,56.1,TQQQ_100,"Bull trend confirmed: Price > SMA50 & SMA250, RSI 56.1",16879.04,168.79,148.84,949.27
2015-04-17,TQQQ_100,25622.49,0.0,12484.7614,0.0,4351.8,4379.49,4065.88,46.29,TQQQ_100,Downside buffer hold: NDX 4351.8 above buffer (4334.7),15622.49,156.22,145.07,900.22
2015-04-20,TQQQ_100,26767.96,0.0,12484.7614,0.0,4417.4,4382.71,4069.2,54.65,TQQQ_100,"Bull trend confirmed: Price > SMA50 & SMA250, RSI 54.6",16767.96,167.68,148.76,944.93
2015-04-21,TQQQ_100,27111.11,0.0,12484.7614,0.0,4435.98,4386.86,4072.71,56.7,TQQQ_100,"Bull trend confirmed: Price > SMA50 & SMA250, RSI 56.7",17111.11,171.11,149.81,958.33
2015-04-22,TQQQ_100,27550.53,0.0,12484.7614,0.0,4460.81,4391.75,4076.19,59.35,TQQQ_100,"Bull trend confirmed: Price > SMA50 & SMA250, RSI 59.4",17550.53,175.51,151.21,975.48
2015-04-23,TQQQ_100,27881.35,0.0,12484.7614,0.0,4477.07,4395.67,4079.97,61.03,TQQQ_100,"Bull trend confirmed: Price > SMA50 & SMA250, RSI 61.0",17881.35,178.81,152.12,988.4
2015-04-24,TQQQ_100,28972.5,0.0,12484.7614,0.0,4536.78,4400.46,4083.94,66.51,TQQQ_100,"Bull trend confirmed: Price > SMA50 & SMA250, RSI 66.5",18972.5,189.72,155.49,1030.99
2015-04-27,TQQQ_100,28787.34,0.0,12484.7614,0.0,4525.04,4404.0,4087.74,64.59,TQQQ_100,"Bull trend confirmed: Price > SMA50 & SMA250, RSI 64.6",18787.34,187.87,154.83,1023.76
2015-04-28,TQQQ_100,28599.73,0.0,12484.7614,0.0,4515.27,4406.63,4091.47,62.96,TQQQ_100,"Bull trend confirmed: Price > SMA50 & SMA250, RSI 63.0",18599.73,186.0,154.28,1016.44
2015-04-29,TQQQ_100,28054.15,0.0,12484.7614,0.0,4488.15,4408.68,4095.05,58.54,TQQQ_100,"Bull trend confirmed: Price > SMA50 & SMA250, RSI 58.5",18054.15,180.54,152.75,995.14
2015-04-30,TQQQ_100,26735.86,0.0,12484.7614,0.0,4414.25,4409.15,4098.35,48.54,TQQQ_100,"Bull trend confirmed: Price > SMA50 & SMA250, RSI 48.5",16735.86,167.36,148.59,943.68
2015-05-01,TQQQ_100,27817.15,0.0,12484.7614,0.0,4479.06,4410.49,4101.85,55.69,TQQQ_100,"Bull trend confirmed: Price > SMA50 & SMA250, RSI 55.7",17817.15,178.17,152.24,985.89
2015-05-04,TQQQ_100,27915.89,0.0,12484.7614,0.0,4482.61,4411.28,4105.55,56.05,TQQQ_100,"Bull trend confirmed: Price > SMA50 & SMA250, RSI 56.0",17915.89,179.16,152.44,989.75
2015-05-05,TQQQ_100,26592.68,0.0,12484.7614,0.0,4409.39,4410.48,4109.01,47.48,TQQQ_100,Downside buffer hold: NDX 4409.4 above buffer (4353.7),16592.68,165.93,148.31,938.09
2015-05-06,TQQQ_100,26024.88,0.0,12484.7614,0.0,4379.75,4409.06,4112.36,44.51,TQQQ_100,Downside buffer hold: NDX 4379.8 above buffer (4347.9),16024.88,160.25,146.64,915.93
2015-05-07,TQQQ_100,26471.71,0.0,12484.7614,0.0,4401.55,4408.28,4115.75,47.13,TQQQ_100,Downside buffer hold: NDX 4401.5 above buffer (4350.3),16471.71,164.72,147.87,933.37
2015-05-08,TQQQ_100,27441.91,0.0,12484.7614,0.0,4458.65,4408.2,4119.13,53.34,TQQQ_100,"Bull trend confirmed: Price > SMA50 & SMA250, RSI 53.3",17441.91,174.42,151.09,971.24
2015-05-11,TQQQ_100,27140.74,0.0,12484.7614,0.0,4438.64,4408.16,4122.44,51.07,TQQQ_100,"Bull trend confirmed: Price > SMA50 & SMA250, RSI 51.1",17140.74,171.41,149.96,959.49
2015-05-12,TQQQ_100,26790.17,0.0,12484.7614,0.0,4420.65,4406.91,4125.75,49.06,TQQQ_100,"Bull trend confirmed: Price > SMA50 & SMA250, RSI 49.1",16790.17,167.9,148.95,945.8
2015-05-13,TQQQ_100,26928.42,0.0,12484.7614,0.0,4426.56,4406.27,4129.2,49.76,TQQQ_100,"Bull trend confirmed: Price > SMA50 & SMA250, RSI 49.8",16928.42,169.28,149.28,951.2
2015-05-14,TQQQ_100,28120.8,0.0,12484.7614,0.0,4495.04,4407.26,4132.83,57.13,TQQQ_100,"Bull trend confirmed: Price > SMA50 & SMA250, RSI 57.1",18120.8,181.21,153.14,997.75
2015-05-15,TQQQ_100,28118.33,0.0,12484.7614,0.0,4494.29,4408.11,4136.34,57.03,TQQQ_100,"Bull trend confirmed: Price > SMA50 & SMA250, RSI 57.0",18118.33,181.18,153.09,997.65
2015-05-18,TQQQ_100,28463.94,0.0,12484.7614,0.0,4512.95,4410.38,4139.99,58.93,TQQQ_100,"Bull trend confirmed: Price > SMA50 & SMA250, RSI 58.9",18463.94,184.64,154.14,1011.14
2015-05-19,TQQQ_100,28382.48,0.0,12484.7614,0.0,4503.72,4412.2,4143.46,57.57,TQQQ_100,"Bull trend confirmed: Price > SMA50 & SMA250, RSI 57.6",18382.48,183.82,153.62,1007.96
2015-05-20,TQQQ_100,28429.39,0.0,12484.7614,0.0,4505.3,4415.72,4146.88,57.75,TQQQ_100,"Bull trend confirmed: Price > SMA50 & SMA250, RSI 57.7",18429.39,184.29,153.71,1009.79
2015-05-21,TQQQ_100,28876.22,0.0,12484.7614,0.0,4529.47,4420.2,4150.29,60.5,TQQQ_100,"Bull trend confirmed: Price > SMA50 & SMA250, RSI 60.5",18876.22,188.76,155.08,1027.23
2015-05-22,TQQQ_50,28797.21,14398.61,6242.3807,0.0,4527.16,4424.02,4153.51,60.1,TQQQ_50,Bearish RSI divergence,18797.21,187.97,154.94,1024.15
2015-05-26,TQQQ_50,28305.64,14405.71,6242.3807,0.0,4472.96,4427.18,4156.55,51.45,TQQQ_50,Bearish RSI divergence,18305.64,183.06,151.89,985.22
2015-05-27,TQQQ_100,28976.43,0.0,12415.5795,0.0,4546.06,4430.7,4159.79,59.84,TQQQ_100,"Bull trend confirmed: Price > SMA50 & SMA250, RSI 59.8",18976.43,189.76,156.01,1037.45
2015-05-28,TQQQ_100,28762.85,0.0,12415.5795,0.0,4535.66,4433.9,4162.99,58.3,TQQQ_100,"Bull trend confirmed: Price > SMA50 & SMA250, RSI 58.3",18762.85,187.63,155.42,1029.06
2015-05-29,TQQQ_100,28276.76,0.0,12415.5795,0.0,4508.25,4435.61,4166.09,54.32,TQQQ_100,"Bull trend confirmed: Price > SMA50 & SMA250, RSI 54.3",18276.76,182.77,153.88,1009.98
2015-06-01,TQQQ_100,28524.72,0.0,12415.5795,0.0,4521.85,4437.51,4169.26,55.93,TQQQ_100,"Bull trend confirmed: Price > SMA50 & SMA250, RSI 55.9",18524.72,185.25,154.65,1019.72
2015-06-02,TQQQ_100,28264.48,0.0,12415.5795,0.0,4508.89,4438.52,4172.32,53.98,TQQQ_100,"Bull trend confirmed: Price > SMA50 & SMA250, RSI 54.0",18264.48,182.64,153.92,1009.5
2015-06-03,TQQQ_100,28512.44,0.0,12415.5795,0.0,4519.86,4440.0,4175.29,55.39,TQQQ_100,"Bull trend confirmed: Price > SMA50 & SMA250, RSI 55.4",18512.44,185.12,154.53,1019.24
2015-06-04,TQQQ_100,27891.32,0.0,12415.5795,0.0,4487.03,4441.13,4178.06,50.39,TQQQ_100,"Bull trend confirmed: Price > SMA50 & SMA250, RSI 50.4",17891.32,178.91,152.69,994.85
2015-06-05,TQQQ_50,27680.19,13840.1,6207.7897,0.0,4477.19,4444.08,4180.78,48.97,TQQQ_50,Bearish RSI divergence,17680.19,176.8,152.13,986.57
2015-06-08,TQQQ_50,27261.82,13845.22,6207.7897,0.0,4431.51,4446.41,4183.31,42.9,TQQQ_50,Downside buffer hold: NDX 4431.5 above buffer (4402.3),17261.82,172.62,149.56,953.32
2015-06-09,TQQQ_50,27197.24,13846.92,6207.7897,0.0,4427.61,4448.3,4185.83,42.41,TQQQ_50,Downside buffer hold: NDX 4427.6 above buffer (4402.4),17197.24,171.97,149.34,948.11
2015-06-10,TQQQ_100,27728.01,0.0,12401.8264,0.0,4485.46,4450.36,4188.71,51.2,TQQQ_100,"Bull trend confirmed: Price > SMA50 & SMA250, RSI 51.2",17728.01,177.28,152.6,989.65
2015-06-11,TQQQ_100,27880.05,0.0,12401.8264,0.0,4488.47,4453.45,4191.56,51.61,TQQQ_100,"Bull trend confirmed: Price > SMA50 & SMA250, RSI 51.6",17880.05,178.8,152.77,995.63
2015-06-12,TQQQ_100,27171.33,0.0,12401.8264,0.0,4453.79,4456.3,4194.26,46.7,TQQQ_100,Downside buffer hold: NDX 4453.8 above buffer (4408.6),17171.33,171.71,150.81,967.77
2015-06-15,TQQQ_100,26796.13,0.0,12401.8264,0.0,4432.92,4458.64,4196.87,43.99,TQQQ_100,Downside buffer hold: NDX 4432.9 above buffer (4411.8),16796.13,167.96,149.64,953.03
2015-06-16,TQQQ_100,27205.67,0.0,12401.8264,0.0,4455.9,4460.74,4199.47,47.6,TQQQ_100,Downside buffer hold: NDX 4455.9 above buffer (4416.9),17205.67,172.06,150.93,969.12
2015-06-17,TQQQ_100,27433.73,0.0,12401.8264,0.0,4468.98,4463.24,4202.14,49.59,TQQQ_100,"Bull trend confirmed: Price > SMA50 & SMA250, RSI 49.6",17433.73,174.34,151.67,978.09
2015-06-18,TQQQ_100,28593.67,0.0,12401.8264,0.0,4531.85,4466.36,4205.06,57.88,TQQQ_100,"Bull trend confirmed: Price > SMA50 & SMA250, RSI 57.9",18593.67,185.94,155.21,1023.67
2015-06-19,TQQQ_100,28157.15,0.0,12401.8264,0.0,4513.42,4468.54,4207.89,55.02,TQQQ_100,"Bull trend confirmed: Price > SMA50 & SMA250, RSI 55.0",18157.15,181.57,154.17,1006.51
2015-06-22,TQQQ_100,28836.44,0.0,12401.8264,0.0,4544.04,4470.98,4210.87,58.67,TQQQ_100,"Bull trend confirmed: Price > SMA50 & SMA250, RSI 58.7",18836.44,188.36,155.9,1033.21
2015-06-23,TQQQ_50,28907.56,14453.78,6200.9132,0.0,4548.74,4473.78,4213.76,59.22,TQQQ_50,Bearish RSI divergence,18907.56,189.08,156.16,1036.0
2015-06-24,TQQQ_100,28687.41,0.0,12499.3014,0.0,4524.6,4476.31,4216.55,55.18,TQQQ_100,"Bull trend confirmed: Price > SMA50 & SMA250, RSI 55.2",18687.41,186.87,154.8,1018.56
2015-06-25,TQQQ_100,28499.57,0.0,12499.3014,0.0,4514.01,4478.1,4219.23,53.46,TQQQ_100,"Bull trend confirmed: Price > SMA50 & SMA250, RSI 53.5",18499.57,185.0,154.2,1011.24
2015-06-26,TQQQ_100,27970.65,0.0,12499.3014,0.0,4484.28,4479.41,4221.76,48.85,TQQQ_100,"Bull trend confirmed: Price > SMA50 & SMA250, RSI 48.8",17970.65,179.71,152.53,990.61
2015-06-29,CASH,25993.41,25993.41,0.0,0.0,4379.87,4479.97,4223.71,36.83,CASH,Downside breakdown: NDX 4379.9 broke below exit buffer (4431.7),15993.41,159.93,146.65,913.52
2015-06-30,CASH,25996.62,25996.62,0.0,0.0,4396.76,4479.56,4225.7,39.43,CASH,Downside breakdown: NDX 4396.8 broke below exit buffer (4433.4),15996.62,159.97,147.6,925.08
2015-07-01,CASH,25999.82,25999.82,0.0,0.0,4429.23,4479.43,4227.72,44.18,CASH,Downside breakdown: NDX 4429.2 broke below exit buffer (4431.7),15999.82,160.0,149.43,946.09
2015-07-02,CASH,26003.03,26003.03,0.0,0.0,4433.39,4478.88,4229.81,44.77,CASH,Holding cash,16003.03,160.03,149.66,950.04
2015-07-06,CASH,26015.85,26015.85,0.0,0.0,4418.66,4477.71,4232.03,43.02,CASH,Downside breakdown: NDX 4418.7 broke below exit buffer (4431.3),16015.85,160.16,148.83,941.18
2015-07-07,CASH,26019.06,26019.06,0.0,0.0,4429.06,4475.56,4234.18,44.67,CASH,Holding cash,16019.06,160.19,149.42,946.48
2015-07-08,CASH,26022.27,26022.27,0.0,0.0,4351.58,4472.09,4236.06,36.25,CASH,Downside breakdown: NDX 4351.6 broke below exit buffer (4418.9),16022.27,160.22,145.06,894.05
2015-07-09,CASH,26025.47,26025.47,0.0,0.0,4352.03,4468.82,4237.85,36.33,CASH,Downside breakdown: NDX 4352.0 broke below exit buffer (4416.2),16025.47,160.25,145.08,891.16
2015-07-10,CASH,26028.68,26028.68,0.0,0.0,4420.15,4467.46,4239.81,46.58,CASH,Holding cash,16028.68,160.29,148.92,937.23
2015-07-13,CASH,26038.31,26038.31,0.0,0.0,4494.47,4469.07,4242.13,55.08,CASH,Re-entry buffer: NDX 4494.5 below threshold (4527.9),16038.31,160.38,153.1,990.23
2015-07-14,CASH,26041.52,26041.52,0.0,0.0,4523.47,4469.95,4244.5,57.89,CASH,Re-entry buffer: NDX 4523.5 below threshold (4530.3),16041.52,160.42,154.74,1012.1
2015-07-15,CASH,26044.73,26044.73,0.0,0.0,4528.36,4470.87,4247.1,58.37,CASH,Re-entry buffer: NDX 4528.4 below threshold (4530.6),16044.73,160.45,155.01,1017.4
2015-07-16,TQQQ_100,26047.94,0.0,10933.8431,0.0,4594.9,4474.58,4249.72,64.26,TQQQ_100,"Bull trend confirmed: Price > SMA50 & SMA250, RSI 64.3",16047.94,160.48,158.76,1061.06
2015-07-17,TQQQ_100,27239.21,0.0,10933.8431,0.0,4661.6,4480.22,4252.63,69.0,TQQQ_100,"Bull trend confirmed: Price > SMA50 & SMA250, RSI 69.0",17239.21,172.39,162.52,1114.16
2015-07-20,TQQQ_100,27544.05,0.0,10933.8431,0.0,4679.68,4485.78,4255.5,70.15,TQQQ_100,"Bull trend confirmed: Price > SMA50 & SMA250, RSI 70.2",17544.05,175.44,163.53,1127.75
2015-07-21,TQQQ_100,27468.38,0.0,10933.8431,0.0,4674.41,4490.09,4258.26,69.34,TQQQ_100,"Bull trend confirmed: Price > SMA50 & SMA250, RSI 69.3",17468.38,174.68,163.24,1124.37
2015-07-22,TQQQ_100,26566.82,0.0,10933.8431,0.0,4623.24,4493.79,4260.82,61.86,TQQQ_100,"Bull trend confirmed: Price > SMA50 & SMA250, RSI 61.9",16566.82,165.67,160.36,1084.19
2015-07-23,TQQQ_100,26249.01,0.0,10933.8431,0.0,4602.83,4497.43,4263.37,59.13,TQQQ_100,"Bull trend confirmed: Price > SMA50 & SMA250, RSI 59.1",16249.01,162.49,159.21,1070.02
2015-07-24,TQQQ_100,25503.11,0.0,10933.8431,0.0,4557.37,4500.05,4265.73,53.45,TQQQ_100,"Bull trend confirmed: Price > SMA50 & SMA250, RSI 53.5",15503.11,155.03,156.65,1036.77
2015-07-27,TQQQ_100,24848.02,0.0,10933.8431,0.0,4519.09,4500.53,4267.97,49.17,TQQQ_100,"Bull trend confirmed: Price > SMA50 & SMA250, RSI 49.2",14848.02,148.48,154.49,1007.57
2015-07-28,TQQQ_100,25503.11,0.0,10933.8431,0.0,4560.23,4501.85,4270.3,53.48,TQQQ_100,"Bull trend confirmed: Price > SMA50 & SMA250, RSI 53.5",15503.11,155.03,156.81,1036.77
2015-07-29,TQQQ_100,25788.5,0.0,10933.8431,0.0,4581.6,4503.22,4273.06,55.59,TQQQ_100,"Bull trend confirmed: Price > SMA50 & SMA250, RSI 55.6",15788.5,157.89,158.01,1049.5
2015-07-30,TQQQ_100,26147.39,0.0,10933.8431,0.0,4598.59,4505.12,4275.94,57.25,TQQQ_100,"Bull trend confirmed: Price > SMA50 & SMA250, RSI 57.2",16147.39,161.47,158.97,1065.49
2015-07-31,TQQQ_100,26067.39,0.0,10933.8431,0.0,4588.91,4506.79,4278.66,55.96,TQQQ_100,"Bull trend confirmed: Price > SMA50 & SMA250, RSI 56.0",16067.39,160.67,158.42,1061.93
2015-08-03,TQQQ_100,25827.41,0.0,10933.8431,0.0,4580.46,4507.81,4281.48,54.81,TQQQ_100,"Bull trend confirmed: Price > SMA50 & SMA250, RSI 54.8",15827.41,158.27,157.95,1051.23
2015-08-04,TQQQ_100,25660.93,0.0,10933.8431,0.0,4567.47,4508.61,4284.25,53.0,TQQQ_100,"Bull trend confirmed: Price > SMA50 & SMA250, RSI 53.0",15660.93,156.61,157.22,1043.81
2015-08-05,TQQQ_100,26261.98,0.0,10933.8431,0.0,4602.24,4511.2,4287.23,57.08,TQQQ_100,"Bull trend confirmed: Price > SMA50 & SMA250, RSI 57.1",16261.98,162.62,159.17,1070.6
2015-08-06,TQQQ_100,25001.53,0.0,10933.8431,0.0,4528.51,4510.85,4289.79,47.63,TQQQ_100,"Bull trend confirmed: Price > SMA50 & SMA250, RSI 47.6",15001.53,150.02,155.02,1014.42
2015-08-07,TQQQ_100,24902.07,0.0,10933.8431,0.0,4520.08,4510.54,4292.23,46.68,TQQQ_100,"Bull trend confirmed: Price > SMA50 & SMA250, RSI 46.7",14902.07,149.02,154.55,1009.98
2015-08-10,TQQQ_100,25743.1,0.0,10933.8431,0.0,4573.11,4511.84,4294.9,53.04,TQQQ_100,"Bull trend confirmed: Price > SMA50 & SMA250, RSI 53.0",15743.1,157.43,157.53,1047.47
2015-08-11,TQQQ_100,24761.54,0.0,10933.8431,0.0,4513.99,4511.68,4297.16,46.4,TQQQ_100,"Bull trend confirmed: Price > SMA50 & SMA250, RSI 46.4",14761.54,147.62,154.2,1003.72
2015-08-12,TQQQ_100,24979.9,0.0,10933.8431,0.0,4528.19,4512.06,4299.4,48.08,TQQQ_100,"Bull trend confirmed: Price > SMA50 & SMA250, RSI 48.1",14979.9,149.8,155.0,1013.45
2015-08-13,TQQQ_100,24867.48,0.0,10933.8431,0.0,4519.32,4512.05,4301.52,47.09,TQQQ_100,"Bull trend confirmed: Price > SMA50 & SMA250, RSI 47.1",14867.48,148.67,154.5,1008.44
2015-08-14,TQQQ_100,25001.53,0.0,10933.8431,0.0,4530.74,4512.93,4303.56,48.56,TQQQ_100,"Bull trend confirmed: Price > SMA50 & SMA250, RSI 48.6",15001.53,150.02,155.15,1014.42
2015-08-17,TQQQ_100,25615.53,0.0,10933.8431,0.0,4566.37,4514.71,4305.67,52.96,TQQQ_100,"Bull trend confirmed: Price > SMA50 & SMA250, RSI 53.0",15615.53,156.16,157.15,1041.79
2015-08-18,TQQQ_100,25206.92,0.0,10933.8431,0.0,4542.07,4516.92,4307.67,49.83,TQQQ_100,"Bull trend confirmed: Price > SMA50 & SMA250, RSI 49.8",15206.92,152.07,155.78,1023.57
2015-08-19,TQQQ_100,24733.43,0.0,10933.8431,0.0,4510.9,4518.59,4309.53,46.07,TQQQ_100,Downside buffer hold: NDX 4510.9 above buffer (4460.1),14733.43,147.33,154.03,1002.47
2015-08-20,CASH,22696.81,22696.81,0.0,0.0,4385.13,4516.58,4310.86,34.68,CASH,Downside breakdown: NDX 4385.1 broke below exit buffer (4451.4),12696.81,126.97,146.95,911.69
2015-08-21,CASH,22699.61,22699.61,0.0,0.0,4197.27,4510.76,4311.38,24.82,CASH,"Bear trend, RSI 24.8 oversold",12699.61,127.0,136.37,785.83
2015-08-24,CASH,22708.01,22708.01,0.0,0.0,4038.6,4502.45,4311.25,19.72,CASH,"Bear trend, RSI 19.7 oversold",12708.01,127.08,127.43,680.88
2015-08-25,CASH,22710.81,22710.81,0.0,0.0,4016.32,4494.12,4311.02,19.12,CASH,"Bear trend, RSI 19.1 oversold",12710.81,127.11,126.18,670.57
2015-08-26,SQQQ,22713.61,0.0,0.0,0.1146,4219.6,4489.4,4311.63,37.6,SQQQ,"Bear signal: Price below SMAs, RSI 37.6 in SQQQ zone",12713.61,127.14,137.62,781.78
2015-08-27,CASH,20974.35,20974.35,0.0,0.0,4324.82,4486.51,4312.6,44.65,CASH,Downside breakdown: NDX 4324.8 broke below exit buffer (4363.9),10974.35,109.74,143.55,850.68
2015-08-28,CASH,20976.94,20976.94,0.0,0.0,4329.12,4482.46,4313.53,44.93,CASH,Downside breakdown: NDX 4329.1 broke below exit buffer (4361.2),10976.94,109.77,143.79,849.91
2015-08-31,SQQQ,20984.69,0.0,0.0,0.1104,4274.58,4477.68,4314.35,42.08,SQQQ,"Bear signal: Price below SMAs, RSI 42.1 in SQQQ zone",10984.69,109.85,140.72,814.64
2015-09-01,SQQQ,22933.87,0.0,0.0,0.1104,4142.63,4469.65,4314.65,36.12,SQQQ,"Bear signal: Price below SMAs, RSI 36.1 in SQQQ zone",12933.87,129.34,133.29,731.67
2015-09-02,SQQQ,21042.76,0.0,0.0,0.1104,4256.23,4463.8,4315.32,43.54,SQQQ,"Bear signal: Price below SMAs, RSI 43.5 in SQQQ zone",11042.76,110.43,139.69,799.32
2015-09-03,SQQQ,21341.35,0.0,0.0,0.1104,4234.65,4458.0,4315.88,42.53,SQQQ,"Bear signal: Price below SMAs, RSI 42.5 in SQQQ zone",11341.35,113.41,138.47,784.48
2015-09-04,SQQQ,22046.37,0.0,0.0,0.1104,4184.72,4451.42,4316.37,40.2,SQQQ,"Bear signal: Price below SMAs, RSI 40.2 in SQQQ zone",12046.37,120.46,135.66,754.89
2015-09-08,SQQQ,20188.44,0.0,0.0,0.1104,4303.53,4447.8,4317.2,47.55,SQQQ,"Bear signal: Price below SMAs, RSI 47.5 in SQQQ zone",10188.44,101.88,142.35,827.46
2015-09-09,SQQQ,20893.46,0.0,0.0,0.1104,4253.45,4445.27,4317.85,45.04,SQQQ,"Bear signal: Price below SMAs, RSI 45.0 in SQQQ zone",10893.46,108.93,139.53,795.18
2015-09-10,SQQQ,20229.91,0.0,0.0,0.1104,4296.3,4443.27,4318.75,47.59,SQQQ,"Bear signal: Price below SMAs, RSI 47.6 in SQQQ zone",10229.91,102.3,141.94,823.8
2015-09-11,CASH,19856.67,19856.67,0.0,0.0,4323.23,4441.15,4319.93,49.18,CASH,Holding cash,9856.67,98.57,143.46,838.74
2015-09-14,SQQQ,19864.01,0.0,0.0,0.1093,4308.76,4438.65,4320.89,48.33,SQQQ,"Bear signal: Price below SMAs, RSI 48.3 in SQQQ zone",9864.01,98.64,142.65,830.35
2015-09-15,CASH,19132.87,19132.87,0.0,0.0,4360.28,4437.48,4322.04,51.55,CASH,Holding cash,9132.87,91.33,145.55,862.83
2015-09-16,CASH,19135.22,19135.22,0.0,0.0,4383.67,4436.58,4323.16,52.98,CASH,Holding cash,9135.22,91.35,146.86,878.92
2015-09-17,CASH,19137.58,19137.58,0.0,0.0,4384.96,4437.24,4324.3,53.06,CASH,Holding cash,9137.58,91.38,146.94,881.62
2015-09-18,SQQQ,19139.94,0.0,0.0,0.1069,4323.86,4436.68,4325.35,48.71,SQQQ,"Bear signal: Price below SMAs, RSI 48.7 in SQQQ zone",9139.94,91.4,143.5,840.08
2015-09-21,CASH,18995.3,18995.3,0.0,0.0,4336.13,4435.0,4326.49,49.6,CASH,Downside breakdown: NDX 4336.1 broke below exit buffer (4351.9),8995.3,89.95,144.19,848.08
2015-09-22,SQQQ,18997.65,0.0,0.0,0.1025,4274.1,4430.59,4327.21,45.31,SQQQ,"Bear signal: Price below SMAs, RSI 45.3 in SQQQ zone",8997.65,89.98,140.69,806.26
2015-09-23,SQQQ,19013.05,0.0,0.0,0.1025,4273.53,4425.59,4328.27,45.27,SQQQ,"Bear signal: Price below SMAs, RSI 45.3 in SQQQ zone",9013.05,90.13,140.66,807.7
2015-09-24,SQQQ,19143.96,0.0,0.0,0.1025,4261.1,4420.25,4329.1,44.37,SQQQ,"Bear signal: Price below SMAs, RSI 44.4 in SQQQ zone",9143.96,91.44,139.96,797.2
2015-09-25,SQQQ,19667.61,0.0,0.0,0.1025,4224.74,4412.85,4329.81,41.78,SQQQ,"Bear signal: Price below SMAs, RSI 41.8 in SQQQ zone",9667.61,96.68,137.91,775.42
2015-09-28,CASH,21384.86,21384.86,0.0,0.0,4103.47,4401.68,4330.03,34.52,CASH,"Bear trend, RSI 34.5 outside SQQQ zone",11384.86,113.85,131.09,699.96
2015-09-29,CASH,21387.5,21387.5,0.0,0.0,4083.37,4389.76,4330.42,33.49,CASH,"Bear trend, RSI 33.5 outside SQQQ zone",11387.5,113.87,129.95,688.11
2015-09-30,SQQQ,21390.13,0.0,0.0,0.1083,4181.06,4379.89,4331.2,42.53,SQQQ,"Bear signal: Price below SMAs, RSI 42.5 in SQQQ zone",11390.13,113.9,135.45,740.25
2015-10-01,SQQQ,21088.87,0.0,0.0,0.1083,4192.96,4371.28,4331.87,43.54,SQQQ,"Bear signal: Price below SMAs, RSI 43.5 in SQQQ zone",11088.87,110.89,136.12,752.0
2015-10-02,SQQQ,19932.64,0.0,0.0,0.1083,4267.45,4364.58,4332.87,49.5,SQQQ,"Bear signal: Price below SMAs, RSI 49.5 in SQQQ zone",9932.64,99.33,140.32,796.24
2015-10-05,SQQQ,19077.69,0.0,0.0,0.1083,4331.43,4360.06,4334.36,54.0,SQQQ,"Bear signal: Price below SMAs, RSI 54.0 in SQQQ zone",9077.69,90.78,143.92,837.1
2015-10-06,SQQQ,19313.82,0.0,0.0,0.1083,4306.7,4355.81,4335.42,52.07,SQQQ,"Bear signal: Price below SMAs, RSI 52.1 in SQQQ zone",9313.82,93.14,142.53,823.7
2015-10-07,SQQQ,19020.69,0.0,0.0,0.1083,4333.46,4351.28,4336.88,53.98,SQQQ,"Bear signal: Price below SMAs, RSI 54.0 in SQQQ zone",9020.69,90.21,144.04,838.54
2015-10-08,CASH,18784.56,18784.56,0.0,0.0,4350.15,4346.65,4338.8,55.19,CASH,Re-entry buffer: NDX 4350.1 below threshold (4433.7),8784.56,87.85,144.98,850.01
2015-10-09,CASH,18786.88,18786.88,0.0,0.0,4370.01,4342.07,4341.05,56.64,CASH,Re-entry buffer: NDX 4370.0 below threshold (4426.6),8786.88,87.87,146.1,861.57
2015-10-12,CASH,18793.83,18793.83,0.0,0.0,4382.56,4337.95,4343.33,57.57,CASH,Re-entry buffer: NDX 4382.6 below threshold (4417.0),8793.83,87.94,146.8,869.67
2015-10-13,CASH,18796.14,18796.14,0.0,0.0,4352.94,4333.4,4345.6,54.58,CASH,Re-entry buffer: NDX 4352.9 below threshold (4413.2),8796.14,87.96,145.13,850.68
2015-10-14,CASH,18798.46,18798.46,0.0,0.0,4346.92,4328.99,4347.93,53.97,CASH,Re-entry buffer in bear regime,8798.46,87.98,144.79,846.64
2015-10-15,TQQQ_100,18800.78,0.0,9228.4061,0.0,4418.22,4325.31,4350.34,59.74,TQQQ_100,"Bull trend confirmed: Price > SMA50 & SMA250, RSI 59.7",8800.78,88.01,148.81,892.89
2015-10-16,TQQQ_100,19034.36,0.0,9228.4061,0.0,4438.62,4323.51,4352.61,61.24,TQQQ_100,"Bull trend confirmed: Price > SMA50 & SMA250, RSI 61.2",9034.36,90.34,149.96,905.23
2015-10-19,TQQQ_100,19375.59,0.0,9228.4061,0.0,4462.07,4322.35,4354.58,62.95,TQQQ_100,"Bull trend confirmed: Price > SMA50 & SMA250, RSI 63.0",9375.59,93.76,151.28,923.25
2015-10-20,TQQQ_100,19054.43,0.0,9228.4061,0.0,4438.18,4319.65,4356.53,60.05,TQQQ_100,"Bull trend confirmed: Price > SMA50 & SMA250, RSI 60.0",9054.43,90.54,149.93,906.29
2015-10-21,TQQQ_100,18747.87,0.0,9228.4061,0.0,4413.52,4317.64,4358.14,57.12,TQQQ_100,"Bull trend confirmed: Price > SMA50 & SMA250, RSI 57.1",8747.87,87.48,148.55,890.1
2015-10-22,TQQQ_100,19859.17,0.0,9228.4061,0.0,4503.22,4317.14,4359.98,64.0,TQQQ_100,"Bull trend confirmed: Price > SMA50 & SMA250, RSI 64.0",9859.17,98.59,153.6,948.79
2015-10-23,TQQQ_100,21510.6,0.0,9228.4061,0.0,4624.09,4319.24,4362.29,70.8,TQQQ_100,"Bull trend confirmed: Price > SMA50 & SMA250, RSI 70.8",11510.6,115.11,160.4,1036.0
2015-10-26,TQQQ_100,21574.46,0.0,9228.4061,0.0,4630.85,4321.24,4364.39,71.12,TQQQ_100,"Bull trend confirmed: Price > SMA50 & SMA250, RSI 71.1",11574.46,115.74,160.78,1039.38
2015-10-27,TQQQ_100,21714.97,0.0,9228.4061,0.0,4639.23,4322.7,4366.58,71.55,TQQQ_100,"Bull trend confirmed: Price > SMA50 & SMA250, RSI 71.6",11714.97,117.15,161.26,1046.8
2015-10-28,TQQQ_100,22218.62,0.0,9228.4061,0.0,4678.58,4325.43,4368.9,73.53,TQQQ_100,"Bull trend confirmed: Price > SMA50 & SMA250, RSI 73.5",12218.62,122.19,163.47,1073.4
2015-10-29,TQQQ_100,22136.5,0.0,9228.4061,0.0,4670.76,4328.62,4370.95,72.45,TQQQ_100,"Bull trend confirmed: Price > SMA50 & SMA250, RSI 72.5",12136.5,121.36,163.03,1069.06
2015-10-30,TQQQ_100,21833.58,0.0,9228.4061,0.0,4648.83,4333.9,4372.86,69.38,TQQQ_100,"Bull trend confirmed: Price > SMA50 & SMA250, RSI 69.4",11833.58,118.34,161.8,1053.06
2015-11-02,TQQQ_100,22578.1,0.0,9228.4061,0.0,4703.92,4344.03,4375.06,72.53,TQQQ_100,"Bull trend confirmed: Price > SMA50 & SMA250, RSI 72.5",12578.1,125.78,164.9,1092.38
2015-11-03,TQQQ_100,22793.42,0.0,9228.4061,0.0,4719.05,4357.64,4377.32,73.34,TQQQ_100,"Bull trend confirmed: Price > SMA50 & SMA250, RSI 73.3",12793.42,127.93,165.75,1103.75
2015-11-04,TQQQ_100,22802.54,0.0,9228.4061,0.0,4717.55,4371.66,4379.53,73.11,TQQQ_100,"Bull trend confirmed: Price > SMA50 & SMA250, RSI 73.1",12802.54,128.03,165.67,1104.23
2015-11-05,TQQQ_100,22601.82,0.0,9228.4061,0.0,4702.9,4381.33,4381.7,70.77,TQQQ_100,"Bull trend confirmed: Price > SMA50 & SMA250, RSI 70.8",12601.82,126.02,164.84,1093.63
2015-11-06,TQQQ_100,22676.63,0.0,9228.4061,0.0,4707.23,4388.98,4383.83,71.07,TQQQ_100,"Bull trend confirmed: Price > SMA50 & SMA250, RSI 71.1",12676.63,126.77,165.09,1097.58
2015-11-09,TQQQ_100,21946.72,0.0,9228.4061,0.0,4655.52,4395.51,4385.7,62.9,TQQQ_100,"Bull trend confirmed: Price > SMA50 & SMA250, RSI 62.9",11946.72,119.47,162.17,1059.04
2015-11-10,TQQQ_100,21791.62,0.0,9228.4061,0.0,4641.73,4402.85,4387.49,60.89,TQQQ_100,"Bull trend confirmed: Price > SMA50 & SMA250, RSI 60.9",11791.62,117.92,161.4,1050.84
2015-11-11,TQQQ_50,21694.89,10847.45,4614.203,0.0,4636.94,4412.73,4389.18,60.17,TQQQ_50,Bearish RSI divergence,11694.89,116.95,161.13,1045.74
2015-11-12,TQQQ_50,21381.46,10848.78,4614.203,0.0,4588.93,4419.39,4390.64,53.37,TQQQ_50,Bearish RSI divergence,11381.46,113.81,158.42,1012.49
2015-11-13,TQQQ_50,20763.28,10850.12,4614.203,0.0,4502.14,4424.74,4391.79,43.75,TQQQ_50,Bearish RSI divergence,10763.28,107.63,153.54,947.05
2015-11-16,TQQQ_50,21180.61,10854.14,4614.203,0.0,4565.47,4432.35,4393.08,50.73,TQQQ_50,Bearish RSI divergence,11180.61,111.81,157.1,990.71
2015-11-17,TQQQ_100,21217.53,0.0,9448.1239,0.0,4565.82,4437.6,4394.45,50.77,TQQQ_100,"Bull trend confirmed: Price > SMA50 & SMA250, RSI 50.8",11217.53,112.18,157.12,994.47
2015-11-18,TQQQ_100,22433.75,0.0,9448.1239,0.0,4653.44,4445.6,4396.1,58.94,TQQQ_100,"Bull trend confirmed: Price > SMA50 & SMA250, RSI 58.9",12433.75,124.34,162.06,1057.21
2015-11-19,TQQQ_100,22467.38,0.0,9448.1239,0.0,4655.35,4452.78,4397.72,59.1,TQQQ_100,"Bull trend confirmed: Price > SMA50 & SMA250, RSI 59.1",12467.38,124.67,162.16,1058.94
2015-11-20,TQQQ_100,22913.88,0.0,9448.1239,0.0,4686.36,4460.04,4399.32,61.7,TQQQ_100,"Bull trend confirmed: Price > SMA50 & SMA250, RSI 61.7",12913.88,129.14,163.91,1081.97
2015-11-23,TQQQ_100,22728.93,0.0,9448.1239,0.0,4674.79,4467.36,4400.87,60.16,TQQQ_100,"Bull trend confirmed: Price > SMA50 & SMA250, RSI 60.2",12728.93,127.29,163.26,1072.43
2015-11-24,TQQQ_100,22657.94,0.0,9448.1239,0.0,4669.41,4473.55,4402.28,59.42,TQQQ_100,"Bull trend confirmed: Price > SMA50 & SMA250, RSI 59.4",12657.94,126.58,162.96,1068.77
2015-11-25,TQQQ_100,22708.38,0.0,9448.1239,0.0,4672.88,4479.33,4403.62,59.76,TQQQ_100,"Bull trend confirmed: Price > SMA50 & SMA250, RSI 59.8",12708.38,127.08,163.15,1071.37
2015-11-27,TQQQ_100,22790.57,0.0,9448.1239,0.0,4680.47,4485.24,4405.19,60.55,TQQQ_100,"Bull trend confirmed: Price > SMA50 & SMA250, RSI 60.6",12790.57,127.91,163.58,1075.61
2015-11-30,TQQQ_100,22646.73,0.0,9448.1239,0.0,4664.51,4492.05,4406.62,57.98,TQQQ_100,"Bull trend confirmed: Price > SMA50 & SMA250, RSI 58.0",12646.73,126.47,162.68,1068.19
2015-12-01,TQQQ_100,23319.3,0.0,9448.1239,0.0,4716.16,4499.65,4408.23,63.4,TQQQ_100,"Bull trend confirmed: Price > SMA50 & SMA250, RSI 63.4",13319.3,133.19,165.59,1102.88
2015-12-02,TQQQ_100,22895.2,0.0,9448.1239,0.0,4686.22,4507.9,4409.73,58.68,TQQQ_100,"Bull trend confirmed: Price > SMA50 & SMA250, RSI 58.7",12895.2,128.95,163.9,1081.01
2015-12-03,TQQQ_50,21727.55,10863.78,4724.0619,0.0,4606.75,4514.56,4410.91,48.37,TQQQ_50,Bearish RSI divergence,11727.55,117.28,159.43,1020.78
2015-12-04,TQQQ_50,22475.25,10865.12,4724.0619,0.0,4716.12,4523.66,4412.66,59.03,TQQQ_50,Bearish RSI divergence,12475.25,124.75,165.59,1097.78
2015-12-07,TQQQ_100,22337.28,0.0,9201.3725,0.0,4693.62,4533.04,4414.26,56.45,TQQQ_100,"Bull trend confirmed: Price > SMA50 & SMA250, RSI 56.5",12337.28,123.37,164.32,1083.13
2015-12-08,TQQQ_100,22339.11,0.0,9201.3725,0.0,4694.77,4544.86,4416.14,56.56,TQQQ_100,"Bull trend confirmed: Price > SMA50 & SMA250, RSI 56.6",12339.11,123.39,164.38,1083.22
2015-12-09,TQQQ_100,21298.39,0.0,9201.3725,0.0,4622.14,4555.64,4417.64,48.61,TQQQ_100,"Bull trend confirmed: Price > SMA50 & SMA250, RSI 48.6",11298.39,112.98,160.29,1028.1
2015-12-10,TQQQ_100,21600.41,0.0,9201.3725,0.0,4643.05,4564.88,4419.42,50.76,TQQQ_100,"Bull trend confirmed: Price > SMA50 & SMA250, RSI 50.8",11600.41,116.0,161.47,1044.1
2015-12-11,TQQQ_100,20119.39,0.0,9201.3725,0.0,4537.56,4571.77,4420.94,41.38,TQQQ_100,Downside buffer hold: NDX 4537.6 above buffer (4505.6),10119.39,101.19,155.53,965.65
2015-12-14,TQQQ_100,20570.61,0.0,9201.3725,0.0,4570.16,4577.83,4422.86,44.77,TQQQ_100,Downside buffer hold: NDX 4570.2 above buffer (4508.7),10570.61,105.71,157.37,989.55
2015-12-15,TQQQ_100,20919.95,0.0,9201.3725,0.0,4597.33,4583.14,4424.59,47.5,TQQQ_100,"Bull trend confirmed: Price > SMA50 & SMA250, RSI 47.5",10919.95,109.2,158.9,1008.06
2015-12-16,TQQQ_100,21844.23,0.0,9201.3725,0.0,4664.56,4590.3,4426.18,53.61,TQQQ_100,"Bull trend confirmed: Price > SMA50 & SMA250, RSI 53.6",11844.23,118.44,162.68,1057.01
2015-12-17,TQQQ_100,20934.5,0.0,9201.3725,0.0,4598.14,4595.59,4427.44,47.71,TQQQ_100,"Bull trend confirmed: Price > SMA50 & SMA250, RSI 47.7",10934.5,109.34,158.94,1008.83
2015-12-18,CASH,19784.62,19784.62,0.0,0.0,4514.83,4598.89,4428.33,41.53,CASH,Downside breakdown: NDX 4514.8 broke below exit buffer (4516.6),9784.62,97.85,154.25,947.92
2015-12-21,CASH,19791.93,19791.93,0.0,0.0,4560.55,4602.7,4429.45,45.68,CASH,Holding cash,9791.93,97.92,156.83,979.05
2015-12-22,CASH,19794.37,19794.37,0.0,0.0,4589.26,4606.83,4430.68,48.18,CASH,Holding cash,9794.37,97.94,158.44,999.48
2015-12-23,CASH,19796.81,19796.81,0.0,0.0,4624.59,4612.27,4431.92,51.15,CASH,Re-entry buffer: NDX 4624.6 below threshold (4686.1),9796.81,97.97,160.43,1024.63
2015-12-24,CASH,19799.26,19799.26,0.0,0.0,4622.77,4617.78,4433.16,50.99,CASH,Re-entry buffer: NDX 4622.8 below threshold (4684.4),9799.26,97.99,160.33,1022.32
2015-12-28,CASH,19809.02,19809.02,0.0,0.0,4621.35,4621.85,4434.51,50.85,CASH,Holding cash,9809.02,98.09,160.25,1022.03
2015-12-29,CASH,19811.46,19811.46,0.0,0.0,4691.08,4626.9,4436.33,56.91,CASH,Re-entry buffer: NDX 4691.1 below threshold (4694.2),9811.46,98.11,164.18,1073.2
2015-12-30,CASH,19813.9,19813.9,0.0,0.0,4652.01,4630.69,4438.02,52.97,CASH,Re-entry buffer: NDX 4652.0 below threshold (4693.4),9813.9,98.14,161.98,1043.23
2015-12-31,CASH,19816.35,19816.35,0.0,0.0,4593.27,4633.8,4439.75,47.63,CASH,Holding cash,9816.35,98.16,158.67,1000.83
2016-01-04,CASH,19826.12,19826.12,0.0,0.0,4497.86,4635.48,4441.3,40.5,CASH,Downside breakdown: NDX 4497.9 broke below exit buffer (4569.1),9826.12,98.26,153.29,933.56
2016-01-05,CASH,19828.56,19828.56,0.0,0.0,4484.18,4635.1,4442.59,39.58,CASH,Downside breakdown: NDX 4484.2 broke below exit buffer (4571.4),9828.56,98.29,152.52,924.31
2016-01-06,CASH,19831.01,19831.01,0.0,0.0,4443.99,4631.5,4443.41,36.94,CASH,Downside breakdown: NDX 4444.0 broke below exit buffer (4567.2),9831.01,98.31,150.26,896.85
2016-01-07,CASH,19833.45,19833.45,0.0,0.0,4305.72,4625.0,4443.78,29.61,CASH,"Bear trend, RSI 29.6 oversold",9833.45,98.33,142.47,802.02
2016-01-08,CASH,19835.9,19835.9,0.0,0.0,4270.78,4617.63,4444.18,28.1,CASH,"Bear trend, RSI 28.1 oversold",9835.9,98.36,140.51,780.72
2016-01-11,CASH,19843.24,19843.24,0.0,0.0,4283.55,4609.73,4444.65,29.52,CASH,"Bear trend, RSI 29.5 oversold",9843.24,98.43,141.23,788.43
2016-01-12,CASH,19845.68,19845.68,0.0,0.0,4333.72,4602.99,4445.4,34.95,CASH,"Bear trend, RSI 35.0 outside SQQQ zone",9845.68,98.46,144.05,818.4
2016-01-13,CASH,19848.13,19848.13,0.0,0.0,4183.12,4593.67,4445.78,27.98,CASH,"Bear trend, RSI 28.0 oversold",9848.13,98.48,135.57,722.32
2016-01-14,SQQQ,19850.58,0.0,0.0,0.1161,4272.97,4585.05,4446.3,36.16,SQQQ,"Bear signal: Price below SMAs, RSI 36.2 in SQQQ zone",9850.58,98.51,140.63,775.52
2016-01-15,CASH,21700.39,21700.39,0.0,0.0,4141.08,4573.49,4446.18,30.66,CASH,"Bear trend, RSI 30.7 outside SQQQ zone",11700.39,117.0,133.2,695.05
2016-01-19,CASH,21711.09,21711.09,0.0,0.0,4147.07,4562.08,4446.0,31.17,CASH,"Bear trend, RSI 31.2 outside SQQQ zone",11711.09,117.11,133.54,698.42
2016-01-20,CASH,21713.76,21713.76,0.0,0.0,4136.28,4550.75,4445.46,30.73,CASH,"Bear trend, RSI 30.7 outside SQQQ zone",11713.76,117.14,132.93,691.19
2016-01-21,CASH,21716.44,21716.44,0.0,0.0,4142.6,4539.46,4444.92,31.34,CASH,"Bear trend, RSI 31.3 outside SQQQ zone",11716.44,117.16,133.29,694.08
2016-01-22,SQQQ,21719.12,0.0,0.0,0.1272,4259.77,4531.54,4444.86,41.64,SQQQ,"Bear signal: Price below SMAs, RSI 41.6 in SQQQ zone",11719.12,117.19,139.89,762.51
2016-01-25,SQQQ,22684.62,0.0,0.0,0.1272,4196.53,4522.64,4444.98,38.3,SQQQ,"Bear signal: Price below SMAs, RSI 38.3 in SQQQ zone",12684.62,126.85,136.33,723.67
2016-01-26,SQQQ,22082.38,0.0,0.0,0.1272,4233.85,4514.58,4445.35,41.29,SQQQ,"Bear signal: Price below SMAs, RSI 41.3 in SQQQ zone",12082.38,120.82,138.43,747.18
2016-01-27,SQQQ,23736.17,0.0,0.0,0.1272,4128.86,4505.38,4445.14,36.0,SQQQ,"Bear signal: Price below SMAs, RSI 36.0 in SQQQ zone",13736.17,137.36,132.51,684.16
2016-01-28,SQQQ,22761.1,0.0,0.0,0.1272,4186.06,4499.06,4445.29,40.48,SQQQ,"Bear signal: Price below SMAs, RSI 40.5 in SQQQ zone",12761.1,127.61,135.74,715.09
2016-01-29,SQQQ,21298.51,0.0,0.0,0.1272,4279.17,4493.33,4445.66,46.98,SQQQ,"Bear signal: Price below SMAs, RSI 47.0 in SQQQ zone",11298.51,112.99,140.98,768.19
2016-02-01,SQQQ,21155.11,0.0,0.0,0.1272,4286.56,4487.74,4445.89,47.47,SQQQ,"Bear signal: Price below SMAs, RSI 47.5 in SQQQ zone",11155.11,111.55,141.4,773.11
2016-02-02,SQQQ,22464.75,0.0,0.0,0.1272,4193.1,4478.54,4445.77,42.16,SQQQ,"Bear signal: Price below SMAs, RSI 42.2 in SQQQ zone",12464.75,124.65,136.13,717.7
2016-02-03,SQQQ,22818.46,0.0,0.0,0.1272,4171.97,4468.87,4445.44,41.04,SQQQ,"Bear signal: Price below SMAs, RSI 41.0 in SQQQ zone",12818.46,128.18,134.94,706.13
2016-02-04,SQQQ,22828.01,0.0,0.0,0.1272,4167.77,4458.5,4445.19,40.81,SQQQ,"Bear signal: Price below SMAs, RSI 40.8 in SQQQ zone",12828.01,128.28,134.71,704.69
2016-02-05,CASH,25198.77,25198.77,0.0,0.0,4024.47,4445.49,4444.43,33.8,CASH,"Bear trend, RSI 33.8 outside SQQQ zone",15198.77,151.99,126.64,621.9
2016-02-08,CASH,25208.09,25208.09,0.0,0.0,3960.67,4431.32,4443.15,31.23,CASH,"Bear trend, RSI 31.2 outside SQQQ zone",15208.09,152.08,123.04,588.95
2016-02-09,CASH,25211.19,25211.19,0.0,0.0,3947.8,4416.82,4441.75,30.72,CASH,"Bear trend, RSI 30.7 outside SQQQ zone",15211.19,152.11,122.32,580.95
2016-02-10,CASH,25214.3,25214.3,0.0,0.0,3966.28,4402.53,4440.22,32.42,CASH,"Bear trend, RSI 32.4 outside SQQQ zone",15214.3,152.14,123.36,589.04
2016-02-11,CASH,25217.41,25217.41,0.0,0.0,3962.22,4388.49,4438.53,32.23,CASH,"Bear trend, RSI 32.2 outside SQQQ zone",15217.41,152.17,123.13,587.4
2016-02-12,SQQQ,25220.52,0.0,0.0,0.1271,4019.19,4374.55,4437.07,37.67,SQQQ,"Bear signal: Price below SMAs, RSI 37.7 in SQQQ zone",15220.52,152.21,126.34,616.7
2016-02-16,SQQQ,23586.29,0.0,0.0,0.1271,4104.33,4362.91,4435.92,44.79,SQQQ,"Bear signal: Price below SMAs, RSI 44.8 in SQQQ zone",13586.29,135.86,131.13,664.4
2016-02-17,SQQQ,21932.96,0.0,0.0,0.1271,4199.1,4354.76,4435.07,51.44,SQQQ,"Bear signal: Price below SMAs, RSI 51.4 in SQQQ zone",11932.96,119.33,136.47,717.21
2016-02-18,SQQQ,22659.28,0.0,0.0,0.1271,4151.49,4343.46,4433.91,48.3,SQQQ,"Bear signal: Price below SMAs, RSI 48.3 in SQQQ zone",12659.28,126.59,133.79,689.46
2016-02-19,SQQQ,22439.47,0.0,0.0,0.1271,4164.09,4332.87,4432.76,49.18,SQQQ,"Bear signal: Price below SMAs, RSI 49.2 in SQQQ zone",12439.47,124.39,134.5,697.65
2016-02-22,SQQQ,21369.11,0.0,0.0,0.1271,4231.27,4323.6,4431.88,53.74,SQQQ,"Bear signal: Price below SMAs, RSI 53.7 in SQQQ zone",11369.11,113.69,138.28,735.33
2016-02-23,SQQQ,22401.24,0.0,0.0,0.1271,4162.54,4314.41,4430.77,48.91,SQQQ,"Bear signal: Price below SMAs, RSI 48.9 in SQQQ zone",12401.24,124.01,134.41,693.7
2016-02-24,SQQQ,21770.49,0.0,0.0,0.1271,4200.66,4305.56,4429.73,51.51,SQQQ,"Bear signal: Price below SMAs, RSI 51.5 in SQQQ zone",11770.49,117.7,136.56,717.31
2016-02-25,SQQQ,21158.85,0.0,0.0,0.1271,4241.06,4299.63,4428.93,54.17,SQQQ,"Bear signal: Price below SMAs, RSI 54.2 in SQQQ zone",11158.85,111.59,138.83,739.86
2016-02-26,SQQQ,21225.75,0.0,0.0,0.1271,4235.62,4292.94,4427.94,53.75,SQQQ,"Bear signal: Price below SMAs, RSI 53.7 in SQQQ zone",11225.75,112.26,138.53,737.93
2016-02-29,SQQQ,21808.72,0.0,0.0,0.1271,4201.12,4285.02,4426.91,50.99,SQQQ,"Bear signal: Price below SMAs, RSI 51.0 in SQQQ zone",11808.72,118.09,136.58,715.77
2016-03-01,CASH,19696.65,19696.65,0.0,0.0,4333.61,4278.4,4426.46,59.56,CASH,Re-entry buffer in bear regime,9696.65,96.97,144.05,793.83
2016-03-02,CASH,19699.08,19699.08,0.0,0.0,4334.39,4273.12,4425.99,59.61,CASH,Re-entry buffer in bear regime,9699.08,96.99,144.09,794.79
2016-03-03,CASH,19701.51,19701.51,0.0,0.0,4325.86,4269.34,4425.7,58.84,CASH,Re-entry buffer in bear regime,9701.51,97.02,143.61,789.78
2016-03-04,CASH,19703.94,19703.94,0.0,0.0,4329.0,4264.71,4425.36,59.05,CASH,Re-entry buffer in bear regime,9703.94,97.04,143.79,791.32
2016-03-07,CASH,19711.22,19711.22,0.0,0.0,4303.33,4258.99,4425.26,56.52,CASH,Re-entry buffer in bear regime,9711.22,97.11,142.34,774.75
2016-03-08,CASH,19713.65,19713.65,0.0,0.0,4265.51,4251.81,4425.1,52.93,CASH,Re-entry buffer in bear regime,9713.65,97.14,140.21,751.62
2016-03-09,CASH,19716.08,19716.08,0.0,0.0,4293.23,4245.22,4424.93,55.18,CASH,Re-entry buffer in bear regime,9716.08,97.16,141.77,767.9
2016-03-10,CASH,19718.52,19718.52,0.0,0.0,4286.97,4238.53,4424.81,54.54,CASH,Re-entry buffer in bear regime,9718.52,97.19,141.42,764.63
2016-03-11,TQQQ_30,19720.95,13804.66,3170.5124,0.0,4361.83,4231.95,4424.78,60.4,TQQQ_30,"Recovery above SMA50, RSI 60.4 >= 50",9720.95,97.21,145.63,809.44
2016-03-14,TQQQ_30,19760.53,13809.77,3170.5124,0.0,4367.33,4226.26,4424.75,60.8,TQQQ_30,"Recovery above SMA50, RSI 60.8 >= 50",9760.53,97.61,145.94,814.74
2016-03-15,TQQQ_30,19758.47,13811.47,3170.5124,0.0,4367.08,4221.73,4424.52,60.77,TQQQ_30,"Recovery above SMA50, RSI 60.8 >= 50",9758.47,97.58,145.93,814.16
2016-03-16,TQQQ_30,19911.89,13813.17,3170.5124,0.0,4404.2,4219.86,4424.43,63.64,TQQQ_30,"Recovery above SMA50, RSI 63.6 >= 50",9911.89,99.12,148.02,837.48
2016-03-17,TQQQ_30,19896.04,13814.88,3170.5124,0.0,4400.26,4218.18,4424.2,63.11,TQQQ_30,"Recovery above SMA50, RSI 63.1 >= 50",9896.04,98.96,147.8,834.78
2016-03-18,TQQQ_30,19932.85,13816.58,3170.5124,0.0,4410.83,4217.52,4424.06,63.98,TQQQ_30,"Recovery above SMA50, RSI 64.0 >= 50",9932.85,99.33,148.39,840.18
2016-03-21,TQQQ_100,20010.69,0.0,10251.1177,0.0,4426.98,4219.94,4424.05,65.31,TQQQ_100,"Bull trend confirmed: Price > SMA50 & SMA250, RSI 65.3",10010.69,100.11,149.3,851.36
2016-03-22,TQQQ_100,20189.06,0.0,10251.1177,0.0,4437.62,4223.28,4424.48,66.2,TQQQ_100,"Bull trend confirmed: Price > SMA50 & SMA250, RSI 66.2",10189.06,101.89,149.9,859.84
2016-03-23,TQQQ_30,19708.66,13796.06,3075.3353,0.0,4402.56,4225.66,4424.83,60.68,TQQQ_30,"Recovery above SMA50, RSI 60.7 >= 50",9708.66,97.09,147.93,837.0
2016-03-24,TQQQ_30,19708.54,13797.76,3075.3353,0.0,4405.53,4227.1,4425.12,60.98,TQQQ_30,"Recovery above SMA50, RSI 61.0 >= 50",9708.54,97.09,148.1,836.71
2016-03-28,TQQQ_30,19694.05,13804.57,3075.3353,0.0,4398.07,4231.39,4425.18,59.76,TQQQ_30,"Recovery above SMA50, RSI 59.8 >= 50",9694.05,96.94,147.68,833.34
2016-03-29,TQQQ_100,19977.31,0.0,9955.6793,0.0,4467.72,4235.29,4425.72,66.5,TQQQ_100,"Bull trend confirmed: Price > SMA50 & SMA250, RSI 66.5",9977.31,99.77,151.6,877.96
2016-03-30,TQQQ_100,20276.53,0.0,9955.6793,0.0,4490.88,4242.29,4426.43,68.4,TQQQ_100,"Bull trend confirmed: Price > SMA50 & SMA250, RSI 68.4",10276.53,102.77,152.9,892.61
2016-03-31,TQQQ_100,20158.41,0.0,9955.6793,0.0,4483.66,4249.02,4427.11,67.12,TQQQ_100,"Bull trend confirmed: Price > SMA50 & SMA250, RSI 67.1",10158.41,101.58,152.5,886.82
2016-04-01,TQQQ_100,20829.71,0.0,9955.6793,0.0,4532.08,4256.93,4427.83,71.02,TQQQ_100,"Bull trend confirmed: Price > SMA50 & SMA250, RSI 71.0",10829.71,108.3,155.22,919.69
2016-04-04,TQQQ_100,20571.82,0.0,9955.6793,0.0,4511.7,4264.32,4428.5,67.4,TQQQ_100,"Bull trend confirmed: Price > SMA50 & SMA250, RSI 67.4",10571.82,105.72,154.07,907.06
2016-04-05,TQQQ_100,20018.65,0.0,9955.6793,0.0,4470.75,4268.54,4428.88,60.69,TQQQ_100,"Bull trend confirmed: Price > SMA50 & SMA250, RSI 60.7",10018.65,100.19,151.77,879.98
2016-04-06,TQQQ_100,20977.35,0.0,9955.6793,0.0,4543.78,4275.48,4429.44,67.0,TQQQ_100,"Bull trend confirmed: Price > SMA50 & SMA250, RSI 67.0",10977.35,109.77,155.88,926.91
2016-04-07,TQQQ_100,20071.8,0.0,9955.6793,0.0,4475.29,4280.31,4429.65,57.66,TQQQ_100,"Bull trend confirmed: Price > SMA50 & SMA250, RSI 57.7",10071.8,100.72,152.02,882.58
2016-04-08,TQQQ_100,20024.55,0.0,9955.6793,0.0,4474.93,4287.23,4429.91,57.61,TQQQ_100,"Bull trend confirmed: Price > SMA50 & SMA250, RSI 57.6",10024.55,100.25,152.0,880.27
2016-04-11,TQQQ_100,19809.97,0.0,9955.6793,0.0,4458.71,4292.68,4430.16,55.49,TQQQ_100,"Bull trend confirmed: Price > SMA50 & SMA250, RSI 55.5",9809.97,98.1,151.09,869.77
2016-04-12,TQQQ_100,20272.6,0.0,9955.6793,0.0,4496.04,4297.02,4430.45,59.21,TQQQ_100,"Bull trend confirmed: Price > SMA50 & SMA250, RSI 59.2",10272.6,102.73,153.19,892.41
2016-04-13,TQQQ_100,21063.97,0.0,9955.6793,0.0,4554.72,4302.38,4430.99,64.28,TQQQ_100,"Bull trend confirmed: Price > SMA50 & SMA250, RSI 64.3",11063.97,110.64,156.5,931.15
2016-04-14,TQQQ_100,21077.75,0.0,9955.6793,0.0,4554.63,4309.61,4431.8,64.26,TQQQ_100,"Bull trend confirmed: Price > SMA50 & SMA250, RSI 64.3",11077.75,110.78,156.49,931.83
2016-04-15,TQQQ_50,20916.33,10458.17,4977.8397,0.0,4543.16,4317.04,4432.3,62.5,TQQQ_50,Bearish RSI divergence,10916.33,109.16,155.85,923.93
2016-04-18,TQQQ_50,21074.73,10462.03,4977.8397,0.0,4569.31,4325.07,4432.84,64.86,TQQQ_50,Bearish RSI divergence,11074.73,110.75,157.32,939.06
2016-04-19,TQQQ_50,20892.94,10463.32,4977.8397,0.0,4537.09,4335.32,4433.14,59.86,TQQQ_50,Bearish RSI divergence,10892.94,108.93,155.5,921.13
2016-04-20,TQQQ_50,20919.83,10464.61,4977.8397,0.0,4540.44,4346.92,4433.4,60.21,TQQQ_50,Bearish RSI divergence,10919.83,109.2,155.69,923.64
2016-04-21,TQQQ_50,20924.07,10465.9,4977.8397,0.0,4540.8,4358.78,4433.41,60.25,TQQQ_50,Bearish RSI divergence,10924.07,109.24,155.71,923.93
2016-04-22,TQQQ_50,20451.91,10467.19,4977.8397,0.0,4474.19,4368.94,4433.21,50.33,TQQQ_50,Bearish RSI divergence,10451.91,104.52,151.96,877.57
2016-04-25,TQQQ_50,20447.91,10471.07,4977.8397,0.0,4474.13,4379.17,4433.04,50.32,TQQQ_50,Bearish RSI divergence,10447.91,104.48,151.96,876.8
2016-04-26,TQQQ_50,20312.38,10472.36,4977.8397,0.0,4452.97,4387.85,4432.9,47.44,TQQQ_50,Bearish RSI divergence,10312.38,103.12,150.77,863.41
2016-04-27,CASH,20077.44,20077.44,0.0,0.0,4416.63,4394.1,4432.91,42.9,CASH,Awaiting RSI confirmation above SMA50,10077.44,100.77,148.72,840.28
2016-04-28,SQQQ,20079.91,0.0,0.0,0.1347,4363.99,4397.39,4432.45,37.33,SQQQ,"Bear signal: Price below SMAs, RSI 37.3 in SQQQ zone",10079.91,100.8,145.76,806.93
2016-04-29,SQQQ,20403.95,0.0,0.0,0.1347,4341.3,4401.19,4431.89,35.21,SQQQ,"Bear signal: Price below SMAs, RSI 35.2 in SQQQ zone",10403.95,104.04,144.48,792.48
2016-05-02,SQQQ,19847.01,0.0,0.0,0.1347,4381.3,4405.53,4431.77,41.52,SQQQ,"Bear signal: Price below SMAs, RSI 41.5 in SQQQ zone",9847.01,98.47,146.73,816.09
2016-05-03,SQQQ,20393.82,0.0,0.0,0.1347,4341.39,4407.74,4431.62,37.59,SQQQ,"Bear signal: Price below SMAs, RSI 37.6 in SQQQ zone",10393.82,103.94,144.48,791.71
2016-05-04,CASH,20778.61,20778.61,0.0,0.0,4312.01,4410.73,4431.26,34.96,CASH,"Bear trend, RSI 35.0 outside SQQQ zone",10778.61,107.79,142.83,774.07
2016-05-05,CASH,20781.17,20781.17,0.0,0.0,4309.48,4412.9,4430.67,34.74,CASH,"Bear trend, RSI 34.7 outside SQQQ zone",10781.17,107.81,142.69,773.59
2016-05-06,SQQQ,20783.73,0.0,0.0,0.1368,4330.17,4414.68,4430.23,38.24,SQQQ,"Bear signal: Price below SMAs, RSI 38.2 in SQQQ zone",10783.73,107.84,143.85,786.21
2016-05-09,SQQQ,20629.55,0.0,0.0,0.1368,4341.23,4416.8,4429.91,40.09,SQQQ,"Bear signal: Price below SMAs, RSI 40.1 in SQQQ zone",10629.55,106.3,144.47,794.02
2016-05-10,SQQQ,19755.85,0.0,0.0,0.1368,4402.04,4420.81,4429.82,49.12,SQQQ,"Bear signal: Price below SMAs, RSI 49.1 in SQQQ zone",9755.85,97.56,147.9,831.51
2016-05-11,SQQQ,20290.35,0.0,0.0,0.1368,4361.03,4421.36,4429.28,44.27,SQQQ,"Bear signal: Price below SMAs, RSI 44.3 in SQQQ zone",10290.35,102.9,145.59,806.07
2016-05-12,SQQQ,20567.88,0.0,0.0,0.1368,4342.81,4421.53,4428.67,42.28,SQQQ,"Bear signal: Price below SMAs, RSI 42.3 in SQQQ zone",10567.88,105.68,144.56,793.35
2016-05-13,SQQQ,20783.73,0.0,0.0,0.1368,4326.53,4421.54,4427.93,40.52,SQQQ,"Bear signal: Price below SMAs, RSI 40.5 in SQQQ zone",10783.73,107.84,143.65,782.55
2016-05-16,SQQQ,20023.1,0.0,0.0,0.1368,4380.48,4422.57,4427.44,48.2,SQQQ,"Bear signal: Price below SMAs, RSI 48.2 in SQQQ zone",10023.1,100.23,146.68,816.57
2016-05-17,SQQQ,20773.45,0.0,0.0,0.1368,4322.56,4422.96,4426.7,41.94,SQQQ,"Bear signal: Price below SMAs, RSI 41.9 in SQQQ zone",10773.45,107.73,143.42,781.4
2016-05-18,SQQQ,20537.04,0.0,0.0,0.1368,4338.23,4424.41,4425.94,44.06,SQQQ,"Bear signal: Price below SMAs, RSI 44.1 in SQQQ zone",10537.04,105.37,144.31,791.42
2016-05-19,SQQQ,20865.96,0.0,0.0,0.1368,4315.58,4424.86,4425.09,41.69,SQQQ,"Bear signal: Price below SMAs, RSI 41.7 in SQQQ zone",10865.96,108.66,143.03,777.35
2016-05-20,SQQQ,20177.28,0.0,0.0,0.1368,4362.9,4426.38,4424.65,47.98,SQQQ,"Bear signal: Price below SMAs, RSI 48.0 in SQQQ zone",10177.28,101.77,145.69,806.64
2016-05-23,SQQQ,20280.07,0.0,0.0,0.1368,4355.1,4426.24,4423.89,47.08,SQQQ,"Bear signal: Price below SMAs, RSI 47.1 in SQQQ zone",10280.07,102.8,145.26,802.21
2016-05-24,CASH,19036.34,19036.34,0.0,0.0,4444.3,4427.78,4423.52,57.02,CASH,Re-entry buffer: NDX 4444.3 below threshold (4483.1),9036.34,90.36,150.28,857.43
2016-05-25,CASH,19038.68,19038.68,0.0,0.0,4476.43,4429.97,4423.4,59.94,CASH,Re-entry buffer: NDX 4476.4 below threshold (4486.0),9038.68,90.39,152.09,878.05
2016-05-26,TQQQ_100,19041.03,0.0,9409.3489,0.0,4487.96,4431.65,4423.26,60.96,TQQQ_100,"Bull trend confirmed: Price > SMA50 & SMA250, RSI 61.0",9041.03,90.41,152.74,886.25
2016-05-27,TQQQ_100,19327.57,0.0,9409.3489,0.0,4512.54,4433.89,4423.28,63.13,TQQQ_100,"Bull trend confirmed: Price > SMA50 & SMA250, RSI 63.1",9327.57,93.28,154.12,901.09
2016-05-31,TQQQ_100,19442.91,0.0,9409.3489,0.0,4523.89,4436.15,4423.29,64.12,TQQQ_100,"Bull trend confirmed: Price > SMA50 & SMA250, RSI 64.1",9442.91,94.43,154.76,907.06
2016-06-01,TQQQ_100,19450.36,0.0,9409.3489,0.0,4520.07,4438.01,4423.42,63.5,TQQQ_100,"Bull trend confirmed: Price > SMA50 & SMA250, RSI 63.5",9450.36,94.5,154.55,907.45
2016-06-02,TQQQ_100,19560.13,0.0,9409.3489,0.0,4531.35,4439.89,4423.64,64.59,TQQQ_100,"Bull trend confirmed: Price > SMA50 & SMA250, RSI 64.6",9560.13,95.6,155.18,913.13
2016-06-03,TQQQ_100,19292.21,0.0,9409.3489,0.0,4509.79,4442.03,4423.95,60.86,TQQQ_100,"Bull trend confirmed: Price > SMA50 & SMA250, RSI 60.9",9292.21,92.92,153.97,899.26
2016-06-06,TQQQ_100,19498.73,0.0,9409.3489,0.0,4523.63,4444.4,4424.34,62.36,TQQQ_100,"Bull trend confirmed: Price > SMA50 & SMA250, RSI 62.4",9498.73,94.99,154.75,909.95
2016-06-07,TQQQ_100,19361.06,0.0,9409.3489,0.0,4513.09,4446.7,4424.45,60.46,TQQQ_100,"Bull trend confirmed: Price > SMA50 & SMA250, RSI 60.5",9361.06,93.61,154.15,902.82
2016-06-08,TQQQ_100,19446.64,0.0,9409.3489,0.0,4520.63,4447.75,4424.58,61.37,TQQQ_100,"Bull trend confirmed: Price > SMA50 & SMA250, RSI 61.4",9446.64,94.47,154.58,907.25
2016-06-09,TQQQ_100,19361.06,0.0,9409.3489,0.0,4512.69,4448.19,4424.81,59.81,TQQQ_100,"Bull trend confirmed: Price > SMA50 & SMA250, RSI 59.8",9361.06,93.61,154.13,902.82
2016-06-10,TQQQ_100,18709.86,0.0,9409.3489,0.0,4461.05,4447.74,4424.92,50.79,TQQQ_100,"Bull trend confirmed: Price > SMA50 & SMA250, RSI 50.8",8709.86,87.1,151.22,869.09
2016-06-13,SQQQ,18229.83,0.0,0.0,0.1298,4422.76,4445.55,4424.79,45.33,SQQQ,"Bear signal: Price below SMAs, RSI 45.3 in SQQQ zone",8229.83,82.3,149.07,844.23
2016-06-14,CASH,18220.07,18220.07,0.0,0.0,4424.91,4443.82,4424.62,45.68,CASH,Holding cash,8220.07,82.2,149.19,844.71
2016-06-15,SQQQ,18222.32,0.0,0.0,0.1287,4409.51,4442.59,4424.13,43.52,SQQQ,"Bear signal: Price below SMAs, RSI 43.5 in SQQQ zone",8222.32,82.22,148.32,836.23
2016-06-16,CASH,18086.9,18086.9,0.0,0.0,4424.23,4440.2,4423.77,46.15,CASH,Holding cash,8086.9,80.87,149.15,842.98
2016-06-17,SQQQ,18089.13,0.0,0.0,0.1246,4374.38,4438.18,4423.09,39.45,SQQQ,"Bear signal: Price below SMAs, RSI 39.4 in SQQQ zone",8089.13,80.89,146.34,810.69
2016-06-20,SQQQ,17780.16,0.0,0.0,0.1246,4400.16,4436.69,4422.5,43.98,SQQQ,"Bear signal: Price below SMAs, RSI 44.0 in SQQQ zone",7780.16,77.8,147.79,827.07
2016-06-21,SQQQ,17620.99,0.0,0.0,0.1246,4413.4,4435.78,4422.05,46.2,SQQQ,"Bear signal: Price below SMAs, RSI 46.2 in SQQQ zone",7620.99,76.21,148.54,836.33
2016-06-22,SQQQ,17705.26,0.0,0.0,0.1246,4404.73,4433.95,4421.62,44.94,SQQQ,"Bear signal: Price below SMAs, RSI 44.9 in SQQQ zone",7705.26,77.05,148.05,830.26
2016-06-23,CASH,16984.31,16984.31,0.0,0.0,4467.48,4432.21,4421.55,54.59,CASH,Re-entry buffer: NDX 4467.5 below threshold (4475.8),6984.31,69.84,151.58,869.48
2016-06-24,SQQQ,16986.41,0.0,0.0,0.1111,4285.7,4426.83,4421.17,35.3,SQQQ,"Bear signal: Price below SMAs, RSI 35.3 in SQQQ zone",6986.41,69.86,141.35,750.75
2016-06-27,CASH,17979.71,17979.71,0.0,0.0,4201.05,4419.99,4420.39,29.98,CASH,"Bear trend, RSI 30.0 oversold",7979.71,79.8,136.58,701.22
2016-06-28,SQQQ,17981.93,0.0,0.0,0.1186,4290.47,4414.41,4419.83,40.22,SQQQ,"Bear signal: Price below SMAs, RSI 40.2 in SQQQ zone",7981.93,79.82,141.62,751.42
2016-06-29,SQQQ,17036.92,0.0,0.0,0.1186,4364.74,4410.96,4419.56,47.14,SQQQ,"Bear signal: Price below SMAs, RSI 47.1 in SQQQ zone",7036.92,70.37,145.8,795.66
2016-06-30,CASH,16457.43,16457.43,0.0,0.0,4417.7,4408.51,4419.55,51.45,CASH,Re-entry buffer in bear regime,6457.43,64.57,148.78,828.23
2016-07-01,CASH,16459.46,16459.46,0.0,0.0,4437.45,4406.44,4419.59,52.99,CASH,Re-entry buffer: NDX 4437.5 below threshold (4476.4),6459.46,64.59,149.89,840.95
2016-07-05,CASH,16467.58,16467.58,0.0,0.0,4410.75,4405.17,4419.83,50.65,CASH,Re-entry buffer in bear regime,6467.58,64.68,148.39,824.28
2016-07-06,CASH,16469.61,16469.61,0.0,0.0,4444.7,4404.59,4420.2,53.46,CASH,Re-entry buffer: NDX 4444.7 below threshold (4477.4),6469.61,64.7,150.3,846.06
2016-07-07,CASH,16471.64,16471.64,0.0,0.0,4459.58,4404.72,4420.35,54.68,CASH,Re-entry buffer: NDX 4459.6 below threshold (4475.0),6471.64,64.72,151.14,855.02
2016-07-08,TQQQ_100,16473.67,0.0,8035.442,0.0,4528.36,4406.95,4420.49,59.91,TQQQ_100,"Bull trend confirmed: Price > SMA50 & SMA250, RSI 59.9",6473.67,64.74,155.01,899.16
2016-07-11,TQQQ_100,16754.91,0.0,8035.442,0.0,4554.71,4410.77,4420.61,61.73,TQQQ_100,"Bull trend confirmed: Price > SMA50 & SMA250, RSI 61.7",6754.91,67.55,156.5,916.22
2016-07-12,TQQQ_100,17018.66,0.0,8035.442,0.0,4577.61,4415.49,4420.81,63.29,TQQQ_100,"Bull trend confirmed: Price > SMA50 & SMA250, RSI 63.3",7018.66,70.19,157.79,932.21
2016-07-13,TQQQ_100,16899.49,0.0,8035.442,0.0,4565.77,4419.18,4420.69,61.89,TQQQ_100,"Bull trend confirmed: Price > SMA50 & SMA250, RSI 61.9",6899.49,68.99,157.12,924.99
2016-07-14,TQQQ_100,17242.69,0.0,8035.442,0.0,4596.49,4424.28,4420.43,64.11,TQQQ_100,"Bull trend confirmed: Price > SMA50 & SMA250, RSI 64.1",7242.69,72.43,158.85,945.8
2016-07-15,TQQQ_100,17145.77,0.0,8035.442,0.0,4589.83,4429.84,4420.07,63.25,TQQQ_100,"Bull trend confirmed: Price > SMA50 & SMA250, RSI 63.3",7145.77,71.46,158.47,939.92
2016-07-18,TQQQ_100,17487.38,0.0,8035.442,0.0,4619.68,4436.04,4419.86,65.49,TQQQ_100,"Bull trend confirmed: Price > SMA50 & SMA250, RSI 65.5",7487.38,74.87,160.16,960.64
2016-07-19,TQQQ_100,17306.25,0.0,8035.442,0.0,4603.28,4441.51,4419.78,63.21,TQQQ_100,"Bull trend confirmed: Price > SMA50 & SMA250, RSI 63.2",7306.25,73.06,159.23,949.66
2016-07-20,TQQQ_100,17898.91,0.0,8035.442,0.0,4657.2,4447.83,4419.99,67.25,TQQQ_100,"Bull trend confirmed: Price > SMA50 & SMA250, RSI 67.3",7898.91,78.99,162.27,985.6
2016-07-21,TQQQ_100,17792.46,0.0,8035.442,0.0,4647.02,4452.73,4420.35,65.78,TQQQ_100,"Bull trend confirmed: Price > SMA50 & SMA250, RSI 65.8",7792.46,77.92,161.69,979.15
2016-07-22,TQQQ_100,17999.01,0.0,8035.442,0.0,4666.07,4458.83,4420.94,67.23,TQQQ_100,"Bull trend confirmed: Price > SMA50 & SMA250, RSI 67.2",7999.01,79.99,162.77,991.67
2016-07-25,TQQQ_100,18014.89,0.0,8035.442,0.0,4665.93,4465.29,4421.36,67.2,TQQQ_100,"Bull trend confirmed: Price > SMA50 & SMA250, RSI 67.2",8014.89,80.15,162.76,992.64
2016-07-26,TQQQ_100,18075.28,0.0,8035.442,0.0,4672.11,4472.2,4421.72,67.71,TQQQ_100,"Bull trend confirmed: Price > SMA50 & SMA250, RSI 67.7",8075.28,80.75,163.11,996.3
2016-07-27,TQQQ_100,18428.01,0.0,8035.442,0.0,4702.88,4478.65,4422.14,70.21,TQQQ_100,"Bull trend confirmed: Price > SMA50 & SMA250, RSI 70.2",8428.01,84.28,164.84,1017.69
2016-07-28,TQQQ_100,18628.21,0.0,8035.442,0.0,4721.41,4486.63,4422.67,71.63,TQQQ_100,"Bull trend confirmed: Price > SMA50 & SMA250, RSI 71.6",8628.21,86.28,165.88,1029.84
2016-07-29,TQQQ_100,18750.56,0.0,8035.442,0.0,4730.23,4494.47,4423.27,72.31,TQQQ_100,"Bull trend confirmed: Price > SMA50 & SMA250, RSI 72.3",8750.56,87.51,166.38,1037.26
2016-08-01,TQQQ_100,19044.5,0.0,8035.442,0.0,4756.04,4503.27,4424.03,74.24,TQQQ_100,"Bull trend confirmed: Price > SMA50 & SMA250, RSI 74.2",9044.5,90.45,167.83,1055.08
2016-08-02,TQQQ_100,18615.5,0.0,8035.442,0.0,4719.21,4510.4,4424.49,67.04,TQQQ_100,"Bull trend confirmed: Price > SMA50 & SMA250, RSI 67.0",8615.5,86.15,165.76,1029.06
2016-08-03,TQQQ_100,18791.86,0.0,8035.442,0.0,4734.33,4517.99,4425.32,68.39,TQQQ_100,"Bull trend confirmed: Price > SMA50 & SMA250, RSI 68.4",8791.86,87.92,166.61,1039.76
2016-08-04,TQQQ_100,18960.29,0.0,8035.442,0.0,4743.81,4523.98,4426.21,69.25,TQQQ_100,"Bull trend confirmed: Price > SMA50 & SMA250, RSI 69.2",8960.29,89.6,167.15,1049.98
2016-08-05,TQQQ_100,19508.46,0.0,8035.442,0.0,4791.21,4530.27,4427.08,73.15,TQQQ_100,"Bull trend confirmed: Price > SMA50 & SMA250, RSI 73.2",9508.46,95.08,169.81,1083.22
2016-08-08,TQQQ_100,19446.49,0.0,8035.442,0.0,4784.74,4536.21,4428.17,71.81,TQQQ_100,"Bull trend confirmed: Price > SMA50 & SMA250, RSI 71.8",9446.49,94.46,169.45,1079.47
2016-08-09,TQQQ_100,19575.19,0.0,8035.442,0.0,4795.75,4541.87,4429.24,72.73,TQQQ_100,"Bull trend confirmed: Price > SMA50 & SMA250, RSI 72.7",9575.19,95.75,170.07,1087.27
2016-08-10,TQQQ_100,19424.25,0.0,8035.442,0.0,4783.39,4547.06,4430.29,69.98,TQQQ_100,"Bull trend confirmed: Price > SMA50 & SMA250, RSI 70.0",9424.25,94.24,169.37,1078.12
2016-08-11,TQQQ_100,19675.29,0.0,8035.442,0.0,4803.31,4552.73,4431.38,71.83,TQQQ_100,"Bull trend confirmed: Price > SMA50 & SMA250, RSI 71.8",9675.29,96.75,170.5,1093.34
2016-08-12,TQQQ_100,19711.84,0.0,8035.442,0.0,4807.08,4558.24,4432.35,72.18,TQQQ_100,"Bull trend confirmed: Price > SMA50 & SMA250, RSI 72.2",9711.84,97.12,170.71,1095.56
2016-08-15,TQQQ_50,19959.7,9979.85,4017.721,0.0,4827.12,4564.59,4433.49,74.02,TQQQ_50,Bearish RSI divergence,9959.7,99.6,171.84,1110.59
2016-08-16,TQQQ_50,19803.63,9981.08,4017.721,0.0,4797.19,4570.06,4434.63,66.89,TQQQ_50,Bearish RSI divergence,9803.63,98.04,170.15,1091.51
2016-08-17,TQQQ_50,19850.95,9982.31,4017.721,0.0,4805.45,4575.91,4436.31,67.81,TQQQ_50,Bearish RSI divergence,9850.95,98.51,170.62,1097.1
2016-08-18,TQQQ_50,19861.71,9983.54,4017.721,0.0,4808.68,4581.67,4438.76,68.19,TQQQ_50,Bearish RSI divergence,9861.71,98.62,170.8,1098.26
2016-08-19,TQQQ_50,19849.43,9984.77,4017.721,0.0,4806.14,4587.54,4441.83,67.52,TQQQ_50,Bearish RSI divergence,9849.43,98.49,170.66,1096.62
2016-08-22,TQQQ_50,19862.66,9988.47,4017.721,0.0,4808.56,4594.49,4445.0,67.84,TQQQ_50,Bearish RSI divergence,9862.66,98.63,170.79,1097.78
2016-08-23,TQQQ_50,19922.68,9989.7,4017.721,0.0,4818.48,4602.4,4447.39,69.19,TQQQ_50,Bearish RSI divergence,9922.68,99.23,171.35,1104.91
2016-08-24,TQQQ_50,19732.45,9990.93,4017.721,0.0,4783.49,4609.57,4449.23,59.72,TQQQ_50,Bearish RSI divergence,9732.45,97.32,169.38,1081.68
2016-08-25,TQQQ_50,19687.6,9992.16,4017.721,0.0,4775.43,4616.89,4451.01,57.76,TQQQ_50,Bearish RSI divergence,9687.6,96.88,168.93,1076.09
2016-08-26,TQQQ_50,19735.71,9993.39,4017.721,0.0,4783.69,4624.08,4453.05,59.23,TQQQ_50,Bearish RSI divergence,9735.71,97.36,169.39,1081.78
2016-08-29,TQQQ_100,19766.42,0.0,8129.1126,0.0,4791.09,4632.41,4455.64,60.56,TQQQ_100,"Bull trend confirmed: Price > SMA50 & SMA250, RSI 60.6",9766.42,97.66,169.81,1085.06
2016-08-30,TQQQ_100,19587.99,0.0,8129.1126,0.0,4775.99,4639.93,4457.72,56.51,TQQQ_100,"Bull trend confirmed: Price > SMA50 & SMA250, RSI 56.5",9587.99,95.88,168.96,1074.36
2016-08-31,TQQQ_100,19536.55,0.0,8129.1126,0.0,4771.05,4647.08,4459.87,55.21,TQQQ_100,"Bull trend confirmed: Price > SMA50 & SMA250, RSI 55.2",9536.55,95.37,168.68,1071.27
2016-09-01,TQQQ_100,19623.35,0.0,8129.1126,0.0,4783.94,4654.67,4462.27,57.93,TQQQ_100,"Bull trend confirmed: Price > SMA50 & SMA250, RSI 57.9",9623.35,96.23,169.41,1076.48
2016-09-02,TQQQ_100,19853.21,0.0,8129.1126,0.0,4798.74,4661.29,4464.25,60.87,TQQQ_100,"Bull trend confirmed: Price > SMA50 & SMA250, RSI 60.9",9853.21,98.53,170.24,1090.26
2016-09-06,TQQQ_50,20221.31,10110.65,4064.5563,0.0,4829.51,4672.17,4466.55,66.17,TQQQ_50,Bearish RSI divergence,10221.31,102.21,171.97,1112.33
2016-09-07,TQQQ_50,20241.04,10111.9,4064.5563,0.0,4831.86,4684.79,4468.69,66.54,TQQQ_50,Bearish RSI divergence,10241.04,102.41,172.1,1114.54
2016-09-08,TQQQ_50,20068.69,10113.15,4064.5563,0.0,4804.0,4695.06,4470.62,58.34,TQQQ_50,Bearish RSI divergence,10068.69,100.69,170.54,1093.73
2016-09-09,TQQQ_50,19315.25,10114.39,4064.5563,0.0,4681.54,4701.39,4472.11,36.84,TQQQ_50,Downside buffer hold: NDX 4681.5 above buffer (4661.2),9315.25,93.15,163.64,1003.24
2016-09-12,TQQQ_50,19790.77,10118.14,4064.5563,0.0,4764.65,4708.33,4473.72,50.24,TQQQ_50,Bearish RSI divergence,9790.77,97.91,168.32,1059.81
2016-09-13,TQQQ_50,19563.76,10119.38,4064.5563,0.0,4722.85,4714.04,4475.08,45.07,TQQQ_50,Bearish RSI divergence,9563.76,95.64,165.97,1032.44
2016-09-14,TQQQ_50,19686.37,10120.63,4064.5563,0.0,4746.06,4720.74,4476.53,48.25,TQQQ_50,Bearish RSI divergence,9686.37,96.86,167.27,1046.99
2016-09-15,TQQQ_50,20131.27,10121.88,4064.5563,0.0,4819.9,4728.25,4478.51,56.84,TQQQ_50,Bearish RSI divergence,10131.27,101.31,171.43,1100.19
2016-09-16,TQQQ_50,20121.26,10123.13,4064.5563,0.0,4818.05,4735.42,4480.44,56.59,TQQQ_50,Bearish RSI divergence,10121.26,101.21,171.33,1098.84
2016-09-19,TQQQ_50,19994.0,10126.87,4064.5563,0.0,4796.07,4740.77,4482.52,53.53,TQQQ_50,Bearish RSI divergence,9994.0,99.94,170.09,1083.13
2016-09-20,TQQQ_50,20049.9,10128.12,4064.5563,0.0,4805.22,4745.78,4484.65,54.63,TQQQ_50,Bearish RSI divergence,10049.9,100.5,170.6,1089.68
2016-09-21,TQQQ_50,20339.68,10129.37,4064.5563,0.0,4853.75,4751.31,4487.02,60.02,TQQQ_50,Bearish RSI divergence,10339.68,103.4,173.34,1124.28
2016-09-22,TQQQ_50,20579.64,10130.62,4064.5563,0.0,4891.36,4757.82,4489.69,63.63,TQQQ_50,Bearish RSI divergence,10579.64,105.8,175.45,1152.9
2016-09-23,TQQQ_50,20392.82,10131.87,4064.5563,0.0,4858.91,4763.07,4492.71,58.71,TQQQ_50,Bearish RSI divergence,10392.82,103.93,173.63,1130.35
2016-09-26,TQQQ_50,20141.79,10135.61,4064.5563,0.0,4817.17,4767.61,4495.65,53.03,TQQQ_50,Bearish RSI divergence,10141.79,101.42,171.28,1099.8
2016-09-27,TQQQ_50,20426.75,10136.86,4064.5563,0.0,4866.71,4772.55,4498.39,58.2,TQQQ_50,Bearish RSI divergence,10426.75,104.27,174.07,1133.82
2016-09-28,TQQQ_50,20484.26,10138.11,4064.5563,0.0,4875.27,4777.99,4501.12,59.04,TQQQ_50,Bearish RSI divergence,10484.26,104.84,174.55,1140.56
2016-09-29,TQQQ_50,20266.09,10139.36,4064.5563,0.0,4838.3,4781.61,4503.4,53.99,TQQQ_50,Bearish RSI divergence,10266.09,102.66,172.47,1114.26
2016-09-30,TQQQ_50,20475.5,10140.61,4064.5563,0.0,4875.7,4786.19,4505.58,57.91,TQQQ_50,Bearish RSI divergence,10475.5,104.76,174.57,1139.22
2016-10-03,TQQQ_50,20455.95,10144.36,4064.5563,0.0,4866.63,4790.2,4507.82,56.65,TQQQ_50,Bearish RSI divergence,10455.95,104.56,174.06,1136.42
2016-10-04,TQQQ_50,20398.52,10145.61,4064.5563,0.0,4859.47,4794.07,4509.92,55.62,TQQQ_50,Bearish RSI divergence,10398.52,103.99,173.66,1129.39
2016-10-05,TQQQ_100,20506.67,0.0,8045.5664,0.0,4877.75,4798.18,4512.03,57.73,TQQQ_100,"Bull trend confirmed: Price > SMA50 & SMA250, RSI 57.7",10506.67,105.07,174.69,1142.2
2016-10-06,TQQQ_100,20474.85,0.0,8045.5664,0.0,4873.92,4801.6,4514.05,57.12,TQQQ_100,"Bull trend confirmed: Price > SMA50 & SMA250, RSI 57.1",10474.85,104.75,174.47,1140.28
2016-10-07,TQQQ_100,20341.21,0.0,8045.5664,0.0,4864.52,4804.47,4515.98,55.56,TQQQ_100,"Bull trend confirmed: Price > SMA50 & SMA250, RSI 55.6",10341.21,103.41,173.94,1132.18
2016-10-10,TQQQ_50,20705.53,10352.77,4022.7832,0.0,4893.77,4807.74,4518.14,59.28,TQQQ_50,Bearish RSI divergence,10705.53,107.06,175.59,1154.25
2016-10-11,TQQQ_50,20278.86,10354.04,4022.7832,0.0,4821.91,4809.05,4520.04,48.53,TQQQ_50,Bearish RSI divergence,10278.86,102.79,171.54,1102.4
2016-10-12,TQQQ_50,20259.45,10355.32,4022.7832,0.0,4819.64,4811.06,4521.64,48.23,TQQQ_50,Bearish RSI divergence,10259.45,102.59,171.42,1099.9
2016-10-13,TQQQ_50,20144.59,10356.6,4022.7832,0.0,4803.1,4812.44,4523.1,46.02,TQQQ_50,Downside buffer hold: NDX 4803.1 above buffer (4766.5),10144.59,101.45,170.48,1085.83
2016-10-14,TQQQ_50,20168.14,10357.87,4022.7832,0.0,4808.48,4813.73,4524.49,46.87,TQQQ_50,Downside buffer hold: NDX 4808.5 above buffer (4768.0),10168.14,101.68,170.79,1088.53
2016-10-17,TQQQ_50,20104.36,10361.7,4022.7832,0.0,4796.17,4813.83,4525.92,45.11,TQQQ_50,Downside buffer hold: NDX 4796.2 above buffer (4770.5),10104.36,101.04,170.09,1080.33
2016-10-18,TQQQ_50,20355.41,10362.98,4022.7832,0.0,4839.72,4814.93,4527.62,51.98,TQQQ_50,Bearish RSI divergence,10355.41,103.55,172.55,1110.59
2016-10-19,TQQQ_50,20360.66,10364.26,4022.7832,0.0,4836.61,4815.75,4528.96,51.48,TQQQ_50,Bearish RSI divergence,10360.66,103.61,172.37,1111.08
2016-10-20,TQQQ_100,20319.78,0.0,8211.7809,0.0,4832.71,4816.73,4529.79,50.83,TQQQ_100,"Bull trend confirmed: Price > SMA50 & SMA250, RSI 50.8",10319.78,103.2,172.15,1105.97
2016-10-21,TQQQ_100,20540.62,0.0,8211.7809,0.0,4851.86,4817.71,4530.68,53.93,TQQQ_100,"Bull trend confirmed: Price > SMA50 & SMA250, RSI 53.9",10540.62,105.41,173.23,1119.07
2016-10-24,TQQQ_100,21289.17,0.0,8211.7809,0.0,4909.97,4819.76,4531.76,61.79,TQQQ_100,"Bull trend confirmed: Price > SMA50 & SMA250, RSI 61.8",11289.17,112.89,176.5,1163.5
2016-10-25,TQQQ_100,21076.46,0.0,8211.7809,0.0,4891.45,4821.05,4532.61,58.37,TQQQ_100,"Bull trend confirmed: Price > SMA50 & SMA250, RSI 58.4",11076.46,110.76,175.46,1150.88
2016-10-26,TQQQ_100,20672.15,0.0,8211.7809,0.0,4860.59,4822.32,4533.37,53.1,TQQQ_100,"Bull trend confirmed: Price > SMA50 & SMA250, RSI 53.1",10672.15,106.72,173.72,1126.88
2016-10-27,TQQQ_100,20383.1,0.0,8211.7809,0.0,4836.45,4822.94,4534.12,49.34,TQQQ_100,"Bull trend confirmed: Price > SMA50 & SMA250, RSI 49.3",10383.1,103.83,172.36,1109.73
2016-10-28,TQQQ_100,20030.75,0.0,8211.7809,0.0,4805.59,4822.88,4534.53,44.97,TQQQ_100,Downside buffer hold: NDX 4805.6 above buffer (4777.7),10030.75,100.31,170.62,1088.81
2016-10-31,TQQQ_100,19917.09,0.0,8211.7809,0.0,4801.27,4822.78,4534.86,44.37,TQQQ_100,Downside buffer hold: NDX 4801.3 above buffer (4782.4),9917.09,99.17,170.38,1082.07
2016-11-01,CASH,19507.91,19507.91,0.0,0.0,4766.94,4821.95,4535.05,39.87,CASH,Downside breakdown: NDX 4766.9 broke below exit buffer (4777.7),9507.91,95.08,168.45,1057.78
2016-11-02,CASH,19510.31,19510.31,0.0,0.0,4726.91,4820.11,4535.15,35.36,CASH,Downside breakdown: NDX 4726.9 broke below exit buffer (4776.1),9510.31,95.1,166.19,1027.62
2016-11-03,CASH,19512.72,19512.72,0.0,0.0,4679.1,4818.03,4535.04,30.87,CASH,Downside breakdown: NDX 4679.1 broke below exit buffer (4772.8),9512.72,95.13,163.5,995.14
2016-11-04,CASH,19515.12,19515.12,0.0,0.0,4660.46,4815.73,4535.06,29.31,CASH,Downside breakdown: NDX 4660.5 broke below exit buffer (4768.7),9515.12,95.15,162.45,982.71
2016-11-07,CASH,19522.34,19522.34,0.0,0.0,4773.73,4815.53,4535.59,46.9,CASH,Holding cash,9522.34,95.22,168.83,1060.29
2016-11-08,CASH,19524.75,19524.75,0.0,0.0,4804.92,4815.8,4536.26,50.54,CASH,Holding cash,9524.75,95.25,170.59,1083.03
2016-11-09,CASH,19527.16,19527.16,0.0,0.0,4825.18,4816.79,4537.2,52.81,CASH,Re-entry buffer: NDX 4825.2 below threshold (4874.9),9527.16,95.27,171.73,1099.61
2016-11-10,CASH,19529.56,19529.56,0.0,0.0,4747.03,4816.31,4538.18,44.36,CASH,Downside breakdown: NDX 4747.0 broke below exit buffer (4748.3),9529.56,95.3,167.33,1042.56
2016-11-11,CASH,19531.97,19531.97,0.0,0.0,4751.95,4815.67,4538.93,44.96,CASH,Holding cash,9531.97,95.32,167.6,1041.59
2016-11-14,CASH,19539.2,19539.2,0.0,0.0,4702.04,4813.73,4539.47,40.24,CASH,Downside breakdown: NDX 4702.0 broke below exit buffer (4743.0),9539.2,95.39,164.79,1003.04
2016-11-15,CASH,19541.6,19541.6,0.0,0.0,4764.47,4812.43,4539.92,47.64,CASH,Holding cash,9541.6,95.42,168.31,1054.12
2016-11-16,CASH,19544.01,19544.01,0.0,0.0,4792.27,4811.64,4540.46,50.58,CASH,Holding cash,9544.01,95.44,169.87,1072.91
2016-11-17,CASH,19546.42,19546.42,0.0,0.0,4826.59,4812.09,4541.03,54.01,CASH,Re-entry buffer: NDX 4826.6 below threshold (4884.2),9546.42,95.46,171.81,1100.09
2016-11-18,CASH,19548.83,19548.83,0.0,0.0,4808.04,4814.62,4541.56,51.91,CASH,Holding cash,9548.83,95.49,170.76,1086.6
2016-11-21,CASH,19556.06,19556.06,0.0,0.0,4859.0,4816.51,4542.32,56.86,CASH,Re-entry buffer: NDX 4859.0 below threshold (4887.4),9556.06,95.56,173.63,1122.25
2016-11-22,CASH,19558.47,19558.47,0.0,0.0,4873.84,4819.53,4543.12,58.21,CASH,Re-entry buffer: NDX 4873.8 below threshold (4888.3),9558.47,95.58,174.47,1133.24
2016-11-23,CASH,19560.89,19560.89,0.0,0.0,4853.86,4821.69,4543.81,55.69,CASH,Re-entry buffer: NDX 4853.9 below threshold (4889.2),9560.89,95.61,173.34,1118.4
2016-11-25,CASH,19565.71,19565.71,0.0,0.0,4870.02,4822.69,4544.64,57.3,CASH,Re-entry buffer: NDX 4870.0 below threshold (4887.9),9565.71,95.66,174.25,1130.16
2016-11-28,CASH,19572.95,19572.95,0.0,0.0,4857.02,4823.47,4545.2,55.55,CASH,Re-entry buffer: NDX 4857.0 below threshold (4882.2),9572.95,95.73,173.52,1123.31
2016-11-29,CASH,19575.36,19575.36,0.0,0.0,4873.21,4825.01,4545.95,57.3,CASH,Re-entry buffer: NDX 4873.2 below threshold (4882.3),9575.36,95.75,174.43,1135.07
2016-11-30,CASH,19577.77,19577.77,0.0,0.0,4810.81,4825.12,4546.76,49.24,CASH,Holding cash,9577.77,95.78,170.92,1095.08
2016-12-01,CASH,19580.19,19580.19,0.0,0.0,4734.1,4822.73,4546.84,41.52,CASH,Downside breakdown: NDX 4734.1 broke below exit buffer (4772.5),9580.19,95.8,166.6,1029.45
2016-12-02,CASH,19582.6,19582.6,0.0,0.0,4739.37,4819.69,4547.02,42.19,CASH,Downside breakdown: NDX 4739.4 broke below exit buffer (4770.2),9582.6,95.83,166.9,1033.98
2016-12-05,CASH,19589.84,19589.84,0.0,0.0,4778.14,4818.07,4547.35,47.01,CASH,Holding cash,9589.84,95.9,169.08,1060.19
2016-12-06,CASH,19592.26,19592.26,0.0,0.0,4788.67,4817.5,4548.02,48.27,CASH,Holding cash,9592.26,95.92,169.67,1068.58
2016-12-07,CASH,19594.67,19594.67,0.0,0.0,4851.94,4817.21,4548.85,55.17,CASH,Re-entry buffer: NDX 4851.9 below threshold (4864.4),9594.67,95.95,173.23,1111.94
2016-12-08,CASH,19597.09,19597.09,0.0,0.0,4859.19,4816.89,4550.14,55.9,CASH,Re-entry buffer: NDX 4859.2 below threshold (4862.8),9597.09,95.97,173.64,1119.36
2016-12-09,TQQQ_100,19599.5,0.0,7654.6153,0.0,4895.9,4818.04,4551.44,59.48,TQQQ_100,"Bull trend confirmed: Price > SMA50 & SMA250, RSI 59.5",9599.5,96.0,175.71,1147.89
2016-12-12,TQQQ_100,19327.06,0.0,7654.6153,0.0,4874.3,4818.01,4552.55,56.57,TQQQ_100,"Bull trend confirmed: Price > SMA50 & SMA250, RSI 56.6",9327.06,93.27,174.49,1130.54
2016-12-13,TQQQ_100,20082.35,0.0,7654.6153,0.0,4935.84,4819.4,4553.64,62.23,TQQQ_100,"Bull trend confirmed: Price > SMA50 & SMA250, RSI 62.2",10082.35,100.82,177.96,1178.63
2016-12-14,TQQQ_100,19935.52,0.0,7654.6153,0.0,4921.22,4820.63,4554.93,60.22,TQQQ_100,"Bull trend confirmed: Price > SMA50 & SMA250, RSI 60.2",9935.52,99.36,177.14,1169.28
2016-12-15,TQQQ_100,20056.61,0.0,7654.6153,0.0,4933.41,4821.74,4556.6,61.35,TQQQ_100,"Bull trend confirmed: Price > SMA50 & SMA250, RSI 61.3",10056.61,100.57,177.82,1176.99
2016-12-16,TQQQ_100,19812.92,0.0,7654.6153,0.0,4914.86,4822.56,4558.02,58.64,TQQQ_100,"Bull trend confirmed: Price > SMA50 & SMA250, RSI 58.6",9812.92,98.13,176.78,1161.48
2016-12-19,TQQQ_100,20055.1,0.0,7654.6153,0.0,4934.85,4823.97,4559.4,60.65,TQQQ_100,"Bull trend confirmed: Price > SMA50 & SMA250, RSI 60.7",10055.1,100.55,177.9,1176.9
2016-12-20,TQQQ_100,20297.27,0.0,7654.6153,0.0,4953.8,4825.17,4560.72,62.52,TQQQ_100,"Bull trend confirmed: Price > SMA50 & SMA250, RSI 62.5",10297.27,102.97,178.97,1192.31
2016-12-21,TQQQ_100,20226.13,0.0,7654.6153,0.0,4948.91,4827.71,4562.02,61.71,TQQQ_100,"Bull trend confirmed: Price > SMA50 & SMA250, RSI 61.7",10226.13,102.26,178.7,1187.79
2016-12-22,TQQQ_100,20050.57,0.0,7654.6153,0.0,4934.39,4830.01,4563.28,59.24,TQQQ_100,"Bull trend confirmed: Price > SMA50 & SMA250, RSI 59.2",10050.57,100.51,177.88,1176.61
2016-12-23,TQQQ_100,20112.61,0.0,7654.6153,0.0,4940.02,4832.74,4564.27,59.91,TQQQ_100,"Bull trend confirmed: Price > SMA50 & SMA250, RSI 59.9",10112.61,101.13,178.2,1180.56
2016-12-27,TQQQ_100,20406.25,0.0,7654.6153,0.0,4965.81,4835.89,4565.53,62.91,TQQQ_100,"Bull trend confirmed: Price > SMA50 & SMA250, RSI 62.9",10406.25,104.06,179.65,1199.25
2016-12-28,TQQQ_100,19934.01,0.0,7654.6153,0.0,4926.29,4838.49,4566.86,56.0,TQQQ_100,"Bull trend confirmed: Price > SMA50 & SMA250, RSI 56.0",9934.01,99.34,177.42,1169.19
2016-12-29,TQQQ_100,19837.14,0.0,7654.6153,0.0,4918.28,4840.06,4568.54,54.68,TQQQ_100,"Bull trend confirmed: Price > SMA50 & SMA250, RSI 54.7",9837.14,98.37,176.97,1163.02
2016-12-30,TQQQ_100,19257.44,0.0,7654.6153,0.0,4863.62,4840.6,4570.06,46.65,TQQQ_100,"Bull trend confirmed: Price > SMA50 & SMA250, RSI 46.7",9257.44,92.57,173.89,1126.11
2017-01-03,TQQQ_100,19723.63,0.0,7654.6153,0.0,4911.33,4842.18,4571.93,53.12,TQQQ_100,"Bull trend confirmed: Price > SMA50 & SMA250, RSI 53.1",9723.63,97.24,176.58,1155.79
2017-01-04,TQQQ_100,20059.64,0.0,7654.6153,0.0,4937.21,4843.88,4574.45,56.23,TQQQ_100,"Bull trend confirmed: Price > SMA50 & SMA250, RSI 56.2",10059.64,100.6,178.04,1177.18
2017-01-05,TQQQ_100,20415.33,0.0,7654.6153,0.0,4964.95,4844.98,4577.23,59.33,TQQQ_100,"Bull trend confirmed: Price > SMA50 & SMA250, RSI 59.3",10415.33,104.15,179.6,1199.83
2017-01-06,TQQQ_100,20932.98,0.0,7654.6153,0.0,5007.08,4847.3,4580.13,63.56,TQQQ_100,"Bull trend confirmed: Price > SMA50 & SMA250, RSI 63.6",10932.98,109.33,181.97,1232.79
2017-01-09,TQQQ_100,21144.89,0.0,7654.6153,0.0,5024.9,4850.58,4582.89,65.21,TQQQ_100,"Bull trend confirmed: Price > SMA50 & SMA250, RSI 65.2",11144.89,111.45,182.97,1246.28
2017-01-10,TQQQ_100,21265.97,0.0,7654.6153,0.0,5035.17,4854.56,4586.3,66.16,TQQQ_100,"Bull trend confirmed: Price > SMA50 & SMA250, RSI 66.2",11265.97,112.66,183.55,1253.99
2017-01-11,TQQQ_100,21429.44,0.0,7654.6153,0.0,5050.21,4859.45,4589.41,67.56,TQQQ_100,"Bull trend confirmed: Price > SMA50 & SMA250, RSI 67.6",11429.44,114.29,184.4,1264.4
2017-01-12,TQQQ_100,21320.46,0.0,7654.6153,0.0,5041.43,4864.25,4593.01,65.85,TQQQ_100,"Bull trend confirmed: Price > SMA50 & SMA250, RSI 65.8",11320.46,113.2,183.91,1257.46
2017-01-13,TQQQ_100,21565.66,0.0,7654.6153,0.0,5059.51,4870.1,4596.66,67.66,TQQQ_100,"Bull trend confirmed: Price > SMA50 & SMA250, RSI 67.7",11565.66,115.66,184.92,1273.07
2017-01-17,TQQQ_100,21362.85,0.0,7654.6153,0.0,5044.65,4876.46,4600.29,64.62,TQQQ_100,"Bull trend confirmed: Price > SMA50 & SMA250, RSI 64.6",11362.85,113.63,184.09,1260.16
2017-01-18,TQQQ_100,21508.15,0.0,7654.6153,0.0,5055.85,4883.99,4603.94,65.87,TQQQ_100,"Bull trend confirmed: Price > SMA50 & SMA250, RSI 65.9",11508.15,115.08,184.72,1269.41
2017-01-19,TQQQ_100,21450.63,0.0,7654.6153,0.0,5051.17,4891.81,4607.11,64.84,TQQQ_100,"Bull trend confirmed: Price > SMA50 & SMA250, RSI 64.8",11450.63,114.51,184.45,1265.75
2017-01-20,TQQQ_100,21589.88,0.0,7654.6153,0.0,5063.2,4897.6,4610.58,66.3,TQQQ_100,"Bull trend confirmed: Price > SMA50 & SMA250, RSI 66.3",11589.88,115.9,185.13,1274.61
2017-01-23,TQQQ_100,21638.32,0.0,7654.6153,0.0,5065.7,4902.81,4613.9,66.61,TQQQ_100,"Bull trend confirmed: Price > SMA50 & SMA250, RSI 66.6",11638.32,116.38,185.27,1277.7
2017-01-24,TQQQ_100,22089.37,0.0,7654.6153,0.0,5101.06,4908.33,4617.79,70.7,TQQQ_100,"Bull trend confirmed: Price > SMA50 & SMA250, RSI 70.7",12089.37,120.89,187.26,1306.42
2017-01-25,TQQQ_30,22734.16,15913.91,2296.3846,0.0,5151.47,4916.42,4621.65,75.34,TQQQ_30,Overextended: RSI 75.3 >= 75,12734.16,127.34,190.1,1347.47
2017-01-26,TQQQ_30,22764.27,15915.87,2296.3846,0.0,5156.92,4924.52,4625.17,75.78,TQQQ_30,Overextended: RSI 75.8 >= 75,12764.27,127.64,190.41,1353.44
2017-01-27,TQQQ_30,22798.93,15917.84,2296.3846,0.0,5168.06,4933.84,4628.69,76.71,TQQQ_30,Overextended: RSI 76.7 >= 75,12798.93,127.99,191.04,1360.38
2017-01-30,TQQQ_30,22648.62,15923.72,2296.3846,0.0,5129.33,4941.14,4632.44,67.09,TQQQ_30,Trim lock active,12648.62,126.49,188.86,1327.23
2017-01-31,TQQQ_30,22613.34,15925.69,2296.3846,0.0,5116.77,4947.63,4636.22,64.27,TQQQ_30,Trim lock active,12613.34,126.13,188.15,1319.33
2017-02-01,TQQQ_30,22742.45,15927.65,2296.3846,0.0,5152.69,4954.15,4640.16,68.36,TQQQ_30,Trim lock active,12742.45,127.42,190.17,1346.31
2017-02-02,TQQQ_30,22727.16,15929.61,2296.3846,0.0,5147.7,4960.94,4644.65,67.21,TQQQ_30,Trim lock active,12727.16,127.27,189.89,1342.65
2017-02-03,TQQQ_30,22788.15,15931.58,2296.3846,0.0,5161.6,4966.99,4649.45,68.79,TQQQ_30,Trim lock active,12788.15,127.88,190.67,1355.18
2017-02-06,TQQQ_30,22819.47,15937.47,2296.3846,0.0,5167.96,4972.88,4654.33,69.51,TQQQ_30,Trim lock active,12819.47,128.19,191.03,1360.58
2017-02-07,TQQQ_30,22892.27,15939.44,2296.3846,0.0,5185.88,4979.52,4659.21,71.51,TQQQ_30,Trim lock active,12892.27,128.92,192.04,1375.61
2017-02-08,TQQQ_30,22933.29,15941.4,2296.3846,0.0,5196.58,4986.05,4664.15,72.66,TQQQ_30,Trim lock active,12933.29,129.33,192.64,1383.9
2017-02-09,TQQQ_30,23007.91,15943.37,2296.3846,0.0,5212.16,4993.15,4668.92,74.3,TQQQ_30,Trim lock active,13007.91,130.08,193.52,1399.32
2017-02-10,TQQQ_30,23079.8,15945.33,2296.3846,0.0,5226.69,5000.22,4673.41,75.75,TQQQ_30,Overextended: RSI 75.8 >= 75,13079.8,130.8,194.34,1414.16
2017-02-13,TQQQ_30,23211.02,15951.23,2296.3846,0.0,5256.82,5009.14,4677.64,78.47,TQQQ_30,Overextended: RSI 78.5 >= 75,13211.02,132.11,196.04,1440.76
2017-02-14,TQQQ_30,23281.1,15953.2,2296.3846,0.0,5271.07,5019.88,4682.12,79.63,TQQQ_30,Overextended: RSI 79.6 >= 75,13281.1,132.81,196.84,1455.21
2017-02-15,TQQQ_30,23409.3,15955.16,2296.3846,0.0,5302.39,5031.14,4686.67,81.94,TQQQ_30,Overextended: RSI 81.9 >= 75,13409.3,134.09,198.6,1482.0
2017-02-16,TQQQ_30,23404.91,15957.13,2296.3846,0.0,5300.64,5041.59,4690.95,81.39,TQQQ_30,Overextended: RSI 81.4 >= 75,13404.91,134.05,198.5,1480.65
2017-02-17,TQQQ_30,23500.42,15959.1,2296.3846,0.0,5324.72,5052.31,4695.6,83.09,TQQQ_30,Overextended: RSI 83.1 >= 75,13500.42,135.0,199.86,1500.5
2017-02-21,TQQQ_30,23628.17,15966.97,2296.3846,0.0,5350.73,5062.29,4700.2,84.71,TQQQ_30,Overextended: RSI 84.7 >= 75,13628.17,136.28,201.32,1525.95
2017-02-22,TQQQ_30,23631.04,15968.94,2296.3846,0.0,5352.13,5072.14,4704.64,84.79,TQQQ_30,Overextended: RSI 84.8 >= 75,13631.04,136.31,201.4,1526.14
2017-02-23,TQQQ_30,23550.37,15970.9,2296.3846,0.0,5332.37,5080.87,4709.03,78.22,TQQQ_30,Overextended: RSI 78.2 >= 75,13550.37,135.5,200.29,1508.6
2017-02-24,TQQQ_30,23593.21,15972.87,2296.3846,0.0,5343.31,5090.25,4713.6,79.18,TQQQ_30,Overextended: RSI 79.2 >= 75,13593.21,135.93,200.91,1517.27
2017-02-27,TQQQ_30,23621.82,15978.78,2296.3846,0.0,5347.55,5098.49,4717.65,79.56,TQQQ_30,Overextended: RSI 79.6 >= 75,13621.82,136.22,201.14,1522.09
2017-02-28,TQQQ_30,23563.85,15980.75,2296.3846,0.0,5330.31,5106.67,4721.64,73.71,TQQQ_30,Trim lock active,13563.85,135.64,200.17,1509.37
2017-03-01,TQQQ_30,23811.02,15982.72,2296.3846,0.0,5390.99,5115.82,4725.9,79.44,TQQQ_30,Overextended: RSI 79.4 >= 75,13811.02,138.11,203.59,1561.41
2017-03-02,TQQQ_30,23689.48,15984.69,2296.3846,0.0,5363.26,5124.79,4730.04,71.74,TQQQ_30,Trim lock active,13689.48,136.89,202.03,1535.2
2017-03-03,TQQQ_30,23731.41,15986.66,2296.3846,0.0,5373.48,5133.56,4734.32,72.79,TQQQ_30,Trim lock active,13731.41,137.31,202.61,1543.68
2017-03-06,TQQQ_30,23683.74,15992.58,2296.3846,0.0,5360.31,5141.69,4738.7,69.23,TQQQ_30,Trim lock active,13683.74,136.84,201.86,1532.31
2017-03-07,TQQQ_30,23647.57,15994.55,2296.3846,0.0,5351.28,5149.74,4742.93,66.82,TQQQ_30,Trim lock active,13647.57,136.48,201.35,1524.21
2017-03-08,TQQQ_30,23688.6,15996.52,2296.3846,0.0,5359.81,5158.25,4747.22,67.96,TQQQ_30,Trim lock active,13688.6,136.89,201.84,1532.5
2017-03-09,TQQQ_30,23714.18,15998.49,2296.3846,0.0,5363.98,5166.73,4751.23,68.52,TQQQ_30,Trim lock active,13714.18,137.14,202.07,1537.51
2017-03-10,TQQQ_30,23800.61,16000.46,2296.3846,0.0,5385.9,5175.13,4755.3,71.39,TQQQ_30,Trim lock active,13800.61,138.01,203.3,1555.44
2017-03-13,TQQQ_30,23851.94,16006.38,2296.3846,0.0,5394.57,5184.5,4759.41,72.46,TQQQ_30,Trim lock active,13851.94,138.52,203.79,1565.07
2017-03-14,TQQQ_30,23795.79,16008.36,2296.3846,0.0,5382.17,5193.77,4763.32,68.52,TQQQ_30,Trim lock active,13795.79,137.96,203.09,1552.74
2017-03-15,TQQQ_30,23933.98,16010.33,2296.3846,0.0,5416.25,5204.83,4767.39,72.88,TQQQ_30,Trim lock active,13933.98,139.34,205.01,1581.65
2017-03-16,TQQQ_30,23931.42,16012.3,2296.3846,0.0,5412.08,5214.84,4771.39,71.58,TQQQ_30,Trim lock active,13931.42,139.31,204.78,1580.68
2017-03-17,TQQQ_30,23914.32,16014.28,2296.3846,0.0,5408.76,5224.27,4775.32,70.49,TQQQ_30,Trim lock active,13914.32,139.14,204.59,1576.64
2017-03-20,TQQQ_30,23943.86,16020.2,2296.3846,0.0,5413.31,5233.24,4779.22,71.14,TQQQ_30,Trim lock active,13943.86,139.44,204.85,1581.65
2017-03-21,TQQQ_30,23592.56,16022.17,2296.3846,0.0,5332.53,5239.75,4782.94,50.16,TQQQ_30,Trim lock active,13592.56,135.93,200.3,1506.67
2017-03-22,TQQQ_30,23743.47,16024.15,2296.3846,0.0,5367.55,5246.6,4786.79,56.19,TQQQ_30,Trim lock active,13743.47,137.43,202.27,1538.28
2017-03-23,TQQQ_30,23683.69,16026.13,2296.3846,0.0,5355.14,5253.0,4790.62,53.71,TQQQ_30,Trim lock active,13683.69,136.84,201.57,1525.18
2017-03-24,TQQQ_30,23727.44,16028.1,2296.3846,0.0,5364.0,5259.28,4794.2,55.23,TQQQ_30,Trim lock active,13727.44,137.27,202.07,1534.04
2017-03-27,TQQQ_30,23774.24,16034.03,2296.3846,0.0,5374.27,5265.93,4797.74,56.99,TQQQ_30,Trim lock active,13774.24,137.74,202.65,1542.71
2017-03-28,TQQQ_50,23921.52,11960.76,3483.1593,0.0,5407.21,5272.89,4801.43,62.14,TQQQ_50,Bearish RSI divergence,13921.52,139.22,204.5,1573.55
2017-03-29,TQQQ_50,24081.41,11962.24,3483.1593,0.0,5430.27,5280.6,4805.02,65.27,TQQQ_50,Bearish RSI divergence,14081.41,140.81,205.8,1595.72
2017-03-30,TQQQ_50,24143.49,11963.71,3483.1593,0.0,5439.74,5288.28,4808.74,66.5,TQQQ_50,Bearish RSI divergence,14143.49,141.43,206.34,1604.2
2017-03-31,TQQQ_50,24116.04,11965.19,3483.1593,0.0,5436.23,5295.98,4812.6,65.58,TQQQ_50,Bearish RSI divergence,14116.04,141.16,206.14,1600.15
2017-04-03,TQQQ_50,24094.29,11969.61,3483.1593,0.0,5432.2,5303.36,4816.15,64.47,TQQQ_50,Bearish RSI divergence,14094.29,140.94,205.91,1596.49
2017-04-04,TQQQ_50,24150.87,11971.09,3483.1593,0.0,5440.41,5310.85,4820.01,65.74,TQQQ_50,Bearish RSI divergence,14150.87,141.51,206.37,1604.2
2017-04-05,TQQQ_50,24013.22,11972.56,3483.1593,0.0,5418.52,5317.2,4823.79,59.62,TQQQ_50,Bearish RSI divergence,14013.22,140.13,205.14,1584.73
2017-04-06,TQQQ_50,24024.33,11974.04,3483.1593,0.0,5420.88,5322.59,4827.64,60.05,TQQQ_50,Bearish RSI divergence,14024.33,140.24,205.27,1586.08
2017-04-07,TQQQ_50,24012.03,11975.52,3483.1593,0.0,5418.37,5327.82,4831.33,59.33,TQQQ_50,Bearish RSI divergence,14012.03,140.12,205.13,1584.15
2017-04-10,TQQQ_50,24030.24,11979.94,3483.1593,0.0,5421.68,5332.89,4834.79,60.01,TQQQ_50,Bearish RSI divergence,14030.24,140.3,205.32,1586.08
2017-04-11,TQQQ_50,23880.19,11981.42,3483.1593,0.0,5398.4,5338.27,4838.17,53.21,TQQQ_50,Bearish RSI divergence,13880.19,138.8,204.01,1564.88
2017-04-12,TQQQ_50,23724.64,11982.9,3483.1593,0.0,5377.03,5343.48,4841.5,47.84,TQQQ_50,Bearish RSI divergence,13724.64,137.25,202.81,1542.91
2017-04-13,TQQQ_50,23586.98,11984.38,3483.1593,0.0,5353.59,5347.5,4844.64,42.75,TQQQ_50,Bearish RSI divergence,13586.98,135.87,201.49,1523.44
2017-04-17,TQQQ_50,23868.4,11990.29,3483.1593,0.0,5399.2,5352.53,4848.09,53.19,TQQQ_50,Bearish RSI divergence,13868.4,138.68,204.05,1561.99
2017-04-18,TQQQ_50,23835.43,11991.76,3483.1593,0.0,5391.66,5357.13,4851.49,51.52,TQQQ_50,Bearish RSI divergence,13835.43,138.35,203.63,1557.17
2017-04-19,TQQQ_100,23878.24,0.0,6998.0431,0.0,5399.64,5361.76,4854.93,53.19,TQQQ_100,"Bull trend confirmed: Price > SMA50 & SMA250, RSI 53.2",13878.24,138.78,204.08,1562.95
2017-04-20,TQQQ_50,24456.65,12228.32,3499.0215,0.0,5443.53,5366.91,4858.81,61.15,TQQQ_50,Bearish RSI divergence,14456.65,144.57,206.55,1603.23
2017-04-21,TQQQ_50,24452.63,12229.83,3499.0215,0.0,5442.05,5371.82,4862.68,60.78,TQQQ_50,Bearish RSI divergence,14452.63,144.53,206.47,1602.46
2017-04-24,TQQQ_100,24901.34,0.0,6878.538,0.0,5508.03,5377.74,4866.9,69.71,TQQQ_100,"Bull trend confirmed: Price > SMA50 & SMA250, RSI 69.7",14901.34,149.01,210.18,1664.33
2017-04-25,TQQQ_100,25453.55,0.0,6878.538,0.0,5548.19,5384.17,4871.42,73.64,TQQQ_100,"Bull trend confirmed: Price > SMA50 & SMA250, RSI 73.6",15453.55,154.54,212.44,1703.46
2017-04-26,TQQQ_100,25342.01,0.0,6878.538,0.0,5541.09,5389.86,4876.13,71.86,TQQQ_100,"Bull trend confirmed: Price > SMA50 & SMA250, RSI 71.9",15342.01,153.42,212.04,1695.56
2017-04-27,TQQQ_100,25785.42,0.0,6878.538,0.0,5571.28,5395.86,4881.05,74.66,TQQQ_100,"Bull trend confirmed: Price > SMA50 & SMA250, RSI 74.7",15785.42,157.85,213.74,1726.97
2017-04-28,TQQQ_30,25932.31,18152.62,2063.5614,0.0,5583.53,5401.48,4885.86,75.72,TQQQ_30,Overextended: RSI 75.7 >= 75,15932.31,159.32,214.43,1737.38
2017-05-01,TQQQ_30,26134.89,18159.33,2063.5614,0.0,5629.63,5408.06,4891.02,79.22,TQQQ_30,Overextended: RSI 79.2 >= 75,16134.89,161.35,217.03,1783.64
2017-05-02,TQQQ_30,26184.46,18161.57,2063.5614,0.0,5644.07,5414.45,4896.34,80.19,TQQQ_30,Overextended: RSI 80.2 >= 75,16184.46,161.84,217.84,1794.82
2017-05-03,TQQQ_30,26107.54,18163.81,2063.5614,0.0,5625.16,5419.94,4901.61,75.26,TQQQ_30,Overextended: RSI 75.3 >= 75,16107.54,161.08,216.78,1776.12
2017-05-04,TQQQ_30,26117.94,18166.05,2063.5614,0.0,5626.32,5425.42,4906.79,75.36,TQQQ_30,Overextended: RSI 75.4 >= 75,16117.94,161.18,216.84,1778.05
2017-05-05,TQQQ_30,26206.68,18168.29,2063.5614,0.0,5646.09,5431.7,4912.01,77.06,TQQQ_30,Overextended: RSI 77.1 >= 75,16206.68,162.07,217.96,1798.48
2017-05-08,TQQQ_30,26261.55,18175.01,2063.5614,0.0,5659.07,5438.01,4917.04,78.13,TQQQ_30,Overextended: RSI 78.1 >= 75,16261.55,162.62,218.69,1809.85
2017-05-09,TQQQ_30,26352.75,18177.25,2063.5614,0.0,5678.31,5444.63,4922.31,79.64,TQQQ_30,Overextended: RSI 79.6 >= 75,16352.75,163.53,219.77,1830.86
2017-05-10,TQQQ_30,26368.04,18179.49,2063.5614,0.0,5681.68,5451.65,4927.66,79.91,TQQQ_30,Overextended: RSI 79.9 >= 75,16368.04,163.68,219.96,1833.94
2017-05-11,TQQQ_30,26350.7,18181.73,2063.5614,0.0,5674.22,5457.32,4933.05,77.52,TQQQ_30,Overextended: RSI 77.5 >= 75,16350.7,163.51,219.54,1829.32
2017-05-12,TQQQ_30,26405.98,18183.97,2063.5614,0.0,5686.81,5463.79,4938.28,78.68,TQQQ_30,Overextended: RSI 78.7 >= 75,16405.98,164.06,220.25,1841.85
2017-05-15,TQQQ_30,26489.42,18190.7,2063.5614,0.0,5704.48,5470.41,4943.81,80.22,TQQQ_30,Overextended: RSI 80.2 >= 75,16489.42,164.89,221.25,1859.96
2017-05-16,TQQQ_30,26596.12,18192.94,2063.5614,0.0,5724.44,5477.69,4949.35,81.81,TQQQ_30,Overextended: RSI 81.8 >= 75,16596.12,165.96,222.37,1884.63
2017-05-17,TQQQ_30,25962.64,18195.19,2063.5614,0.0,5580.55,5482.28,4954.41,50.32,TQQQ_30,Trim lock active,15962.64,159.63,214.27,1734.49
2017-05-18,TQQQ_30,26161.56,18197.43,2063.5614,0.0,5626.31,5487.61,4959.47,56.1,TQQQ_30,Trim lock active,16161.56,161.62,216.84,1780.94
2017-05-19,TQQQ_30,26260.1,18199.67,2063.5614,0.0,5651.56,5493.36,4964.65,58.95,TQQQ_30,Trim lock active,16260.1,162.6,218.27,1803.68
2017-05-22,TQQQ_100,26475.75,0.0,6606.853,0.0,5699.4,5499.63,4969.67,63.74,TQQQ_100,"Bull trend confirmed: Price > SMA50 & SMA250, RSI 63.7",16475.75,164.76,220.96,1853.02
2017-05-23,TQQQ_100,26541.07,0.0,6606.853,0.0,5703.35,5505.8,4974.58,64.11,TQQQ_100,"Bull trend confirmed: Price > SMA50 & SMA250, RSI 64.1",16541.07,165.41,221.18,1857.84
2017-05-24,TQQQ_100,26906.86,0.0,6606.853,0.0,5730.3,5512.77,4979.55,66.63,TQQQ_100,"Bull trend confirmed: Price > SMA50 & SMA250, RSI 66.6",16906.86,169.07,222.7,1884.83
2017-05-25,TQQQ_100,27614.94,0.0,6606.853,0.0,5778.37,5520.01,4984.61,70.59,TQQQ_100,"Bull trend confirmed: Price > SMA50 & SMA250, RSI 70.6",17614.94,176.15,225.41,1937.06
2017-05-26,TQQQ_100,27732.52,0.0,6606.853,0.0,5788.36,5527.54,4989.67,71.35,TQQQ_100,"Bull trend confirmed: Price > SMA50 & SMA250, RSI 71.4",17732.52,177.33,225.97,1945.73
2017-05-30,TQQQ_100,27790.0,0.0,6606.853,0.0,5794.63,5535.25,4994.77,71.84,TQQQ_100,"Bull trend confirmed: Price > SMA50 & SMA250, RSI 71.8",17790.0,177.9,226.32,1949.97
2017-05-31,TQQQ_50,27756.04,13878.02,3303.4265,0.0,5788.8,5542.76,4999.8,70.63,TQQQ_50,Bearish RSI divergence,17756.04,177.56,225.99,1947.47
2017-06-01,TQQQ_50,27923.66,13879.73,3303.4265,0.0,5816.51,5552.44,5005.02,72.97,TQQQ_50,Bearish RSI divergence,17923.66,179.24,227.55,1971.94
2017-06-02,TQQQ_30,28404.83,19883.38,1938.2518,0.0,5881.46,5562.72,5010.46,77.5,TQQQ_30,Overextended: RSI 77.5 >= 75,18404.83,184.05,231.21,2042.68
2017-06-05,TQQQ_30,28405.28,19890.73,1938.2518,0.0,5878.12,5573.18,5015.92,76.79,TQQQ_30,Overextended: RSI 76.8 >= 75,18405.28,184.05,231.02,2040.94
2017-06-06,TQQQ_30,28311.15,19893.19,1938.2518,0.0,5856.77,5583.04,5021.26,72.22,TQQQ_30,Trim lock active,18311.15,183.11,229.82,2016.66
2017-06-07,TQQQ_30,28405.59,19895.64,1938.2518,0.0,5877.59,5593.1,5026.72,73.85,TQQQ_30,Trim lock active,18405.59,184.06,230.99,2039.79
2017-06-08,TQQQ_30,28431.04,19898.09,1938.2518,0.0,5885.3,5602.66,5032.42,74.45,TQQQ_30,Trim lock active,18431.04,184.31,231.43,2045.57
2017-06-09,TQQQ_30,27816.44,19900.54,1938.2518,0.0,5741.94,5608.9,5037.69,51.03,TQQQ_30,Trim lock active,17816.44,178.16,223.35,1890.42
2017-06-12,TQQQ_30,27680.46,19907.91,1938.2518,0.0,5708.18,5614.27,5042.83,47.25,TQQQ_30,Trim lock active,17680.46,176.8,221.45,1854.37
2017-06-13,TQQQ_30,27864.58,19910.36,1938.2518,0.0,5751.82,5620.58,5048.2,52.17,TQQQ_30,Trim lock active,17864.58,178.65,223.91,1900.05
2017-06-14,TQQQ_30,27760.49,19912.81,1938.2518,0.0,5727.07,5626.47,5053.41,49.36,TQQQ_30,Trim lock active,17760.49,177.6,222.52,1873.26
2017-06-15,TQQQ_30,27657.16,19915.27,1938.2518,0.0,5700.89,5631.68,5058.71,46.51,TQQQ_30,Trim lock active,17657.16,176.57,221.04,1846.66
2017-06-16,TQQQ_30,27566.87,19917.72,1938.2518,0.0,5681.48,5636.94,5063.84,44.45,TQQQ_30,Trim lock active,17566.87,175.67,219.95,1823.34
2017-06-19,TQQQ_30,27944.47,19925.09,1938.2518,0.0,5772.22,5643.97,5069.27,54.55,TQQQ_30,Trim lock active,17944.47,179.44,225.06,1916.44
2017-06-20,TQQQ_30,27765.26,19927.55,1938.2518,0.0,5726.31,5650.13,5074.56,49.64,TQQQ_30,Trim lock active,17765.26,177.65,222.47,1870.76
2017-06-21,TQQQ_30,27995.37,19930.0,1938.2518,0.0,5782.39,5657.34,5079.82,54.98,TQQQ_30,Trim lock active,17995.37,179.95,225.63,1928.0
2017-06-22,TQQQ_30,27988.63,19932.46,1938.2518,0.0,5779.87,5664.97,5085.8,54.7,TQQQ_30,Trim lock active,17988.63,179.89,225.49,1925.69
2017-06-23,TQQQ_30,28081.53,19934.92,1938.2518,0.0,5803.11,5673.49,5092.2,56.88,TQQQ_30,Trim lock active,18081.53,180.82,226.8,1948.43
2017-06-26,TQQQ_30,27980.83,19942.29,1938.2518,0.0,5777.59,5681.97,5098.15,53.81,TQQQ_30,Trim lock active,17980.83,179.81,225.36,1921.25
2017-06-27,TQQQ_30,27541.01,19944.75,1938.2518,0.0,5671.6,5687.42,5103.38,43.35,TQQQ_30,Downside buffer hold: NDX 5671.6 above buffer (5605.8),17541.01,175.41,219.39,1810.04
2017-06-28,TQQQ_30,27862.34,19947.21,1938.2518,0.0,5753.03,5694.65,5108.72,51.2,TQQQ_30,Trim lock active,17862.34,178.62,223.98,1890.22
2017-06-29,TQQQ_30,27461.6,19949.67,1938.2518,0.0,5653.02,5699.72,5113.58,43.27,TQQQ_30,Downside buffer hold: NDX 5653.0 above buffer (5620.4),17461.6,174.62,218.35,1788.84
2017-06-30,TQQQ_30,27438.0,19952.13,1938.2518,0.0,5646.92,5703.79,5118.53,42.83,TQQQ_30,Downside buffer hold: NDX 5646.9 above buffer (5629.0),17438.0,174.38,218.0,1782.29
2017-07-03,CASH,27241.49,27241.49,0.0,0.0,5596.96,5706.88,5123.14,39.34,CASH,Downside breakdown: NDX 5597.0 broke below exit buffer (5629.3),17241.49,172.41,215.19,1731.02
2017-07-05,CASH,27248.2,27248.2,0.0,0.0,5648.82,5709.7,5127.9,44.41,CASH,Holding cash,17248.2,172.48,218.11,1783.25
2017-07-06,CASH,27251.56,27251.56,0.0,0.0,5597.9,5710.69,5132.17,40.8,CASH,Downside breakdown: NDX 5597.9 broke below exit buffer (5636.3),17251.56,172.52,215.24,1733.53
2017-07-07,CASH,27254.92,27254.92,0.0,0.0,5656.47,5713.0,5136.58,46.21,CASH,Holding cash,17254.92,172.55,218.54,1788.46
2017-07-10,CASH,27265.0,27265.0,0.0,0.0,5694.15,5715.46,5141.05,49.42,CASH,Holding cash,17265.0,172.65,220.66,1827.97
2017-07-11,CASH,27268.36,27268.36,0.0,0.0,5709.8,5717.98,5145.62,50.73,CASH,Holding cash,17268.36,172.68,221.54,1843.77
2017-07-12,CASH,27271.73,27271.73,0.0,0.0,5778.95,5720.97,5150.35,56.14,CASH,Re-entry buffer: NDX 5779.0 below threshold (5796.4),17271.73,172.72,225.44,1912.97
2017-07-13,CASH,27275.09,27275.09,0.0,0.0,5793.36,5723.96,5155.17,57.2,CASH,Re-entry buffer: NDX 5793.4 below threshold (5799.0),17275.09,172.75,226.25,1926.27
2017-07-14,TQQQ_100,27278.45,0.0,6410.5012,0.0,5838.08,5728.21,5160.04,60.39,TQQQ_100,"Bull trend confirmed: Price > SMA50 & SMA250, RSI 60.4",17278.45,172.78,228.77,1973.87
2017-07-17,TQQQ_100,27293.67,0.0,6410.5012,0.0,5839.74,5732.48,5164.99,60.5,TQQQ_100,"Bull trend confirmed: Price > SMA50 & SMA250, RSI 60.5",17293.67,172.94,228.86,1975.03
2017-07-18,TQQQ_100,27836.19,0.0,6410.5012,0.0,5880.1,5737.16,5169.88,63.35,TQQQ_100,"Bull trend confirmed: Price > SMA50 & SMA250, RSI 63.4",17836.19,178.36,231.14,2016.27
2017-07-19,TQQQ_100,28345.77,0.0,6410.5012,0.0,5916.16,5742.3,5174.95,65.73,TQQQ_100,"Bull trend confirmed: Price > SMA50 & SMA250, RSI 65.7",18345.77,183.46,233.17,2055.01
2017-07-20,TQQQ_100,28452.24,0.0,6410.5012,0.0,5921.22,5747.16,5179.97,66.06,TQQQ_100,"Bull trend confirmed: Price > SMA50 & SMA250, RSI 66.1",18452.24,184.52,233.45,2063.11
2017-07-21,TQQQ_100,28409.14,0.0,6410.5012,0.0,5921.53,5751.96,5185.0,66.08,TQQQ_100,"Bull trend confirmed: Price > SMA50 & SMA250, RSI 66.1",18409.14,184.09,233.47,2059.83
2017-07-24,TQQQ_100,28779.28,0.0,6410.5012,0.0,5941.37,5757.3,5190.07,67.52,TQQQ_100,"Bull trend confirmed: Price > SMA50 & SMA250, RSI 67.5",18779.28,187.79,234.59,2087.97
2017-07-25,TQQQ_100,28586.61,0.0,6410.5012,0.0,5930.65,5762.18,5194.99,65.9,TQQQ_100,"Bull trend confirmed: Price > SMA50 & SMA250, RSI 65.9",18586.61,185.87,233.98,2073.32
2017-07-26,TQQQ_100,28842.66,0.0,6410.5012,0.0,5950.73,5767.1,5199.9,67.47,TQQQ_100,"Bull trend confirmed: Price > SMA50 & SMA250, RSI 67.5",18842.66,188.43,235.11,2092.79
2017-07-27,TQQQ_100,28328.02,0.0,6410.5012,0.0,5917.03,5770.96,5204.65,62.27,TQQQ_100,"Bull trend confirmed: Price > SMA50 & SMA250, RSI 62.3",18328.02,183.28,233.21,2053.67
2017-07-28,TQQQ_100,28236.75,0.0,6410.5012,0.0,5908.92,5777.52,5209.26,61.05,TQQQ_100,"Bull trend confirmed: Price > SMA50 & SMA250, RSI 61.1",18236.75,182.37,232.76,2046.73
2017-07-31,TQQQ_100,27869.15,0.0,6410.5012,0.0,5880.33,5782.6,5213.91,56.83,TQQQ_100,"Bull trend confirmed: Price > SMA50 & SMA250, RSI 56.8",17869.15,178.69,231.15,2018.78
2017-08-01,TQQQ_100,28051.69,0.0,6410.5012,0.0,5895.17,5787.48,5218.55,58.44,TQQQ_100,"Bull trend confirmed: Price > SMA50 & SMA250, RSI 58.4",18051.69,180.52,231.98,2032.66
2017-08-02,TQQQ_100,28257.04,0.0,6410.5012,0.0,5914.23,5791.77,5223.23,60.47,TQQQ_100,"Bull trend confirmed: Price > SMA50 & SMA250, RSI 60.5",18257.04,182.57,233.06,2048.27
2017-08-03,TQQQ_100,27962.95,0.0,6410.5012,0.0,5891.2,5795.53,5227.63,56.85,TQQQ_100,"Bull trend confirmed: Price > SMA50 & SMA250, RSI 56.9",17962.95,179.63,231.76,2025.91
2017-08-04,TQQQ_100,28071.97,0.0,6410.5012,0.0,5899.91,5798.92,5232.09,57.88,TQQQ_100,"Bull trend confirmed: Price > SMA50 & SMA250, RSI 57.9",18071.97,180.72,232.25,2034.2
2017-08-07,TQQQ_50,28568.86,14284.43,3205.2506,0.0,5934.73,5802.05,5236.65,61.8,TQQQ_50,Bearish RSI divergence,18568.86,185.69,234.21,2071.98
2017-08-08,TQQQ_50,28517.38,14286.19,3205.2506,0.0,5926.35,5804.81,5241.22,60.34,TQQQ_50,Bearish RSI divergence,18517.38,185.17,233.74,2063.88
2017-08-09,TQQQ_100,28463.37,0.0,6435.9464,0.0,5919.39,5807.3,5245.68,59.1,TQQQ_100,"Bull trend confirmed: Price > SMA50 & SMA250, RSI 59.1",18463.37,184.63,233.35,2055.4
2017-08-10,TQQQ_100,26615.52,0.0,6435.9464,0.0,5788.19,5807.29,5249.61,41.66,TQQQ_100,Downside buffer hold: NDX 5788.2 above buffer (5748.8),16615.52,166.16,225.96,1915.47
2017-08-11,TQQQ_100,27223.84,0.0,6435.9464,0.0,5831.53,5807.59,5253.63,47.2,TQQQ_100,"Bull trend confirmed: Price > SMA50 & SMA250, RSI 47.2",17223.84,172.24,228.4,1961.54
2017-08-14,TQQQ_100,28282.66,0.0,6435.9464,0.0,5908.17,5808.13,5258.07,55.29,TQQQ_100,"Bull trend confirmed: Price > SMA50 & SMA250, RSI 55.3",18282.66,182.83,232.72,2041.72
2017-08-15,TQQQ_100,28333.56,0.0,6435.9464,0.0,5907.73,5808.72,5262.48,55.24,TQQQ_100,"Bull trend confirmed: Price > SMA50 & SMA250, RSI 55.2",18333.56,183.34,232.69,2045.57
2017-08-16,TQQQ_100,28481.18,0.0,6435.9464,0.0,5917.42,5809.93,5266.91,56.22,TQQQ_100,"Bull trend confirmed: Price > SMA50 & SMA250, RSI 56.2",18481.18,184.81,233.24,2056.75
2017-08-17,TQQQ_100,26730.06,0.0,6435.9464,0.0,5796.32,5808.31,5270.87,43.4,TQQQ_100,Downside buffer hold: NDX 5796.3 above buffer (5746.3),16730.06,167.3,226.42,1924.14
2017-08-18,TQQQ_100,26635.9,0.0,6435.9464,0.0,5790.91,5806.42,5274.8,42.93,TQQQ_100,Downside buffer hold: NDX 5790.9 above buffer (5744.4),16635.9,166.36,226.11,1917.01
2017-08-21,TQQQ_100,26587.53,0.0,6435.9464,0.0,5786.54,5807.31,5278.68,42.53,TQQQ_100,Downside buffer hold: NDX 5786.5 above buffer (5743.3),16587.53,165.88,225.87,1913.35
2017-08-22,TQQQ_100,27771.06,0.0,6435.9464,0.0,5873.33,5810.61,5283.04,52.11,TQQQ_100,"Bull trend confirmed: Price > SMA50 & SMA250, RSI 52.1",17771.06,177.71,230.75,2002.97
2017-08-23,TQQQ_100,27460.55,0.0,6435.9464,0.0,5851.78,5812.61,5287.34,49.88,TQQQ_100,"Bull trend confirmed: Price > SMA50 & SMA250, RSI 49.9",17460.55,174.61,229.54,1979.46
2017-08-24,TQQQ_100,27231.49,0.0,6435.9464,0.0,5834.44,5814.76,5291.54,48.11,TQQQ_100,"Bull trend confirmed: Price > SMA50 & SMA250, RSI 48.1",17231.49,172.31,228.56,1962.12
2017-08-25,TQQQ_100,27048.22,0.0,6435.9464,0.0,5822.53,5817.19,5295.67,46.87,TQQQ_100,"Bull trend confirmed: Price > SMA50 & SMA250, RSI 46.9",17048.22,170.48,227.89,1948.24
2017-08-28,TQQQ_100,27284.92,0.0,6435.9464,0.0,5838.08,5820.33,5299.92,48.72,TQQQ_100,"Bull trend confirmed: Price > SMA50 & SMA250, RSI 48.7",17284.92,172.85,228.77,1966.16
2017-08-29,TQQQ_100,27620.89,0.0,6435.9464,0.0,5862.14,5822.12,5304.28,51.54,TQQQ_100,"Bull trend confirmed: Price > SMA50 & SMA250, RSI 51.5",17620.89,176.21,230.12,1991.6
2017-08-30,TQQQ_100,28577.9,0.0,6435.9464,0.0,5932.9,5826.26,5308.88,58.72,TQQQ_100,"Bull trend confirmed: Price > SMA50 & SMA250, RSI 58.7",18577.9,185.78,234.11,2064.07
2017-08-31,TQQQ_100,29389.84,0.0,6435.9464,0.0,5988.6,5830.38,5313.64,63.32,TQQQ_100,"Bull trend confirmed: Price > SMA50 & SMA250, RSI 63.3",19389.84,193.9,237.25,2125.56
2017-09-01,TQQQ_100,29369.48,0.0,6435.9464,0.0,5987.9,5834.54,5318.27,63.23,TQQQ_100,"Bull trend confirmed: Price > SMA50 & SMA250, RSI 63.2",19369.48,193.69,237.21,2124.02
2017-09-05,TQQQ_100,28583.0,0.0,6435.9464,0.0,5932.73,5837.13,5322.67,56.05,TQQQ_100,"Bull trend confirmed: Price > SMA50 & SMA250, RSI 56.1",18583.0,185.83,234.1,2064.46
2017-09-06,TQQQ_100,28829.88,0.0,6435.9464,0.0,5951.13,5840.6,5327.26,57.78,TQQQ_100,"Bull trend confirmed: Price > SMA50 & SMA250, RSI 57.8",18829.88,188.3,235.14,2083.15
2017-09-07,TQQQ_100,29008.05,0.0,6435.9464,0.0,5964.31,5846.46,5332.39,59.01,TQQQ_100,"Bull trend confirmed: Price > SMA50 & SMA250, RSI 59.0",19008.05,190.08,235.88,2096.65
2017-09-08,TQQQ_100,28292.84,0.0,6435.9464,0.0,5913.37,5849.66,5336.99,52.59,TQQQ_100,"Bull trend confirmed: Price > SMA50 & SMA250, RSI 52.6",18292.84,182.93,233.01,2042.49
2017-09-11,TQQQ_100,29193.85,0.0,6435.9464,0.0,5980.53,5856.21,5342.02,58.94,TQQQ_100,"Bull trend confirmed: Price > SMA50 & SMA250, RSI 58.9",19193.85,191.94,236.79,2110.72
2017-09-12,TQQQ_100,29440.74,0.0,6435.9464,0.0,5995.64,5863.19,5347.02,60.23,TQQQ_100,"Bull trend confirmed: Price > SMA50 & SMA250, RSI 60.2",19440.74,194.41,237.64,2129.41
2017-09-13,TQQQ_100,29562.91,0.0,6435.9464,0.0,6004.38,5871.34,5351.76,60.99,TQQQ_100,"Bull trend confirmed: Price > SMA50 & SMA250, RSI 61.0",19562.91,195.63,238.13,2138.66
2017-09-14,TQQQ_100,29064.05,0.0,6435.9464,0.0,5968.82,5877.74,5356.36,56.26,TQQQ_100,"Bull trend confirmed: Price > SMA50 & SMA250, RSI 56.3",19064.05,190.64,236.13,2100.89
2017-09-15,TQQQ_50,29298.21,14649.1,3217.9732,0.0,5988.0,5885.54,5361.13,58.14,TQQQ_50,Bearish RSI divergence,19298.21,192.98,237.21,2118.62
2017-09-18,TQQQ_50,29267.99,14654.52,3217.9732,0.0,5981.12,5892.03,5365.83,57.19,TQQQ_50,Bearish RSI divergence,19267.99,192.68,236.82,2113.22
2017-09-19,TQQQ_50,29332.16,14656.33,3217.9732,0.0,5991.08,5897.97,5370.38,58.26,TQQQ_50,Bearish RSI divergence,19332.16,193.32,237.38,2122.67
2017-09-20,TQQQ_50,29211.79,14658.13,3217.9732,0.0,5973.61,5903.25,5374.71,55.64,TQQQ_50,Bearish RSI divergence,19211.79,192.12,236.4,2104.16
2017-09-21,TQQQ_50,28933.62,14659.94,3217.9732,0.0,5934.91,5906.37,5379.01,50.26,TQQQ_50,Bearish RSI divergence,18933.62,189.34,234.22,2061.76
2017-09-22,TQQQ_50,28899.8,14661.75,3217.9732,0.0,5932.32,5909.15,5383.47,49.91,TQQQ_50,Bearish RSI divergence,18899.8,189.0,234.08,2056.36
2017-09-25,TQQQ_50,28458.53,14667.17,3217.9732,0.0,5867.35,5909.73,5387.48,42.04,TQQQ_50,Downside buffer hold: NDX 5867.4 above buffer (5859.7),18458.53,184.59,230.42,1988.71
2017-09-26,TQQQ_50,28554.51,14668.98,3217.9732,0.0,5881.34,5910.56,5391.5,44.09,TQQQ_50,Downside buffer hold: NDX 5881.3 above buffer (5861.2),18554.51,185.55,231.21,2002.97
2017-09-27,TQQQ_100,28933.02,0.0,6528.1299,0.0,5937.79,5911.72,5395.9,51.52,TQQQ_100,"Bull trend confirmed: Price > SMA50 & SMA250, RSI 51.5",18933.02,189.33,234.38,2060.03
2017-09-28,TQQQ_100,28883.97,0.0,6528.1299,0.0,5933.07,5912.06,5400.13,50.91,TQQQ_100,"Bull trend confirmed: Price > SMA50 & SMA250, RSI 50.9",18883.97,188.84,234.12,2056.36
2017-09-29,TQQQ_100,29495.83,0.0,6528.1299,0.0,5979.3,5913.22,5404.58,56.35,TQQQ_100,"Bull trend confirmed: Price > SMA50 & SMA250, RSI 56.3",19495.83,194.96,236.72,2102.04
2017-10-02,TQQQ_100,29578.43,0.0,6528.1299,0.0,5981.92,5914.42,5409.07,56.64,TQQQ_100,"Bull trend confirmed: Price > SMA50 & SMA250, RSI 56.6",19578.43,195.78,236.87,2108.21
2017-10-03,TQQQ_100,29764.31,0.0,6528.1299,0.0,5995.06,5915.5,5413.54,58.16,TQQQ_100,"Bull trend confirmed: Price > SMA50 & SMA250, RSI 58.2",19764.31,197.64,237.61,2122.09
2017-10-04,TQQQ_100,29841.78,0.0,6528.1299,0.0,5998.84,5916.86,5418.04,58.61,TQQQ_100,"Bull trend confirmed: Price > SMA50 & SMA250, RSI 58.6",19841.78,198.42,237.82,2127.87
2017-10-05,TQQQ_100,30701.48,0.0,6528.1299,0.0,6057.14,5918.99,5422.81,64.87,TQQQ_100,"Bull trend confirmed: Price > SMA50 & SMA250, RSI 64.9",20701.48,207.01,241.11,2192.05
2017-10-06,TQQQ_100,30812.49,0.0,6528.1299,0.0,6064.57,5921.94,5427.49,65.59,TQQQ_100,"Bull trend confirmed: Price > SMA50 & SMA250, RSI 65.6",20812.49,208.12,241.52,2200.34
2017-10-09,TQQQ_100,30735.04,0.0,6528.1299,0.0,6058.53,5924.93,5432.44,64.44,TQQQ_100,"Bull trend confirmed: Price > SMA50 & SMA250, RSI 64.4",20735.04,207.35,241.18,2194.56
2017-10-10,TQQQ_100,30799.58,0.0,6528.1299,0.0,6063.52,5928.6,5437.41,64.99,TQQQ_100,"Bull trend confirmed: Price > SMA50 & SMA250, RSI 65.0",20799.58,208.0,241.46,2199.38
2017-10-11,TQQQ_100,31068.08,0.0,6528.1299,0.0,6081.25,5932.32,5442.53,66.93,TQQQ_100,"Bull trend confirmed: Price > SMA50 & SMA250, RSI 66.9",21068.08,210.68,242.46,2219.42
2017-10-12,TQQQ_100,30900.26,0.0,6528.1299,0.0,6069.99,5935.43,5447.57,64.48,TQQQ_100,"Bull trend confirmed: Price > SMA50 & SMA250, RSI 64.5",20900.26,209.0,241.83,2206.89
2017-10-13,TQQQ_100,31246.21,0.0,6528.1299,0.0,6092.45,5939.46,5452.76,67.07,TQQQ_100,"Bull trend confirmed: Price > SMA50 & SMA250, RSI 67.1",21246.21,212.46,243.09,2232.72
2017-10-16,TQQQ_100,31568.92,0.0,6528.1299,0.0,6114.53,5943.75,5457.86,69.42,TQQQ_100,"Bull trend confirmed: Price > SMA50 & SMA250, RSI 69.4",21568.92,215.69,244.34,2256.81
2017-10-17,TQQQ_100,31679.94,0.0,6528.1299,0.0,6122.61,5947.51,5463.0,70.26,TQQQ_100,"Bull trend confirmed: Price > SMA50 & SMA250, RSI 70.3",21679.94,216.8,244.79,2265.1
2017-10-18,TQQQ_100,31558.59,0.0,6528.1299,0.0,6114.35,5951.27,5468.13,68.2,TQQQ_100,"Bull trend confirmed: Price > SMA50 & SMA250, RSI 68.2",21558.59,215.59,244.33,2256.04
2017-10-19,TQQQ_100,31210.07,0.0,6528.1299,0.0,6092.62,5954.73,5473.09,62.98,TQQQ_100,"Bull trend confirmed: Price > SMA50 & SMA250, RSI 63.0",21210.07,212.1,243.1,2230.02
2017-10-20,TQQQ_100,31437.26,0.0,6528.1299,0.0,6108.82,5961.15,5477.88,65.12,TQQQ_100,"Bull trend confirmed: Price > SMA50 & SMA250, RSI 65.1",21437.26,214.37,244.02,2246.98
2017-10-23,TQQQ_100,30851.22,0.0,6528.1299,0.0,6067.83,5965.87,5482.59,56.24,TQQQ_100,"Bull trend confirmed: Price > SMA50 & SMA250, RSI 56.2",20851.22,208.51,241.71,2203.23
2017-10-24,TQQQ_100,31008.69,0.0,6528.1299,0.0,6080.22,5969.31,5487.47,58.1,TQQQ_100,"Bull trend confirmed: Price > SMA50 & SMA250, RSI 58.1",21008.69,210.09,242.4,2214.99
2017-10-25,TQQQ_100,30631.77,0.0,6528.1299,0.0,6055.04,5972.26,5492.34,53.16,TQQQ_100,"Bull trend confirmed: Price > SMA50 & SMA250, RSI 53.2",20631.77,206.32,240.99,2186.85
2017-10-26,TQQQ_100,30347.79,0.0,6528.1299,0.0,6037.87,5974.67,5497.27,50.03,TQQQ_100,"Bull trend confirmed: Price > SMA50 & SMA250, RSI 50.0",20347.79,203.48,240.02,2165.65
2017-10-27,TQQQ_100,32963.04,0.0,6528.1299,0.0,6213.47,5983.01,5502.92,69.68,TQQQ_100,"Bull trend confirmed: Price > SMA50 & SMA250, RSI 69.7",22963.04,229.63,249.91,2360.89
2017-10-30,TQQQ_100,33197.97,0.0,6528.1299,0.0,6227.59,5991.75,5508.76,70.67,TQQQ_100,"Bull trend confirmed: Price > SMA50 & SMA250, RSI 70.7",23197.97,231.98,250.7,2378.43
2017-10-31,TQQQ_100,33549.08,0.0,6528.1299,0.0,6248.56,6000.99,5514.85,72.14,TQQQ_100,"Bull trend confirmed: Price > SMA50 & SMA250, RSI 72.1",23549.08,235.49,251.88,2404.64
2017-11-01,TQQQ_100,33505.2,0.0,6528.1299,0.0,6248.65,6008.49,5521.13,72.15,TQQQ_100,"Bull trend confirmed: Price > SMA50 & SMA250, RSI 72.1",23505.2,235.05,251.89,2401.37
2017-11-02,TQQQ_100,33334.8,0.0,6528.1299,0.0,6236.39,6016.18,5527.43,69.78,TQQQ_100,"Bull trend confirmed: Price > SMA50 & SMA250, RSI 69.8",23334.8,233.35,251.2,2388.65
2017-11-03,TQQQ_100,34264.2,0.0,6528.1299,0.0,6295.58,6025.41,5533.52,74.18,TQQQ_100,"Bull trend confirmed: Price > SMA50 & SMA250, RSI 74.2",24264.2,242.64,254.53,2458.03
2017-11-06,TQQQ_30,34612.74,24228.92,1958.439,0.0,6313.61,6035.23,5539.55,75.36,TQQQ_30,Overextended: RSI 75.4 >= 75,24612.74,246.13,255.55,2484.05
2017-11-07,TQQQ_30,34632.76,24231.9,1958.439,0.0,6320.78,6044.88,5545.54,75.83,TQQQ_30,Overextended: RSI 75.8 >= 75,24632.76,246.33,255.95,2488.29
2017-11-08,TQQQ_30,34765.87,24234.89,1958.439,0.0,6345.81,6054.56,5551.93,77.46,TQQQ_30,Overextended: RSI 77.5 >= 75,24765.87,247.66,257.36,2520.67
2017-11-09,TQQQ_30,34600.02,24237.88,1958.439,0.0,6312.21,6062.14,5558.17,70.6,TQQQ_30,Trim lock active,24600.02,246.0,255.47,2478.65
2017-11-10,TQQQ_30,34599.9,24240.87,1958.439,0.0,6309.07,6068.55,5564.6,69.98,TQQQ_30,Trim lock active,24599.9,246.0,255.29,2477.88
2017-11-13,TQQQ_30,34639.85,24249.83,1958.439,0.0,6316.18,6075.12,5570.81,70.61,TQQQ_30,Trim lock active,24639.85,246.4,255.69,2485.59
2017-11-14,TQQQ_30,34538.28,24252.82,1958.439,0.0,6293.64,6082.34,5576.81,65.87,TQQQ_30,Trim lock active,24538.28,245.38,254.42,2459.57
2017-11-15,TQQQ_30,34390.24,24255.81,1958.439,0.0,6258.36,6088.48,5582.54,59.17,TQQQ_30,Trim lock active,24390.24,243.9,252.44,2421.99
2017-11-16,TQQQ_100,34772.74,0.0,6477.1443,0.0,6339.14,6095.98,5588.66,67.36,TQQQ_100,"Bull trend confirmed: Price > SMA50 & SMA250, RSI 67.4",24772.74,247.73,256.99,2516.43
2017-11-17,TQQQ_100,34383.4,0.0,6477.1443,0.0,6314.51,6104.0,5594.49,63.2,TQQQ_100,"Bull trend confirmed: Price > SMA50 & SMA250, RSI 63.2",24383.4,243.83,255.6,2487.14
2017-11-20,TQQQ_100,34298.86,0.0,6477.1443,0.0,6308.61,6110.56,5600.23,62.2,TQQQ_100,"Bull trend confirmed: Price > SMA50 & SMA250, RSI 62.2",24298.86,242.99,255.27,2480.78
2017-11-21,TQQQ_100,35379.83,0.0,6477.1443,0.0,6378.63,6118.22,5606.32,68.51,TQQQ_100,"Bull trend confirmed: Price > SMA50 & SMA250, RSI 68.5",25379.83,253.8,259.21,2562.11
2017-11-22,TQQQ_50,35520.71,17760.36,3238.5722,0.0,6386.12,6125.86,5612.39,69.11,TQQQ_50,Bearish RSI divergence,25520.71,255.21,259.63,2572.71
2017-11-24,TQQQ_50,35724.89,17764.74,3238.5722,0.0,6409.29,6134.66,5618.6,70.94,TQQQ_50,Bearish RSI divergence,25724.89,257.25,260.94,2602.78
2017-11-27,TQQQ_50,35702.0,17771.31,3238.5722,0.0,6405.97,6143.02,5624.73,70.29,TQQQ_50,Bearish RSI divergence,25702.0,257.02,260.75,2598.35
2017-11-28,TQQQ_50,35836.11,17773.5,3238.5722,0.0,6422.56,6151.85,5631.18,71.67,TQQQ_50,Bearish RSI divergence,25836.11,258.36,261.68,2618.2
2017-11-29,TQQQ_50,34909.75,17775.69,3238.5722,0.0,6311.38,6158.26,5637.49,53.69,TQQQ_50,Bearish RSI divergence,24909.75,249.1,255.42,2478.46
2017-11-30,TQQQ_50,35337.15,17777.88,3238.5722,0.0,6365.56,6166.1,5643.99,59.08,TQQQ_50,Bearish RSI divergence,25337.15,253.37,258.47,2542.45
2017-12-01,TQQQ_50,35104.97,17780.07,3238.5722,0.0,6337.87,6174.16,5650.23,55.52,TQQQ_50,Bearish RSI divergence,25104.97,251.05,256.91,2507.18
2017-12-04,TQQQ_50,34513.43,17786.65,3238.5722,0.0,6263.7,6180.78,5656.13,47.31,TQQQ_50,Bearish RSI divergence,24513.43,245.13,252.74,2417.17
2017-12-05,TQQQ_50,34539.96,17788.84,3238.5722,0.0,6265.11,6188.74,5661.78,47.47,TQQQ_50,Bearish RSI divergence,24539.96,245.4,252.82,2420.83
2017-12-06,TQQQ_50,34763.72,17791.03,3238.5722,0.0,6293.05,6196.97,5667.52,50.65,TQQQ_50,Bearish RSI divergence,24763.72,247.64,254.39,2454.18
2017-12-07,TQQQ_100,34933.69,0.0,6600.4791,0.0,6316.28,6204.54,5673.2,53.19,TQQQ_100,"Bull trend confirmed: Price > SMA50 & SMA250, RSI 53.2",24933.69,249.34,255.7,2479.43
2017-12-08,TQQQ_100,35395.72,0.0,6600.4791,0.0,6344.57,6212.77,5679.08,56.14,TQQQ_100,"Bull trend confirmed: Price > SMA50 & SMA250, RSI 56.1",25395.72,253.96,257.29,2513.54
2017-12-11,TQQQ_100,36207.52,0.0,6600.4791,0.0,6393.89,6221.07,5684.91,60.79,TQQQ_100,"Bull trend confirmed: Price > SMA50 & SMA250, RSI 60.8",26207.52,262.08,260.07,2573.48
2017-12-12,TQQQ_100,36071.79,0.0,6600.4791,0.0,6383.65,6229.1,5690.76,59.38,TQQQ_100,"Bull trend confirmed: Price > SMA50 & SMA250, RSI 59.4",26071.79,260.72,259.49,2563.46
2017-12-13,TQQQ_100,36251.91,0.0,6600.4791,0.0,6394.67,6237.09,5696.61,60.45,TQQQ_100,"Bull trend confirmed: Price > SMA50 & SMA250, RSI 60.4",26251.91,262.52,260.11,2576.76
2017-12-14,TQQQ_100,36199.69,0.0,6600.4791,0.0,6389.91,6244.91,5702.51,59.72,TQQQ_100,"Bull trend confirmed: Price > SMA50 & SMA250, RSI 59.7",26199.69,262.0,259.84,2572.9
2017-12-15,TQQQ_50,37376.93,18688.47,3300.2396,0.0,6466.32,6253.1,5708.63,66.65,TQQQ_50,Bearish RSI divergence,27376.93,273.77,264.15,2659.83
2017-12-18,TQQQ_50,37864.14,18695.38,3300.2396,0.0,6513.27,6262.07,5714.87,70.05,TQQQ_50,Bearish RSI divergence,27864.14,278.64,266.79,2730.76
2017-12-19,TQQQ_50,37554.52,18697.68,3300.2396,0.0,6480.67,6270.51,5721.0,65.08,TQQQ_50,Bearish RSI divergence,27554.52,275.55,264.96,2684.69
2017-12-20,TQQQ_50,37478.51,18699.99,3300.2396,0.0,6472.48,6278.69,5727.15,63.86,TQQQ_50,Bearish RSI divergence,27478.51,274.79,264.49,2673.13
2017-12-21,TQQQ_50,37471.68,18702.29,3300.2396,0.0,6472.69,6286.52,5733.28,63.87,TQQQ_50,Bearish RSI divergence,27471.68,274.72,264.51,2671.78
2017-12-22,TQQQ_50,37411.34,18704.6,3300.2396,0.0,6465.17,6294.43,5739.28,62.62,TQQQ_50,Bearish RSI divergence,27411.34,274.11,264.08,2662.53
2017-12-26,TQQQ_50,37117.77,18713.82,3300.2396,0.0,6433.16,6301.24,5745.31,57.44,TQQQ_50,Bearish RSI divergence,27117.77,271.18,262.28,2617.81
2017-12-27,TQQQ_100,37120.08,0.0,6656.461,0.0,6435.15,6307.65,5751.37,57.68,TQQQ_100,"Bull trend confirmed: Price > SMA50 & SMA250, RSI 57.7",27120.08,271.2,262.39,2617.81
2017-12-28,TQQQ_100,37220.11,0.0,6656.461,0.0,6441.42,6314.03,5757.68,58.45,TQQQ_100,"Bull trend confirmed: Price > SMA50 & SMA250, RSI 58.5",27220.11,272.2,262.75,2625.14
2017-12-29,TQQQ_100,36517.25,0.0,6656.461,0.0,6396.42,6319.67,5763.62,51.2,TQQQ_100,"Bull trend confirmed: Price > SMA50 & SMA250, RSI 51.2",26517.25,265.17,260.21,2573.68
2018-01-02,TQQQ_100,38391.55,0.0,6656.461,0.0,6511.34,6328.04,5769.92,63.62,TQQQ_100,"Bull trend confirmed: Price > SMA50 & SMA250, RSI 63.6",28391.55,283.92,266.68,2710.91
2018-01-03,TQQQ_50,39515.6,19757.8,3328.2305,0.0,6575.8,6337.38,5776.36,68.46,TQQQ_50,Bearish RSI divergence,29515.6,295.16,270.31,2793.21
2018-01-04,TQQQ_50,39633.87,19760.24,3328.2305,0.0,6584.58,6347.72,5782.67,69.07,TQQQ_50,Bearish RSI divergence,29633.87,296.34,270.81,2810.17
2018-01-05,TQQQ_100,40236.5,0.0,6540.8562,0.0,6653.29,6359.18,5789.19,73.37,TQQQ_100,"Bull trend confirmed: Price > SMA50 & SMA250, RSI 73.4",30236.5,302.36,274.68,2898.05
2018-01-08,TQQQ_100,40684.0,0.0,6540.8562,0.0,6676.63,6371.61,5795.75,74.66,TQQQ_100,"Bull trend confirmed: Price > SMA50 & SMA250, RSI 74.7",30684.0,306.84,275.99,2931.4
2018-01-09,TQQQ_100,40715.04,0.0,6540.8562,0.0,6677.94,6384.41,5802.27,74.73,TQQQ_100,"Bull trend confirmed: Price > SMA50 & SMA250, RSI 74.7",30715.04,307.15,276.07,2933.71
2018-01-10,TQQQ_100,40425.33,0.0,6540.8562,0.0,6662.66,6393.4,5808.75,72.09,TQQQ_100,"Bull trend confirmed: Price > SMA50 & SMA250, RSI 72.1",30425.33,304.25,275.2,2912.12
2018-01-11,TQQQ_100,41234.98,0.0,6540.8562,0.0,6708.49,6403.02,5815.35,74.95,TQQQ_100,"Bull trend confirmed: Price > SMA50 & SMA250, RSI 75.0",31234.98,312.35,277.79,2972.45
2018-01-12,TQQQ_30,42109.29,29476.51,1962.2569,0.0,6758.54,6413.22,5822.2,77.65,TQQQ_30,Overextended: RSI 77.6 >= 75,32109.29,321.09,280.6,3037.6
2018-01-16,TQQQ_30,42026.05,29491.04,1962.2569,0.0,6737.14,6422.99,5828.93,73.98,TQQQ_30,Trim lock active,32026.05,320.26,279.4,3013.31
2018-01-17,TQQQ_30,42424.68,29494.68,1962.2569,0.0,6810.28,6434.46,5835.96,77.83,TQQQ_30,Overextended: RSI 77.8 >= 75,32424.68,324.25,283.52,3111.42
2018-01-18,TQQQ_30,42440.73,29498.31,1962.2569,0.0,6811.38,6444.78,5842.96,77.89,TQQQ_30,Overextended: RSI 77.9 >= 75,32440.73,324.41,283.58,3114.5
2018-01-19,TQQQ_30,42568.53,29501.95,1962.2569,0.0,6834.33,6455.19,5850.03,79.01,TQQQ_30,Overextended: RSI 79.0 >= 75,32568.53,325.69,284.87,3145.34
2018-01-22,TQQQ_30,42987.63,29512.86,1962.2569,0.0,6906.28,6466.9,5857.25,82.1,TQQQ_30,Overextended: RSI 82.1 >= 75,32987.63,329.88,288.92,3246.72
2018-01-23,TQQQ_30,43332.72,29516.5,1962.2569,0.0,6963.46,6479.26,5864.5,84.1,TQQQ_30,Overextended: RSI 84.1 >= 75,33332.72,333.33,292.14,3331.53
2018-01-24,TQQQ_30,43056.21,29520.14,1962.2569,0.0,6919.35,6491.4,5871.55,76.96,TQQQ_30,Overextended: RSI 77.0 >= 75,33056.21,330.56,289.66,3261.95
2018-01-25,TQQQ_30,43042.78,29523.78,1962.2569,0.0,6916.3,6503.54,5878.54,76.47,TQQQ_30,Overextended: RSI 76.5 >= 75,33042.78,330.43,289.49,3257.71
2018-01-26,TQQQ_30,43650.16,29527.42,1962.2569,0.0,7022.97,6517.68,5886.12,80.97,TQQQ_30,Overextended: RSI 81.0 >= 75,33650.16,336.5,295.5,3407.66
2018-01-29,TQQQ_30,43474.06,29538.34,1962.2569,0.0,6988.32,6531.57,5893.6,75.89,TQQQ_30,Overextended: RSI 75.9 >= 75,33474.06,334.74,293.54,3361.21
2018-01-30,TQQQ_30,43121.51,29541.98,1962.2569,0.0,6930.73,6545.02,5900.71,68.23,TQQQ_30,Trim lock active,33121.51,331.22,290.3,3272.74
2018-01-31,TQQQ_30,43292.77,29545.63,1962.2569,0.0,6949.99,6557.24,5907.92,69.35,TQQQ_30,Trim lock active,33292.77,332.93,291.39,3314.37
2018-02-01,TQQQ_30,42952.64,29549.27,1962.2569,0.0,6901.5,6568.98,5914.88,63.32,TQQQ_30,Trim lock active,32952.64,329.53,288.65,3228.99
2018-02-02,TQQQ_30,42137.58,29552.91,1962.2569,0.0,6760.29,6578.01,5921.25,49.77,TQQQ_30,Trim lock active,32137.58,321.38,280.7,3025.65
2018-02-05,TQQQ_30,40695.81,29563.84,1962.2569,0.0,6495.92,6580.36,5926.49,34.76,TQQQ_30,Downside buffer hold: NDX 6495.9 above buffer (6482.9),30695.81,306.96,265.81,2664.84
2018-02-06,TQQQ_30,41557.73,29567.49,1962.2569,0.0,6665.98,6585.95,5932.37,46.03,TQQQ_30,Trim lock active,31557.73,315.58,275.39,2878.01
2018-02-07,TQQQ_30,41087.23,29571.13,1962.2569,0.0,6582.02,6589.41,5937.85,42.16,TQQQ_30,Downside buffer hold: NDX 6582.0 above buffer (6469.6),31087.23,310.87,270.66,2760.25
2018-02-08,CASH,39663.78,39663.78,0.0,0.0,6306.1,6587.41,5942.17,32.49,CASH,Downside breakdown: NDX 6306.1 broke below exit buffer (6449.0),29663.78,296.64,255.13,2405.8
2018-02-09,CASH,39668.67,39668.67,0.0,0.0,6412.68,6587.21,5946.79,38.37,CASH,Downside breakdown: NDX 6412.7 broke below exit buffer (6434.2),29668.67,296.69,261.13,2523.76
2018-02-12,CASH,39683.34,39683.34,0.0,0.0,6523.85,6591.46,5951.8,43.86,CASH,Holding cash,29683.34,296.83,267.39,2670.62
2018-02-13,CASH,39688.23,39688.23,0.0,0.0,6553.86,6595.23,5956.81,45.28,CASH,Holding cash,29688.23,296.88,269.08,2704.35
2018-02-14,CASH,39693.13,39693.13,0.0,0.0,6675.03,6601.97,5962.31,50.7,CASH,Re-entry buffer: NDX 6675.0 below threshold (6766.3),29693.13,296.93,275.9,2868.57
2018-02-15,TQQQ_100,39698.02,0.0,6193.7076,0.0,6794.92,6612.6,5968.19,55.4,TQQQ_100,"Bull trend confirmed: Price > SMA50 & SMA250, RSI 55.4",29698.02,296.98,282.65,3023.72
2018-02-16,TQQQ_100,39254.67,0.0,6193.7076,0.0,6770.66,6622.71,5973.87,54.27,TQQQ_100,"Bull trend confirmed: Price > SMA50 & SMA250, RSI 54.3",29254.67,292.55,281.29,2988.83
2018-02-20,TQQQ_100,39450.63,0.0,6193.7076,0.0,6779.69,6632.44,5979.58,54.64,TQQQ_100,"Bull trend confirmed: Price > SMA50 & SMA250, RSI 54.6",29450.63,294.51,281.8,3004.25
2018-02-21,TQQQ_100,39095.46,0.0,6193.7076,0.0,6759.26,6641.3,5985.28,53.59,TQQQ_100,"Bull trend confirmed: Price > SMA50 & SMA250, RSI 53.6",29095.46,290.95,280.64,2976.31
2018-02-22,TQQQ_100,39102.82,0.0,6193.7076,0.0,6761.85,6649.65,5990.96,53.71,TQQQ_100,"Bull trend confirmed: Price > SMA50 & SMA250, RSI 53.7",29102.82,291.03,280.79,2976.89
2018-02-23,TQQQ_100,41432.23,0.0,6193.7076,0.0,6896.6,6659.7,5997.15,59.66,TQQQ_100,"Bull trend confirmed: Price > SMA50 & SMA250, RSI 59.7",31432.23,314.32,288.38,3160.18
2018-02-26,TQQQ_50,43095.39,21547.7,3096.8538,0.0,6989.1,6671.81,6003.79,63.16,TQQQ_50,Bearish RSI divergence,33095.39,330.95,293.59,3291.05
2018-02-27,TQQQ_50,42326.48,21550.35,3096.8538,0.0,6900.35,6681.92,6009.83,57.96,TQQQ_50,Bearish RSI divergence,32326.48,323.26,288.59,3169.62
2018-02-28,TQQQ_50,41911.5,21553.01,3096.8538,0.0,6854.42,6691.21,6015.79,55.42,TQQQ_50,Bearish RSI divergence,31911.5,319.12,286.0,3103.9
2018-03-01,TQQQ_50,40934.39,21555.67,3096.8538,0.0,6750.54,6696.9,6021.3,50.07,TQQQ_50,Bearish RSI divergence,30934.39,309.34,280.15,2949.71
2018-03-02,TQQQ_100,41469.8,0.0,6449.8436,0.0,6811.04,6702.85,6027.1,52.92,TQQQ_100,"Bull trend confirmed: Price > SMA50 & SMA250, RSI 52.9",31469.8,314.7,283.56,3033.55
2018-03-05,TQQQ_100,42770.67,0.0,6449.8436,0.0,6881.28,6710.86,6033.22,56.06,TQQQ_100,"Bull trend confirmed: Price > SMA50 & SMA250, RSI 56.1",32770.67,327.71,287.52,3131.85
2018-03-06,TQQQ_100,43311.41,0.0,6449.8436,0.0,6913.02,6719.68,6039.44,57.44,TQQQ_100,"Bull trend confirmed: Price > SMA50 & SMA250, RSI 57.4",33311.41,333.11,289.3,3172.71
2018-03-07,TQQQ_100,43635.37,0.0,6449.8436,0.0,6929.39,6728.81,6045.7,58.17,TQQQ_100,"Bull trend confirmed: Price > SMA50 & SMA250, RSI 58.2",33635.37,336.35,290.23,3197.19
2018-03-08,TQQQ_100,44285.8,0.0,6449.8436,0.0,6966.43,6738.83,6052.02,59.85,TQQQ_100,"Bull trend confirmed: Price > SMA50 & SMA250, RSI 59.8",34285.8,342.86,292.31,3246.33
2018-03-09,TQQQ_100,46864.59,0.0,6449.8436,0.0,7101.18,6752.19,6058.85,65.3,TQQQ_100,"Bull trend confirmed: Price > SMA50 & SMA250, RSI 65.3",36864.59,368.65,299.9,3441.19
2018-03-12,TQQQ_100,47566.05,0.0,6449.8436,0.0,7131.12,6766.11,6065.84,66.39,TQQQ_100,"Bull trend confirmed: Price > SMA50 & SMA250, RSI 66.4",37566.05,375.66,301.59,3494.2
2018-03-13,TQQQ_100,45839.2,0.0,6449.8436,0.0,7046.51,6778.22,6072.36,60.59,TQQQ_100,"Bull trend confirmed: Price > SMA50 & SMA250, RSI 60.6",35839.2,358.39,296.82,3363.71
2018-03-14,TQQQ_100,45683.6,0.0,6449.8436,0.0,7040.98,6791.11,6078.88,60.22,TQQQ_100,"Bull trend confirmed: Price > SMA50 & SMA250, RSI 60.2",35683.6,356.84,296.51,3351.96
2018-03-15,TQQQ_100,45479.55,0.0,6449.8436,0.0,7030.97,6801.5,6085.37,59.51,TQQQ_100,"Bull trend confirmed: Price > SMA50 & SMA250, RSI 59.5",35479.55,354.8,295.95,3336.54
2018-03-16,TQQQ_100,45178.56,0.0,6449.8436,0.0,7019.95,6810.38,6091.79,58.69,TQQQ_100,"Bull trend confirmed: Price > SMA50 & SMA250, RSI 58.7",35178.56,351.79,295.33,3313.79
2018-03-19,TQQQ_100,42342.15,0.0,6449.8436,0.0,6864.88,6815.99,6097.92,48.56,TQQQ_100,"Bull trend confirmed: Price > SMA50 & SMA250, RSI 48.6",32342.15,323.42,286.59,3099.47
2018-03-20,TQQQ_100,42653.33,0.0,6449.8436,0.0,6885.92,6820.64,6104.0,49.82,TQQQ_100,"Bull trend confirmed: Price > SMA50 & SMA250, RSI 49.8",32653.33,326.53,287.78,3122.98
2018-03-21,TQQQ_100,42036.06,0.0,6449.8436,0.0,6853.45,6824.18,6109.99,47.86,TQQQ_100,"Bull trend confirmed: Price > SMA50 & SMA250, RSI 47.9",32036.06,320.36,285.95,3076.34
2018-03-22,CASH,38964.98,38964.98,0.0,0.0,6682.26,6824.26,6115.26,39.13,CASH,Downside breakdown: NDX 6682.3 broke below exit buffer (6722.7),28964.98,289.65,276.31,2844.28
2018-03-23,CASH,38969.78,38969.78,0.0,0.0,6508.09,6821.17,6119.8,32.62,CASH,Downside breakdown: NDX 6508.1 broke below exit buffer (6715.8),28969.78,289.7,266.5,2606.44
2018-03-26,CASH,38984.19,38984.19,0.0,0.0,6753.83,6822.08,6125.18,46.22,CASH,Holding cash,28984.19,289.84,280.34,2910.97
2018-03-27,CASH,38989.0,38989.0,0.0,0.0,6529.84,6817.51,6129.58,38.58,CASH,Downside breakdown: NDX 6529.8 broke below exit buffer (6682.4),28989.0,289.89,267.72,2622.25
2018-03-28,CASH,38993.81,38993.81,0.0,0.0,6460.81,6811.98,6133.67,36.57,CASH,Downside breakdown: NDX 6460.8 broke below exit buffer (6669.1),28993.81,289.94,263.84,2528.38
2018-03-29,CASH,38998.62,38998.62,0.0,0.0,6581.13,6807.4,6138.25,42.21,CASH,Downside breakdown: NDX 6581.1 broke below exit buffer (6659.5),28998.62,289.99,270.61,2673.9
2018-04-02,CASH,39017.85,39017.85,0.0,0.0,6390.84,6798.99,6142.08,36.66,CASH,Downside breakdown: NDX 6390.8 broke below exit buffer (6636.6),29017.85,290.18,259.9,2427.58
2018-04-03,CASH,39022.66,39022.66,0.0,0.0,6458.83,6791.48,6146.16,39.71,CASH,Downside breakdown: NDX 6458.8 broke below exit buffer (6630.4),29022.66,290.23,263.73,2512.38
2018-04-04,CASH,39027.47,39027.47,0.0,0.0,6560.06,6784.55,6150.72,44.04,CASH,Downside breakdown: NDX 6560.1 broke below exit buffer (6610.6),29027.47,290.27,269.43,2635.93
2018-04-05,CASH,39032.28,39032.28,0.0,0.0,6594.84,6777.18,6155.42,45.49,CASH,Downside breakdown: NDX 6594.8 broke below exit buffer (6602.0),29032.28,290.32,271.39,2678.91
2018-04-06,CASH,39037.09,39037.09,0.0,0.0,6433.21,6767.46,6159.48,40.27,CASH,Downside breakdown: NDX 6433.2 broke below exit buffer (6582.1),29037.09,290.37,262.28,2471.52
2018-04-09,CASH,39051.53,39051.53,0.0,0.0,6472.34,6758.58,6163.68,42.01,CASH,Downside breakdown: NDX 6472.3 broke below exit buffer (6576.3),29051.53,290.52,264.49,2522.99
2018-04-10,CASH,39056.35,39056.35,0.0,0.0,6615.87,6750.43,6168.55,47.97,CASH,Holding cash,29056.35,290.56,272.57,2696.26
2018-04-11,CASH,39061.16,39061.16,0.0,0.0,6583.44,6742.34,6173.37,46.8,CASH,Holding cash,29061.16,290.61,270.74,2649.23
2018-04-12,CASH,39065.98,39065.98,0.0,0.0,6656.26,6736.85,6178.59,49.76,CASH,Holding cash,29065.98,290.66,274.84,2745.6
2018-04-13,CASH,39070.79,39070.79,0.0,0.0,6628.34,6730.41,6183.5,48.64,CASH,Holding cash,29070.79,290.71,273.27,2703.39
2018-04-16,CASH,39085.24,39085.24,0.0,0.0,6675.18,6725.89,6188.64,50.65,CASH,Holding cash,29085.24,290.85,275.91,2765.26
2018-04-17,CASH,39090.06,39090.06,0.0,0.0,6816.37,6727.01,6194.3,56.2,CASH,Re-entry buffer: NDX 6816.4 below threshold (6879.2),29090.06,290.9,283.86,2948.55
2018-04-18,CASH,39094.88,39094.88,0.0,0.0,6833.21,6733.76,6199.86,56.83,CASH,Re-entry buffer: NDX 6833.2 below threshold (6880.1),29094.88,290.95,284.81,2969.75
2018-04-19,CASH,39099.7,39099.7,0.0,0.0,6774.89,6735.93,6205.19,53.96,CASH,Re-entry buffer: NDX 6774.9 below threshold (6873.7),29099.7,291.0,281.52,2886.3
2018-04-20,CASH,39104.52,39104.52,0.0,0.0,6667.75,6737.65,6209.83,49.06,CASH,Holding cash,29104.52,291.05,275.49,2743.09
2018-04-23,CASH,39118.99,39118.99,0.0,0.0,6648.8,6744.5,6214.23,48.23,CASH,Holding cash,29118.99,291.19,274.42,2720.74
2018-04-24,CASH,39123.81,39123.81,0.0,0.0,6509.05,6746.43,6218.11,42.49,CASH,Downside breakdown: NDX 6509.0 broke below exit buffer (6622.1),29123.81,291.24,266.55,2540.91
2018-04-25,CASH,39128.63,39128.63,0.0,0.0,6513.94,6746.23,6221.88,42.75,CASH,Downside breakdown: NDX 6513.9 broke below exit buffer (6619.6),29128.63,291.29,266.83,2551.32
2018-04-26,CASH,39133.46,39133.46,0.0,0.0,6649.65,6748.15,6226.14,49.48,CASH,Holding cash,29133.46,291.33,274.47,2715.72
2018-04-27,CASH,39138.28,39138.28,0.0,0.0,6656.35,6747.77,6230.25,49.8,CASH,Holding cash,29138.28,291.38,274.85,2722.28
2018-04-30,CASH,39152.76,39152.76,0.0,0.0,6605.57,6743.99,6234.09,47.39,CASH,Downside breakdown: NDX 6605.6 broke below exit buffer (6626.0),29152.76,291.53,271.99,2662.14
2018-05-01,CASH,39157.58,39157.58,0.0,0.0,6681.96,6742.21,6238.32,51.21,CASH,Holding cash,29157.58,291.58,276.29,2751.96
2018-05-02,CASH,39162.41,39162.41,0.0,0.0,6644.48,6739.51,6242.39,49.32,CASH,Holding cash,29162.41,291.62,274.18,2702.23
2018-05-03,CASH,39167.24,39167.24,0.0,0.0,6643.48,6737.19,6246.38,49.27,CASH,Holding cash,29167.24,291.67,274.12,2702.43
2018-05-04,CASH,39172.07,39172.07,0.0,0.0,6769.12,6737.34,6250.82,55.63,CASH,Re-entry buffer: NDX 6769.1 below threshold (6864.8),29172.07,291.72,281.2,2860.09
2018-05-07,CASH,39186.56,39186.56,0.0,0.0,6821.87,6735.84,6255.4,58.01,CASH,Re-entry buffer: NDX 6821.9 below threshold (6857.4),29186.56,291.87,284.17,2930.44
2018-05-08,CASH,39191.39,39191.39,0.0,0.0,6815.48,6732.37,6259.93,57.61,CASH,Re-entry buffer: NDX 6815.5 below threshold (6853.4),29191.39,291.91,283.81,2920.41
2018-05-09,TQQQ_100,39196.22,0.0,6119.5689,0.0,6893.21,6732.23,6264.81,61.14,TQQQ_100,"Bull trend confirmed: Price > SMA50 & SMA250, RSI 61.1",29196.22,291.96,288.19,3021.6
2018-05-10,TQQQ_100,40415.95,0.0,6119.5689,0.0,6963.55,6734.41,6269.92,64.07,TQQQ_100,"Bull trend confirmed: Price > SMA50 & SMA250, RSI 64.1",30415.95,304.16,292.15,3118.74
2018-05-11,TQQQ_100,40294.95,0.0,6119.5689,0.0,6952.56,6738.45,6274.91,63.27,TQQQ_100,"Bull trend confirmed: Price > SMA50 & SMA250, RSI 63.3",30294.95,302.95,291.53,3109.1
2018-05-14,TQQQ_100,40474.04,0.0,6119.5689,0.0,6964.37,6741.52,6279.87,63.79,TQQQ_100,"Bull trend confirmed: Price > SMA50 & SMA250, RSI 63.8",30474.04,304.74,292.2,3123.37
2018-05-15,TQQQ_100,39164.76,0.0,6119.5689,0.0,6888.54,6741.66,6285.1,58.07,TQQQ_100,"Bull trend confirmed: Price > SMA50 & SMA250, RSI 58.1",29164.76,291.65,287.93,3019.1
2018-05-16,TQQQ_100,39885.95,0.0,6119.5689,0.0,6929.97,6742.0,6290.31,60.17,TQQQ_100,"Bull trend confirmed: Price > SMA50 & SMA250, RSI 60.2",29885.95,298.86,290.26,3076.53
2018-05-17,TQQQ_100,39435.81,0.0,6119.5689,0.0,6901.63,6741.45,6295.31,58.03,TQQQ_100,"Bull trend confirmed: Price > SMA50 & SMA250, RSI 58.0",29435.81,294.36,288.66,3040.68
2018-05-18,TQQQ_100,38804.17,0.0,6119.5689,0.0,6866.25,6739.44,6299.98,55.37,TQQQ_100,"Bull trend confirmed: Price > SMA50 & SMA250, RSI 55.4",28804.17,288.04,286.67,2990.38
2018-05-21,TQQQ_100,39481.79,0.0,6119.5689,0.0,6905.53,6735.53,6304.79,57.69,TQQQ_100,"Bull trend confirmed: Price > SMA50 & SMA250, RSI 57.7",29481.79,294.82,288.88,3044.34
2018-05-22,TQQQ_100,39276.08,0.0,6119.5689,0.0,6893.62,6730.78,6309.44,56.73,TQQQ_100,"Bull trend confirmed: Price > SMA50 & SMA250, RSI 56.7",29276.08,292.76,288.21,3027.96
2018-05-23,TQQQ_100,40263.49,0.0,6119.5689,0.0,6953.63,6728.92,6314.15,60.31,TQQQ_100,"Bull trend confirmed: Price > SMA50 & SMA250, RSI 60.3",30263.49,302.63,291.59,3106.6
2018-05-24,TQQQ_50,40229.6,20114.8,3059.7845,0.0,6949.7,6727.1,6318.79,59.96,TQQQ_50,Bearish RSI divergence,30229.6,302.3,291.37,3103.9
2018-05-25,TQQQ_50,40282.91,20117.28,3059.7845,0.0,6960.92,6725.7,6323.46,60.66,TQQQ_50,Bearish RSI divergence,30282.91,302.83,292.0,3111.99
2018-05-29,TQQQ_100,40035.09,0.0,6153.2774,0.0,6926.54,6723.83,6328.01,57.34,TQQQ_100,"Bull trend confirmed: Price > SMA50 & SMA250, RSI 57.3",30035.09,300.35,290.06,3070.94
2018-05-30,TQQQ_50,40889.23,20444.61,3076.6387,0.0,6976.37,6726.06,6332.65,60.7,TQQQ_50,Bearish RSI divergence,30889.23,308.89,292.87,3138.59
2018-05-31,TQQQ_50,40847.95,20447.13,3076.6387,0.0,6967.73,6727.69,6336.99,59.82,TQQQ_50,Bearish RSI divergence,30847.95,308.48,292.38,3131.66
2018-06-01,TQQQ_100,41799.51,0.0,6023.5532,0.0,7083.93,6732.3,6341.81,66.79,TQQQ_100,"Bull trend confirmed: Price > SMA50 & SMA250, RSI 66.8",31799.51,318.0,298.93,3281.99
2018-06-04,TQQQ_100,42871.48,0.0,6023.5532,0.0,7143.57,6741.53,6346.96,69.69,TQQQ_100,"Bull trend confirmed: Price > SMA50 & SMA250, RSI 69.7",32871.48,328.71,302.29,3368.72
2018-06-05,TQQQ_100,43314.56,0.0,6023.5532,0.0,7166.75,6754.7,6352.12,70.76,TQQQ_100,"Bull trend confirmed: Price > SMA50 & SMA250, RSI 70.8",33314.56,333.15,303.59,3404.57
2018-06-06,TQQQ_100,44029.2,0.0,6023.5532,0.0,7210.08,6763.83,6357.42,72.7,TQQQ_100,"Bull trend confirmed: Price > SMA50 & SMA250, RSI 72.7",34029.2,340.29,306.03,3462.4
2018-06-07,TQQQ_100,43007.26,0.0,6023.5532,0.0,7152.83,6776.29,6363.06,66.43,TQQQ_100,"Bull trend confirmed: Price > SMA50 & SMA250, RSI 66.4",33007.26,330.07,302.81,3379.71
2018-06-08,TQQQ_100,42978.67,0.0,6023.5532,0.0,7152.62,6790.12,6368.84,66.41,TQQQ_100,"Bull trend confirmed: Price > SMA50 & SMA250, RSI 66.4",32978.67,329.79,302.8,3377.4
2018-06-11,TQQQ_100,43314.56,0.0,6023.5532,0.0,7168.48,6801.87,6374.51,67.31,TQQQ_100,"Bull trend confirmed: Price > SMA50 & SMA250, RSI 67.3",33314.56,333.15,303.69,3404.57
2018-06-12,TQQQ_100,44000.61,0.0,6023.5532,0.0,7209.18,6818.24,6380.43,69.58,TQQQ_100,"Bull trend confirmed: Price > SMA50 & SMA250, RSI 69.6",34000.61,340.01,305.98,3460.08
2018-06-13,TQQQ_100,43950.58,0.0,6023.5532,0.0,7205.26,6833.17,6386.45,69.08,TQQQ_100,"Bull trend confirmed: Price > SMA50 & SMA250, RSI 69.1",33950.58,339.51,305.76,3456.03
2018-06-14,TQQQ_100,45286.97,0.0,6023.5532,0.0,7279.59,6847.56,6392.84,73.02,TQQQ_100,"Bull trend confirmed: Price > SMA50 & SMA250, RSI 73.0",35286.97,352.87,309.95,3564.16
2018-06-15,TQQQ_100,44836.74,0.0,6023.5532,0.0,7255.76,6860.78,6398.78,69.94,TQQQ_100,"Bull trend confirmed: Price > SMA50 & SMA250, RSI 69.9",34836.74,348.37,308.6,3527.73
2018-06-18,TQQQ_100,44736.69,0.0,6023.5532,0.0,7251.41,6877.14,6404.88,69.37,TQQQ_100,"Bull trend confirmed: Price > SMA50 & SMA250, RSI 69.4",34736.69,347.37,308.36,3519.64
2018-06-19,TQQQ_100,44336.49,0.0,6023.5532,0.0,7228.04,6892.25,6410.66,66.22,TQQQ_100,"Bull trend confirmed: Price > SMA50 & SMA250, RSI 66.2",34336.49,343.36,307.04,3487.26
2018-06-20,TQQQ_100,45265.54,0.0,6023.5532,0.0,7280.7,6905.55,6416.66,69.57,TQQQ_100,"Bull trend confirmed: Price > SMA50 & SMA250, RSI 69.6",35265.54,352.66,310.01,3562.43
2018-06-21,TQQQ_100,44093.52,0.0,6023.5532,0.0,7217.49,6918.23,6422.32,61.67,TQQQ_100,"Bull trend confirmed: Price > SMA50 & SMA250, RSI 61.7",34093.52,340.94,306.45,3467.6
2018-06-22,TQQQ_100,43650.45,0.0,6023.5532,0.0,7197.51,6929.06,6428.0,59.38,TQQQ_100,"Bull trend confirmed: Price > SMA50 & SMA250, RSI 59.4",33650.45,336.5,305.32,3431.75
2018-06-25,TQQQ_100,40863.33,0.0,6023.5532,0.0,7038.17,6937.25,6433.47,44.99,TQQQ_100,"Bull trend confirmed: Price > SMA50 & SMA250, RSI 45.0",30863.33,308.63,296.35,3206.24
2018-06-26,TQQQ_100,41313.55,0.0,6023.5532,0.0,7068.2,6945.11,6438.73,47.57,TQQQ_100,"Bull trend confirmed: Price > SMA50 & SMA250, RSI 47.6",31313.55,313.14,298.04,3242.67
2018-06-27,TQQQ_100,39655.57,0.0,6023.5532,0.0,6969.67,6948.18,6444.0,40.81,TQQQ_100,"Bull trend confirmed: Price > SMA50 & SMA250, RSI 40.8",29655.57,296.56,292.49,3108.53
2018-06-28,TQQQ_50,40627.49,20313.74,3011.7766,0.0,7031.6,6952.15,6449.53,46.01,TQQQ_50,Bearish RSI divergence,30627.49,306.27,295.98,3187.16
2018-06-29,TQQQ_50,40722.9,20316.25,3011.7766,0.0,7040.8,6957.47,6455.31,46.75,TQQQ_50,Bearish RSI divergence,30722.9,307.23,296.5,3202.2
2018-07-02,TQQQ_50,41187.79,20323.76,3011.7766,0.0,7097.82,6966.07,6461.11,51.26,TQQQ_50,Bearish RSI divergence,31187.79,311.88,299.71,3276.21
2018-07-03,TQQQ_50,40472.07,20326.27,3011.7766,0.0,7014.55,6973.38,6466.77,45.24,TQQQ_50,Bearish RSI divergence,30472.07,304.72,295.02,3159.99
2018-07-05,TQQQ_100,41216.75,0.0,5943.6376,0.0,7101.05,6985.22,6472.55,51.6,TQQQ_100,"Bull trend confirmed: Price > SMA50 & SMA250, RSI 51.6",31216.75,312.17,299.89,3279.68
2018-07-06,TQQQ_100,43071.33,0.0,5943.6376,0.0,7207.33,6999.09,6478.6,58.04,TQQQ_100,"Bull trend confirmed: Price > SMA50 & SMA250, RSI 58.0",33071.33,330.71,305.88,3431.75
2018-07-09,TQQQ_100,44270.1,0.0,5943.6376,0.0,7276.0,7011.62,6484.87,61.6,TQQQ_100,"Bull trend confirmed: Price > SMA50 & SMA250, RSI 61.6",34270.1,342.7,309.74,3530.05
2018-07-10,TQQQ_50,44375.87,22187.94,2971.8188,0.0,7282.6,7024.14,6490.88,61.93,TQQQ_50,Bearish RSI divergence,34375.87,343.76,310.12,3538.72
2018-07-11,TQQQ_50,44054.23,22190.67,2971.8188,0.0,7243.98,7036.91,6496.68,58.71,TQQQ_50,Bearish RSI divergence,34054.23,340.54,307.94,3485.52
2018-07-12,TQQQ_50,45135.86,22193.41,2971.8188,0.0,7366.25,7050.6,6502.8,64.93,TQQQ_50,Bearish RSI divergence,35135.86,351.36,314.83,3662.46
2018-07-13,TQQQ_50,45205.59,22196.14,2971.8188,0.0,7375.82,7065.22,6508.94,65.37,TQQQ_50,Bearish RSI divergence,35205.59,352.06,315.37,3673.44
2018-07-16,TQQQ_50,45058.67,22204.35,2971.8188,0.0,7357.9,7079.51,6514.85,63.76,TQQQ_50,Bearish RSI divergence,35058.67,350.59,314.36,3648.0
2018-07-17,TQQQ_50,45484.5,22207.09,2971.8188,0.0,7403.89,7092.21,6520.8,66.07,TQQQ_50,Bearish RSI divergence,35484.5,354.84,316.95,3717.39
2018-07-18,TQQQ_50,45339.16,22209.83,2971.8188,0.0,7390.13,7103.57,6526.68,64.74,TQQQ_50,Bearish RSI divergence,35339.16,353.39,316.17,3693.1
2018-07-19,TQQQ_100,44999.89,0.0,5868.6807,0.0,7352.36,7114.31,6532.4,61.1,TQQQ_100,"Bull trend confirmed: Price > SMA50 & SMA250, RSI 61.1",34999.89,350.0,314.04,3637.02
2018-07-20,TQQQ_100,44937.22,0.0,5868.6807,0.0,7350.23,7123.45,6538.04,60.89,TQQQ_100,"Bull trend confirmed: Price > SMA50 & SMA250, RSI 60.9",34937.22,349.37,313.92,3631.81
2018-07-23,TQQQ_100,45327.14,0.0,5868.6807,0.0,7371.78,7131.61,6543.8,62.29,TQQQ_100,"Bull trend confirmed: Price > SMA50 & SMA250, RSI 62.3",35327.14,353.27,315.14,3664.19
2018-07-24,TQQQ_100,45905.04,0.0,5868.6807,0.0,7406.25,7140.69,6549.62,64.48,TQQQ_100,"Bull trend confirmed: Price > SMA50 & SMA250, RSI 64.5",35905.04,359.05,317.08,3712.18
2018-07-25,TQQQ_100,47819.78,0.0,5868.6807,0.0,7508.59,7151.57,6555.99,70.03,TQQQ_100,"Bull trend confirmed: Price > SMA50 & SMA250, RSI 70.0",37819.78,378.2,322.84,3871.19
2018-07-26,TQQQ_100,45730.97,0.0,5868.6807,0.0,7400.75,7161.82,6561.96,59.48,TQQQ_100,"Bull trend confirmed: Price > SMA50 & SMA250, RSI 59.5",35730.97,357.31,316.77,3697.73
2018-07-27,TQQQ_100,43823.2,0.0,5868.6807,0.0,7296.78,7169.15,6567.62,51.43,TQQQ_100,"Bull trend confirmed: Price > SMA50 & SMA250, RSI 51.4",33823.2,338.23,310.91,3539.3
2018-07-30,TQQQ_100,41936.3,0.0,5868.6807,0.0,7193.1,7174.98,6572.82,44.91,TQQQ_100,"Bull trend confirmed: Price > SMA50 & SMA250, RSI 44.9",31936.3,319.36,305.08,3382.6
2018-07-31,TQQQ_100,42771.83,0.0,5868.6807,0.0,7231.98,7182.3,6578.09,47.59,TQQQ_100,"Bull trend confirmed: Price > SMA50 & SMA250, RSI 47.6",32771.83,327.72,307.27,3451.99
2018-08-01,TQQQ_100,43356.69,0.0,5868.6807,0.0,7272.89,7189.64,6583.61,50.33,TQQQ_100,"Bull trend confirmed: Price > SMA50 & SMA250, RSI 50.3",33356.69,333.57,309.57,3500.56
2018-08-02,TQQQ_100,45083.44,0.0,5868.6807,0.0,7372.15,7199.21,6589.5,56.31,TQQQ_100,"Bull trend confirmed: Price > SMA50 & SMA250, RSI 56.3",35083.44,350.83,315.16,3643.95
2018-08-03,TQQQ_100,45487.28,0.0,5868.6807,0.0,7395.49,7208.05,6595.35,57.6,TQQQ_100,"Bull trend confirmed: Price > SMA50 & SMA250, RSI 57.6",35487.28,354.87,316.47,3677.49
2018-08-06,TQQQ_100,46322.8,0.0,5868.6807,0.0,7438.99,7217.84,6601.4,59.97,TQQQ_100,"Bull trend confirmed: Price > SMA50 & SMA250, RSI 60.0",36322.8,363.23,318.92,3746.88
2018-08-07,TQQQ_100,46775.38,0.0,5868.6807,0.0,7462.65,7227.87,6607.57,61.25,TQQQ_100,"Bull trend confirmed: Price > SMA50 & SMA250, RSI 61.2",36775.38,367.75,320.26,3784.46
2018-08-08,TQQQ_100,46900.71,0.0,5868.6807,0.0,7469.55,7238.73,6614.29,61.63,TQQQ_100,"Bull trend confirmed: Price > SMA50 & SMA250, RSI 61.6",36900.71,369.01,320.64,3794.87
2018-08-09,TQQQ_100,46858.93,0.0,5868.6807,0.0,7466.96,7248.54,6620.84,61.38,TQQQ_100,"Bull trend confirmed: Price > SMA50 & SMA250, RSI 61.4",36858.93,368.59,320.5,3791.4
2018-08-10,TQQQ_100,45765.79,0.0,5868.6807,0.0,7408.3,7257.36,6626.84,55.96,TQQQ_100,"Bull trend confirmed: Price > SMA50 & SMA250, RSI 56.0",35765.79,357.66,317.2,3700.62
2018-08-13,TQQQ_100,45633.5,0.0,5868.6807,0.0,7401.17,7263.7,6632.81,55.32,TQQQ_100,"Bull trend confirmed: Price > SMA50 & SMA250, RSI 55.3",35633.5,356.34,316.79,3689.63
2018-08-14,TQQQ_100,46475.99,0.0,5868.6807,0.0,7447.17,7269.77,6638.93,58.61,TQQQ_100,"Bull trend confirmed: Price > SMA50 & SMA250, RSI 58.6",36475.99,364.76,319.38,3759.6
2018-08-15,TQQQ_100,44784.05,0.0,5868.6807,0.0,7354.66,7273.53,6645.16,50.54,TQQQ_100,"Bull trend confirmed: Price > SMA50 & SMA250, RSI 50.5",34784.05,347.84,314.17,3619.09
2018-08-16,TQQQ_100,45194.85,0.0,5868.6807,0.0,7374.29,7276.81,6651.5,52.05,TQQQ_100,"Bull trend confirmed: Price > SMA50 & SMA250, RSI 52.1",35194.85,351.95,315.28,3653.21
2018-08-17,TQQQ_100,45187.88,0.0,5868.6807,0.0,7377.54,7281.31,6657.86,52.31,TQQQ_100,"Bull trend confirmed: Price > SMA50 & SMA250, RSI 52.3",35187.88,351.88,315.46,3652.63
2018-08-20,TQQQ_100,45097.37,0.0,5868.6807,0.0,7371.42,7285.68,6663.85,51.74,TQQQ_100,"Bull trend confirmed: Price > SMA50 & SMA250, RSI 51.7",35097.37,350.97,315.12,3645.11
2018-08-21,TQQQ_100,45563.87,0.0,5868.6807,0.0,7397.23,7290.26,6670.03,54.01,TQQQ_100,"Bull trend confirmed: Price > SMA50 & SMA250, RSI 54.0",35563.87,355.64,316.57,3683.85
2018-08-22,TQQQ_100,46093.03,0.0,5868.6807,0.0,7424.6,7294.57,6676.4,56.35,TQQQ_100,"Bull trend confirmed: Price > SMA50 & SMA250, RSI 56.3",36093.03,360.93,318.11,3727.8
2018-08-23,TQQQ_100,45863.26,0.0,5868.6807,0.0,7413.84,7298.74,6682.76,55.16,TQQQ_100,"Bull trend confirmed: Price > SMA50 & SMA250, RSI 55.2",35863.26,358.63,317.51,3708.72
2018-08-24,TQQQ_50,47137.43,23568.71,2934.3403,0.0,7485.4,7302.86,6689.35,61.04,TQQQ_50,Bearish RSI divergence,37137.43,371.37,321.54,3814.53
2018-08-27,TQQQ_100,47856.35,0.0,5783.8992,0.0,7559.13,7308.92,6696.14,65.99,TQQQ_100,"Bull trend confirmed: Price > SMA50 & SMA250, RSI 66.0",37856.35,378.56,325.69,3932.49
2018-08-28,TQQQ_100,48069.05,0.0,5783.8992,0.0,7570.25,7315.3,6702.69,66.68,TQQQ_100,"Bull trend confirmed: Price > SMA50 & SMA250, RSI 66.7",38069.05,380.69,326.32,3950.41
2018-08-29,TQQQ_100,49750.28,0.0,5783.8992,0.0,7660.18,7323.94,6709.37,71.67,TQQQ_100,"Bull trend confirmed: Price > SMA50 & SMA250, RSI 71.7",39750.28,397.5,331.38,4092.07
2018-08-30,TQQQ_100,49468.94,0.0,5783.8992,0.0,7642.67,7331.18,6715.99,69.49,TQQQ_100,"Bull trend confirmed: Price > SMA50 & SMA250, RSI 69.5",39468.94,394.69,330.39,4068.37
2018-08-31,TQQQ_100,49613.04,0.0,5783.8992,0.0,7654.55,7339.92,6722.88,70.15,TQQQ_100,"Bull trend confirmed: Price > SMA50 & SMA250, RSI 70.2",39613.04,396.13,331.06,4080.51
2018-09-04,TQQQ_100,49022.89,0.0,5783.8992,0.0,7622.32,7348.42,6729.56,65.96,TQQQ_100,"Bull trend confirmed: Price > SMA50 & SMA250, RSI 66.0",39022.89,390.23,329.25,4030.78
2018-09-05,TQQQ_100,47074.06,0.0,5783.8992,0.0,7523.26,7358.12,6735.8,55.06,TQQQ_100,"Bull trend confirmed: Price > SMA50 & SMA250, RSI 55.1",37074.06,370.74,323.67,3866.57
2018-09-06,TQQQ_100,45790.85,0.0,5783.8992,0.0,7453.17,7365.82,6741.96,48.91,TQQQ_100,"Bull trend confirmed: Price > SMA50 & SMA250, RSI 48.9",35790.85,357.91,319.72,3758.44
2018-09-07,TQQQ_100,45337.95,0.0,5783.8992,0.0,7430.26,7375.03,6747.76,47.06,TQQQ_100,"Bull trend confirmed: Price > SMA50 & SMA250, RSI 47.1",35337.95,353.38,318.43,3720.28
2018-09-10,TQQQ_100,45735.96,0.0,5783.8992,0.0,7447.68,7383.35,6753.57,48.65,TQQQ_100,"Bull trend confirmed: Price > SMA50 & SMA250, RSI 48.6",35735.96,357.36,319.41,3753.82
2018-09-11,TQQQ_100,46751.55,0.0,5783.8992,0.0,7507.87,7392.7,6759.58,53.82,TQQQ_100,"Bull trend confirmed: Price > SMA50 & SMA250, RSI 53.8",36751.55,367.52,322.8,3839.39
2018-09-12,TQQQ_100,46346.67,0.0,5783.8992,0.0,7488.06,7400.5,6765.66,51.96,TQQQ_100,"Bull trend confirmed: Price > SMA50 & SMA250, RSI 52.0",36346.67,363.47,321.69,3805.28
2018-09-13,TQQQ_100,47719.1,0.0,5783.8992,0.0,7561.69,7411.44,6771.95,57.78,TQQQ_100,"Bull trend confirmed: Price > SMA50 & SMA250, RSI 57.8",37719.1,377.19,325.83,3920.92
2018-09-14,TQQQ_100,47355.41,0.0,5783.8992,0.0,7545.5,7420.33,6778.21,56.17,TQQQ_100,"Bull trend confirmed: Price > SMA50 & SMA250, RSI 56.2",37355.41,373.55,324.92,3890.28
2018-09-17,TQQQ_100,45358.53,0.0,5783.8992,0.0,7434.73,7424.88,6783.98,46.6,TQQQ_100,"Bull trend confirmed: Price > SMA50 & SMA250, RSI 46.6",35358.53,353.59,318.68,3722.01
2018-09-18,TQQQ_100,46435.88,0.0,5783.8992,0.0,7494.4,7429.25,6790.07,51.4,TQQQ_100,"Bull trend confirmed: Price > SMA50 & SMA250, RSI 51.4",36435.88,364.36,322.04,3812.79
2018-09-19,TQQQ_100,46332.95,0.0,5783.8992,0.0,7490.32,7433.4,6796.29,51.06,TQQQ_100,"Bull trend confirmed: Price > SMA50 & SMA250, RSI 51.1",36332.95,363.33,321.81,3804.12
2018-09-20,TQQQ_100,47787.72,0.0,5783.8992,0.0,7569.03,7439.9,6802.84,56.95,TQQQ_100,"Bull trend confirmed: Price > SMA50 & SMA250, RSI 57.0",37787.72,377.88,326.25,3926.7
2018-09-21,TQQQ_100,47026.02,0.0,5783.8992,0.0,7531.07,7443.2,6809.49,53.6,TQQQ_100,"Bull trend confirmed: Price > SMA50 & SMA250, RSI 53.6",37026.02,370.26,324.11,3862.52
2018-09-24,TQQQ_100,47430.9,0.0,5783.8992,0.0,7548.75,7446.66,6816.16,54.93,TQQQ_100,"Bull trend confirmed: Price > SMA50 & SMA250, RSI 54.9",37430.9,374.31,325.1,3896.64
2018-09-25,TQQQ_100,47623.03,0.0,5783.8992,0.0,7563.19,7450.76,6822.66,56.04,TQQQ_100,"Bull trend confirmed: Price > SMA50 & SMA250, RSI 56.0",37623.03,376.23,325.92,3912.83
2018-09-26,TQQQ_100,47574.98,0.0,5783.8992,0.0,7563.09,7453.95,6829.18,56.03,TQQQ_100,"Bull trend confirmed: Price > SMA50 & SMA250, RSI 56.0",37574.98,375.75,325.91,3908.78
2018-09-27,TQQQ_100,48892.51,0.0,5783.8992,0.0,7629.57,7458.74,6835.78,61.13,TQQQ_100,"Bull trend confirmed: Price > SMA50 & SMA250, RSI 61.1",38892.51,388.93,329.66,4019.8
2018-09-28,TQQQ_100,48817.04,0.0,5783.8992,0.0,7627.65,7464.24,6842.37,60.91,TQQQ_100,"Bull trend confirmed: Price > SMA50 & SMA250, RSI 60.9",38817.04,388.17,329.55,4013.44
2018-10-01,TQQQ_50,49098.38,24549.19,2891.9496,0.0,7645.45,7470.15,6848.97,62.26,TQQQ_50,Bearish RSI divergence,39098.38,390.98,330.55,4037.14
2018-10-02,TQQQ_100,48960.74,0.0,5800.9243,0.0,7628.28,7475.28,6855.49,60.1,TQQQ_100,"Bull trend confirmed: Price > SMA50 & SMA250, RSI 60.1",38960.74,389.61,329.58,4013.44
2018-10-03,TQQQ_100,49105.26,0.0,5800.9243,0.0,7637.43,7479.9,6861.81,60.88,TQQQ_100,"Bull trend confirmed: Price > SMA50 & SMA250, RSI 60.9",39105.26,391.05,330.1,4025.58
2018-10-04,TQQQ_100,46304.16,0.0,5800.9243,0.0,7490.0,7479.53,6867.51,45.46,TQQQ_100,"Bull trend confirmed: Price > SMA50 & SMA250, RSI 45.5",36304.16,363.04,321.8,3790.24
2018-10-05,TQQQ_100,44562.93,0.0,5800.9243,0.0,7399.01,7479.49,6872.87,38.91,TQQQ_100,Downside buffer hold: NDX 7399.0 above buffer (7386.2),34562.93,345.63,316.67,3643.95
2018-10-08,CASH,43764.59,43764.59,0.0,0.0,7352.82,7480.62,6878.03,36.07,CASH,Downside breakdown: NDX 7352.8 broke below exit buffer (7383.6),33764.59,337.65,314.07,3576.88
2018-10-09,CASH,43769.98,43769.98,0.0,0.0,7371.62,7484.19,6883.19,38.05,CASH,Downside breakdown: NDX 7371.6 broke below exit buffer (7385.8),33769.98,337.7,315.13,3605.21
2018-10-10,CASH,43775.38,43775.38,0.0,0.0,7044.5,7480.44,6887.09,24.07,CASH,Downside breakdown: NDX 7044.5 broke below exit buffer (7365.1),33775.38,337.75,296.71,3124.72
2018-10-11,CASH,43780.78,43780.78,0.0,0.0,6964.03,7474.26,6890.57,21.93,CASH,Downside breakdown: NDX 6964.0 broke below exit buffer (7348.6),33780.78,337.81,292.18,2994.04
2018-10-12,CASH,43786.18,43786.18,0.0,0.0,7157.21,7469.96,6894.74,36.5,CASH,Downside breakdown: NDX 7157.2 broke below exit buffer (7336.6),33786.18,337.86,303.06,3255.39
2018-10-15,CASH,43802.37,43802.37,0.0,0.0,7068.67,7463.42,6898.53,33.42,CASH,Downside breakdown: NDX 7068.7 broke below exit buffer (7325.3),33802.37,338.02,298.07,3128.76
2018-10-16,CASH,43807.77,43807.77,0.0,0.0,7276.43,7460.17,6903.18,45.12,CASH,Downside breakdown: NDX 7276.4 broke below exit buffer (7312.2),33807.77,338.08,309.77,3406.89
2018-10-17,CASH,43813.17,43813.17,0.0,0.0,7278.63,7456.49,6907.92,45.23,CASH,Downside breakdown: NDX 7278.6 broke below exit buffer (7307.7),33813.17,338.13,309.89,3418.45
2018-10-18,CASH,43818.57,43818.57,0.0,0.0,7116.09,7449.42,6911.95,39.02,CASH,Downside breakdown: NDX 7116.1 broke below exit buffer (7290.2),33818.57,338.19,300.74,3174.44
2018-10-19,CASH,43823.98,43823.98,0.0,0.0,7107.23,7442.23,6916.11,38.71,CASH,Downside breakdown: NDX 7107.2 broke below exit buffer (7277.7),33823.98,338.24,300.24,3161.14
2018-10-22,CASH,43840.18,43840.18,0.0,0.0,7141.21,7436.89,6920.35,40.67,CASH,Downside breakdown: NDX 7141.2 broke below exit buffer (7270.2),33840.18,338.4,302.15,3210.29
2018-10-23,CASH,43845.59,43845.59,0.0,0.0,7118.67,7431.24,6924.61,39.76,CASH,Downside breakdown: NDX 7118.7 broke below exit buffer (7252.8),33845.59,338.46,300.88,3173.86
2018-10-24,CASH,43850.99,43850.99,0.0,0.0,6789.15,7418.08,6927.61,29.42,CASH,"Bear trend, RSI 29.4 oversold",33850.99,338.51,282.33,2728.64
2018-10-25,CASH,43856.4,43856.4,0.0,0.0,7016.39,7411.31,6930.82,40.84,CASH,Downside breakdown: NDX 7016.4 broke below exit buffer (7216.3),33856.4,338.56,295.12,3018.9
2018-10-26,SQQQ,43861.81,0.0,0.0,1.5693,6852.4,7400.87,6933.32,36.28,SQQQ,"Bear signal: Price below SMAs, RSI 36.3 in SQQQ zone",33861.81,338.62,285.89,2776.63
2018-10-29,CASH,46429.62,46429.62,0.0,0.0,6713.9,7387.6,6935.18,32.93,CASH,"Bear trend, RSI 32.9 outside SQQQ zone",36429.62,364.3,278.09,2622.82
2018-10-30,SQQQ,46435.35,0.0,0.0,1.6401,6810.12,7376.37,6937.43,37.26,SQQQ,"Bear signal: Price below SMAs, RSI 37.3 in SQQQ zone",36435.35,364.35,283.51,2728.06
2018-10-31,CASH,43314.68,43314.68,0.0,0.0,6967.1,7367.77,6940.35,43.65,CASH,Downside breakdown: NDX 6967.1 broke below exit buffer (7154.3),33314.68,333.15,292.35,2918.87
2018-11-01,CASH,43320.02,43320.02,0.0,0.0,7069.17,7360.66,6943.45,47.41,CASH,Downside breakdown: NDX 7069.2 broke below exit buffer (7152.6),33320.02,333.2,298.1,3050.7
2018-11-02,CASH,43325.36,43325.36,0.0,0.0,6965.29,7351.69,6946.05,44.18,CASH,Downside breakdown: NDX 6965.3 broke below exit buffer (7138.8),33325.36,333.25,292.25,2909.62
2018-11-05,SQQQ,43341.39,0.0,0.0,1.6248,6937.09,7340.73,6948.52,43.32,SQQQ,"Bear signal: Price below SMAs, RSI 43.3 in SQQQ zone",33341.39,333.41,290.66,2880.13
2018-11-06,CASH,42352.14,42352.14,0.0,0.0,6988.85,7329.32,6951.09,45.42,CASH,Downside breakdown: NDX 6988.9 broke below exit buffer (7125.5),32352.14,323.52,293.57,2943.16
2018-11-07,CASH,42357.36,42357.36,0.0,0.0,7203.13,7321.98,6954.65,53.17,CASH,Holding cash,32357.36,323.57,305.64,3223.01
2018-11-08,CASH,42362.58,42362.58,0.0,0.0,7158.59,7311.95,6958.05,51.53,CASH,Holding cash,32362.58,323.63,303.13,3166.35
2018-11-09,CASH,42367.81,42367.81,0.0,0.0,7039.15,7299.88,6960.94,47.32,CASH,Downside breakdown: NDX 7039.1 broke below exit buffer (7094.5),32367.81,323.68,296.41,3000.4
2018-11-12,SQQQ,42383.48,0.0,0.0,1.5363,6829.1,7283.37,6963.09,40.98,SQQQ,"Bear signal: Price below SMAs, RSI 41.0 in SQQQ zone",32383.48,323.83,284.58,2728.06
2018-11-13,SQQQ,42325.01,0.0,0.0,1.5363,6830.91,7267.54,6965.38,41.06,SQQQ,"Bear signal: Price below SMAs, RSI 41.1 in SQQQ zone",32325.01,323.25,284.68,2726.9
2018-11-14,SQQQ,43377.29,0.0,0.0,1.5363,6769.87,7252.47,6967.1,39.29,SQQQ,"Bear signal: Price below SMAs, RSI 39.3 in SQQQ zone",33377.29,333.77,281.24,2655.2
2018-11-15,SQQQ,41097.36,0.0,0.0,1.5363,6890.45,7241.22,6969.4,44.39,SQQQ,"Bear signal: Price below SMAs, RSI 44.4 in SQQQ zone",31097.36,310.97,288.03,2802.65
2018-11-16,SQQQ,41535.81,0.0,0.0,1.5363,6867.02,7229.95,6971.64,43.62,SQQQ,"Bear signal: Price below SMAs, RSI 43.6 in SQQQ zone",31535.81,315.36,286.71,2770.85
2018-11-19,SQQQ,45628.01,0.0,0.0,1.5363,6642.92,7213.86,6972.69,37.03,SQQQ,"Bear signal: Price below SMAs, RSI 37.0 in SQQQ zone",35628.01,356.28,274.09,2495.62
2018-11-20,CASH,48024.86,48024.86,0.0,0.0,6526.96,7194.24,6973.26,34.15,CASH,"Bear trend, RSI 34.2 outside SQQQ zone",38024.86,380.25,267.56,2351.64
2018-11-21,SQQQ,48030.78,0.0,0.0,1.5699,6575.66,7175.99,6973.92,36.39,SQQQ,"Bear signal: Price below SMAs, RSI 36.4 in SQQQ zone",38030.78,380.31,270.31,2406.57
2018-11-23,SQQQ,49135.96,0.0,0.0,1.5699,6527.35,7155.3,6974.41,35.11,SQQQ,"Bear signal: Price below SMAs, RSI 35.1 in SQQQ zone",39135.96,391.36,267.58,2351.06
2018-11-26,SQQQ,45730.79,0.0,0.0,1.5699,6678.34,7137.96,6975.43,41.95,SQQQ,"Bear signal: Price below SMAs, RSI 42.0 in SQQQ zone",35730.79,357.31,276.09,2519.32
2018-11-27,SQQQ,45223.01,0.0,0.0,1.5699,6701.04,7123.29,6976.99,42.93,SQQQ,"Bear signal: Price below SMAs, RSI 42.9 in SQQQ zone",35223.01,352.23,277.37,2546.5
2018-11-28,SQQQ,40981.48,0.0,0.0,1.5699,6913.33,7111.66,6979.18,51.17,SQQQ,"Bear signal: Price below SMAs, RSI 51.2 in SQQQ zone",30981.48,309.81,289.32,2797.45
2018-11-29,SQQQ,41369.8,0.0,0.0,1.5699,6892.4,7099.71,6981.4,50.4,SQQQ,"Bear signal: Price below SMAs, RSI 50.4 in SQQQ zone",31369.8,313.7,288.14,2770.85
2018-11-30,SQQQ,40413.96,0.0,0.0,1.5699,6949.01,7087.31,6984.14,52.49,SQQQ,"Bear signal: Price below SMAs, RSI 52.5 in SQQQ zone",30413.96,304.14,291.33,2830.98
2018-12-03,CASH,38412.67,38412.67,0.0,0.0,7062.13,7077.93,6987.33,56.44,CASH,Holding cash,28412.67,284.13,297.7,2981.32
2018-12-04,SQQQ,38417.4,0.0,0.0,1.413,6795.21,7062.86,6989.34,46.59,SQQQ,"Bear signal: Price below SMAs, RSI 46.6 in SQQQ zone",28417.4,284.17,282.67,2642.48
2018-12-06,SQQQ,37691.53,0.0,0.0,1.413,6838.85,7048.37,6991.43,48.19,SQQQ,"Bear signal: Price below SMAs, RSI 48.2 in SQQQ zone",27691.53,276.92,285.13,2682.38
2018-12-07,SQQQ,41482.18,0.0,0.0,1.413,6613.28,7029.37,6992.5,41.33,SQQQ,"Bear signal: Price below SMAs, RSI 41.3 in SQQQ zone",31482.18,314.82,272.42,2410.04
2018-12-10,SQQQ,40164.87,0.0,0.0,1.413,6682.74,7010.44,6993.66,43.97,SQQQ,"Bear signal: Price below SMAs, RSI 44.0 in SQQQ zone",30164.87,301.65,276.34,2488.68
2018-12-11,SQQQ,39761.6,0.0,0.0,1.413,6704.24,6991.97,6994.94,44.8,SQQQ,"Bear signal: Price below SMAs, RSI 44.8 in SQQQ zone",29761.6,297.62,277.55,2516.43
2018-12-12,SQQQ,38713.12,0.0,0.0,1.413,6763.96,6974.34,6996.42,47.14,SQQQ,"Bear signal: Price below SMAs, RSI 47.1 in SQQQ zone",28713.12,287.13,280.91,2582.35
2018-12-13,SQQQ,38686.24,0.0,0.0,1.413,6767.97,6957.13,6997.93,47.3,SQQQ,"Bear signal: Price below SMAs, RSI 47.3 in SQQQ zone",28686.24,286.86,281.14,2582.93
2018-12-14,SQQQ,41535.95,0.0,0.0,1.413,6594.96,6936.28,6998.44,41.42,SQQQ,"Bear signal: Price below SMAs, RSI 41.4 in SQQQ zone",31535.95,315.36,271.39,2380.55
2018-12-17,SQQQ,44439.43,0.0,0.0,1.413,6448.39,6915.45,6998.18,37.2,SQQQ,"Bear signal: Price below SMAs, RSI 37.2 in SQQQ zone",34439.43,344.39,263.14,2220.38
2018-12-18,SQQQ,43552.27,0.0,0.0,1.413,6491.52,6897.3,6998.23,39.17,SQQQ,"Bear signal: Price below SMAs, RSI 39.2 in SQQQ zone",33552.27,335.52,265.57,2259.13
2018-12-19,SQQQ,46751.49,0.0,0.0,1.413,6342.97,6877.1,6997.71,35.09,SQQQ,"Bear signal: Price below SMAs, RSI 35.1 in SQQQ zone",36751.49,367.51,257.2,2088.55
2018-12-20,CASH,48660.25,48660.25,0.0,0.0,6243.19,6854.54,6996.79,32.64,CASH,"Bear trend, RSI 32.6 outside SQQQ zone",38660.25,386.6,251.58,2000.66
2018-12-21,CASH,48666.25,48666.25,0.0,0.0,6046.56,6834.58,6995.12,28.42,CASH,"Bear trend, RSI 28.4 oversold",38666.25,386.66,240.51,1797.71
2018-12-24,CASH,48684.25,48684.25,0.0,0.0,5899.35,6813.28,6992.98,25.74,CASH,"Bear trend, RSI 25.7 oversold",38684.25,386.84,232.22,1657.2
2018-12-26,SQQQ,48696.25,0.0,0.0,1.4689,6262.77,6795.39,6992.29,40.63,SQQQ,"Bear signal: Price below SMAs, RSI 40.6 in SQQQ zone",38696.25,386.96,252.69,1976.29
2018-12-27,SQQQ,47966.09,0.0,0.0,1.4689,6288.3,6779.79,6991.68,41.52,SQQQ,"Bear signal: Price below SMAs, RSI 41.5 in SQQQ zone",37966.09,379.66,254.12,2005.82
2018-12-28,SQQQ,48106.51,0.0,0.0,1.4689,6285.27,6759.96,6991.24,41.44,SQQQ,"Bear signal: Price below SMAs, RSI 41.4 in SQQQ zone",38106.51,381.07,253.95,1997.13
2018-12-31,SQQQ,47067.44,0.0,0.0,1.4689,6329.97,6740.99,6990.51,43.16,SQQQ,"Bear signal: Price below SMAs, RSI 43.2 in SQQQ zone",37067.44,370.67,256.47,2044.61
2019-01-02,SQQQ,46337.27,0.0,0.0,1.4689,6360.87,6725.89,6989.65,44.38,SQQQ,"Bear signal: Price below SMAs, RSI 44.4 in SQQQ zone",36337.27,363.37,258.21,2075.3
2019-01-03,SQQQ,50914.83,0.0,0.0,1.4689,6147.13,6706.68,6987.9,38.27,SQQQ,"Bear signal: Price below SMAs, RSI 38.3 in SQQQ zone",40914.83,409.15,246.17,1864.54
2019-01-04,SQQQ,44231.03,0.0,0.0,1.4689,6422.67,6692.31,6986.98,48.17,SQQQ,"Bear signal: Price below SMAs, RSI 48.2 in SQQQ zone",34231.03,342.31,261.69,2115.83
2019-01-07,SQQQ,42826.86,0.0,0.0,1.4689,6488.25,6679.7,6986.22,50.22,SQQQ,"Bear signal: Price below SMAs, RSI 50.2 in SQQQ zone",32826.86,328.27,265.38,2186.46
2019-01-08,SQQQ,41619.28,0.0,0.0,1.4689,6551.85,6674.96,6985.72,52.19,SQQQ,"Bear signal: Price below SMAs, RSI 52.2 in SQQQ zone",31619.28,316.19,268.96,2252.47
2019-01-09,SQQQ,40692.54,0.0,0.0,1.4689,6600.69,6666.64,6985.47,53.71,SQQQ,"Bear signal: Price below SMAs, RSI 53.7 in SQQQ zone",30692.54,306.93,271.71,2308.05
2019-01-10,SQQQ,40271.3,0.0,0.0,1.4689,6620.94,6662.02,6985.12,54.36,SQQQ,"Bear signal: Price below SMAs, RSI 54.4 in SQQQ zone",30271.3,302.71,272.86,2331.21
2019-01-11,SQQQ,40720.62,0.0,0.0,1.4689,6601.4,6659.77,6984.49,53.58,SQQQ,"Bear signal: Price below SMAs, RSI 53.6 in SQQQ zone",30720.62,307.21,271.75,2302.26
2019-01-14,SQQQ,41872.04,0.0,0.0,1.4689,6541.04,6654.38,6983.71,51.14,SQQQ,"Bear signal: Price below SMAs, RSI 51.1 in SQQQ zone",31872.04,318.72,268.36,2239.73
2019-01-15,CASH,39428.8,39428.8,0.0,0.0,6669.64,6648.43,6983.15,55.76,CASH,Re-entry buffer in bear regime,29428.8,294.29,275.6,2369.43
2019-01-16,CASH,39433.66,39433.66,0.0,0.0,6668.56,6640.42,6982.58,55.71,CASH,Re-entry buffer in bear regime,29433.66,294.34,275.54,2372.9
2019-01-17,CASH,39438.52,39438.52,0.0,0.0,6718.45,6635.49,6982.11,57.51,CASH,Re-entry buffer in bear regime,29438.52,294.39,278.35,2430.8
2019-01-18,TQQQ_30,39443.39,27610.37,2217.835,0.0,6784.61,6632.44,6981.63,59.84,TQQQ_30,"Recovery above SMA50, RSI 59.8 >= 50",29443.39,294.43,282.07,2500.28
2019-01-22,TQQQ_30,38803.57,27623.99,2217.835,0.0,6646.81,6625.6,6980.36,53.28,TQQQ_30,"Recovery above SMA50, RSI 53.3 >= 50",28803.57,288.04,274.31,2356.69
2019-01-23,TQQQ_30,38817.51,27627.39,2217.835,0.0,6658.76,6614.71,6979.32,53.75,TQQQ_30,"Recovery above SMA50, RSI 53.8 >= 50",28817.51,288.18,274.99,2359.01
2019-01-24,TQQQ_30,39018.53,27630.8,2217.835,0.0,6702.55,6605.59,6978.46,55.53,TQQQ_30,"Recovery above SMA50, RSI 55.5 >= 50",29018.53,290.19,277.45,2402.43
2019-01-25,TQQQ_30,39427.7,27634.2,2217.835,0.0,6787.37,6600.55,6977.52,58.84,TQQQ_30,"Recovery above SMA50, RSI 58.8 >= 50",29427.7,294.28,282.23,2491.6
2019-01-28,TQQQ_30,39003.17,27644.43,2217.835,0.0,6697.09,6597.91,6976.35,54.22,TQQQ_30,"Recovery above SMA50, RSI 54.2 >= 50",29003.17,290.03,277.14,2396.06
2019-01-29,TQQQ_30,38685.13,27647.83,2217.835,0.0,6632.79,6593.95,6975.16,51.14,TQQQ_30,"Recovery above SMA50, RSI 51.1 >= 50",28685.13,286.85,273.52,2325.42
2019-01-30,TQQQ_30,39515.88,27651.24,2217.835,0.0,6807.91,6594.71,6974.59,58.12,TQQQ_30,"Recovery above SMA50, RSI 58.1 >= 50",29515.88,295.16,283.38,2507.23
2019-01-31,TQQQ_30,40040.98,27654.65,2217.835,0.0,6906.84,6595.04,6974.62,61.46,TQQQ_30,"Recovery above SMA50, RSI 61.5 >= 50",30040.98,300.41,288.96,2621.87
2019-02-01,TQQQ_30,39886.3,27658.06,2217.835,0.0,6875.52,6595.21,6975.08,59.83,TQQQ_30,"Recovery above SMA50, RSI 59.8 >= 50",29886.3,298.86,287.19,2587.13
2019-02-04,TQQQ_30,40344.45,27668.29,2217.835,0.0,6959.96,6601.55,6976.93,62.71,TQQQ_30,"Recovery above SMA50, RSI 62.7 >= 50",30344.45,303.44,291.95,2685.56
2019-02-05,TQQQ_100,40682.49,0.0,6934.7889,0.0,7023.52,6611.48,6978.36,64.75,TQQQ_100,"Bull trend confirmed: Price > SMA50 & SMA250, RSI 64.7",30682.49,306.82,295.53,2759.09
2019-02-06,TQQQ_100,40361.18,0.0,6934.7889,0.0,6997.62,6619.92,6980.02,63.23,TQQQ_100,"Bull trend confirmed: Price > SMA50 & SMA250, RSI 63.2",30361.18,303.61,294.07,2736.51
2019-02-07,TQQQ_30,38713.45,27099.41,2080.4367,0.0,6904.98,6627.47,6982.42,57.98,TQQQ_30,"Recovery above SMA50, RSI 58.0 >= 50",28713.45,287.13,288.85,2620.71
2019-02-08,TQQQ_30,38776.11,27102.76,2080.4367,0.0,6913.13,6632.17,6984.42,58.31,TQQQ_30,"Recovery above SMA50, RSI 58.3 >= 50",28776.11,287.76,289.31,2634.61
2019-02-11,TQQQ_30,38758.94,27112.78,2080.4367,0.0,6909.18,6636.33,6985.96,58.08,TQQQ_30,"Recovery above SMA50, RSI 58.1 >= 50",28758.94,287.59,289.09,2628.24
2019-02-12,TQQQ_100,39266.49,0.0,6723.3716,0.0,7014.67,6638.36,6987.81,62.45,TQQQ_100,"Bull trend confirmed: Price > SMA50 & SMA250, RSI 62.5",29266.49,292.66,295.03,2746.35
2019-02-13,TQQQ_100,39346.37,0.0,6723.3716,0.0,7015.88,6640.83,6989.17,62.5,TQQQ_100,"Bull trend confirmed: Price > SMA50 & SMA250, RSI 62.5",29346.37,293.46,295.1,2752.14
2019-02-14,TQQQ_100,39490.15,0.0,6723.3716,0.0,7022.42,6642.29,6990.08,62.78,TQQQ_100,"Bull trend confirmed: Price > SMA50 & SMA250, RSI 62.8",29490.15,294.9,295.46,2762.57
2019-02-15,TQQQ_100,39961.41,0.0,6723.3716,0.0,7055.18,6642.16,6991.22,64.22,TQQQ_100,"Bull trend confirmed: Price > SMA50 & SMA250, RSI 64.2",29961.41,299.61,297.31,2796.73
2019-02-19,TQQQ_100,40201.04,0.0,6723.3716,0.0,7066.61,6647.58,6992.37,64.73,TQQQ_100,"Bull trend confirmed: Price > SMA50 & SMA250, RSI 64.7",30201.04,302.01,297.95,2814.1
2019-02-20,TQQQ_50,40169.08,20084.54,3361.6858,0.0,7062.34,6652.05,6993.58,64.36,TQQQ_50,Bearish RSI divergence,30169.08,301.69,297.71,2811.78
2019-02-21,TQQQ_50,39943.92,20087.02,3361.6858,0.0,7035.16,6660.49,6994.67,61.93,TQQQ_50,Bearish RSI divergence,29943.92,299.44,296.18,2778.78
2019-02-22,TQQQ_100,40377.72,0.0,6690.4423,0.0,7090.63,6668.65,6995.45,64.84,TQQQ_100,"Bull trend confirmed: Price > SMA50 & SMA250, RSI 64.8",30377.72,303.78,299.31,2841.31
2019-02-25,TQQQ_100,40822.82,0.0,6690.4423,0.0,7115.43,6676.87,6995.95,66.09,TQQQ_100,"Bull trend confirmed: Price > SMA50 & SMA250, RSI 66.1",30822.82,308.23,300.7,2873.73
2019-02-26,TQQQ_100,40949.99,0.0,6690.4423,0.0,7123.22,6684.06,6996.84,66.5,TQQQ_100,"Bull trend confirmed: Price > SMA50 & SMA250, RSI 66.5",30949.99,309.5,301.14,2883.0
2019-02-27,TQQQ_100,40822.82,0.0,6690.4423,0.0,7117.0,6691.04,6997.89,65.82,TQQQ_100,"Bull trend confirmed: Price > SMA50 & SMA250, RSI 65.8",30822.82,308.23,300.79,2873.73
2019-02-28,TQQQ_100,40568.47,0.0,6690.4423,0.0,7097.53,6701.09,6999.28,63.65,TQQQ_100,"Bull trend confirmed: Price > SMA50 & SMA250, RSI 63.7",30568.47,305.68,299.69,2855.21
2019-03-01,TQQQ_100,41379.21,0.0,6690.4423,0.0,7151.57,6715.15,7000.64,66.91,TQQQ_100,"Bull trend confirmed: Price > SMA50 & SMA250, RSI 66.9",31379.21,313.79,302.74,2914.26
2019-03-04,TQQQ_100,41387.15,0.0,6690.4423,0.0,7150.83,6728.34,7001.72,66.83,TQQQ_100,"Bull trend confirmed: Price > SMA50 & SMA250, RSI 66.8",31387.15,313.87,302.7,2914.84
2019-03-05,TQQQ_100,41490.48,0.0,6690.4423,0.0,7156.79,6744.62,7002.7,67.2,TQQQ_100,"Bull trend confirmed: Price > SMA50 & SMA250, RSI 67.2",31490.48,314.9,303.03,2922.37
2019-03-06,TQQQ_100,40775.12,0.0,6690.4423,0.0,7112.47,6762.0,7003.43,61.61,TQQQ_100,"Bull trend confirmed: Price > SMA50 & SMA250, RSI 61.6",30775.12,307.75,300.54,2870.26
2019-03-07,TQQQ_100,39288.79,0.0,6690.4423,0.0,7026.88,6781.61,7003.67,52.53,TQQQ_100,"Bull trend confirmed: Price > SMA50 & SMA250, RSI 52.5",29288.79,292.89,295.72,2761.99
2019-03-08,TQQQ_100,39066.22,0.0,6690.4423,0.0,7015.69,6803.93,7003.33,51.46,TQQQ_100,"Bull trend confirmed: Price > SMA50 & SMA250, RSI 51.5",29066.22,290.66,295.09,2745.78
2019-03-11,TQQQ_100,41506.38,0.0,6690.4423,0.0,7164.02,6821.96,7003.46,62.38,TQQQ_100,"Bull trend confirmed: Price > SMA50 & SMA250, RSI 62.4",31506.38,315.06,303.44,2923.53
2019-03-12,TQQQ_100,42181.99,0.0,6690.4423,0.0,7201.28,6840.22,7004.08,64.54,TQQQ_100,"Bull trend confirmed: Price > SMA50 & SMA250, RSI 64.5",32181.99,321.82,305.54,2972.74
2019-03-13,TQQQ_100,43096.05,0.0,6690.4423,0.0,7256.98,6859.65,7004.94,67.54,TQQQ_100,"Bull trend confirmed: Price > SMA50 & SMA250, RSI 67.5",33096.05,330.96,308.67,3039.33
2019-03-14,TQQQ_100,42905.29,0.0,6690.4423,0.0,7243.01,6877.91,7005.79,66.03,TQQQ_100,"Bull trend confirmed: Price > SMA50 & SMA250, RSI 66.0",32905.29,329.05,307.89,3025.43
2019-03-15,TQQQ_100,43970.38,0.0,6690.4423,0.0,7306.99,6896.84,7006.94,69.4,TQQQ_100,"Bull trend confirmed: Price > SMA50 & SMA250, RSI 69.4",33970.38,339.7,311.49,3103.02
2019-03-18,TQQQ_100,44367.79,0.0,6690.4423,0.0,7326.28,6920.42,7008.79,70.36,TQQQ_100,"Bull trend confirmed: Price > SMA50 & SMA250, RSI 70.4",34367.79,343.68,312.58,3131.97
2019-03-19,TQQQ_100,44812.9,0.0,6690.4423,0.0,7349.28,6938.95,7010.64,71.5,TQQQ_100,"Bull trend confirmed: Price > SMA50 & SMA250, RSI 71.5",34812.9,348.13,313.87,3164.39
2019-03-20,TQQQ_100,45329.73,0.0,6690.4423,0.0,7380.75,6956.8,7012.75,73.03,TQQQ_100,"Bull trend confirmed: Price > SMA50 & SMA250, RSI 73.0",35329.73,353.3,315.64,3202.04
2019-03-21,TQQQ_30,47428.85,33200.2,2007.1327,0.0,7493.27,6975.63,7015.99,77.65,TQQQ_30,Overextended: RSI 77.7 >= 75,37428.85,374.29,321.98,3354.95
2019-03-22,TQQQ_30,46502.65,33204.29,2007.1327,0.0,7326.06,6990.14,7019.27,60.94,TQQQ_30,Trim lock active,36502.65,365.03,312.56,3129.06
2019-03-25,TQQQ_30,46431.45,33216.57,2007.1327,0.0,7316.96,7004.06,7021.52,60.18,TQQQ_30,Trim lock active,36431.45,364.31,312.05,3108.79
2019-03-26,TQQQ_30,46616.83,33220.66,2007.1327,0.0,7351.15,7019.05,7024.8,62.09,TQQQ_30,Trim lock active,36616.83,366.17,313.98,3152.81
2019-03-27,TQQQ_30,46358.53,33224.76,2007.1327,0.0,7308.19,7034.4,7028.19,58.3,TQQQ_30,Trim lock active,36358.53,363.59,311.56,3089.09
2019-03-28,TQQQ_30,46446.12,33228.86,2007.1327,0.0,7320.47,7047.41,7031.15,59.07,TQQQ_30,Trim lock active,36446.12,364.46,312.25,3109.37
2019-03-29,TQQQ_100,46748.39,0.0,6942.4502,0.0,7378.77,7061.62,7035.1,62.59,TQQQ_100,"Bull trend confirmed: Price > SMA50 & SMA250, RSI 62.6",36748.39,367.48,315.53,3181.77
2019-04-01,TQQQ_100,48588.28,0.0,6942.4502,0.0,7478.42,7076.82,7039.18,67.71,TQQQ_100,"Bull trend confirmed: Price > SMA50 & SMA250, RSI 67.7",38588.28,385.88,321.14,3310.93
2019-04-02,TQQQ_100,49124.58,0.0,6942.4502,0.0,7499.64,7091.12,7042.94,68.69,TQQQ_100,"Bull trend confirmed: Price > SMA50 & SMA250, RSI 68.7",39124.58,391.25,322.34,3348.58
2019-04-03,TQQQ_100,49974.4,0.0,6942.4502,0.0,7544.97,7109.08,7046.74,70.74,TQQQ_100,"Bull trend confirmed: Price > SMA50 & SMA250, RSI 70.7",39974.4,399.74,324.89,3408.24
2019-04-04,TQQQ_50,49900.15,24950.07,3471.2251,0.0,7540.57,7126.72,7051.17,70.26,TQQQ_50,Bearish RSI divergence,39900.15,399.0,324.64,3403.02
2019-04-05,TQQQ_50,50278.63,24953.15,3471.2251,0.0,7578.84,7144.24,7055.59,72.04,TQQQ_50,Bearish RSI divergence,40278.63,402.79,326.8,3455.73
2019-04-08,TQQQ_50,50485.87,24962.38,3471.2251,0.0,7599.74,7160.49,7059.53,72.99,TQQQ_50,Bearish RSI divergence,40485.87,404.86,327.98,3483.53
2019-04-09,TQQQ_50,50208.43,24965.46,3471.2251,0.0,7568.49,7177.92,7063.47,69.2,TQQQ_50,Bearish RSI divergence,40208.43,402.08,326.22,3444.15
2019-04-10,TQQQ_50,50619.91,24968.53,3471.2251,0.0,7611.49,7197.49,7067.29,71.4,TQQQ_50,Bearish RSI divergence,40619.91,406.2,328.64,3501.49
2019-04-11,TQQQ_50,50429.1,24971.61,3471.2251,0.0,7594.89,7213.23,7071.16,69.34,TQQQ_50,Bearish RSI divergence,40429.1,404.29,327.7,3474.26
2019-04-12,TQQQ_50,50745.7,24974.69,3471.2251,0.0,7628.15,7227.66,7074.97,71.14,TQQQ_50,Bearish RSI divergence,40745.7,407.46,329.58,3518.28
2019-04-15,TQQQ_50,50775.57,24983.93,3471.2251,0.0,7629.12,7242.73,7078.22,71.19,TQQQ_50,Bearish RSI divergence,40775.57,407.76,329.63,3521.18
2019-04-16,TQQQ_50,51030.3,24987.01,3471.2251,0.0,7654.73,7256.62,7081.51,72.62,TQQQ_50,Bearish RSI divergence,41030.3,410.3,331.07,3556.51
2019-04-17,TQQQ_50,51293.27,24990.09,3471.2251,0.0,7680.72,7269.77,7085.13,74.03,TQQQ_50,Bearish RSI divergence,41293.27,412.93,332.54,3593.0
2019-04-18,TQQQ_100,51378.86,0.0,6759.2538,0.0,7689.72,7283.61,7089.22,74.52,TQQQ_100,"Bull trend confirmed: Price > SMA50 & SMA250, RSI 74.5",41378.86,413.79,333.04,3604.59
2019-04-22,TQQQ_30,51812.64,36268.85,2027.7761,0.0,7713.49,7299.78,7093.48,75.81,TQQQ_30,Overextended: RSI 75.8 >= 75,41812.64,418.13,334.38,3635.86
2019-04-23,TQQQ_30,52407.54,36273.32,2027.7761,0.0,7810.71,7317.73,7098.68,80.23,TQQQ_30,Overextended: RSI 80.2 >= 75,42407.54,424.08,339.86,3777.77
2019-04-24,TQQQ_30,52255.36,36277.79,2027.7761,0.0,7784.41,7335.24,7103.76,76.18,TQQQ_30,Overextended: RSI 76.2 >= 75,42255.36,422.55,338.38,3740.12
2019-04-25,TQQQ_30,52438.17,36282.27,2027.7761,0.0,7816.92,7351.28,7108.43,77.68,TQQQ_30,Overextended: RSI 77.7 >= 75,42438.17,424.38,340.21,3782.98
2019-04-26,TQQQ_30,52500.48,36286.74,2027.7761,0.0,7826.68,7367.5,7113.11,78.12,TQQQ_30,Overextended: RSI 78.1 >= 75,42500.48,425.0,340.76,3796.88
2019-04-29,TQQQ_30,52600.66,36300.16,2027.7761,0.0,7839.04,7383.83,7118.05,78.71,TQQQ_30,Overextended: RSI 78.7 >= 75,42600.66,426.01,341.45,3817.73
2019-04-30,TQQQ_30,52231.6,36304.64,2027.7761,0.0,7781.46,7398.36,7122.45,69.46,TQQQ_30,Trim lock active,42231.6,422.32,338.21,3727.96
2019-05-01,TQQQ_30,52052.92,36309.11,2027.7761,0.0,7751.85,7412.06,7126.88,65.22,TQQQ_30,Trim lock active,42052.92,420.53,336.54,3683.94
2019-05-02,TQQQ_30,51864.61,36313.59,2027.7761,0.0,7724.06,7425.3,7131.2,61.42,TQQQ_30,Trim lock active,41864.61,418.65,334.98,3637.6
2019-05-03,TQQQ_30,52601.69,36318.06,2027.7761,0.0,7845.73,7441.51,7135.51,69.72,TQQQ_30,Trim lock active,42601.69,426.02,341.83,3813.68
2019-05-06,TQQQ_30,52323.53,36331.5,2027.7761,0.0,7794.09,7455.58,7139.39,63.48,TQQQ_30,Trim lock active,42323.53,423.24,338.92,3743.59
2019-05-07,TQQQ_30,51397.79,36335.98,2027.7761,0.0,7640.15,7466.07,7142.69,49.31,TQQQ_30,Trim lock active,41397.79,413.98,330.25,3520.02
2019-05-08,TQQQ_30,51269.73,36340.46,2027.7761,0.0,7617.55,7475.96,7145.59,47.63,TQQQ_30,Trim lock active,41269.73,412.7,328.98,3488.17
2019-05-09,TQQQ_30,51038.04,36344.94,2027.7761,0.0,7582.75,7485.27,7148.07,45.08,TQQQ_30,Trim lock active,41038.04,410.38,327.02,3431.4
2019-05-10,TQQQ_30,51083.49,36349.42,2027.7761,0.0,7586.53,7495.05,7150.6,45.42,TQQQ_30,Trim lock active,41083.49,410.83,327.23,3441.25
2019-05-13,CASH,49573.88,49573.88,0.0,0.0,7324.13,7498.5,7152.04,31.0,CASH,Downside breakdown: NDX 7324.1 broke below exit buffer (7369.2),39573.88,395.74,312.46,3075.19
2019-05-14,CASH,49579.99,49579.99,0.0,0.0,7401.88,7503.52,7154.1,37.35,CASH,Holding cash,39579.99,395.8,316.83,3174.82
2019-05-15,CASH,49586.1,49586.1,0.0,0.0,7503.25,7510.45,7156.39,44.51,CASH,Holding cash,39586.1,395.86,322.54,3310.93
2019-05-16,CASH,49592.22,49592.22,0.0,0.0,7580.14,7519.81,7159.1,49.25,CASH,Re-entry buffer: NDX 7580.1 below threshold (7664.7),39592.22,395.92,326.87,3417.5
2019-05-17,CASH,49598.33,49598.33,0.0,0.0,7503.68,7529.34,7161.65,45.13,CASH,Holding cash,39598.33,395.98,322.57,3308.03
2019-05-20,CASH,49616.68,49616.68,0.0,0.0,7376.7,7536.56,7163.54,39.24,CASH,Downside breakdown: NDX 7376.7 broke below exit buffer (7383.9),39616.68,396.17,315.42,3137.17
2019-05-21,CASH,49622.79,49622.79,0.0,0.0,7451.02,7542.3,7165.77,43.86,CASH,Holding cash,39622.79,396.23,319.6,3234.48
2019-05-22,CASH,49628.91,49628.91,0.0,0.0,7420.66,7546.69,7167.63,42.44,CASH,Holding cash,39628.91,396.29,317.89,3191.03
2019-05-23,CASH,49635.03,49635.03,0.0,0.0,7307.93,7547.71,7169.07,37.58,CASH,Downside breakdown: NDX 7307.9 broke below exit buffer (7398.0),39635.03,396.35,311.54,3035.81
2019-05-24,CASH,49641.15,49641.15,0.0,0.0,7300.96,7548.87,7170.43,37.3,CASH,Downside breakdown: NDX 7301.0 broke below exit buffer (7406.7),39641.15,396.41,311.15,3031.17
2019-05-28,CASH,49665.63,49665.63,0.0,0.0,7278.38,7548.3,7171.83,36.34,CASH,Downside breakdown: NDX 7278.4 broke below exit buffer (7415.7),39665.63,396.66,309.88,2997.58
2019-05-29,CASH,49671.75,49671.75,0.0,0.0,7216.86,7546.11,7172.8,33.79,CASH,Downside breakdown: NDX 7216.9 broke below exit buffer (7412.3),39671.75,396.72,306.41,2919.97
2019-05-30,CASH,49677.88,49677.88,0.0,0.0,7245.4,7544.03,7173.91,36.03,CASH,Downside breakdown: NDX 7245.4 broke below exit buffer (7416.4),39677.88,396.78,308.02,2955.88
2019-05-31,CASH,49684.0,49684.0,0.0,0.0,7127.96,7538.97,7174.08,31.33,CASH,"Bear trend, RSI 31.3 outside SQQQ zone",39684.0,396.84,301.41,2808.76
2019-06-03,CASH,49702.38,49702.38,0.0,0.0,6978.02,7528.67,7173.42,26.56,CASH,"Bear trend, RSI 26.6 oversold",39702.38,397.02,292.96,2622.84
2019-06-04,SQQQ,49708.51,0.0,0.0,2.3852,7166.75,7525.48,7173.42,39.12,SQQQ,"Bear signal: Price below SMAs, RSI 39.1 in SQQQ zone",39708.51,397.09,303.59,2843.51
2019-06-05,CASH,48576.69,48576.69,0.0,0.0,7220.9,7523.56,7173.46,42.17,CASH,Downside breakdown: NDX 7220.9 broke below exit buffer (7409.0),38576.69,385.77,306.64,2908.38
2019-06-06,CASH,48582.67,48582.67,0.0,0.0,7275.93,7522.06,7173.96,45.18,CASH,Downside breakdown: NDX 7275.9 broke below exit buffer (7409.9),38582.67,385.83,309.74,2977.89
2019-06-07,CASH,48588.66,48588.66,0.0,0.0,7417.29,7524.24,7175.02,52.08,CASH,Holding cash,38588.66,385.89,317.7,3153.39
2019-06-10,CASH,48606.63,48606.63,0.0,0.0,7501.93,7527.87,7176.35,55.68,CASH,Holding cash,38606.63,386.07,322.47,3272.12
2019-06-11,CASH,48612.63,48612.63,0.0,0.0,7513.85,7530.57,7177.57,56.18,CASH,Holding cash,38612.63,386.13,323.14,3284.87
2019-06-12,CASH,48618.62,48618.62,0.0,0.0,7472.29,7530.45,7178.64,53.9,CASH,Holding cash,38618.62,386.19,320.8,3227.52
2019-06-13,CASH,48624.61,48624.61,0.0,0.0,7510.68,7530.67,7179.56,55.69,CASH,Holding cash,38624.61,386.25,322.96,3281.97
2019-06-14,CASH,48630.61,48630.61,0.0,0.0,7479.11,7529.35,7180.45,53.84,CASH,Holding cash,38630.61,386.31,321.18,3237.95
2019-06-17,CASH,48648.6,48648.6,0.0,0.0,7526.52,7529.07,7181.55,56.19,CASH,Holding cash,38648.6,386.49,323.85,3298.77
2019-06-18,CASH,48654.59,48654.59,0.0,0.0,7635.4,7530.2,7183.18,61.09,CASH,Re-entry buffer: NDX 7635.4 below threshold (7642.5),38654.59,386.55,329.98,3445.88
2019-06-19,TQQQ_100,48660.59,0.0,6610.4172,0.0,7667.74,7531.56,7184.73,62.44,TQQQ_100,"Bull trend confirmed: Price > SMA50 & SMA250, RSI 62.4",38660.59,386.61,331.81,3487.59
2019-06-20,TQQQ_100,49996.12,0.0,6610.4172,0.0,7738.05,7534.95,7186.81,65.25,TQQQ_100,"Bull trend confirmed: Price > SMA50 & SMA250, RSI 65.3",39996.12,399.96,335.76,3586.05
2019-06-21,TQQQ_100,49768.29,0.0,6610.4172,0.0,7728.78,7537.3,7188.94,64.56,TQQQ_100,"Bull trend confirmed: Price > SMA50 & SMA250, RSI 64.6",39768.29,397.68,335.24,3569.26
2019-06-24,TQQQ_100,49752.58,0.0,6610.4172,0.0,7723.02,7539.86,7191.68,64.11,TQQQ_100,"Bull trend confirmed: Price > SMA50 & SMA250, RSI 64.1",39752.58,397.53,334.92,3568.1
2019-06-25,TQQQ_100,47207.21,0.0,6610.4172,0.0,7591.54,7539.13,7193.77,54.71,TQQQ_100,"Bull trend confirmed: Price > SMA50 & SMA250, RSI 54.7",37207.21,372.07,327.51,3380.43
2019-06-26,TQQQ_100,47804.27,0.0,6610.4172,0.0,7627.05,7539.09,7196.4,56.56,TQQQ_100,"Bull trend confirmed: Price > SMA50 & SMA250, RSI 56.6",37804.27,378.04,329.51,3424.45
2019-06-27,TQQQ_100,48322.77,0.0,6610.4172,0.0,7657.05,7539.13,7198.9,58.12,TQQQ_100,"Bull trend confirmed: Price > SMA50 & SMA250, RSI 58.1",38322.77,383.23,331.2,3462.68
2019-06-28,TQQQ_100,48527.03,0.0,6610.4172,0.0,7671.08,7538.94,7201.42,58.87,TQQQ_100,"Bull trend confirmed: Price > SMA50 & SMA250, RSI 58.9",38527.03,385.27,331.99,3477.74
2019-07-01,TQQQ_100,50459.62,0.0,6610.4172,0.0,7768.14,7540.51,7204.11,63.67,TQQQ_100,"Bull trend confirmed: Price > SMA50 & SMA250, RSI 63.7",40459.62,404.6,337.46,3620.22
2019-07-02,TQQQ_100,51072.4,0.0,6610.4172,0.0,7799.82,7542.24,7207.25,65.1,TQQQ_100,"Bull trend confirmed: Price > SMA50 & SMA250, RSI 65.1",41072.4,410.72,339.24,3665.4
2019-07-03,TQQQ_100,52203.67,0.0,6610.4172,0.0,7857.69,7543.18,7210.27,67.62,TQQQ_100,"Bull trend confirmed: Price > SMA50 & SMA250, RSI 67.6",42203.67,422.04,342.5,3748.81
2019-07-05,TQQQ_100,51865.86,0.0,6610.4172,0.0,7841.3,7544.31,7212.81,66.16,TQQQ_100,"Bull trend confirmed: Price > SMA50 & SMA250, RSI 66.2",41865.86,418.66,341.58,3723.9
2019-07-08,TQQQ_100,50773.87,0.0,6610.4172,0.0,7785.79,7543.69,7214.85,61.35,TQQQ_100,"Bull trend confirmed: Price > SMA50 & SMA250, RSI 61.4",40773.87,407.74,338.45,3643.39
2019-07-09,TQQQ_100,51535.91,0.0,6610.4172,0.0,7826.86,7543.69,7217.03,63.47,TQQQ_100,"Bull trend confirmed: Price > SMA50 & SMA250, RSI 63.5",41535.91,415.36,340.77,3699.58
2019-07-10,TQQQ_100,53059.99,0.0,6610.4172,0.0,7903.4,7544.98,7219.66,67.09,TQQQ_100,"Bull trend confirmed: Price > SMA50 & SMA250, RSI 67.1",43059.99,430.6,345.08,3811.94
2019-07-11,TQQQ_100,52918.59,0.0,6610.4172,0.0,7896.78,7547.29,7221.79,66.47,TQQQ_100,"Bull trend confirmed: Price > SMA50 & SMA250, RSI 66.5",42918.59,429.19,344.7,3801.52
2019-07-12,TQQQ_100,53806.32,0.0,6610.4172,0.0,7943.24,7551.12,7224.06,68.64,TQQQ_100,"Bull trend confirmed: Price > SMA50 & SMA250, RSI 68.6",43806.32,438.06,347.32,3866.97
2019-07-15,TQQQ_100,54261.96,0.0,6610.4172,0.0,7966.93,7555.97,7226.49,69.71,TQQQ_100,"Bull trend confirmed: Price > SMA50 & SMA250, RSI 69.7",44261.96,442.62,348.65,3900.56
2019-07-16,TQQQ_100,53492.07,0.0,6610.4172,0.0,7927.08,7557.6,7228.58,65.64,TQQQ_100,"Bull trend confirmed: Price > SMA50 & SMA250, RSI 65.6",43492.07,434.92,346.41,3843.8
2019-07-17,TQQQ_100,52698.61,0.0,6610.4172,0.0,7888.76,7559.49,7230.58,61.89,TQQQ_100,"Bull trend confirmed: Price > SMA50 & SMA250, RSI 61.9",42698.61,426.99,344.25,3785.3
2019-07-18,TQQQ_100,52926.44,0.0,6610.4172,0.0,7904.13,7564.77,7232.79,62.81,TQQQ_100,"Bull trend confirmed: Price > SMA50 & SMA250, RSI 62.8",42926.44,429.26,345.12,3802.09
2019-07-19,TQQQ_100,51645.89,0.0,6610.4172,0.0,7834.9,7569.12,7234.72,56.25,TQQQ_100,"Bull trend confirmed: Price > SMA50 & SMA250, RSI 56.2",41645.89,416.46,341.22,3707.68
2019-07-22,TQQQ_100,52863.59,0.0,6610.4172,0.0,7905.12,7575.57,7236.86,60.73,TQQQ_100,"Bull trend confirmed: Price > SMA50 & SMA250, RSI 60.7",42863.59,428.64,345.17,3797.46
2019-07-23,TQQQ_100,53884.87,0.0,6610.4172,0.0,7954.56,7582.93,7239.05,63.56,TQQQ_100,"Bull trend confirmed: Price > SMA50 & SMA250, RSI 63.6",43884.87,438.85,347.96,3872.76
2019-07-24,TQQQ_100,55031.85,0.0,6610.4172,0.0,8010.61,7596.66,7241.06,66.51,TQQQ_100,"Bull trend confirmed: Price > SMA50 & SMA250, RSI 66.5",45031.85,450.32,351.11,3957.32
2019-07-25,TQQQ_100,53460.66,0.0,6610.4172,0.0,7929.87,7607.22,7243.18,59.09,TQQQ_100,"Bull trend confirmed: Price > SMA50 & SMA250, RSI 59.1",43460.66,434.61,346.57,3841.48
2019-07-26,TQQQ_100,55047.58,0.0,6610.4172,0.0,8016.95,7617.49,7246.06,63.78,TQQQ_100,"Bull trend confirmed: Price > SMA50 & SMA250, RSI 63.8",45047.58,450.48,351.47,3958.48
2019-07-29,TQQQ_50,54536.93,27268.47,3305.2086,0.0,7989.08,7625.67,7249.24,61.36,TQQQ_50,Bearish RSI divergence,44536.93,445.37,349.9,3920.83
2019-07-30,TQQQ_50,54174.99,27271.83,3305.2086,0.0,7952.47,7634.65,7252.12,58.23,TQQQ_50,Bearish RSI divergence,44174.99,441.75,347.84,3866.97
2019-07-31,TQQQ_50,53043.14,27275.19,3305.2086,0.0,7848.78,7644.09,7254.43,50.39,TQQQ_50,Bearish RSI divergence,43043.14,430.43,342.0,3699.58
2019-08-01,TQQQ_50,52685.13,27278.55,3305.2086,0.0,7801.15,7651.09,7256.14,47.24,TQQQ_50,Bearish RSI divergence,42685.13,426.85,339.32,3646.29
2019-08-02,TQQQ_50,51525.79,27281.92,3305.2086,0.0,7692.8,7656.53,7257.33,40.97,TQQQ_50,Bearish RSI divergence,41525.79,415.26,333.22,3474.85
2019-08-05,CASH,48990.51,48990.51,0.0,0.0,7415.69,7658.69,7257.24,30.0,CASH,Downside breakdown: NDX 7415.7 broke below exit buffer (7534.3),38990.51,389.91,317.61,3099.52
2019-08-06,CASH,48996.55,48996.55,0.0,0.0,7521.32,7663.1,7257.47,36.93,CASH,Downside breakdown: NDX 7521.3 broke below exit buffer (7533.5),38996.55,389.97,323.56,3231.0
2019-08-07,CASH,49002.59,49002.59,0.0,0.0,7551.9,7668.57,7257.8,38.82,CASH,Holding cash,39002.59,390.03,325.28,3279.65
2019-08-08,CASH,49008.63,49008.63,0.0,0.0,7724.83,7678.73,7258.83,48.26,CASH,Re-entry buffer: NDX 7724.8 below threshold (7819.4),39008.63,390.09,335.02,3503.23
2019-08-09,CASH,49014.67,49014.67,0.0,0.0,7646.27,7686.74,7259.79,44.87,CASH,Holding cash,39014.67,390.15,330.6,3396.65
2019-08-12,CASH,49032.8,49032.8,0.0,0.0,7561.68,7695.42,7260.43,41.5,CASH,Holding cash,39032.8,390.33,325.83,3279.65
2019-08-13,CASH,49038.85,49038.85,0.0,0.0,7728.15,7710.42,7261.55,49.54,CASH,Re-entry buffer: NDX 7728.1 below threshold (7868.9),39038.85,390.39,335.21,3501.49
2019-08-14,CASH,49044.89,49044.89,0.0,0.0,7490.13,7716.89,7262.09,40.88,CASH,Downside breakdown: NDX 7490.1 broke below exit buffer (7547.2),39044.89,390.45,321.8,3178.87
2019-08-15,CASH,49050.94,49050.94,0.0,0.0,7484.89,7722.17,7262.54,40.72,CASH,Downside breakdown: NDX 7484.9 broke below exit buffer (7552.7),39050.94,390.51,321.51,3164.97
2019-08-16,CASH,49056.99,49056.99,0.0,0.0,7604.11,7728.73,7263.44,46.16,CASH,Holding cash,39056.99,390.57,328.22,3315.56
2019-08-19,CASH,49075.13,49075.13,0.0,0.0,7719.32,7734.77,7264.83,50.85,CASH,Holding cash,39075.13,390.75,334.71,3475.42
2019-08-20,CASH,49081.18,49081.18,0.0,0.0,7664.47,7738.02,7265.9,48.68,CASH,Holding cash,39081.18,390.81,331.62,3401.86
2019-08-21,CASH,49087.23,49087.23,0.0,0.0,7733.22,7742.41,7267.14,51.48,CASH,Holding cash,39087.23,390.87,335.49,3491.06
2019-08-22,CASH,49093.29,49093.29,0.0,0.0,7707.43,7747.11,7268.31,50.37,CASH,Holding cash,39093.29,390.93,334.04,3456.31
2019-08-23,CASH,49099.34,49099.34,0.0,0.0,7464.99,7746.2,7268.23,41.33,CASH,Downside breakdown: NDX 7465.0 broke below exit buffer (7594.2),39099.34,390.99,320.39,3130.8
2019-08-26,CASH,49117.5,49117.5,0.0,0.0,7575.02,7748.12,7268.29,46.06,CASH,Downside breakdown: NDX 7575.0 broke below exit buffer (7597.0),39117.5,391.17,326.58,3261.7
2019-08-27,CASH,49123.55,49123.55,0.0,0.0,7566.03,7748.91,7268.28,45.74,CASH,Downside breakdown: NDX 7566.0 broke below exit buffer (7603.2),39123.55,391.24,326.08,3241.43
2019-08-28,CASH,49129.61,49129.61,0.0,0.0,7587.9,7747.96,7267.99,46.72,CASH,Downside breakdown: NDX 7587.9 broke below exit buffer (7607.7),39129.61,391.3,327.31,3275.02
2019-08-29,CASH,49135.67,49135.67,0.0,0.0,7702.31,7748.65,7268.23,51.66,CASH,Holding cash,39135.67,391.36,333.75,3428.51
2019-08-30,CASH,49141.73,49141.73,0.0,0.0,7691.0,7747.71,7268.37,51.15,CASH,Holding cash,39141.73,391.42,333.12,3403.6
2019-09-03,CASH,49165.96,49165.96,0.0,0.0,7609.51,7745.32,7268.32,47.55,CASH,Downside breakdown: NDX 7609.5 broke below exit buffer (7614.3),39165.96,391.66,328.53,3301.66
2019-09-04,CASH,49172.02,49172.02,0.0,0.0,7719.25,7745.25,7269.1,52.41,CASH,Holding cash,39172.02,391.72,334.71,3444.73
2019-09-05,CASH,49178.08,49178.08,0.0,0.0,7862.54,7750.67,7270.74,57.9,CASH,Re-entry buffer: NDX 7862.5 below threshold (7877.0),39178.08,391.78,342.78,3640.5
2019-09-06,CASH,49184.15,49184.15,0.0,0.0,7852.54,7755.18,7272.43,57.4,CASH,Re-entry buffer: NDX 7852.5 below threshold (7874.5),39184.15,391.84,342.21,3630.07
2019-09-09,CASH,49202.34,49202.34,0.0,0.0,7832.4,7758.68,7273.97,56.35,CASH,Re-entry buffer: NDX 7832.4 below threshold (7874.0),39202.34,392.02,341.08,3606.32
2019-09-10,CASH,49208.4,49208.4,0.0,0.0,7814.74,7761.56,7275.2,55.39,CASH,Re-entry buffer: NDX 7814.7 below threshold (7878.5),39208.4,392.08,340.08,3575.63
2019-09-11,TQQQ_100,49214.47,0.0,6354.3027,0.0,7887.58,7763.95,7276.79,58.52,TQQQ_100,"Bull trend confirmed: Price > SMA50 & SMA250, RSI 58.5",39214.47,392.14,344.19,3674.67
2019-09-12,TQQQ_100,49826.17,0.0,6354.3027,0.0,7917.34,7766.3,7278.22,59.76,TQQQ_100,"Bull trend confirmed: Price > SMA50 & SMA250, RSI 59.8",39826.17,398.26,345.86,3721.59
2019-09-13,TQQQ_100,49297.53,0.0,6354.3027,0.0,7892.95,7767.0,7279.61,58.22,TQQQ_100,"Bull trend confirmed: Price > SMA50 & SMA250, RSI 58.2",39297.53,392.98,344.49,3681.04
2019-09-16,TQQQ_100,48617.89,0.0,6354.3027,0.0,7852.41,7767.22,7281.28,55.66,TQQQ_100,"Bull trend confirmed: Price > SMA50 & SMA250, RSI 55.7",38617.89,386.18,342.2,3628.91
2019-09-17,TQQQ_100,49259.79,0.0,6354.3027,0.0,7888.79,7769.28,7282.86,57.47,TQQQ_100,"Bull trend confirmed: Price > SMA50 & SMA250, RSI 57.5",39259.79,392.6,344.25,3678.15
2019-09-18,TQQQ_100,49229.58,0.0,6354.3027,0.0,7888.56,7770.52,7284.45,57.45,TQQQ_100,"Bull trend confirmed: Price > SMA50 & SMA250, RSI 57.5",39229.58,392.3,344.24,3675.83
2019-09-19,TQQQ_100,49448.58,0.0,6354.3027,0.0,7901.79,7770.49,7285.78,58.17,TQQQ_100,"Bull trend confirmed: Price > SMA50 & SMA250, RSI 58.2",39448.58,394.49,344.99,3692.63
2019-09-20,TQQQ_100,47892.92,0.0,6354.3027,0.0,7823.55,7769.02,7286.95,52.51,TQQQ_100,"Bull trend confirmed: Price > SMA50 & SMA250, RSI 52.5",37892.92,378.93,340.58,3573.31
2019-09-23,TQQQ_100,47938.23,0.0,6354.3027,0.0,7818.61,7766.53,7288.03,52.17,TQQQ_100,"Bull trend confirmed: Price > SMA50 & SMA250, RSI 52.2",37938.23,379.38,340.3,3576.78
2019-09-24,TQQQ_100,46042.76,0.0,6354.3027,0.0,7710.04,7761.39,7288.62,45.15,TQQQ_100,Downside buffer hold: NDX 7710.0 above buffer (7674.4),36042.76,360.43,334.19,3431.4
2019-09-25,TQQQ_100,47515.34,0.0,6354.3027,0.0,7803.54,7758.92,7289.58,51.23,TQQQ_100,"Bull trend confirmed: Price > SMA50 & SMA250, RSI 51.2",37515.34,375.15,339.45,3544.35
2019-09-26,TQQQ_100,47039.58,0.0,6354.3027,0.0,7771.99,7756.58,7290.15,49.25,TQQQ_100,"Bull trend confirmed: Price > SMA50 & SMA250, RSI 49.2",37039.58,370.4,337.68,3507.86
2019-09-27,TQQQ_100,45332.9,0.0,6354.3027,0.0,7681.58,7752.13,7290.36,43.99,TQQQ_100,Downside buffer hold: NDX 7681.6 above buffer (7655.0),35332.9,353.33,332.58,3376.96
2019-09-30,TQQQ_100,46541.17,0.0,6354.3027,0.0,7749.45,7750.42,7290.78,48.44,TQQQ_100,Downside buffer hold: NDX 7749.5 above buffer (7653.9),36541.17,365.41,336.41,3469.63
2019-10-01,TQQQ_100,45415.97,0.0,6354.3027,0.0,7684.14,7746.0,7291.0,44.75,TQQQ_100,Downside buffer hold: NDX 7684.1 above buffer (7644.4),35415.97,354.16,332.73,3383.33
2019-10-02,CASH,43090.04,43090.04,0.0,0.0,7550.79,7737.93,7290.66,38.34,CASH,Downside breakdown: NDX 7550.8 broke below exit buffer (7630.4),33090.04,330.9,325.22,3204.94
2019-10-03,CASH,43095.36,43095.36,0.0,0.0,7638.39,7730.48,7291.25,44.01,CASH,Holding cash,33095.36,330.95,330.15,3313.83
2019-10-04,CASH,43100.67,43100.67,0.0,0.0,7754.1,7726.97,7292.67,50.5,CASH,Re-entry buffer: NDX 7754.1 below threshold (7848.2),33100.67,331.01,336.67,3457.47
2019-10-07,CASH,43116.61,43116.61,0.0,0.0,7725.13,7721.13,7294.16,48.97,CASH,Re-entry buffer: NDX 7725.1 below threshold (7844.0),33116.61,331.17,335.04,3424.45
2019-10-08,CASH,43121.93,43121.93,0.0,0.0,7604.27,7713.44,7295.09,43.1,CASH,Holding cash,33121.93,331.22,328.23,3264.01
2019-10-09,CASH,43127.24,43127.24,0.0,0.0,7690.53,7708.2,7297.67,47.9,CASH,Holding cash,33127.24,331.27,333.09,3365.95
2019-10-10,CASH,43132.56,43132.56,0.0,0.0,7740.36,7706.03,7300.78,50.5,CASH,Re-entry buffer: NDX 7740.4 below threshold (7831.5),33132.56,331.33,335.89,3441.83
2019-10-11,TQQQ_100,43137.88,0.0,5721.6116,0.0,7843.88,7706.88,7303.53,55.46,TQQQ_100,"Bull trend confirmed: Price > SMA50 & SMA250, RSI 55.5",33137.88,331.38,341.72,3574.47
2019-10-14,TQQQ_100,43185.48,0.0,5721.6116,0.0,7842.33,7709.87,7306.62,55.37,TQQQ_100,"Bull trend confirmed: Price > SMA50 & SMA250, RSI 55.4",33185.48,331.85,341.64,3578.52
2019-10-15,TQQQ_100,44824.23,0.0,5721.6116,0.0,7942.85,7720.42,7309.29,59.9,TQQQ_100,"Bull trend confirmed: Price > SMA50 & SMA250, RSI 59.9",34824.23,348.24,347.3,3718.11
2019-10-16,TQQQ_100,44491.04,0.0,5721.6116,0.0,7920.21,7728.4,7311.85,58.46,TQQQ_100,"Bull trend confirmed: Price > SMA50 & SMA250, RSI 58.5",34491.04,344.91,346.02,3689.73
2019-10-17,TQQQ_100,44797.03,0.0,5721.6116,0.0,7942.14,7736.2,7315.16,59.47,TQQQ_100,"Bull trend confirmed: Price > SMA50 & SMA250, RSI 59.5",34797.03,347.97,347.26,3715.79
2019-10-18,TQQQ_100,43511.86,0.0,5721.6116,0.0,7868.49,7739.07,7318.2,54.65,TQQQ_100,"Bull trend confirmed: Price > SMA50 & SMA250, RSI 54.6",33511.86,335.12,343.11,3606.32
2019-10-21,TQQQ_100,44661.03,0.0,5721.6116,0.0,7940.33,7744.96,7321.4,58.21,TQQQ_100,"Bull trend confirmed: Price > SMA50 & SMA250, RSI 58.2",34661.03,346.61,347.16,3704.21
2019-10-22,TQQQ_100,43627.47,0.0,5721.6116,0.0,7874.62,7751.21,7324.42,54.03,TQQQ_100,"Bull trend confirmed: Price > SMA50 & SMA250, RSI 54.0",33627.47,336.27,343.46,3616.17
2019-10-23,TQQQ_100,43831.46,0.0,5721.6116,0.0,7889.47,7754.44,7328.82,54.82,TQQQ_100,"Bull trend confirmed: Price > SMA50 & SMA250, RSI 54.8",33831.46,338.31,344.29,3633.55
2019-10-24,TQQQ_100,45089.41,0.0,5721.6116,0.0,7966.72,7763.97,7332.63,58.78,TQQQ_100,"Bull trend confirmed: Price > SMA50 & SMA250, RSI 58.8",35089.41,350.89,348.64,3740.7
2019-10-25,TQQQ_100,46116.18,0.0,5721.6116,0.0,8029.22,7774.86,7337.33,61.71,TQQQ_100,"Bull trend confirmed: Price > SMA50 & SMA250, RSI 61.7",36116.18,361.16,352.16,3828.16
2019-10-28,TQQQ_100,47523.75,0.0,5721.6116,0.0,8110.67,7784.99,7342.92,65.18,TQQQ_100,"Bull trend confirmed: Price > SMA50 & SMA250, RSI 65.2",37523.75,375.24,356.75,3948.05
2019-10-29,TQQQ_100,46428.97,0.0,5721.6116,0.0,8047.51,7791.55,7347.87,60.6,TQQQ_100,"Bull trend confirmed: Price > SMA50 & SMA250, RSI 60.6",36428.97,364.29,353.19,3854.8
2019-10-30,TQQQ_100,47081.75,0.0,5721.6116,0.0,8083.11,7799.93,7352.33,62.21,TQQQ_100,"Bull trend confirmed: Price > SMA50 & SMA250, RSI 62.2",37081.75,370.82,355.2,3910.4
2019-10-31,TQQQ_100,47115.77,0.0,5721.6116,0.0,8083.83,7806.94,7356.39,62.24,TQQQ_100,"Bull trend confirmed: Price > SMA50 & SMA250, RSI 62.2",37115.77,371.16,355.24,3913.3
2019-11-01,TQQQ_100,48394.12,0.0,5721.6116,0.0,8161.17,7816.01,7361.18,65.77,TQQQ_100,"Bull trend confirmed: Price > SMA50 & SMA250, RSI 65.8",38394.12,383.94,359.59,4022.19
2019-11-04,TQQQ_100,49257.69,0.0,5721.6116,0.0,8210.66,7830.93,7366.27,67.85,TQQQ_100,"Bull trend confirmed: Price > SMA50 & SMA250, RSI 67.8",39257.69,392.58,362.38,4095.75
2019-11-05,TQQQ_100,49318.89,0.0,5721.6116,0.0,8210.18,7843.63,7371.15,67.8,TQQQ_100,"Bull trend confirmed: Price > SMA50 & SMA250, RSI 67.8",39318.89,393.19,362.35,4100.96
2019-11-06,TQQQ_100,49006.1,0.0,5721.6116,0.0,8196.03,7856.23,7375.13,66.47,TQQQ_100,"Bull trend confirmed: Price > SMA50 & SMA250, RSI 66.5",39006.1,390.06,361.56,4074.32
2019-11-07,TQQQ_100,49502.49,0.0,5721.6116,0.0,8219.65,7868.87,7379.37,67.62,TQQQ_100,"Bull trend confirmed: Price > SMA50 & SMA250, RSI 67.6",39502.49,395.02,362.89,4116.6
2019-11-08,TQQQ_100,50087.26,0.0,5721.6116,0.0,8255.89,7879.94,7384.24,69.34,TQQQ_100,"Bull trend confirmed: Price > SMA50 & SMA250, RSI 69.3",40087.26,400.87,364.93,4166.41
2019-11-11,TQQQ_100,49876.47,0.0,5721.6116,0.0,8241.91,7890.95,7389.89,67.84,TQQQ_100,"Bull trend confirmed: Price > SMA50 & SMA250, RSI 67.8",39876.47,398.76,364.14,4148.46
2019-11-12,TQQQ_100,50284.45,0.0,5721.6116,0.0,8263.79,7904.04,7395.62,68.97,TQQQ_100,"Bull trend confirmed: Price > SMA50 & SMA250, RSI 69.0",40284.45,402.84,365.37,4183.21
2019-11-13,TQQQ_100,50209.67,0.0,5721.6116,0.0,8259.81,7914.85,7401.58,68.5,TQQQ_100,"Bull trend confirmed: Price > SMA50 & SMA250, RSI 68.5",40209.67,402.1,365.15,4176.84
2019-11-14,TQQQ_100,50196.07,0.0,5721.6116,0.0,8257.83,7922.76,7407.05,68.25,TQQQ_100,"Bull trend confirmed: Price > SMA50 & SMA250, RSI 68.3",40196.07,401.96,365.04,4175.68
2019-11-15,TQQQ_100,51141.23,0.0,5721.6116,0.0,8315.52,7932.02,7412.84,71.52,TQQQ_100,"Bull trend confirmed: Price > SMA50 & SMA250, RSI 71.5",41141.23,411.41,368.28,4256.19
2019-11-18,TQQQ_100,51406.42,0.0,5721.6116,0.0,8328.48,7941.94,7419.59,72.22,TQQQ_100,"Bull trend confirmed: Price > SMA50 & SMA250, RSI 72.2",41406.42,414.06,369.01,4278.78
2019-11-19,TQQQ_100,51617.21,0.0,5721.6116,0.0,8338.74,7952.42,7426.83,72.78,TQQQ_100,"Bull trend confirmed: Price > SMA50 & SMA250, RSI 72.8",41617.21,416.17,369.59,4296.73
2019-11-20,TQQQ_100,50712.84,0.0,5721.6116,0.0,8283.75,7960.34,7433.67,65.14,TQQQ_100,"Bull trend confirmed: Price > SMA50 & SMA250, RSI 65.1",40712.84,407.13,366.5,4219.7
2019-11-21,TQQQ_100,50318.46,0.0,5721.6116,0.0,8265.62,7967.31,7440.62,62.8,TQQQ_100,"Bull trend confirmed: Price > SMA50 & SMA250, RSI 62.8",40318.46,403.18,365.47,4186.11
2019-11-22,TQQQ_100,50454.45,0.0,5721.6116,0.0,8272.05,7974.89,7446.99,63.3,TQQQ_100,"Bull trend confirmed: Price > SMA50 & SMA250, RSI 63.3",40454.45,404.54,365.84,4197.69
2019-11-25,TQQQ_100,52202.0,0.0,5721.6116,0.0,8371.93,7985.28,7453.68,70.08,TQQQ_100,"Bull trend confirmed: Price > SMA50 & SMA250, RSI 70.1",42202.0,422.02,371.46,4346.55
2019-11-26,TQQQ_100,52514.79,0.0,5721.6116,0.0,8385.75,7995.22,7459.57,70.88,TQQQ_100,"Bull trend confirmed: Price > SMA50 & SMA250, RSI 70.9",42514.79,425.15,372.24,4373.19
2019-11-27,TQQQ_100,53575.56,0.0,5721.6116,0.0,8444.71,8006.34,7465.78,74.07,TQQQ_100,"Bull trend confirmed: Price > SMA50 & SMA250, RSI 74.1",43575.56,435.76,375.56,4463.55
2019-11-29,TQQQ_100,52861.58,0.0,5721.6116,0.0,8403.68,8016.38,7471.59,68.45,TQQQ_100,"Bull trend confirmed: Price > SMA50 & SMA250, RSI 68.5",42861.58,428.62,373.25,4402.73
2019-12-02,TQQQ_100,51161.62,0.0,5721.6116,0.0,8309.26,8026.09,7476.58,57.61,TQQQ_100,"Bull trend confirmed: Price > SMA50 & SMA250, RSI 57.6",41161.62,411.62,367.93,4257.93
2019-12-03,TQQQ_100,50012.46,0.0,5721.6116,0.0,8254.74,8034.82,7482.42,52.45,TQQQ_100,"Bull trend confirmed: Price > SMA50 & SMA250, RSI 52.4",40012.46,400.12,364.86,4160.04
2019-12-04,TQQQ_100,50753.64,0.0,5721.6116,0.0,8296.53,8046.55,7488.25,55.73,TQQQ_100,"Bull trend confirmed: Price > SMA50 & SMA250, RSI 55.7",40753.64,407.54,367.22,4223.18
2019-12-05,TQQQ_100,51018.85,0.0,5721.6116,0.0,8308.4,8056.64,7495.03,56.64,TQQQ_100,"Bull trend confirmed: Price > SMA50 & SMA250, RSI 56.6",41018.85,410.19,367.88,4245.77
2019-12-06,TQQQ_100,52596.39,0.0,5721.6116,0.0,8397.37,8069.15,7501.89,62.83,TQQQ_100,"Bull trend confirmed: Price > SMA50 & SMA250, RSI 62.8",42596.39,425.96,372.89,4380.14
2019-12-09,TQQQ_100,51950.41,0.0,5721.6116,0.0,8362.74,8082.77,7508.52,59.28,TQQQ_100,"Bull trend confirmed: Price > SMA50 & SMA250, RSI 59.3",41950.41,419.5,370.94,4325.12
2019-12-10,TQQQ_100,51834.81,0.0,5721.6116,0.0,8354.29,8094.87,7514.89,58.42,TQQQ_100,"Bull trend confirmed: Price > SMA50 & SMA250, RSI 58.4",41834.81,418.35,370.47,4315.27
2019-12-11,TQQQ_100,52616.8,0.0,5721.6116,0.0,8402.61,8109.24,7521.42,61.85,TQQQ_100,"Bull trend confirmed: Price > SMA50 & SMA250, RSI 61.9",42616.8,426.17,373.19,4381.88
2019-12-12,TQQQ_50,53820.36,26910.18,2860.8058,0.0,8466.89,8127.56,7528.91,65.89,TQQQ_50,Bearish RSI divergence,43820.36,438.2,376.81,4484.4
2019-12-13,TQQQ_50,54065.07,26913.5,2860.8058,0.0,8487.71,8144.55,7537.07,67.1,TQQQ_50,Bearish RSI divergence,44065.07,440.65,377.98,4525.52
2019-12-16,TQQQ_50,54853.6,26923.45,2860.8058,0.0,8570.33,8160.87,7545.39,71.45,TQQQ_50,Bearish RSI divergence,44853.6,448.54,382.63,4658.16
2019-12-17,TQQQ_50,54894.32,26926.77,2860.8058,0.0,8575.7,8177.89,7554.32,71.71,TQQQ_50,Bearish RSI divergence,44894.32,448.94,382.94,4664.53
2019-12-18,TQQQ_50,54962.23,26930.09,2860.8058,0.0,8580.62,8197.41,7563.67,71.96,TQQQ_50,Bearish RSI divergence,44962.23,449.62,383.21,4675.53
2019-12-19,TQQQ_100,55536.73,0.0,5554.5932,0.0,8641.29,8216.43,7574.04,74.94,TQQQ_100,"Bull trend confirmed: Price > SMA50 & SMA250, RSI 74.9",45536.73,455.37,386.63,4772.84
2019-12-20,TQQQ_30,56196.88,39337.82,1666.378,0.0,8678.49,8235.19,7585.16,76.59,TQQQ_30,Overextended: RSI 76.6 >= 75,46196.88,461.97,388.73,4830.76
2019-12-23,TQQQ_30,56336.19,39352.37,1666.378,0.0,8696.01,8252.23,7594.89,77.34,TQQQ_30,Overextended: RSI 77.3 >= 75,46336.19,463.36,389.71,4867.25
2019-12-24,TQQQ_30,56363.03,39357.22,1666.378,0.0,8699.51,8269.38,7604.54,77.49,TQQQ_30,Overextended: RSI 77.5 >= 75,46363.03,463.63,389.91,4873.68
2019-12-26,TQQQ_30,56814.53,39366.92,1666.378,0.0,8778.31,8286.09,7614.51,80.71,TQQQ_30,Overextended: RSI 80.7 >= 75,46814.53,468.15,394.35,5002.89
2019-12-27,TQQQ_30,56767.87,39371.78,1666.378,0.0,8770.98,8303.1,7624.28,79.57,TQQQ_30,Overextended: RSI 79.6 >= 75,46767.87,467.68,393.93,4987.83
2019-12-30,TQQQ_30,56435.74,39386.34,1666.378,0.0,8709.73,8318.45,7633.67,70.6,TQQQ_30,Trim lock active,46435.74,464.36,390.48,4886.43
2019-12-31,TQQQ_30,56537.67,39391.19,1666.378,0.0,8733.07,8335.74,7644.01,71.9,TQQQ_30,Trim lock active,46537.67,465.38,391.8,4914.82
2020-01-02,TQQQ_30,57397.27,39400.91,1666.378,0.0,8872.22,8354.38,7653.81,78.11,TQQQ_30,Overextended: RSI 78.1 >= 75,47397.27,473.97,399.64,5163.39
2020-01-03,TQQQ_30,56912.8,39405.77,1666.378,0.0,8793.9,8372.77,7663.04,68.88,TQQQ_30,Trim lock active,46912.8,469.13,395.22,5020.27
2020-01-06,TQQQ_30,57260.2,39420.34,1666.378,0.0,8848.52,8391.95,7672.22,71.42,TQQQ_30,Trim lock active,47260.2,472.6,398.3,5117.61
2020-01-07,TQQQ_30,57243.27,39425.2,1666.378,0.0,8846.45,8409.54,7681.2,71.18,TQQQ_30,Trim lock active,47243.27,472.43,398.18,5111.24
2020-01-08,TQQQ_30,57658.22,39430.06,1666.378,0.0,8912.37,8427.21,7690.37,74.13,TQQQ_30,Trim lock active,47658.22,476.58,401.9,5231.18
2020-01-09,TQQQ_30,58122.7,39434.92,1666.378,0.0,8989.63,8444.79,7699.92,77.08,TQQQ_30,Overextended: RSI 77.1 >= 75,48122.7,481.23,406.25,5365.6
2020-01-10,TQQQ_30,57975.01,39439.78,1666.378,0.0,8966.64,8463.17,7709.63,74.36,TQQQ_30,Trim lock active,47975.01,479.75,404.95,5320.99
2020-01-13,TQQQ_30,58637.42,39454.37,1666.378,0.0,9070.65,8482.92,7719.23,78.12,TQQQ_30,Overextended: RSI 78.1 >= 75,48637.42,486.37,410.81,5510.46
2020-01-14,TQQQ_30,58418.42,39459.24,1666.378,0.0,9033.42,8501.91,7728.69,73.94,TQQQ_30,Trim lock active,48418.42,484.18,408.71,5444.98
2020-01-15,TQQQ_30,58435.17,39464.1,1666.378,0.0,9035.67,8519.4,7737.96,74.03,TQQQ_30,Trim lock active,48435.17,484.35,408.84,5448.46
2020-01-16,TQQQ_30,58969.0,39468.97,1666.378,0.0,9125.0,8537.69,7747.32,77.39,TQQQ_30,Overextended: RSI 77.4 >= 75,48969.0,489.69,413.87,5603.16
2020-01-17,TQQQ_30,59265.08,39473.83,1666.378,0.0,9173.73,8556.96,7757.43,78.98,TQQQ_30,Overextended: RSI 79.0 >= 75,49265.08,492.65,416.61,5688.34
2020-01-21,TQQQ_30,59274.64,39493.3,1666.378,0.0,9166.63,8576.37,7767.46,78.12,TQQQ_30,Overextended: RSI 78.1 >= 75,49274.64,492.75,416.21,5685.44
2020-01-22,TQQQ_30,59414.23,39498.17,1666.378,0.0,9188.58,8595.75,7777.4,78.89,TQQQ_30,Overextended: RSI 78.9 >= 75,49414.23,494.14,417.45,5724.84
2020-01-23,TQQQ_30,59603.34,39503.04,1666.378,0.0,9216.98,8614.97,7787.12,79.87,TQQQ_30,Overextended: RSI 79.9 >= 75,49603.34,496.03,419.05,5778.72
2020-01-24,TQQQ_30,59087.18,39507.91,1666.378,0.0,9141.47,8632.96,7796.9,70.45,TQQQ_30,Trim lock active,49087.18,490.87,414.8,5626.34
2020-01-27,TQQQ_30,57891.34,39522.52,1666.378,0.0,8952.18,8646.73,7806.18,53.43,TQQQ_30,Trim lock active,47891.34,478.91,404.14,5272.32
2020-01-28,TQQQ_100,58750.07,0.0,5092.9337,0.0,9090.93,8663.35,7815.31,60.89,TQQQ_100,"Bull trend confirmed: Price > SMA50 & SMA250, RSI 60.9",48750.07,487.5,411.95,5522.05
2020-01-29,TQQQ_100,58961.98,0.0,5092.9337,0.0,9101.61,8680.23,7824.09,61.4,TQQQ_100,"Bull trend confirmed: Price > SMA50 & SMA250, RSI 61.4",48961.98,489.62,412.55,5542.32
2020-01-30,TQQQ_100,59628.02,0.0,5092.9337,0.0,9136.09,8696.64,7833.13,63.08,TQQQ_100,"Bull trend confirmed: Price > SMA50 & SMA250, RSI 63.1",49628.02,496.28,414.49,5606.06
2020-01-31,TQQQ_100,56697.48,0.0,5092.9337,0.0,8991.51,8709.9,7841.26,52.71,TQQQ_100,"Bull trend confirmed: Price > SMA50 & SMA250, RSI 52.7",46697.48,466.97,406.35,5325.62
2020-02-03,TQQQ_100,59301.06,0.0,5092.9337,0.0,9126.23,8725.65,7849.67,59.41,TQQQ_100,"Bull trend confirmed: Price > SMA50 & SMA250, RSI 59.4",49301.06,493.01,413.94,5574.77
2020-02-04,TQQQ_100,63351.73,0.0,5092.9337,0.0,9334.06,8746.66,7859.01,67.14,TQQQ_100,"Bull trend confirmed: Price > SMA50 & SMA250, RSI 67.1",53351.73,533.52,425.64,5962.4
2020-02-05,TQQQ_100,64084.37,0.0,5092.9337,0.0,9367.48,8768.69,7868.86,68.19,TQQQ_100,"Bull trend confirmed: Price > SMA50 & SMA250, RSI 68.2",54084.37,540.84,427.53,6032.51
2020-02-06,TQQQ_50,65646.52,32823.26,2546.4669,0.0,9445.92,8792.17,7878.99,70.56,TQQQ_50,Bearish RSI divergence,55646.52,556.47,431.94,6182.0
2020-02-07,TQQQ_50,65226.73,32827.31,2546.4669,0.0,9401.1,8812.75,7888.96,67.46,TQQQ_50,Bearish RSI divergence,55226.73,552.27,429.42,6100.88
2020-02-10,TQQQ_50,66407.45,32839.45,2546.4669,0.0,9516.84,8835.38,7898.97,71.01,TQQQ_50,Bearish RSI divergence,56407.45,564.07,435.94,6324.53
2020-02-11,TQQQ_50,66435.72,32843.5,2546.4669,0.0,9517.86,8856.84,7908.98,71.04,TQQQ_50,Bearish RSI divergence,56435.72,564.36,435.99,6329.17
2020-02-12,TQQQ_50,67423.67,32847.55,2546.4669,0.0,9613.2,8881.03,7919.34,73.76,TQQQ_50,Bearish RSI divergence,57423.67,574.24,441.36,6517.48
2020-02-13,TQQQ_50,67294.52,32851.6,2546.4669,0.0,9595.7,8906.76,7929.5,72.41,TQQQ_50,Bearish RSI divergence,57294.52,572.95,440.38,6491.98
2020-02-14,TQQQ_50,67531.68,32855.65,2546.4669,0.0,9623.58,8934.13,7939.73,73.25,TQQQ_50,Bearish RSI divergence,57531.68,575.32,441.95,6536.6
2020-02-18,TQQQ_50,67608.44,32871.85,2546.4669,0.0,9629.8,8960.8,7950.0,73.45,TQQQ_50,Bearish RSI divergence,57608.44,576.08,442.3,6548.19
2020-02-19,TQQQ_30,68617.59,48032.31,1466.627,0.0,9718.73,8989.01,7960.74,76.11,TQQQ_30,Overextended: RSI 76.1 >= 75,58617.59,586.18,447.31,6740.55
2020-02-20,TQQQ_30,68037.65,48038.24,1466.627,0.0,9627.83,9013.62,7970.88,68.54,TQQQ_30,Trim lock active,58037.65,580.38,442.19,6545.87
2020-02-21,TQQQ_30,66899.75,48044.16,1466.627,0.0,9446.69,9035.29,7980.21,56.48,TQQQ_30,Trim lock active,56899.75,569.0,431.99,6165.77
2020-02-24,TQQQ_30,64744.97,48061.93,1466.627,0.0,9079.63,9049.8,7988.03,40.81,TQQQ_30,Trim lock active,54744.97,547.45,411.32,5443.82
2020-02-25,CASH,63401.32,63401.32,0.0,0.0,8834.87,9058.45,7994.91,34.03,CASH,Downside breakdown: NDX 8834.9 broke below exit buffer (8900.5),53401.32,534.01,397.53,4995.36
2020-02-26,CASH,63409.14,63409.14,0.0,0.0,8873.76,9066.58,8002.01,35.85,CASH,Downside breakdown: NDX 8873.8 broke below exit buffer (8902.4),53409.14,534.09,399.72,5065.47
2020-02-27,CASH,63416.96,63416.96,0.0,0.0,8436.67,9065.56,8007.15,26.86,CASH,Downside breakdown: NDX 8436.7 broke below exit buffer (8876.2),53416.96,534.17,375.11,4293.11
2020-02-28,CASH,63424.78,63424.78,0.0,0.0,8461.83,9063.39,8012.4,27.98,CASH,Downside breakdown: NDX 8461.8 broke below exit buffer (8854.0),53424.78,534.25,376.52,4361.48
2020-03-02,CASH,63448.23,63448.23,0.0,0.0,8877.98,9069.44,8019.28,43.41,CASH,Holding cash,53448.23,534.48,399.96,4970.44
2020-03-03,CASH,63456.06,63456.06,0.0,0.0,8594.49,9069.72,8025.21,37.51,CASH,Downside breakdown: NDX 8594.5 broke below exit buffer (8812.7),53456.06,534.56,383.99,4493.01
2020-03-04,CASH,63463.88,63463.88,0.0,0.0,8949.28,9075.88,8032.9,47.18,CASH,Holding cash,53463.88,534.64,403.97,5050.4
2020-03-05,CASH,63471.7,63471.7,0.0,0.0,8671.66,9075.74,8039.52,41.74,CASH,Downside breakdown: NDX 8671.7 broke below exit buffer (8783.7),53471.7,534.72,388.34,4598.46
2020-03-06,CASH,63479.53,63479.53,0.0,0.0,8530.34,9072.43,8044.99,39.26,CASH,Downside breakdown: NDX 8530.3 broke below exit buffer (8758.9),53479.53,534.8,380.38,4352.21
2020-03-09,CASH,63503.01,63503.01,0.0,0.0,7948.03,9057.4,8047.97,31.06,CASH,"Bear trend, RSI 31.1 outside SQQQ zone",53503.01,535.03,347.59,3447.75
2020-03-10,CASH,63510.84,63510.84,0.0,0.0,8372.27,9049.28,8052.44,40.76,CASH,Downside breakdown: NDX 8372.3 broke below exit buffer (8674.0),53510.84,535.11,371.48,3999.93
2020-03-11,SQQQ,63518.67,0.0,0.0,5.1515,8006.12,9033.98,8055.49,36.05,SQQQ,"Bear signal: Price below SMAs, RSI 36.0 in SQQQ zone",53518.67,535.19,350.86,3472.66
2020-03-12,CASH,81081.76,81081.76,0.0,0.0,7263.65,9005.06,8055.31,28.78,CASH,"Bear trend, RSI 28.8 oversold",71081.76,710.82,309.05,2493.45
2020-03-13,SQQQ,81091.76,0.0,0.0,7.1911,7995.26,8990.3,8057.99,41.33,SQQQ,"Bear signal: Price below SMAs, RSI 41.3 in SQQQ zone",71091.76,710.92,350.25,3193.38
2020-03-16,CASH,107642.98,107642.98,0.0,0.0,7020.38,8953.26,8056.67,32.99,CASH,"Bear trend, RSI 33.0 outside SQQQ zone",97642.98,976.43,295.35,2058.31
2020-03-17,SQQQ,107656.26,0.0,0.0,8.8007,7473.95,8926.87,8057.05,39.14,SQQQ,"Bear signal: Price below SMAs, RSI 39.1 in SQQQ zone",97656.26,976.56,320.89,2410.02
2020-03-18,SQQQ,115640.32,0.0,0.0,8.8007,7175.18,8893.4,8055.78,36.75,SQQQ,"Bear signal: Price below SMAs, RSI 36.7 in SQQQ zone",105640.32,1056.4,304.07,2177.67
2020-03-19,SQQQ,114180.89,0.0,0.0,8.8007,7288.52,8862.24,8055.63,38.29,SQQQ,"Bear signal: Price below SMAs, RSI 38.3 in SQQQ zone",104180.89,1041.81,310.45,2230.4
2020-03-20,SQQQ,125856.53,0.0,0.0,8.8007,6994.29,8823.88,8054.33,35.85,SQQQ,"Bear signal: Price below SMAs, RSI 35.8 in SQQQ zone",115856.53,1158.57,293.88,1957.5
2020-03-23,SQQQ,126543.31,0.0,0.0,8.8007,7006.92,8784.22,8052.96,36.04,SQQQ,"Bear signal: Price below SMAs, RSI 36.0 in SQQQ zone",116543.31,1165.43,294.59,1963.87
2020-03-24,SQQQ,98041.0,0.0,0.0,8.8007,7553.83,8755.97,8053.94,43.75,SQQQ,"Bear signal: Price below SMAs, RSI 43.8 in SQQQ zone",88041.0,880.41,325.39,2423.92
2020-03-25,SQQQ,99698.35,0.0,0.0,8.8007,7469.62,8723.95,8054.54,42.89,SQQQ,"Bear signal: Price below SMAs, RSI 42.9 in SQQQ zone",89698.35,896.98,320.65,2365.4
2020-03-26,SQQQ,83813.75,0.0,0.0,8.8007,7897.13,8701.22,8056.61,48.42,SQQQ,"Bear signal: Price below SMAs, RSI 48.4 in SQQQ zone",73813.75,738.14,344.72,2766.94
2020-03-27,SQQQ,91906.73,0.0,0.0,8.8007,7588.37,8672.28,8057.05,45.03,SQQQ,"Bear signal: Price below SMAs, RSI 45.0 in SQQQ zone",81906.73,819.07,327.34,2469.12
2020-03-30,SQQQ,81962.73,0.0,0.0,8.8007,7889.01,8647.56,8058.61,48.79,SQQQ,"Bear signal: Price below SMAs, RSI 48.8 in SQQQ zone",71962.73,719.63,344.27,2739.12
2020-03-31,SQQQ,83770.71,0.0,0.0,8.8007,7813.5,8620.35,8059.68,47.91,SQQQ,"Bear signal: Price below SMAs, RSI 47.9 in SQQQ zone",73770.71,737.71,340.01,2660.32
2020-04-01,SQQQ,94489.57,0.0,0.0,8.8007,7486.29,8586.74,8059.46,44.16,SQQQ,"Bear signal: Price below SMAs, RSI 44.2 in SQQQ zone",84489.57,844.9,321.59,2317.89
2020-04-02,SQQQ,88893.39,0.0,0.0,8.8007,7635.66,8555.69,8059.69,46.23,SQQQ,"Bear signal: Price below SMAs, RSI 46.2 in SQQQ zone",78893.39,788.93,330.0,2461.01
2020-04-03,SQQQ,92380.26,0.0,0.0,8.8007,7528.11,8521.91,8059.41,44.94,SQQQ,"Bear signal: Price below SMAs, RSI 44.9 in SQQQ zone",82380.26,823.8,323.94,2357.87
2020-04-06,CASH,72965.76,72965.76,0.0,0.0,8081.66,8500.71,8061.46,52.31,CASH,Downside breakdown: NDX 8081.7 broke below exit buffer (8095.3),62965.76,629.66,355.12,2872.39
2020-04-07,SQQQ,72974.76,0.0,0.0,8.8279,8049.31,8482.65,8063.21,51.88,SQQQ,"Bear signal: Price below SMAs, RSI 51.9 in SQQQ zone",62974.76,629.75,353.29,2866.6
2020-04-08,CASH,68354.46,68354.46,0.0,0.0,8229.54,8465.43,8065.75,54.17,CASH,Holding cash,58354.46,583.54,363.44,3056.06
2020-04-09,CASH,68362.89,68362.89,0.0,0.0,8238.53,8448.17,8068.19,54.29,CASH,Holding cash,58362.89,583.63,363.95,3067.65
2020-04-13,CASH,68396.6,68396.6,0.0,0.0,8332.74,8432.1,8071.0,55.57,CASH,Holding cash,58396.6,583.97,369.25,3177.74
2020-04-14,CASH,68405.03,68405.03,0.0,0.0,8692.16,8426.11,8075.15,60.17,CASH,Re-entry buffer: NDX 8692.2 below threshold (8734.1),58405.03,584.05,389.5,3603.03
2020-04-15,CASH,68413.47,68413.47,0.0,0.0,8591.96,8415.43,8078.8,58.35,CASH,Re-entry buffer: NDX 8592.0 below threshold (8709.5),58413.47,584.13,383.85,3480.19
2020-04-16,TQQQ_100,68421.9,0.0,8840.5614,0.0,8757.83,8403.9,8083.07,60.48,TQQQ_100,"Bull trend confirmed: Price > SMA50 & SMA250, RSI 60.5",58421.9,584.22,393.19,3671.98
2020-04-17,TQQQ_100,70135.07,0.0,8840.5614,0.0,8832.41,8393.2,8087.55,61.43,TQQQ_100,"Bull trend confirmed: Price > SMA50 & SMA250, RSI 61.4",60135.07,601.35,397.39,3766.42
2020-04-20,TQQQ_100,67864.84,0.0,8840.5614,0.0,8726.51,8378.81,8091.21,59.25,TQQQ_100,"Bull trend confirmed: Price > SMA50 & SMA250, RSI 59.2",57864.84,578.65,391.43,3641.27
2020-04-21,TQQQ_100,60360.5,0.0,8840.5614,0.0,8403.0,8358.85,8093.68,53.05,TQQQ_100,"Bull trend confirmed: Price > SMA50 & SMA250, RSI 53.1",50360.5,503.61,373.21,3227.57
2020-04-22,TQQQ_100,65699.73,0.0,8840.5614,0.0,8664.64,8341.81,8097.08,56.97,TQQQ_100,"Bull trend confirmed: Price > SMA50 & SMA250, RSI 57.0",55699.73,557.0,387.95,3521.91
2020-04-23,TQQQ_100,65268.81,0.0,8840.5614,0.0,8641.5,8324.28,8100.33,56.52,TQQQ_100,"Bull trend confirmed: Price > SMA50 & SMA250, RSI 56.5",55268.81,552.69,386.64,3498.15
2020-04-24,TQQQ_100,68421.9,0.0,8840.5614,0.0,8786.6,8307.75,8104.12,58.72,TQQQ_100,"Bull trend confirmed: Price > SMA50 & SMA250, RSI 58.7",58421.9,584.22,394.81,3671.98
2020-04-27,TQQQ_100,69756.71,0.0,8840.5614,0.0,8837.66,8292.59,8108.35,59.5,TQQQ_100,"Bull trend confirmed: Price > SMA50 & SMA250, RSI 59.5",59756.71,597.57,397.69,3745.57
2020-04-28,TQQQ_100,65983.52,0.0,8840.5614,0.0,8677.6,8273.67,8112.05,55.94,TQQQ_100,"Bull trend confirmed: Price > SMA50 & SMA250, RSI 55.9",55983.52,559.84,388.68,3537.56
2020-04-29,TQQQ_100,72846.7,0.0,8840.5614,0.0,8982.76,8260.73,8117.09,60.75,TQQQ_100,"Bull trend confirmed: Price > SMA50 & SMA250, RSI 60.8",62846.7,628.47,405.86,3915.91
2020-04-30,TQQQ_100,73330.19,0.0,8840.5614,0.0,9000.51,8246.36,8121.71,61.02,TQQQ_100,"Bull trend confirmed: Price > SMA50 & SMA250, RSI 61.0",63330.19,633.3,406.86,3942.56
2020-05-01,TQQQ_50,66750.76,33375.38,4420.2807,0.0,8718.18,8228.17,8125.4,54.66,TQQQ_50,Bearish RSI divergence,56750.76,567.51,390.96,3579.85
2020-05-04,TQQQ_50,67940.26,33387.72,4420.2807,0.0,8834.11,8215.92,8130.18,56.66,TQQQ_50,Bearish RSI divergence,57940.26,579.4,397.49,3709.64
2020-05-05,TQQQ_50,69047.95,33391.84,4420.2807,0.0,8930.62,8212.94,8135.43,58.31,TQQQ_50,Bearish RSI divergence,59047.95,590.48,402.92,3831.32
2020-05-06,TQQQ_50,69756.25,33395.96,4420.2807,0.0,8984.86,8215.94,8141.04,59.24,TQQQ_50,Bearish RSI divergence,59756.25,597.56,405.98,3908.96
2020-05-07,TQQQ_50,71179.26,33400.07,4420.2807,0.0,9101.88,8220.5,8147.1,61.27,TQQQ_50,Bearish RSI divergence,61179.26,611.79,412.57,4065.4
2020-05-08,TQQQ_100,72707.37,0.0,8177.1244,0.0,9220.35,8236.17,8154.69,63.25,TQQQ_100,"Bull trend confirmed: Price > SMA50 & SMA250, RSI 63.3",62707.37,627.07,419.24,4233.43
2020-05-11,TQQQ_100,74515.57,0.0,8177.1244,0.0,9298.92,8252.91,8162.27,64.55,TQQQ_100,"Bull trend confirmed: Price > SMA50 & SMA250, RSI 64.6",64515.57,645.16,423.66,4341.2
2020-05-12,TQQQ_100,70082.55,0.0,8177.1244,0.0,9112.45,8257.6,8168.71,59.2,TQQQ_100,"Bull trend confirmed: Price > SMA50 & SMA250, RSI 59.2",60082.55,600.83,413.16,4076.99
2020-05-13,TQQQ_100,67428.58,0.0,8177.1244,0.0,9000.08,8265.71,8174.39,56.18,TQQQ_100,"Bull trend confirmed: Price > SMA50 & SMA250, RSI 56.2",57428.58,574.29,406.84,3918.81
2020-05-14,TQQQ_100,69664.53,0.0,8177.1244,0.0,9094.42,8268.62,8180.75,58.11,TQQQ_100,"Bull trend confirmed: Price > SMA50 & SMA250, RSI 58.1",59664.53,596.65,412.15,4052.07
2020-05-15,TQQQ_100,70860.26,0.0,8177.1244,0.0,9152.64,8278.24,8187.86,59.31,TQQQ_100,"Bull trend confirmed: Price > SMA50 & SMA250, RSI 59.3",60860.26,608.6,415.43,4123.34
2020-05-18,TQQQ_100,74962.76,0.0,8177.1244,0.0,9331.93,8294.27,8195.38,62.82,TQQQ_100,"Bull trend confirmed: Price > SMA50 & SMA250, RSI 62.8",64962.76,649.63,425.52,4367.85
2020-05-19,TQQQ_100,74389.2,0.0,8177.1244,0.0,9298.54,8321.28,8202.89,61.75,TQQQ_100,"Bull trend confirmed: Price > SMA50 & SMA250, RSI 61.8",64389.2,643.89,423.64,4333.67
2020-05-20,TQQQ_100,78744.44,0.0,8177.1244,0.0,9485.02,8343.53,8211.6,65.3,TQQQ_100,"Bull trend confirmed: Price > SMA50 & SMA250, RSI 65.3",68744.44,687.44,434.14,4593.25
2020-05-21,TQQQ_100,76323.77,0.0,8177.1244,0.0,9377.99,8370.97,8219.91,61.76,TQQQ_100,"Bull trend confirmed: Price > SMA50 & SMA250, RSI 61.8",66323.77,663.24,428.12,4448.97
2020-05-22,TQQQ_100,77014.01,0.0,8177.1244,0.0,9413.99,8413.98,8228.45,62.5,TQQQ_100,"Bull trend confirmed: Price > SMA50 & SMA250, RSI 62.5",67014.01,670.14,430.14,4490.11
2020-05-26,TQQQ_100,76693.18,0.0,8177.1244,0.0,9389.98,8441.87,8237.14,61.64,TQQQ_100,"Bull trend confirmed: Price > SMA50 & SMA250, RSI 61.6",66693.18,666.93,428.79,4470.99
2020-05-27,TQQQ_100,77772.3,0.0,8177.1244,0.0,9442.05,8490.31,8245.93,62.83,TQQQ_100,"Bull trend confirmed: Price > SMA50 & SMA250, RSI 62.8",67772.3,677.72,431.72,4535.31
2020-05-28,TQQQ_100,77276.48,0.0,8177.1244,0.0,9416.71,8529.16,8255.09,61.83,TQQQ_100,"Bull trend confirmed: Price > SMA50 & SMA250, RSI 61.8",67276.48,672.76,430.3,4505.75
2020-05-29,TQQQ_100,80465.14,0.0,8177.1244,0.0,9555.53,8576.77,8265.4,65.11,TQQQ_100,"Bull trend confirmed: Price > SMA50 & SMA250, RSI 65.1",70465.14,704.65,438.12,4695.8
2020-06-01,TQQQ_100,81456.75,0.0,8177.1244,0.0,9598.89,8622.98,8275.12,66.09,TQQQ_100,"Bull trend confirmed: Price > SMA50 & SMA250, RSI 66.1",71456.75,714.57,440.56,4754.9
2020-06-02,TQQQ_100,83080.25,0.0,8177.1244,0.0,9657.31,8676.24,8284.87,67.42,TQQQ_100,"Bull trend confirmed: Price > SMA50 & SMA250, RSI 67.4",73080.25,730.8,443.85,4851.66
2020-06-03,TQQQ_100,84207.94,0.0,8177.1244,0.0,9704.69,8730.19,8294.58,68.5,TQQQ_100,"Bull trend confirmed: Price > SMA50 & SMA250, RSI 68.5",74207.94,742.08,446.52,4918.88
2020-06-04,TQQQ_100,82496.94,0.0,8177.1244,0.0,9629.66,8771.71,8303.43,64.84,TQQQ_100,"Bull trend confirmed: Price > SMA50 & SMA250, RSI 64.8",72496.94,724.97,442.29,4816.9
2020-06-05,TQQQ_100,87386.88,0.0,8177.1244,0.0,9824.39,8818.8,8312.72,69.41,TQQQ_100,"Bull trend confirmed: Price > SMA50 & SMA250, RSI 69.4",77386.88,773.87,453.26,5108.34
2020-06-08,TQQQ_100,89331.2,0.0,8177.1244,0.0,9901.52,8858.89,8322.27,71.01,TQQQ_100,"Bull trend confirmed: Price > SMA50 & SMA250, RSI 71.0",79331.2,793.31,457.6,5224.23
2020-06-09,TQQQ_100,91324.1,0.0,8177.1244,0.0,9967.17,8906.47,8332.25,72.34,TQQQ_100,"Bull trend confirmed: Price > SMA50 & SMA250, RSI 72.3",81324.1,813.24,461.3,5343.01
2020-06-10,TQQQ_100,94619.7,0.0,8177.1244,0.0,10094.26,8950.57,8342.59,74.76,TQQQ_100,"Bull trend confirmed: Price > SMA50 & SMA250, RSI 74.8",84619.7,846.2,468.45,5539.43
2020-06-11,TQQQ_100,80688.75,0.0,8177.1244,0.0,9588.48,8986.07,8351.03,54.39,TQQQ_100,"Bull trend confirmed: Price > SMA50 & SMA250, RSI 54.4",70688.75,706.89,439.97,4709.13
2020-06-12,TQQQ_100,82438.63,0.0,8177.1244,0.0,9663.78,9029.62,8359.57,56.3,TQQQ_100,"Bull trend confirmed: Price > SMA50 & SMA250, RSI 56.3",72438.63,724.39,444.21,4813.42
2020-06-15,TQQQ_100,85345.34,0.0,8177.1244,0.0,9776.89,9072.45,8368.14,59.07,TQQQ_100,"Bull trend confirmed: Price > SMA50 & SMA250, RSI 59.1",75345.34,753.45,450.58,4986.67
2020-06-16,TQQQ_100,89856.15,0.0,8177.1244,0.0,9949.37,9120.87,8377.27,62.93,TQQQ_100,"Bull trend confirmed: Price > SMA50 & SMA250, RSI 62.9",79856.15,798.56,460.29,5255.51
2020-06-17,TQQQ_100,90731.09,0.0,8177.1244,0.0,9982.48,9158.89,8386.24,63.64,TQQQ_100,"Bull trend confirmed: Price > SMA50 & SMA250, RSI 63.6",80731.09,807.31,462.16,5307.66
2020-06-18,TQQQ_100,91431.05,0.0,8177.1244,0.0,10012.05,9198.14,8395.38,64.3,TQQQ_100,"Bull trend confirmed: Price > SMA50 & SMA250, RSI 64.3",81431.05,814.31,463.82,5349.38
2020-06-19,TQQQ_100,91304.67,0.0,8177.1244,0.0,10008.64,9233.72,8404.52,64.15,TQQQ_100,"Bull trend confirmed: Price > SMA50 & SMA250, RSI 64.2",81304.67,813.05,463.63,5341.85
2020-06-22,TQQQ_100,94551.65,0.0,8177.1244,0.0,10130.33,9271.56,8414.68,66.99,TQQQ_100,"Bull trend confirmed: Price > SMA50 & SMA250, RSI 67.0",84551.65,845.52,470.48,5535.37
2020-06-23,TQQQ_100,97020.92,0.0,8177.1244,0.0,10209.82,9309.1,8425.01,68.73,TQQQ_100,"Bull trend confirmed: Price > SMA50 & SMA250, RSI 68.7",87020.92,870.21,474.96,5682.54
2020-06-24,TQQQ_50,91304.67,45652.33,4088.5622,0.0,10002.7,9335.31,8434.39,59.87,TQQQ_50,Bearish RSI divergence,81304.67,813.05,463.3,5341.85
2020-06-25,TQQQ_50,92520.62,45657.96,4088.5622,0.0,10101.83,9365.51,8444.11,62.37,TQQQ_50,Bearish RSI divergence,82520.62,825.21,468.88,5486.12
2020-06-26,TQQQ_50,89157.74,45663.59,4088.5622,0.0,9849.36,9387.34,8452.44,53.26,TQQQ_50,Bearish RSI divergence,79157.74,791.58,454.66,5084.59
2020-06-29,TQQQ_50,90564.8,45680.48,4088.5622,0.0,9961.16,9409.92,8461.08,56.31,TQQQ_50,Bearish RSI divergence,80564.8,805.65,460.96,5250.3
2020-06-30,TQQQ_50,93151.5,45686.11,4088.5622,0.0,10156.85,9438.52,8470.28,61.08,TQQQ_50,Bearish RSI divergence,83151.5,831.51,471.98,5557.97
2020-07-01,TQQQ_50,94853.54,45691.74,4088.5622,0.0,10279.25,9476.05,8480.03,63.75,TQQQ_50,Bearish RSI divergence,84853.54,848.54,478.87,5760.18
2020-07-02,TQQQ_50,95904.25,45697.38,4088.5622,0.0,10341.89,9509.59,8490.26,65.07,TQQQ_50,Bearish RSI divergence,85904.25,859.04,482.4,5884.76
2020-07-06,TQQQ_50,99616.11,45719.91,4088.5622,0.0,10604.06,9548.84,8501.36,70.0,TQQQ_50,Bearish RSI divergence,89616.11,896.16,497.16,6324.53
2020-07-07,TQQQ_50,98562.1,45725.55,4088.5622,0.0,10524.01,9583.59,8511.85,66.89,TQQQ_50,Bearish RSI divergence,88562.1,885.62,492.65,6198.22
2020-07-08,TQQQ_50,100599.53,45731.19,4088.5622,0.0,10666.7,9620.17,8522.93,69.49,TQQQ_50,Bearish RSI divergence,90599.53,906.0,500.69,6440.41
2020-07-09,TQQQ_100,101975.91,0.0,7413.6139,0.0,10754.59,9661.71,8534.17,71.0,TQQQ_100,"Bull trend confirmed: Price > SMA50 & SMA250, RSI 71.0",91975.91,919.76,505.64,6603.81
2020-07-10,TQQQ_100,104135.29,0.0,7413.6139,0.0,10836.33,9698.78,8545.65,72.37,TQQQ_100,"Bull trend confirmed: Price > SMA50 & SMA250, RSI 72.4",94135.29,941.35,510.24,6745.76
2020-07-13,TQQQ_100,97701.2,0.0,7413.6139,0.0,10602.21,9730.82,8556.35,63.17,TQQQ_100,"Bull trend confirmed: Price > SMA50 & SMA250, RSI 63.2",87701.2,877.01,497.06,6322.79
2020-07-14,TQQQ_100,99772.45,0.0,7413.6139,0.0,10689.52,9770.25,8567.55,64.96,TQQQ_100,"Bull trend confirmed: Price > SMA50 & SMA250, RSI 65.0",89772.45,897.72,501.98,6458.96
2020-07-15,TQQQ_100,100266.02,0.0,7413.6139,0.0,10701.68,9807.6,8578.74,65.21,TQQQ_100,"Bull trend confirmed: Price > SMA50 & SMA250, RSI 65.2",90266.02,902.66,502.66,6491.4
2020-07-16,TQQQ_100,98115.45,0.0,7413.6139,0.0,10626.46,9841.51,8589.91,62.22,TQQQ_100,"Bull trend confirmed: Price > SMA50 & SMA250, RSI 62.2",88115.45,881.15,498.42,6350.03
2020-07-17,TQQQ_100,98573.77,0.0,7413.6139,0.0,10645.22,9874.72,8600.87,62.68,TQQQ_100,"Bull trend confirmed: Price > SMA50 & SMA250, RSI 62.7",88573.77,885.74,499.48,6380.16
2020-07-20,TQQQ_100,106964.53,0.0,7413.6139,0.0,10952.08,9911.72,8612.86,69.28,TQQQ_100,"Bull trend confirmed: Price > SMA50 & SMA250, RSI 69.3",96964.53,969.65,516.76,6931.76
2020-07-21,TQQQ_100,103544.75,0.0,7413.6139,0.0,10833.07,9943.98,8624.15,64.51,TQQQ_100,"Bull trend confirmed: Price > SMA50 & SMA250, RSI 64.5",93544.75,935.45,510.06,6706.94
2020-07-22,TQQQ_100,104743.45,0.0,7413.6139,0.0,10870.75,9975.42,8635.91,65.33,TQQQ_100,"Bull trend confirmed: Price > SMA50 & SMA250, RSI 65.3",94743.45,947.43,512.18,6785.74
2020-07-23,TQQQ_100,96537.77,0.0,7413.6139,0.0,10580.59,10004.78,8646.17,54.9,TQQQ_100,"Bull trend confirmed: Price > SMA50 & SMA250, RSI 54.9",86537.77,865.38,495.84,6246.31
2020-07-24,TQQQ_50,93682.09,46841.05,3706.807,0.0,10483.13,10034.44,8656.14,51.9,TQQQ_50,Bearish RSI divergence,83682.09,836.82,490.35,6058.58
2020-07-27,TQQQ_50,96215.76,46858.37,3706.807,0.0,10674.38,10066.04,8667.03,56.88,TQQQ_50,Bearish RSI divergence,86215.76,862.16,501.12,6389.43
2020-07-28,TQQQ_50,94366.24,46864.15,3706.807,0.0,10532.5,10093.64,8677.77,52.54,TQQQ_50,Bearish RSI divergence,84366.24,843.66,493.13,6145.49
2020-07-29,TQQQ_50,95989.34,46869.93,3706.807,0.0,10662.98,10120.26,8689.21,55.87,TQQQ_50,Bearish RSI divergence,85989.34,859.89,500.48,6358.14
2020-07-30,TQQQ_50,96792.77,46875.7,3706.807,0.0,10715.51,10148.6,8701.3,57.18,TQQQ_50,Bearish RSI divergence,86792.77,867.93,503.44,6463.01
2020-07-31,TQQQ_50,99491.18,46881.48,3706.807,0.0,10905.88,10177.01,8715.27,61.61,TQQQ_50,Bearish RSI divergence,89491.18,894.91,514.16,6817.03
2020-08-03,TQQQ_50,101469.6,46898.82,3706.807,0.0,11055.08,10210.56,8729.4,64.69,TQQQ_50,Bearish RSI divergence,91469.6,914.7,522.56,7074.87
2020-08-04,TQQQ_50,102184.89,46904.61,3706.807,0.0,11096.54,10244.21,8743.58,65.52,TQQQ_50,Bearish RSI divergence,92184.89,921.85,524.9,7168.16
2020-08-05,TQQQ_50,102631.37,46910.39,3706.807,0.0,11125.44,10278.92,8757.18,66.12,TQQQ_50,Bearish RSI divergence,92631.37,926.31,526.52,7226.1
2020-08-06,TQQQ_50,104770.09,46916.17,3706.807,0.0,11267.08,10315.42,8771.66,68.95,TQQQ_50,Bearish RSI divergence,94770.09,947.7,534.5,7506.53
2020-08-07,TQQQ_50,102885.32,46921.96,3706.807,0.0,11139.39,10349.87,8785.98,63.77,TQQQ_50,Bearish RSI divergence,92885.32,928.85,527.31,7257.97
2020-08-10,TQQQ_50,102149.08,46939.31,3706.807,0.0,11085.17,10380.46,8799.4,61.65,TQQQ_50,Bearish RSI divergence,92149.08,921.49,524.26,7158.89
2020-08-11,TQQQ_50,99021.55,46945.1,3706.807,0.0,10876.08,10406.01,8812.95,54.17,TQQQ_50,Bearish RSI divergence,89021.55,890.22,512.48,6746.92
2020-08-12,TQQQ_50,102923.06,46950.89,3706.807,0.0,11157.72,10436.01,8827.64,61.03,TQQQ_50,Bearish RSI divergence,92923.06,929.23,528.34,7259.13
2020-08-13,TQQQ_50,103321.07,46956.67,3706.807,0.0,11178.37,10465.49,8841.94,61.48,TQQQ_50,Bearish RSI divergence,93321.07,933.21,529.5,7310.69
2020-08-14,TQQQ_50,103163.79,46962.46,3706.807,0.0,11164.45,10496.18,8855.72,60.97,TQQQ_50,Bearish RSI divergence,93163.79,931.64,528.72,7289.25
2020-08-17,TQQQ_100,105036.48,0.0,6706.3803,0.0,11288.57,10525.47,8870.21,63.88,TQQQ_100,"Bull trend confirmed: Price > SMA50 & SMA250, RSI 63.9",95036.48,950.36,535.71,7533.19
2020-08-18,TQQQ_100,108122.04,0.0,6706.3803,0.0,11399.03,10555.42,8884.88,66.29,TQQQ_100,"Bull trend confirmed: Price > SMA50 & SMA250, RSI 66.3",98122.04,981.22,541.93,7757.42
2020-08-19,TQQQ_100,106009.17,0.0,6706.3803,0.0,11318.64,10582.45,8899.32,63.0,TQQQ_100,"Bull trend confirmed: Price > SMA50 & SMA250, RSI 63.0",96009.17,960.09,537.4,7603.88
2020-08-20,TQQQ_50,110370.4,55185.2,3353.1902,0.0,11477.05,10610.1,8915.37,66.53,TQQQ_50,Bearish RSI divergence,100370.4,1003.7,546.32,7920.81
2020-08-21,TQQQ_50,111529.31,55192.0,3353.1902,0.0,11555.16,10649.44,8931.29,68.14,TQQQ_50,Bearish RSI divergence,101529.31,1015.29,550.72,8088.27
2020-08-24,TQQQ_100,112594.18,0.0,6579.6112,0.0,11626.17,10688.68,8947.53,69.58,TQQQ_100,"Bull trend confirmed: Price > SMA50 & SMA250, RSI 69.6",102594.18,1025.94,554.72,8240.07
2020-08-25,TQQQ_100,115222.47,0.0,6579.6112,0.0,11721.81,10727.58,8964.07,71.45,TQQQ_100,"Bull trend confirmed: Price > SMA50 & SMA250, RSI 71.5",105222.47,1052.22,560.11,8434.75
2020-08-26,TQQQ_30,122598.93,85819.25,1973.8834,0.0,11971.94,10768.03,8981.14,75.66,TQQQ_30,Overextended: RSI 75.7 >= 75,112598.93,1125.99,574.19,8981.14
2020-08-27,TQQQ_30,122276.27,85829.83,1973.8834,0.0,11926.16,10806.91,8998.08,73.52,TQQQ_30,Trim lock active,112276.27,1122.76,571.62,8898.86
2020-08-28,TQQQ_30,122850.07,85840.42,1973.8834,0.0,11995.85,10846.58,9015.63,74.69,TQQQ_30,Trim lock active,112850.07,1128.5,575.54,9037.92
2020-08-31,TQQQ_30,123738.36,85872.16,1973.8834,0.0,12110.7,10888.62,9033.2,76.54,TQQQ_30,Overextended: RSI 76.5 >= 75,113738.36,1137.38,582.01,9249.41
2020-09-01,TQQQ_30,125715.47,85882.75,1973.8834,0.0,12292.86,10931.88,9050.92,79.13,TQQQ_30,Overextended: RSI 79.1 >= 75,115715.47,1157.15,592.27,9734.96
2020-09-02,TQQQ_30,126850.12,85893.34,1973.8834,0.0,12420.54,10976.09,9069.19,80.74,TQQQ_30,Overextended: RSI 80.7 >= 75,116850.12,1168.5,599.46,10012.5
2020-09-03,TQQQ_30,120571.58,85903.93,1973.8834,0.0,11771.37,11011.46,9084.95,56.78,TQQQ_30,Trim lock active,110571.58,1105.72,562.9,8459.67
2020-09-04,TQQQ_30,119153.04,85914.52,1973.8834,0.0,11622.13,11041.87,9100.17,52.89,TQQQ_30,Trim lock active,109153.04,1091.53,554.5,8106.81
2020-09-08,TQQQ_30,114497.34,85956.89,1973.8834,0.0,11068.26,11066.25,9112.9,41.53,TQQQ_30,Trim lock active,104497.34,1044.97,523.3,6946.82
2020-09-09,TQQQ_30,116960.23,85967.49,1973.8834,0.0,11395.85,11094.94,9126.81,48.57,TQQQ_30,Trim lock active,106960.23,1069.6,541.75,7552.31
2020-09-10,TQQQ_30,115177.95,85978.09,1973.8834,0.0,11154.12,11114.89,9139.86,44.33,TQQQ_30,Trim lock active,105177.95,1051.78,528.14,7109.64
2020-09-11,TQQQ_30,114550.25,85988.69,1973.8834,0.0,11087.4,11131.05,9152.8,43.21,TQQQ_30,Downside buffer hold: NDX 11087.4 above buffer (10791.2),104550.25,1045.5,524.38,6952.04
2020-09-14,TQQQ_30,116053.43,86020.49,1973.8834,0.0,11277.76,11149.77,9166.35,47.3,TQQQ_30,Trim lock active,106053.43,1060.53,535.1,7315.33
2020-09-15,TQQQ_30,117340.63,86031.09,1973.8834,0.0,11438.87,11166.46,9180.55,50.55,TQQQ_30,Trim lock active,107340.63,1073.41,544.17,7630.53
2020-09-16,TQQQ_30,115847.01,86041.7,1973.8834,0.0,11247.6,11180.93,9193.94,46.86,TQQQ_30,Trim lock active,105847.01,1058.47,533.4,7259.13
2020-09-17,TQQQ_30,114484.8,86052.31,1973.8834,0.0,11080.95,11189.22,9206.97,43.85,TQQQ_30,Downside buffer hold: NDX 11081.0 above buffer (10831.6),104484.8,1044.85,524.02,6920.17
2020-09-18,TQQQ_30,113397.17,86062.92,1973.8834,0.0,10936.98,11192.87,9219.44,41.38,TQQQ_30,Downside buffer hold: NDX 10937.0 above buffer (10814.3),103397.17,1033.97,515.91,6649.0
2020-09-21,TQQQ_30,113752.84,86094.75,1973.8834,0.0,10980.22,11195.75,9232.52,42.43,TQQQ_30,Downside buffer hold: NDX 10980.2 above buffer (10807.5),103752.84,1037.53,518.35,6728.96
2020-09-22,TQQQ_30,115274.72,86105.36,1973.8834,0.0,11186.37,11207.43,9246.05,47.27,TQQQ_30,Downside buffer hold: NDX 11186.4 above buffer (10813.9),105274.72,1052.75,529.96,7102.1
2020-09-23,TQQQ_30,112584.3,86115.98,1973.8834,0.0,10833.33,11210.3,9258.3,40.92,TQQQ_30,Downside buffer hold: NDX 10833.3 above buffer (10808.4),102584.3,1025.84,510.07,6435.2
2020-09-24,TQQQ_30,112982.12,86126.6,1973.8834,0.0,10896.47,11214.2,9271.16,42.41,TQQQ_30,Downside buffer hold: NDX 10896.5 above buffer (10845.2),102982.12,1029.82,513.63,6530.8
2020-09-25,TQQQ_30,114874.78,86137.22,1973.8834,0.0,11151.13,11224.69,9284.76,48.1,TQQQ_30,Downside buffer hold: NDX 11151.1 above buffer (10882.4),104874.78,1048.75,527.97,6995.49
2020-09-28,TQQQ_30,116610.34,86169.07,1973.8834,0.0,11364.45,11239.08,9299.48,52.34,TQQQ_30,Trim lock active,106610.34,1066.1,539.98,7416.15
2020-09-29,TQQQ_30,116301.81,86179.7,1973.8834,0.0,11322.95,11246.5,9314.57,51.46,TQQQ_30,Trim lock active,106301.81,1063.02,537.65,7337.35
2020-09-30,TQQQ_30,116908.49,86190.32,1973.8834,0.0,11418.06,11258.2,9329.69,53.4,TQQQ_30,Trim lock active,106908.49,1069.08,543.0,7484.52
2020-10-01,TQQQ_30,118357.65,86200.95,1973.8834,0.0,11583.2,11272.44,9345.01,56.64,TQQQ_30,Trim lock active,108357.65,1083.58,552.3,7839.7
2020-10-02,TQQQ_30,115716.51,86211.58,1973.8834,0.0,11255.69,11285.95,9359.13,49.32,TQQQ_30,Downside buffer hold: NDX 11255.7 above buffer (11014.6),105716.51,1057.17,533.86,7184.96
2020-10-05,TQQQ_30,117609.32,86243.46,1973.8834,0.0,11509.06,11306.47,9374.75,54.24,TQQQ_30,Trim lock active,107609.32,1076.09,548.13,7644.44
2020-10-06,TQQQ_30,115935.03,86254.1,1973.8834,0.0,11291.27,11318.8,9389.15,49.77,TQQQ_30,Downside buffer hold: NDX 11291.3 above buffer (11042.1),105935.03,1059.35,535.86,7228.42
2020-10-07,TQQQ_30,117506.21,86264.73,1973.8834,0.0,11503.19,11338.22,9404.2,53.77,TQQQ_30,Trim lock active,107506.21,1075.06,547.8,7613.73
2020-10-08,TQQQ_30,117976.8,86275.37,1973.8834,0.0,11550.94,11355.98,9419.03,54.64,TQQQ_30,Trim lock active,107976.8,1079.77,550.49,7727.29
2020-10-09,TQQQ_30,119397.8,86286.0,1973.8834,0.0,11725.85,11376.18,9434.57,57.8,TQQQ_30,Trim lock active,109397.8,1093.98,560.34,8075.52
2020-10-12,TQQQ_100,122517.95,0.0,6680.5496,0.0,12088.11,11399.83,9451.15,63.46,TQQQ_100,"Bull trend confirmed: Price > SMA50 & SMA250, RSI 63.5",112517.95,1125.18,580.74,8838.03
2020-10-13,TQQQ_100,122533.88,0.0,6680.5496,0.0,12083.17,11420.39,9467.8,63.34,TQQQ_100,"Bull trend confirmed: Price > SMA50 & SMA250, RSI 63.3",112533.88,1125.34,580.46,8839.19
2020-10-14,TQQQ_100,119507.82,0.0,6680.5496,0.0,11985.36,11438.17,9483.97,60.79,TQQQ_100,"Bull trend confirmed: Price > SMA50 & SMA250, RSI 60.8",109507.82,1095.08,574.95,8618.43
2020-10-15,TQQQ_100,117037.78,0.0,6680.5496,0.0,11898.57,11453.63,9500.09,58.54,TQQQ_100,"Bull trend confirmed: Price > SMA50 & SMA250, RSI 58.5",107037.78,1070.38,570.06,8438.23
2020-10-16,TQQQ_100,115242.82,0.0,6680.5496,0.0,11852.17,11465.33,9515.74,57.31,TQQQ_100,"Bull trend confirmed: Price > SMA50 & SMA250, RSI 57.3",105242.82,1052.43,567.45,8307.28
2020-10-19,TQQQ_100,109516.4,0.0,6680.5496,0.0,11634.35,11475.23,9530.78,51.84,TQQQ_100,"Bull trend confirmed: Price > SMA50 & SMA250, RSI 51.8",99516.4,995.16,555.18,7889.53
2020-10-20,TQQQ_100,110223.3,0.0,6680.5496,0.0,11677.84,11487.08,9545.93,52.81,TQQQ_100,"Bull trend confirmed: Price > SMA50 & SMA250, RSI 52.8",100223.3,1002.23,557.63,7941.1
2020-10-21,TQQQ_100,109937.37,0.0,6680.5496,0.0,11665.37,11502.87,9560.73,52.48,TQQQ_100,"Bull trend confirmed: Price > SMA50 & SMA250, RSI 52.5",99937.37,999.37,556.93,7920.24
2020-10-22,TQQQ_100,109992.94,0.0,6680.5496,0.0,11662.91,11512.97,9575.26,52.41,TQQQ_100,"Bull trend confirmed: Price > SMA50 & SMA250, RSI 52.4",99992.94,999.93,556.79,7924.29
2020-10-23,TQQQ_100,110636.28,0.0,6680.5496,0.0,11692.57,11523.26,9589.59,53.21,TQQQ_100,"Bull trend confirmed: Price > SMA50 & SMA250, RSI 53.2",100636.28,1006.36,558.46,7971.22
2020-10-26,TQQQ_100,105592.91,0.0,6680.5496,0.0,11504.52,11530.06,9603.42,47.75,TQQQ_100,Downside buffer hold: NDX 11504.5 above buffer (11304.2),95592.91,955.93,547.87,7603.3
2020-10-27,TQQQ_100,108086.8,0.0,6680.5496,0.0,11598.95,11536.27,9617.48,50.5,TQQQ_100,"Bull trend confirmed: Price > SMA50 & SMA250, RSI 50.5",98086.8,980.87,553.19,7785.23
2020-10-28,CASH,95402.93,95402.93,0.0,0.0,11142.76,11531.14,9629.72,39.66,CASH,Downside breakdown: NDX 11142.8 broke below exit buffer (11284.9),85402.93,854.03,527.5,6859.91
2020-10-29,CASH,95414.7,95414.7,0.0,0.0,11350.74,11531.78,9642.47,45.41,CASH,Holding cash,85414.7,854.15,539.21,7213.93
2020-10-30,CASH,95426.46,95426.46,0.0,0.0,11052.95,11523.3,9653.84,39.59,CASH,Downside breakdown: NDX 11053.0 broke below exit buffer (11272.8),85426.46,854.26,522.44,6705.21
2020-11-02,CASH,95461.76,95461.76,0.0,0.0,11084.76,11513.89,9665.34,40.47,CASH,Downside breakdown: NDX 11084.8 broke below exit buffer (11255.5),85461.76,854.62,524.23,6707.52
2020-11-03,CASH,95473.52,95473.52,0.0,0.0,11279.91,11506.97,9677.68,45.68,CASH,Holding cash,85473.52,854.74,535.22,7049.96
2020-11-04,CASH,95485.3,95485.3,0.0,0.0,11777.02,11508.07,9691.91,56.21,CASH,Re-entry buffer: NDX 11777.0 below threshold (11793.0),85485.3,854.85,563.22,8016.42
2020-11-05,TQQQ_100,95497.07,0.0,5323.4764,0.0,12078.07,11510.19,9707.2,61.12,TQQQ_100,"Bull trend confirmed: Price > SMA50 & SMA250, RSI 61.1",85497.07,854.97,580.17,8642.76
2020-11-06,TQQQ_50,95819.85,47909.93,2661.7382,0.0,12091.35,11513.5,9722.59,61.32,TQQQ_50,Bearish RSI divergence,85819.85,858.2,580.92,8672.31
2020-11-09,TQQQ_50,92913.61,47927.65,2661.7382,0.0,11830.39,11510.19,9736.86,55.14,TQQQ_50,Bearish RSI divergence,82913.61,829.14,566.22,8136.94
2020-11-10,TQQQ_100,90492.37,0.0,5659.6266,0.0,11624.29,11500.46,9750.32,50.78,TQQQ_100,"Bull trend confirmed: Price > SMA50 & SMA250, RSI 50.8",80492.37,804.92,554.62,7692.53
2020-11-11,TQQQ_100,96574.99,0.0,5659.6266,0.0,11892.93,11492.46,9764.86,55.7,TQQQ_100,"Bull trend confirmed: Price > SMA50 & SMA250, RSI 55.7",86574.99,865.75,569.74,8216.31
2020-11-12,TQQQ_100,95162.0,0.0,5659.6266,0.0,11827.14,11480.59,9778.9,54.27,TQQQ_100,"Bull trend confirmed: Price > SMA50 & SMA250, RSI 54.3",85162.0,851.62,566.04,8094.64
2020-11-13,TQQQ_100,97658.31,0.0,5659.6266,0.0,11937.84,11483.92,9793.34,56.3,TQQQ_100,"Bull trend confirmed: Price > SMA50 & SMA250, RSI 56.3",87658.31,876.58,572.27,8309.6
2020-11-16,TQQQ_100,99905.64,0.0,5659.6266,0.0,12013.38,11491.75,9808.04,57.68,TQQQ_100,"Bull trend confirmed: Price > SMA50 & SMA250, RSI 57.7",89905.64,899.06,576.53,8503.13
2020-11-17,TQQQ_100,98983.83,0.0,5659.6266,0.0,11977.49,11509.93,9822.82,56.76,TQQQ_100,"Bull trend confirmed: Price > SMA50 & SMA250, RSI 56.8",88983.83,889.84,574.51,8423.75
2020-11-18,TQQQ_100,96689.38,0.0,5659.6266,0.0,11894.71,11519.91,9837.33,54.6,TQQQ_100,"Bull trend confirmed: Price > SMA50 & SMA250, RSI 54.6",86689.38,866.89,569.85,8226.17
2020-11-19,TQQQ_100,99084.71,0.0,5659.6266,0.0,11985.43,11536.54,9852.19,56.55,TQQQ_100,"Bull trend confirmed: Price > SMA50 & SMA250, RSI 56.6",89084.71,890.85,574.95,8432.43
2020-11-20,TQQQ_100,97072.93,0.0,5659.6266,0.0,11906.44,11552.92,9866.32,54.36,TQQQ_100,"Bull trend confirmed: Price > SMA50 & SMA250, RSI 54.4",87072.93,870.73,570.51,8259.19
2020-11-23,TQQQ_100,97093.09,0.0,5659.6266,0.0,11905.94,11565.48,9880.4,54.35,TQQQ_100,"Bull trend confirmed: Price > SMA50 & SMA250, RSI 54.3",87093.09,870.93,570.48,8260.93
2020-11-24,TQQQ_100,101062.94,0.0,5659.6266,0.0,12079.81,11578.3,9894.94,58.46,TQQQ_100,"Bull trend confirmed: Price > SMA50 & SMA250, RSI 58.5",91062.94,910.63,580.27,8602.78
2020-11-25,TQQQ_50,102967.14,51483.57,2829.8133,0.0,12152.22,11596.39,9909.94,60.07,TQQQ_50,Bearish RSI divergence,92967.14,929.67,584.35,8766.76
2020-11-27,TQQQ_100,104386.1,0.0,5585.0648,0.0,12258.21,11619.94,9925.73,62.37,TQQQ_100,"Bull trend confirmed: Price > SMA50 & SMA250, RSI 62.4",94386.1,943.86,590.32,9008.95
2020-11-30,TQQQ_100,104923.9,0.0,5585.0648,0.0,12268.32,11646.56,9941.79,62.59,TQQQ_100,"Bull trend confirmed: Price > SMA50 & SMA250, RSI 62.6",94923.9,949.24,590.88,9055.88
2020-12-01,TQQQ_100,109047.31,0.0,5585.0648,0.0,12455.33,11676.07,9958.42,66.51,TQQQ_100,"Bull trend confirmed: Price > SMA50 & SMA250, RSI 66.5",99047.31,990.47,601.42,9415.7
2020-12-02,TQQQ_100,109485.55,0.0,5585.0648,0.0,12456.41,11701.47,9975.02,66.53,TQQQ_100,"Bull trend confirmed: Price > SMA50 & SMA250, RSI 66.5",99485.55,994.86,601.48,9453.94
2020-12-03,TQQQ_100,109930.42,0.0,5585.0648,0.0,12467.13,11734.14,9991.3,66.76,TQQQ_100,"Bull trend confirmed: Price > SMA50 & SMA250, RSI 66.8",99930.42,999.3,602.08,9492.76
2020-12-04,TQQQ_100,111278.33,0.0,5585.0648,0.0,12528.48,11766.78,10007.96,68.12,TQQQ_100,"Bull trend confirmed: Price > SMA50 & SMA250, RSI 68.1",101278.33,1012.78,605.54,9610.38
2020-12-07,TQQQ_100,113164.04,0.0,5585.0648,0.0,12596.47,11795.69,10024.93,69.61,TQQQ_100,"Bull trend confirmed: Price > SMA50 & SMA250, RSI 69.6",103164.04,1031.64,609.36,9774.93
2020-12-08,TQQQ_100,114199.89,0.0,5585.0648,0.0,12635.72,11821.11,10041.86,70.46,TQQQ_100,"Bull trend confirmed: Price > SMA50 & SMA250, RSI 70.5",104199.89,1042.0,611.57,9865.33
2020-12-09,TQQQ_100,106550.7,0.0,5585.0648,0.0,12364.64,11841.95,10057.45,58.27,TQQQ_100,"Bull trend confirmed: Price > SMA50 & SMA250, RSI 58.3",96550.7,965.51,596.31,9197.84
2020-12-10,TQQQ_100,107858.75,0.0,5585.0648,0.0,12401.74,11861.62,10073.11,59.31,TQQQ_100,"Bull trend confirmed: Price > SMA50 & SMA250, RSI 59.3",97858.75,978.59,598.4,9311.98
2020-12-11,TQQQ_100,107101.83,0.0,5585.0648,0.0,12375.41,11877.47,10088.33,58.2,TQQQ_100,"Bull trend confirmed: Price > SMA50 & SMA250, RSI 58.2",97101.83,971.02,596.92,9245.93
2020-12-14,TQQQ_100,109385.94,0.0,5585.0648,0.0,12462.21,11901.6,10103.87,60.8,TQQQ_100,"Bull trend confirmed: Price > SMA50 & SMA250, RSI 60.8",99385.94,993.86,601.8,9445.25
2020-12-15,TQQQ_100,112785.58,0.0,5585.0648,0.0,12595.92,11923.33,10119.93,64.46,TQQQ_100,"Bull trend confirmed: Price > SMA50 & SMA250, RSI 64.5",102785.58,1027.86,609.33,9741.91
2020-12-16,TQQQ_100,114677.98,0.0,5585.0648,0.0,12668.16,11950.87,10136.04,66.29,TQQQ_100,"Bull trend confirmed: Price > SMA50 & SMA250, RSI 66.3",104677.98,1046.78,613.4,9907.04
2020-12-17,TQQQ_100,117028.5,0.0,5585.0648,0.0,12752.06,11975.85,10152.34,68.33,TQQQ_100,"Bull trend confirmed: Price > SMA50 & SMA250, RSI 68.3",107028.5,1070.29,618.13,10112.16
2020-12-18,TQQQ_100,115753.62,0.0,5585.0648,0.0,12738.18,11999.59,10168.5,67.6,TQQQ_100,"Bull trend confirmed: Price > SMA50 & SMA250, RSI 67.6",105753.62,1057.54,617.34,10000.91
2020-12-21,TQQQ_100,115322.04,0.0,5585.0648,0.0,12690.26,12018.88,10184.47,65.02,TQQQ_100,"Bull trend confirmed: Price > SMA50 & SMA250, RSI 65.0",105322.04,1053.22,614.65,9963.25
2020-12-22,TQQQ_50,116231.72,58115.86,2792.5324,0.0,12717.56,12031.47,10200.22,65.82,TQQQ_50,Bearish RSI divergence,106231.72,1062.32,616.18,10042.63
2020-12-23,TQQQ_50,115362.41,58123.02,2792.5324,0.0,12653.14,12042.87,10215.75,62.21,TQQQ_50,Bearish RSI divergence,105362.41,1053.62,612.56,9889.66
2020-12-24,TQQQ_50,116113.25,58130.19,2792.5324,0.0,12711.01,12057.38,10231.76,64.11,TQQQ_50,Bearish RSI divergence,106113.25,1061.13,615.81,10019.45
2020-12-28,TQQQ_50,117881.56,58158.86,2792.5324,0.0,12838.86,12076.19,10248.18,67.96,TQQQ_50,Bearish RSI divergence,107881.56,1078.82,623.01,10323.06
2020-12-29,TQQQ_50,118064.69,58166.03,2792.5324,0.0,12843.49,12096.02,10264.07,68.1,TQQQ_50,Bearish RSI divergence,108064.69,1080.65,623.28,10353.77
2020-12-30,TQQQ_50,118061.91,58173.2,2792.5324,0.0,12845.36,12120.24,10280.27,68.15,TQQQ_50,Bearish RSI divergence,108061.91,1080.62,623.38,10352.03
2020-12-31,TQQQ_50,118537.19,58180.37,2792.5324,0.0,12888.28,12144.44,10296.43,69.52,TQQQ_50,Bearish RSI divergence,108537.19,1085.37,625.8,10433.73
2021-01-04,TQQQ_50,115926.52,58209.06,2792.5324,0.0,12694.66,12165.03,10311.82,57.55,TQQQ_50,Bearish RSI divergence,105926.52,1059.27,614.89,9973.1
2021-01-05,TQQQ_50,117381.19,58216.24,2792.5324,0.0,12802.38,12187.82,10327.38,61.52,TQQQ_50,Bearish RSI divergence,107381.19,1073.81,620.96,10225.72
2021-01-06,TQQQ_50,114941.55,58223.41,2792.5324,0.0,12623.35,12206.44,10341.92,52.71,TQQQ_50,Bearish RSI divergence,104941.55,1049.42,610.88,9798.69
2021-01-07,TQQQ_100,119045.56,0.0,5466.394,0.0,12939.57,12235.14,10357.81,62.84,TQQQ_100,"Bull trend confirmed: Price > SMA50 & SMA250, RSI 62.8",109045.56,1090.46,628.69,10513.69
2021-01-08,TQQQ_100,123659.74,0.0,5466.394,0.0,13105.2,12265.26,10373.95,66.84,TQQQ_100,"Bull trend confirmed: Price > SMA50 & SMA250, RSI 66.8",113659.74,1136.6,638.01,10925.07
2021-01-11,TQQQ_100,118194.23,0.0,5466.394,0.0,12902.49,12300.46,10389.43,58.53,TQQQ_100,"Bull trend confirmed: Price > SMA50 & SMA250, RSI 58.5",108194.23,1081.94,626.6,10437.79
2021-01-12,TQQQ_100,117680.82,0.0,5466.394,0.0,12892.09,12331.28,10404.85,58.13,TQQQ_100,"Bull trend confirmed: Price > SMA50 & SMA250, RSI 58.1",107680.82,1076.81,626.01,10392.01
2021-01-13,TQQQ_100,119968.39,0.0,5466.394,0.0,12973.63,12369.7,10420.25,60.41,TQQQ_100,"Bull trend confirmed: Price > SMA50 & SMA250, RSI 60.4",109968.39,1099.68,630.6,10595.96
2021-01-14,TQQQ_100,118142.23,0.0,5466.394,0.0,12898.69,12405.98,10435.15,57.32,TQQQ_100,"Bull trend confirmed: Price > SMA50 & SMA250, RSI 57.3",108142.23,1081.42,626.38,10433.15
2021-01-15,TQQQ_50,115269.75,57634.87,2733.197,0.0,12803.93,12436.46,10449.69,53.58,TQQQ_50,Bearish RSI divergence,105269.75,1052.7,621.05,10177.05
2021-01-19,TQQQ_50,117796.97,57663.3,2733.197,0.0,12996.54,12460.85,10464.93,59.38,TQQQ_50,Bearish RSI divergence,107796.97,1077.97,631.89,10622.62
2021-01-20,TQQQ_50,121995.83,57670.4,2733.197,0.0,13296.45,12485.21,10481.24,66.41,TQQQ_50,Bearish RSI divergence,111995.83,1119.96,648.78,11370.06
2021-01-21,TQQQ_50,123601.64,57677.51,2733.197,0.0,13404.99,12511.49,10498.3,68.53,TQQQ_50,Bearish RSI divergence,113601.64,1136.02,654.9,11655.13
2021-01-22,TQQQ_50,123010.86,57684.63,2733.197,0.0,13366.4,12542.21,10515.96,66.91,TQQQ_50,Bearish RSI divergence,113010.86,1130.11,652.72,11548.52
2021-01-25,TQQQ_50,124845.38,57705.96,2733.197,0.0,13483.29,12579.39,10533.52,69.28,TQQQ_50,Bearish RSI divergence,114845.38,1148.45,659.31,11871.83
2021-01-26,TQQQ_50,124923.97,57713.08,2733.197,0.0,13490.19,12611.33,10551.08,69.42,TQQQ_50,Bearish RSI divergence,114923.97,1149.24,659.69,11884.58
2021-01-27,TQQQ_50,119511.07,57720.19,2733.197,0.0,13112.65,12637.04,10566.99,54.8,TQQQ_50,Bearish RSI divergence,109511.07,1095.11,638.43,10918.12
2021-01-28,TQQQ_50,120428.02,57727.31,2733.197,0.0,13201.53,12662.32,10583.83,57.09,TQQQ_50,Bearish RSI divergence,110428.02,1104.28,643.44,11080.35
2021-01-29,TQQQ_50,116529.34,57734.42,2733.197,0.0,12925.38,12680.56,10599.02,48.81,TQQQ_50,Bearish RSI divergence,106529.34,1065.29,627.89,10383.9
2021-02-01,TQQQ_100,120872.41,0.0,5234.248,0.0,13248.9,12705.98,10614.68,56.73,TQQQ_100,"Bull trend confirmed: Price > SMA50 & SMA250, RSI 56.7",110872.41,1108.72,646.11,11154.52
2021-02-02,TQQQ_100,126721.88,0.0,5234.248,0.0,13456.12,12737.21,10631.04,60.9,TQQQ_100,"Bull trend confirmed: Price > SMA50 & SMA250, RSI 60.9",116721.88,1167.22,657.78,11699.17
2021-02-03,TQQQ_100,125265.76,0.0,5234.248,0.0,13402.37,12765.55,10646.86,59.3,TQQQ_100,"Bull trend confirmed: Price > SMA50 & SMA250, RSI 59.3",115265.76,1152.66,654.75,11563.59
2021-02-04,TQQQ_100,129696.42,0.0,5234.248,0.0,13560.89,12798.64,10663.5,62.43,TQQQ_100,"Bull trend confirmed: Price > SMA50 & SMA250, RSI 62.4",119696.42,1196.96,663.68,11976.13
2021-02-05,TQQQ_100,131052.98,0.0,5234.248,0.0,13603.96,12832.6,10679.85,63.26,TQQQ_100,"Bull trend confirmed: Price > SMA50 & SMA250, RSI 63.3",121052.98,1210.53,666.1,12102.44
2021-02-08,TQQQ_100,133616.8,0.0,5234.248,0.0,13695.02,12864.9,10696.56,65.01,TQQQ_100,"Bull trend confirmed: Price > SMA50 & SMA250, RSI 65.0",123616.8,1236.17,671.23,12341.16
2021-02-09,TQQQ_50,133554.57,66777.28,2617.124,0.0,13687.08,12895.6,10712.85,64.72,TQQQ_50,Bearish RSI divergence,123554.57,1235.55,670.78,12335.36
2021-02-10,TQQQ_50,133089.86,66785.52,2617.124,0.0,13655.27,12923.54,10729.09,63.5,TQQQ_50,Bearish RSI divergence,123089.86,1230.9,668.99,12247.29
2021-02-11,TQQQ_50,134168.42,66793.75,2617.124,0.0,13734.35,12952.86,10745.53,65.25,TQQQ_50,Bearish RSI divergence,124168.42,1241.68,673.44,12446.61
2021-02-12,TQQQ_50,135321.67,66801.99,2617.124,0.0,13807.7,12979.91,10762.25,66.85,TQQQ_50,Bearish RSI divergence,125321.67,1253.22,677.57,12659.83
2021-02-16,TQQQ_50,134782.11,66834.93,2617.124,0.0,13773.77,13006.26,10778.47,65.35,TQQQ_50,Bearish RSI divergence,124782.11,1247.82,675.66,12553.22
2021-02-17,TQQQ_50,133844.46,66843.17,2617.124,0.0,13699.71,13030.91,10794.75,62.1,TQQQ_50,Bearish RSI divergence,123844.46,1238.44,671.49,12377.08
2021-02-18,TQQQ_50,132950.4,66851.41,2617.124,0.0,13637.51,13053.09,10811.52,59.42,TQQQ_50,Bearish RSI divergence,122950.4,1229.5,667.99,12209.05
2021-02-19,TQQQ_50,132087.45,66859.65,2617.124,0.0,13580.78,13072.78,10829.52,57.0,TQQQ_50,Bearish RSI divergence,122087.45,1220.87,664.8,12046.82
2021-02-22,TQQQ_50,127059.23,66884.38,2617.124,0.0,13223.74,13084.54,10847.08,44.68,TQQQ_50,Bearish RSI divergence,117059.23,1170.59,644.69,11105.85
2021-02-23,TQQQ_50,126532.31,66892.63,2617.124,0.0,13194.71,13101.14,10864.36,43.85,TQQQ_50,Bearish RSI divergence,116532.31,1165.32,643.05,11006.19
2021-02-24,TQQQ_100,127978.03,0.0,5483.791,0.0,13302.19,13119.15,10883.82,47.72,TQQQ_100,"Bull trend confirmed: Price > SMA50 & SMA250, RSI 47.7",117978.03,1179.78,649.11,11273.88
2021-02-25,CASH,114613.05,114613.05,0.0,0.0,12828.31,13128.21,10901.29,35.95,CASH,Downside breakdown: NDX 12828.3 broke below exit buffer (12894.0),104613.05,1046.13,622.42,10086.08
2021-02-26,CASH,114627.18,114627.18,0.0,0.0,12909.44,13137.15,10917.42,38.74,CASH,Holding cash,104627.18,1046.27,626.99,10239.05
2021-03-01,CASH,114669.58,114669.58,0.0,0.0,13282.95,13150.89,10936.17,49.61,CASH,Re-entry buffer: NDX 13283.0 below threshold (13420.9),104669.58,1046.7,648.02,11140.61
2021-03-02,CASH,114683.71,114683.71,0.0,0.0,13059.95,13158.73,10952.61,44.53,CASH,Holding cash,104683.71,1046.84,635.47,10601.76
2021-03-03,CASH,114697.85,114697.85,0.0,0.0,12683.33,13157.35,10968.66,37.54,CASH,Downside breakdown: NDX 12683.3 broke below exit buffer (12865.0),104697.85,1046.98,614.26,9673.54
2021-03-04,CASH,114711.99,114711.99,0.0,0.0,12464.0,13151.87,10984.39,34.17,CASH,Downside breakdown: NDX 12464.0 broke below exit buffer (12832.7),104711.99,1047.12,601.9,9190.31
2021-03-05,CASH,114726.14,114726.14,0.0,0.0,12668.51,13151.43,11003.27,39.61,CASH,Downside breakdown: NDX 12668.5 broke below exit buffer (12808.5),104726.14,1047.26,613.42,9606.33
2021-03-08,CASH,114768.57,114768.57,0.0,0.0,12299.08,13143.06,11018.98,34.13,CASH,Downside breakdown: NDX 12299.1 broke below exit buffer (12780.3),104768.57,1047.69,592.62,8776.61
2021-03-09,CASH,114782.72,114782.72,0.0,0.0,12794.49,13145.89,11038.14,45.1,CASH,Holding cash,104782.72,1047.83,620.52,9821.87
2021-03-10,CASH,114796.87,114796.87,0.0,0.0,12752.07,13146.71,11060.09,44.42,CASH,Downside breakdown: NDX 12752.1 broke below exit buffer (12756.9),104796.87,1047.97,618.13,9737.27
2021-03-11,CASH,114811.02,114811.02,0.0,0.0,13052.9,13150.99,11080.32,50.17,CASH,Holding cash,104811.02,1048.11,635.07,10419.82
2021-03-12,CASH,114825.18,114825.18,0.0,0.0,12937.29,13152.87,11103.99,48.11,CASH,Holding cash,104825.18,1048.25,628.56,10157.93
2021-03-15,CASH,114867.65,114867.65,0.0,0.0,13082.54,13157.61,11126.42,50.85,CASH,Holding cash,104867.65,1048.68,636.74,10485.88
2021-03-16,CASH,114881.81,114881.81,0.0,0.0,13152.28,13162.89,11150.33,52.15,CASH,Holding cash,104881.81,1048.82,640.66,10659.7
2021-03-17,CASH,114895.97,114895.97,0.0,0.0,13202.38,13173.05,11173.99,53.11,CASH,Re-entry buffer: NDX 13202.4 below threshold (13527.0),104895.97,1048.96,643.49,10795.28
2021-03-18,CASH,114910.14,114910.14,0.0,0.0,12789.14,13172.78,11197.16,45.06,CASH,Downside breakdown: NDX 12789.1 broke below exit buffer (12812.0),104910.14,1049.1,620.21,9795.22
2021-03-19,CASH,114924.31,114924.31,0.0,0.0,12866.99,13177.65,11220.61,46.7,CASH,Holding cash,104924.31,1049.24,624.6,9921.53
2021-03-22,CASH,114966.81,114966.81,0.0,0.0,13086.51,13180.59,11242.74,51.13,CASH,Holding cash,104966.81,1049.67,636.96,10455.75
2021-03-23,CASH,114980.99,114980.99,0.0,0.0,13017.79,13178.85,11264.93,49.74,CASH,Holding cash,104980.99,1049.81,633.09,10317.85
2021-03-24,CASH,114995.16,114995.16,0.0,0.0,12798.88,13176.77,11284.54,45.49,CASH,Downside breakdown: NDX 12798.9 broke below exit buffer (12853.9),104995.16,1049.95,620.76,9791.74
2021-03-25,CASH,115009.34,115009.34,0.0,0.0,12780.51,13174.54,11305.3,45.14,CASH,Downside breakdown: NDX 12780.5 broke below exit buffer (12871.3),105009.34,1050.09,619.73,9738.43
2021-03-26,CASH,115023.52,115023.52,0.0,0.0,12979.12,13174.65,11325.66,49.63,CASH,Holding cash,105023.52,1050.24,630.91,10172.99
2021-03-29,CASH,115066.06,115066.06,0.0,0.0,12965.74,13175.99,11346.27,49.34,CASH,Holding cash,105066.06,1050.66,630.16,10167.2
2021-03-30,CASH,115080.25,115080.25,0.0,0.0,12896.53,13177.84,11367.91,47.77,CASH,Downside breakdown: NDX 12896.5 broke below exit buffer (12920.1),105080.25,1050.8,626.26,10021.19
2021-03-31,CASH,115094.44,115094.44,0.0,0.0,13091.44,13179.74,11389.74,52.37,CASH,Holding cash,105094.44,1050.94,637.24,10475.45
2021-04-01,CASH,115108.63,115108.63,0.0,0.0,13329.52,13180.4,11412.94,57.32,CASH,Re-entry buffer: NDX 13329.5 below threshold (13429.0),105108.63,1051.09,650.65,11013.14
2021-04-05,TQQQ_100,115165.39,0.0,4764.3929,0.0,13598.16,13184.27,11435.01,62.1,TQQQ_100,"Bull trend confirmed: Price > SMA50 & SMA250, RSI 62.1",105165.39,1051.65,665.77,11680.63
2021-04-06,TQQQ_100,114893.49,0.0,4764.3929,0.0,13578.46,13188.51,11457.13,61.55,TQQQ_100,"Bull trend confirmed: Price > SMA50 & SMA250, RSI 61.6",104893.49,1048.93,664.66,11652.81
2021-04-07,TQQQ_100,115743.12,0.0,4764.3929,0.0,13616.7,13191.18,11478.67,62.25,TQQQ_100,"Bull trend confirmed: Price > SMA50 & SMA250, RSI 62.2",105743.12,1057.43,666.82,11739.73
2021-04-08,TQQQ_100,119356.92,0.0,4764.3929,0.0,13758.51,13196.54,11500.75,64.78,TQQQ_100,"Bull trend confirmed: Price > SMA50 & SMA250, RSI 64.8",109356.92,1093.57,674.8,12109.39
2021-04-09,TQQQ_100,121520.64,0.0,4764.3929,0.0,13845.06,13211.19,11522.8,66.27,TQQQ_100,"Bull trend confirmed: Price > SMA50 & SMA250, RSI 66.3",111520.64,1115.21,679.68,12330.73
2021-04-12,TQQQ_100,121044.88,0.0,4764.3929,0.0,13819.35,13223.55,11543.31,65.38,TQQQ_100,"Bull trend confirmed: Price > SMA50 & SMA250, RSI 65.4",111044.88,1110.45,678.23,12282.06
2021-04-13,TQQQ_100,125191.1,0.0,4764.3929,0.0,13986.49,13244.77,11564.89,68.34,TQQQ_100,"Bull trend confirmed: Price > SMA50 & SMA250, RSI 68.3",115191.1,1151.91,687.64,12706.19
2021-04-14,TQQQ_100,120795.62,0.0,4764.3929,0.0,13803.91,13255.87,11585.07,62.1,TQQQ_100,"Bull trend confirmed: Price > SMA50 & SMA250, RSI 62.1",110795.62,1107.96,677.36,12256.56
2021-04-15,TQQQ_100,126131.32,0.0,4764.3929,0.0,14026.19,13267.27,11605.85,66.15,TQQQ_100,"Bull trend confirmed: Price > SMA50 & SMA250, RSI 66.2",116131.32,1161.31,689.88,12802.37
2021-04-16,TQQQ_100,126663.78,0.0,4764.3929,0.0,14041.91,13280.06,11627.11,66.43,TQQQ_100,"Bull trend confirmed: Price > SMA50 & SMA250, RSI 66.4",116663.78,1166.64,690.76,12856.83
2021-04-19,TQQQ_100,123208.61,0.0,4764.3929,0.0,13907.67,13287.0,11649.13,61.83,TQQQ_100,"Bull trend confirmed: Price > SMA50 & SMA250, RSI 61.8",113208.61,1132.09,683.2,12503.39
2021-04-20,TQQQ_100,120512.42,0.0,4764.3929,0.0,13809.3,13291.1,11669.71,58.64,TQQQ_100,"Bull trend confirmed: Price > SMA50 & SMA250, RSI 58.6",110512.42,1105.12,677.66,12227.59
2021-04-21,TQQQ_100,123559.78,0.0,4764.3929,0.0,13935.15,13295.91,11690.88,61.39,TQQQ_100,"Bull trend confirmed: Price > SMA50 & SMA250, RSI 61.4",113559.78,1135.6,684.75,12539.32
2021-04-22,TQQQ_100,119062.36,0.0,4764.3929,0.0,13762.36,13297.41,11710.79,55.89,TQQQ_100,"Bull trend confirmed: Price > SMA50 & SMA250, RSI 55.9",109062.36,1090.62,675.02,12079.26
2021-04-23,TQQQ_100,123548.44,0.0,4764.3929,0.0,13941.44,13303.14,11731.2,59.9,TQQQ_100,"Bull trend confirmed: Price > SMA50 & SMA250, RSI 59.9",113548.44,1135.48,685.11,12538.16
2021-04-26,TQQQ_100,125995.4,0.0,4764.3929,0.0,14026.16,13308.97,11752.6,61.67,TQQQ_100,"Bull trend confirmed: Price > SMA50 & SMA250, RSI 61.7",115995.4,1159.95,689.88,12788.46
2021-04-27,TQQQ_50,124341.44,62170.72,2382.1965,0.0,13960.28,13312.02,11772.51,59.47,TQQQ_50,Bearish RSI divergence,114341.44,1143.41,686.17,12619.27
2021-04-28,TQQQ_50,123709.05,62178.39,2382.1965,0.0,13901.62,13314.58,11792.11,57.5,TQQQ_50,Bearish RSI divergence,113709.05,1137.09,682.86,12488.33
2021-04-29,TQQQ_50,124334.12,62186.05,2382.1965,0.0,13970.2,13319.99,11813.12,59.2,TQQQ_50,Bearish RSI divergence,114334.12,1143.34,686.73,12614.64
2021-04-30,TQQQ_100,123174.95,0.0,4811.7578,0.0,13860.76,13324.46,11833.23,55.39,TQQQ_100,"Bull trend confirmed: Price > SMA50 & SMA250, RSI 55.4",113174.95,1131.75,680.56,12375.92
2021-05-03,TQQQ_100,121161.3,0.0,4811.7578,0.0,13799.72,13328.83,11852.7,53.33,TQQQ_100,"Bull trend confirmed: Price > SMA50 & SMA250, RSI 53.3",111161.3,1111.61,677.13,12171.97
2021-05-04,TQQQ_100,114777.18,0.0,4811.7578,0.0,13544.67,13335.25,11870.94,45.68,TQQQ_100,"Bull trend confirmed: Price > SMA50 & SMA250, RSI 45.7",104777.18,1047.77,662.76,11525.34
2021-05-05,TQQQ_100,113438.56,0.0,4811.7578,0.0,13503.37,13341.43,11888.55,44.56,TQQQ_100,"Bull trend confirmed: Price > SMA50 & SMA250, RSI 44.6",103438.56,1034.39,660.44,11389.76
2021-05-06,TQQQ_100,115921.3,0.0,4811.7578,0.0,13613.73,13347.66,11906.12,48.2,TQQQ_100,"Bull trend confirmed: Price > SMA50 & SMA250, RSI 48.2",105921.3,1059.21,666.65,11641.23
2021-05-07,TQQQ_100,118758.69,0.0,4811.7578,0.0,13719.63,13365.48,11923.8,51.49,TQQQ_100,"Bull trend confirmed: Price > SMA50 & SMA250, RSI 51.5",108758.69,1087.59,672.61,11928.62
2021-05-10,TQQQ_100,109834.62,0.0,4811.7578,0.0,13359.08,13374.48,11940.79,41.76,TQQQ_100,Downside buffer hold: NDX 13359.1 above buffer (13164.7),99834.62,998.35,652.31,11024.73
2021-05-11,TQQQ_100,109285.45,0.0,4811.7578,0.0,13351.27,13375.84,11958.19,41.58,TQQQ_100,Downside buffer hold: NDX 13351.3 above buffer (13161.4),99285.45,992.85,651.87,10969.11
2021-05-12,CASH,100967.77,100967.77,0.0,0.0,13001.63,13374.68,11973.82,34.32,CASH,Downside breakdown: NDX 13001.6 broke below exit buffer (13149.8),90967.77,909.68,632.18,10126.64
2021-05-13,CASH,100980.21,100980.21,0.0,0.0,13109.15,13383.19,11989.65,37.91,CASH,Downside breakdown: NDX 13109.2 broke below exit buffer (13158.5),90980.21,909.8,638.24,10342.18
2021-05-14,CASH,100992.66,100992.66,0.0,0.0,13393.12,13401.78,12005.89,46.26,CASH,Holding cash,90992.66,909.93,654.23,11021.25
2021-05-17,CASH,101030.02,101030.02,0.0,0.0,13312.91,13414.66,12021.95,44.45,CASH,Holding cash,91030.02,910.3,649.71,10833.52
2021-05-18,CASH,101042.47,101042.47,0.0,0.0,13217.68,13433.04,12036.88,42.32,CASH,Holding cash,91042.47,910.42,644.35,10604.08
2021-05-19,CASH,101054.93,101054.93,0.0,0.0,13237.91,13441.9,12052.32,42.94,CASH,Holding cash,91054.93,910.55,645.49,10643.48
2021-05-20,CASH,101067.39,101067.39,0.0,0.0,13494.09,13456.74,12068.64,50.29,CASH,Re-entry buffer: NDX 13494.1 below threshold (13720.1),91067.39,910.67,659.91,11264.61
2021-05-21,CASH,101079.85,101079.85,0.0,0.0,13411.74,13463.92,12084.73,48.14,CASH,Holding cash,91079.85,910.8,655.28,11076.88
2021-05-24,CASH,101117.24,101117.24,0.0,0.0,13641.75,13478.01,12101.53,54.04,CASH,Re-entry buffer: NDX 13641.8 below threshold (13732.4),91117.24,911.17,668.23,11636.59
2021-05-25,CASH,101129.7,101129.7,0.0,0.0,13657.73,13489.51,12118.49,54.43,CASH,Re-entry buffer: NDX 13657.7 below threshold (13738.3),91129.7,911.3,669.13,11693.37
2021-05-26,CASH,101142.17,101142.17,0.0,0.0,13702.74,13500.52,12135.08,55.56,CASH,Re-entry buffer: NDX 13702.7 below threshold (13738.9),91142.17,911.42,671.66,11812.73
2021-05-27,CASH,101154.64,101154.64,0.0,0.0,13657.85,13509.63,12151.32,54.11,CASH,Re-entry buffer: NDX 13657.8 below threshold (13738.8),91154.64,911.55,669.14,11673.67
2021-05-28,CASH,101167.11,101167.11,0.0,0.0,13686.51,13527.58,12167.43,54.92,CASH,Re-entry buffer: NDX 13686.5 below threshold (13738.7),91167.11,911.67,670.75,11788.39
2021-06-01,CASH,101217.0,101217.0,0.0,0.0,13654.59,13543.33,12183.23,53.79,CASH,Re-entry buffer: NDX 13654.6 below threshold (13746.2),91217.0,912.17,668.95,11672.51
2021-06-02,CASH,101229.48,101229.48,0.0,0.0,13675.79,13555.12,12199.42,54.46,CASH,Re-entry buffer: NDX 13675.8 below threshold (13737.9),91229.48,912.29,670.15,11733.93
2021-06-03,CASH,101241.96,101241.96,0.0,0.0,13529.68,13565.36,12214.24,49.14,CASH,Holding cash,91241.96,912.42,661.92,11361.95
2021-06-04,TQQQ_100,101254.44,0.0,4095.4342,0.0,13770.77,13584.79,12229.72,56.66,TQQQ_100,"Bull trend confirmed: Price > SMA50 & SMA250, RSI 56.7",91254.44,912.54,675.49,11949.48
2021-06-07,TQQQ_100,102150.33,0.0,4095.4342,0.0,13802.89,13605.24,12245.06,57.56,TQQQ_100,"Bull trend confirmed: Price > SMA50 & SMA250, RSI 57.6",92150.33,921.5,677.3,12056.09
2021-06-08,TQQQ_100,102267.18,0.0,4095.4342,0.0,13810.86,13621.88,12259.93,57.8,TQQQ_100,"Bull trend confirmed: Price > SMA50 & SMA250, RSI 57.8",92267.18,922.67,677.75,12069.99
2021-06-09,TQQQ_100,102384.03,0.0,4095.4342,0.0,13814.94,13638.86,12276.83,57.93,TQQQ_100,"Bull trend confirmed: Price > SMA50 & SMA250, RSI 57.9",92384.03,923.84,677.98,12083.9
2021-06-10,TQQQ_100,105519.6,0.0,4095.4342,0.0,13960.35,13660.14,12294.02,62.32,TQQQ_100,"Bull trend confirmed: Price > SMA50 & SMA250, RSI 62.3",95519.6,955.2,686.17,12457.04
2021-06-11,TQQQ_100,106357.08,0.0,4095.4342,0.0,13998.3,13678.27,12310.9,63.39,TQQQ_100,"Bull trend confirmed: Price > SMA50 & SMA250, RSI 63.4",96357.08,963.57,688.31,12556.7
2021-06-14,TQQQ_100,109336.86,0.0,4095.4342,0.0,14128.2,13694.25,12327.62,66.87,TQQQ_100,"Bull trend confirmed: Price > SMA50 & SMA250, RSI 66.9",99336.86,993.37,695.62,12911.3
2021-06-15,TQQQ_100,107311.38,0.0,4095.4342,0.0,14030.41,13702.89,12343.81,62.09,TQQQ_100,"Bull trend confirmed: Price > SMA50 & SMA250, RSI 62.1",97311.38,973.11,690.12,12670.26
2021-06-16,TQQQ_100,106162.3,0.0,4095.4342,0.0,13983.01,13710.98,12359.69,59.85,TQQQ_100,"Bull trend confirmed: Price > SMA50 & SMA250, RSI 59.9",96162.3,961.62,687.45,12533.52
2021-06-17,TQQQ_100,110125.62,0.0,4095.4342,0.0,14163.81,13721.92,12376.31,65.02,TQQQ_100,"Bull trend confirmed: Price > SMA50 & SMA250, RSI 65.0",100125.62,1001.26,697.63,13005.16
2021-06-18,TQQQ_100,107496.41,0.0,4095.4342,0.0,14049.58,13727.75,12391.99,59.78,TQQQ_100,"Bull trend confirmed: Price > SMA50 & SMA250, RSI 59.8",97496.41,974.96,691.2,12692.28
2021-06-21,TQQQ_100,109463.46,0.0,4095.4342,0.0,14137.23,13733.59,12407.7,62.29,TQQQ_100,"Bull trend confirmed: Price > SMA50 & SMA250, RSI 62.3",99463.46,994.63,696.13,12926.37
2021-06-22,TQQQ_100,112521.13,0.0,4095.4342,0.0,14270.42,13742.61,12424.77,65.79,TQQQ_100,"Bull trend confirmed: Price > SMA50 & SMA250, RSI 65.8",102521.13,1025.21,703.63,13290.23
2021-06-23,TQQQ_100,112715.91,0.0,4095.4342,0.0,14274.24,13748.37,12441.46,65.89,TQQQ_100,"Bull trend confirmed: Price > SMA50 & SMA250, RSI 65.9",102715.91,1027.16,703.85,13313.41
2021-06-24,TQQQ_100,114790.07,0.0,4095.4342,0.0,14365.96,13759.61,12459.53,68.23,TQQQ_100,"Bull trend confirmed: Price > SMA50 & SMA250, RSI 68.2",104790.07,1047.9,709.01,13560.24
2021-06-25,TQQQ_100,114429.77,0.0,4095.4342,0.0,14345.18,13765.99,12477.06,67.11,TQQQ_100,"Bull trend confirmed: Price > SMA50 & SMA250, RSI 67.1",104429.77,1044.3,707.84,13517.37
2021-06-28,TQQQ_100,118480.72,0.0,4095.4342,0.0,14524.98,13775.65,12494.54,71.49,TQQQ_100,"Bull trend confirmed: Price > SMA50 & SMA250, RSI 71.5",108480.72,1084.81,717.97,13999.44
2021-06-29,TQQQ_100,119814.81,0.0,4095.4342,0.0,14572.75,13788.95,12511.71,72.54,TQQQ_100,"Bull trend confirmed: Price > SMA50 & SMA250, RSI 72.5",109814.81,1098.15,720.66,14158.2
2021-06-30,TQQQ_100,119288.97,0.0,4095.4342,0.0,14554.8,13803.86,12528.56,71.48,TQQQ_100,"Bull trend confirmed: Price > SMA50 & SMA250, RSI 71.5",109288.97,1092.89,719.65,14095.62
2021-07-01,TQQQ_100,119347.4,0.0,4095.4342,0.0,14560.05,13816.36,12544.39,71.61,TQQQ_100,"Bull trend confirmed: Price > SMA50 & SMA250, RSI 71.6",109347.4,1093.47,719.94,14102.57
2021-07-02,TQQQ_30,123398.36,86378.85,1228.6303,0.0,14727.63,13835.66,12561.2,75.48,TQQQ_30,Overextended: RSI 75.5 >= 75,113398.36,1133.98,729.38,14584.64
2021-07-06,TQQQ_30,123937.58,86421.45,1228.6303,0.0,14786.36,13852.56,12577.68,76.68,TQQQ_30,Overextended: RSI 76.7 >= 75,113937.58,1139.38,732.69,14781.64
2021-07-07,TQQQ_30,124187.79,86432.1,1228.6303,0.0,14810.54,13868.25,12593.9,77.17,TQQQ_30,Overextended: RSI 77.2 >= 75,114187.79,1141.88,734.05,14876.67
2021-07-08,TQQQ_30,123544.06,86442.76,1228.6303,0.0,14722.14,13883.49,12609.45,71.22,TQQQ_30,Trim lock active,113544.06,1135.44,729.07,14617.09
2021-07-09,TQQQ_30,124182.81,86453.42,1228.6303,0.0,14826.09,13901.98,12626.34,73.78,TQQQ_30,Trim lock active,114182.81,1141.83,734.92,14866.24
2021-07-12,TQQQ_30,124688.05,86485.39,1228.6303,0.0,14877.89,13920.13,12643.1,74.98,TQQQ_30,Trim lock active,114688.05,1146.88,737.84,15053.97
2021-07-13,TQQQ_30,124678.26,86496.06,1228.6303,0.0,14874.54,13940.41,12659.79,74.74,TQQQ_30,Trim lock active,114678.26,1146.78,737.65,15045.86
2021-07-14,TQQQ_30,124896.35,86506.72,1228.6303,0.0,14900.44,13962.42,12676.88,75.39,TQQQ_30,Overextended: RSI 75.4 >= 75,114896.35,1148.96,739.11,15128.14
2021-07-15,TQQQ_30,124112.4,86517.39,1228.6303,0.0,14794.69,13987.42,12693.48,67.74,TQQQ_30,Trim lock active,114112.4,1141.12,733.16,14812.93
2021-07-16,TQQQ_30,123199.92,86528.05,1228.6303,0.0,14681.38,14010.98,12708.4,60.64,TQQQ_30,Trim lock active,113199.92,1132.0,726.78,14446.74
2021-07-19,TQQQ_30,122352.59,86560.06,1228.6303,0.0,14549.09,14029.69,12723.26,53.58,TQQQ_30,Trim lock active,112352.59,1123.53,719.33,14097.94
2021-07-20,TQQQ_100,123543.49,0.0,4105.4347,0.0,14728.21,14049.86,12738.69,60.32,TQQQ_100,"Bull trend confirmed: Price > SMA50 & SMA250, RSI 60.3",113543.49,1135.43,729.41,14566.1
2021-07-21,TQQQ_50,126364.62,63182.31,2052.7173,0.0,14842.63,14079.53,12755.74,63.92,TQQQ_50,Bearish RSI divergence,116364.62,1163.65,735.86,14901.01
2021-07-22,TQQQ_50,127699.99,63190.1,2052.7173,0.0,14940.17,14111.31,12773.57,66.69,TQQQ_50,Bearish RSI divergence,117699.99,1177.0,741.35,15216.21
2021-07-23,TQQQ_50,129850.45,63197.89,2052.7173,0.0,15111.79,14153.51,12791.32,70.93,TQQQ_50,Bearish RSI divergence,119850.45,1198.5,751.01,15724.93
2021-07-26,TQQQ_50,130152.05,63221.26,2052.7173,0.0,15125.95,14193.85,12809.69,71.26,TQQQ_50,Bearish RSI divergence,120152.05,1201.52,751.81,15790.98
2021-07-27,TQQQ_50,127973.23,63229.06,2052.7173,0.0,14956.97,14225.12,12826.87,62.31,TQQQ_50,Bearish RSI divergence,117973.23,1179.73,742.3,15271.83
2021-07-28,TQQQ_50,128688.74,63236.85,2052.7173,0.0,15018.1,14259.23,12844.08,64.06,TQQQ_50,Bearish RSI divergence,118688.74,1186.89,745.74,15439.86
2021-07-29,TQQQ_50,129018.68,63244.65,2052.7173,0.0,15048.36,14295.84,12860.65,64.94,TQQQ_50,Bearish RSI divergence,119018.68,1190.19,747.44,15516.34
2021-07-30,TQQQ_50,128040.55,63252.45,2052.7173,0.0,14959.9,14330.28,12876.27,60.33,TQQQ_50,Bearish RSI divergence,118040.55,1180.41,742.46,15282.26
2021-08-02,TQQQ_50,128044.42,63275.84,2052.7173,0.0,14963.62,14359.67,12891.74,60.46,TQQQ_50,Bearish RSI divergence,118044.42,1180.44,742.67,15277.62
2021-08-03,TQQQ_50,129179.7,63283.64,2052.7173,0.0,15061.42,14392.67,12907.48,63.74,TQQQ_50,Bearish RSI divergence,119179.7,1191.8,748.18,15545.32
2021-08-04,TQQQ_50,129514.49,63291.44,2052.7173,0.0,15083.39,14421.5,12922.74,64.46,TQQQ_50,Bearish RSI divergence,119514.49,1195.14,749.41,15622.95
2021-08-05,TQQQ_50,130766.92,63299.25,2052.7173,0.0,15181.64,14451.98,12938.91,67.54,TQQQ_50,Bearish RSI divergence,120766.92,1207.67,754.95,15918.45
2021-08-06,TQQQ_50,129896.18,63307.05,2052.7173,0.0,15109.36,14480.11,12955.01,63.2,TQQQ_50,Bearish RSI divergence,119896.18,1198.96,750.88,15709.87
2021-08-09,TQQQ_50,130275.89,63330.47,2052.7173,0.0,15133.11,14509.61,12972.04,64.02,TQQQ_50,Bearish RSI divergence,120275.89,1202.76,752.21,15794.46
2021-08-10,TQQQ_50,129283.13,63338.27,2052.7173,0.0,15053.58,14536.96,12987.62,59.26,TQQQ_50,Bearish RSI divergence,119283.13,1192.83,747.74,15556.9
2021-08-11,TQQQ_50,128934.65,63346.08,2052.7173,0.0,15027.76,14564.42,13003.02,57.76,TQQQ_50,Bearish RSI divergence,118934.65,1189.35,746.28,15472.31
2021-08-12,TQQQ_50,129625.75,63353.89,2052.7173,0.0,15088.98,14592.68,13018.72,60.33,TQQQ_50,Bearish RSI divergence,119625.75,1196.26,749.73,15634.54
2021-08-13,TQQQ_50,130297.36,63361.7,2052.7173,0.0,15136.68,14624.82,13034.11,62.25,TQQQ_50,Bearish RSI divergence,120297.36,1202.97,752.42,15792.14
2021-08-16,TQQQ_50,130437.93,63385.14,2052.7173,0.0,15140.77,14652.22,13049.08,62.42,TQQQ_50,Bearish RSI divergence,120437.93,1204.38,752.65,15819.95
2021-08-17,TQQQ_50,128683.77,63392.95,2052.7173,0.0,15002.83,14676.22,13063.81,53.72,TQQQ_50,Bearish RSI divergence,118683.77,1186.84,744.88,15401.62
2021-08-18,TQQQ_50,126792.96,63400.77,2052.7173,0.0,14857.92,14697.16,13077.34,46.41,TQQQ_50,Bearish RSI divergence,116792.96,1167.93,736.72,14950.84
2021-08-19,TQQQ_100,127703.71,0.0,4077.1306,0.0,14933.94,14719.54,13090.85,50.24,TQQQ_100,"Bull trend confirmed: Price > SMA50 & SMA250, RSI 50.2",117703.71,1177.04,741.0,15165.21
2021-08-20,TQQQ_100,131649.32,0.0,4077.1306,0.0,15092.57,14742.19,13104.72,57.12,TQQQ_100,"Bull trend confirmed: Price > SMA50 & SMA250, RSI 57.1",121649.32,1216.49,749.93,15636.86
2021-08-23,TQQQ_50,137514.41,68757.21,2038.5653,0.0,15312.82,14768.48,13119.08,64.47,TQQQ_50,Bearish RSI divergence,127514.41,1275.14,762.33,16337.95
2021-08-24,TQQQ_50,138201.5,68765.68,2038.5653,0.0,15357.68,14793.07,13132.63,65.75,TQQQ_50,Bearish RSI divergence,128201.5,1282.01,764.86,16500.19
2021-08-25,TQQQ_50,138287.53,68774.16,2038.5653,0.0,15368.92,14819.84,13146.4,66.09,TQQQ_50,Bearish RSI divergence,128287.53,1282.88,765.49,16518.72
2021-08-26,TQQQ_50,137118.13,68782.64,2038.5653,0.0,15278.52,14845.75,13159.53,60.97,TQQQ_50,Bearish RSI divergence,127118.13,1271.18,760.4,16237.13
2021-08-27,TQQQ_50,139123.66,68791.12,2038.5653,0.0,15432.95,14871.13,13172.82,65.84,TQQQ_50,Bearish RSI divergence,129123.66,1291.24,769.1,16714.57
2021-08-30,TQQQ_100,141480.58,0.0,3969.1916,0.0,15605.09,14902.24,13186.06,70.28,TQQQ_100,"Bull trend confirmed: Price > SMA50 & SMA250, RSI 70.3",131480.58,1314.81,778.79,17271.96
2021-08-31,TQQQ_100,141084.24,0.0,3969.1916,0.0,15582.51,14931.15,13198.71,69.01,TQQQ_100,"Bull trend confirmed: Price > SMA50 & SMA250, RSI 69.0",131084.24,1310.84,777.52,17223.29
2021-09-01,TQQQ_100,141858.1,0.0,3969.1916,0.0,15611.57,14957.97,13214.07,69.77,TQQQ_100,"Bull trend confirmed: Price > SMA50 & SMA250, RSI 69.8",131858.1,1318.58,779.16,17318.31
2021-09-02,TQQQ_100,141659.93,0.0,3969.1916,0.0,15604.25,14984.57,13230.0,69.31,TQQQ_100,"Bull trend confirmed: Price > SMA50 & SMA250, RSI 69.3",131659.93,1316.6,778.75,17293.98
2021-09-03,TQQQ_100,142934.04,0.0,3969.1916,0.0,15652.86,15010.31,13248.34,70.69,TQQQ_100,"Bull trend confirmed: Price > SMA50 & SMA250, RSI 70.7",132934.04,1329.34,781.48,17450.42
2021-09-07,TQQQ_100,143519.15,0.0,3969.1916,0.0,15675.76,15036.92,13265.46,71.34,TQQQ_100,"Bull trend confirmed: Price > SMA50 & SMA250, RSI 71.3",133519.15,1335.19,782.77,17522.27
2021-09-08,TQQQ_100,142046.89,0.0,3969.1916,0.0,15620.85,15058.84,13283.33,67.46,TQQQ_100,"Bull trend confirmed: Price > SMA50 & SMA250, RSI 67.5",132046.89,1320.47,779.68,17341.49
2021-09-09,TQQQ_100,140527.39,0.0,3969.1916,0.0,15561.05,15078.6,13301.22,63.41,TQQQ_100,"Bull trend confirmed: Price > SMA50 & SMA250, RSI 63.4",130527.39,1305.27,776.31,17154.92
2021-09-10,TQQQ_100,137365.78,0.0,3969.1916,0.0,15440.75,15096.32,13317.87,56.12,TQQQ_100,"Bull trend confirmed: Price > SMA50 & SMA250, RSI 56.1",127365.78,1273.66,769.54,16766.71
2021-09-13,TQQQ_100,137054.32,0.0,3969.1916,0.0,15434.5,15113.81,13333.86,55.76,TQQQ_100,"Bull trend confirmed: Price > SMA50 & SMA250, RSI 55.8",127054.32,1270.54,769.19,16728.47
2021-09-14,TQQQ_100,135874.62,0.0,3969.1916,0.0,15382.9,15126.92,13350.4,52.76,TQQQ_100,"Bull trend confirmed: Price > SMA50 & SMA250, RSI 52.8",125874.62,1258.75,766.28,16583.62
2021-09-15,TQQQ_100,138885.23,0.0,3969.1916,0.0,15503.53,15141.26,13368.09,58.4,TQQQ_100,"Bull trend confirmed: Price > SMA50 & SMA250, RSI 58.4",128885.23,1288.85,773.07,16953.28
2021-09-16,TQQQ_100,139158.92,0.0,3969.1916,0.0,15515.91,15155.37,13386.4,58.94,TQQQ_100,"Bull trend confirmed: Price > SMA50 & SMA250, RSI 58.9",129158.92,1291.59,773.77,16986.89
2021-09-17,TQQQ_100,134241.91,0.0,3969.1916,0.0,15333.47,15167.59,13403.82,48.85,TQQQ_100,"Bull trend confirmed: Price > SMA50 & SMA250, RSI 48.9",124241.91,1242.42,763.5,16383.14
2021-09-20,TQQQ_100,125983.89,0.0,3969.1916,0.0,15012.19,15171.32,13419.12,36.88,TQQQ_100,Downside buffer hold: NDX 15012.2 above buffer (14990.8),115983.89,1159.84,745.4,15369.17
2021-09-21,TQQQ_100,126144.35,0.0,3969.1916,0.0,15027.77,15174.31,13435.9,37.68,TQQQ_100,Downside buffer hold: NDX 15027.8 above buffer (14988.8),116144.35,1161.44,746.28,15388.87
2021-09-22,TQQQ_100,129834.5,0.0,3969.1916,0.0,15176.51,15180.35,13453.02,44.84,TQQQ_100,Downside buffer hold: NDX 15176.5 above buffer (14988.5),119834.5,1198.34,754.66,15841.97
2021-09-23,TQQQ_100,133439.68,0.0,3969.1916,0.0,15316.58,15188.67,13469.68,50.6,TQQQ_100,"Bull trend confirmed: Price > SMA50 & SMA250, RSI 50.6",123439.68,1234.4,762.55,16284.64
2021-09-24,TQQQ_100,133817.16,0.0,3969.1916,0.0,15329.68,15199.37,13485.54,51.12,TQQQ_100,"Bull trend confirmed: Price > SMA50 & SMA250, RSI 51.1",123817.16,1238.17,763.28,16330.99
2021-09-27,TQQQ_100,130589.47,0.0,3969.1916,0.0,15204.82,15209.84,13501.07,46.18,TQQQ_100,Downside buffer hold: NDX 15204.8 above buffer (15003.1),120589.47,1205.89,756.25,15934.67
2021-09-28,CASH,119698.4,119698.4,0.0,0.0,14770.3,15214.27,13514.48,33.92,CASH,Downside breakdown: NDX 14770.3 broke below exit buffer (14986.2),109698.4,1096.98,731.78,14597.39
2021-09-29,CASH,119713.16,119713.16,0.0,0.0,14752.89,15214.76,13527.16,33.53,CASH,Downside breakdown: NDX 14752.9 broke below exit buffer (14981.8),109713.16,1097.13,730.8,14500.05
2021-09-30,CASH,119727.92,119727.92,0.0,0.0,14689.62,15211.7,13540.89,32.11,CASH,Downside breakdown: NDX 14689.6 broke below exit buffer (14981.3),109727.92,1097.28,727.24,14335.5
2021-10-01,CASH,119742.68,119742.68,0.0,0.0,14791.87,15208.74,13554.02,36.78,CASH,Downside breakdown: NDX 14791.9 broke below exit buffer (14973.7),109742.68,1097.43,733.0,14598.55
2021-10-04,CASH,119786.97,119786.97,0.0,0.0,14472.12,15195.94,13566.75,29.86,CASH,Downside breakdown: NDX 14472.1 broke below exit buffer (14944.3),109786.97,1097.87,714.99,13694.67
2021-10-05,CASH,119801.74,119801.74,0.0,0.0,14674.15,15186.91,13579.43,37.82,CASH,Downside breakdown: NDX 14674.2 broke below exit buffer (14928.9),109801.74,1098.02,726.37,14225.41
2021-10-06,CASH,119816.51,119816.51,0.0,0.0,14766.75,15183.1,13592.29,41.12,CASH,Downside breakdown: NDX 14766.8 broke below exit buffer (14917.4),109816.51,1098.17,731.58,14508.16
2021-10-07,CASH,119831.28,119831.28,0.0,0.0,14897.13,15180.68,13604.98,45.5,CASH,Downside breakdown: NDX 14897.1 broke below exit buffer (14913.6),109831.28,1098.31,738.93,14903.32
2021-10-08,CASH,119846.05,119846.05,0.0,0.0,14820.75,15176.13,13615.91,43.46,CASH,Downside breakdown: NDX 14820.8 broke below exit buffer (14935.5),109846.05,1098.46,734.62,14672.72
2021-10-11,CASH,119890.38,119890.38,0.0,0.0,14713.73,15171.21,13626.43,40.71,CASH,Downside breakdown: NDX 14713.7 broke below exit buffer (14927.3),109890.38,1098.9,728.6,14344.77
2021-10-12,CASH,119905.16,119905.16,0.0,0.0,14662.11,15165.18,13637.14,39.41,CASH,Downside breakdown: NDX 14662.1 broke below exit buffer (14925.1),109905.16,1099.05,725.69,14197.6
2021-10-13,CASH,119919.94,119919.94,0.0,0.0,14774.6,15159.44,13648.64,43.63,CASH,Downside breakdown: NDX 14774.6 broke below exit buffer (14922.4),109919.94,1099.2,732.02,14532.5
2021-10-14,CASH,119934.73,119934.73,0.0,0.0,15052.42,15158.82,13661.44,52.43,CASH,Holding cash,109934.73,1099.35,747.67,15340.2
2021-10-15,CASH,119949.51,119949.51,0.0,0.0,15146.92,15158.13,13675.49,55.01,CASH,Holding cash,109949.51,1099.5,752.99,15626.44
2021-10-18,CASH,119993.88,119993.88,0.0,0.0,15300.89,15161.96,13689.99,58.91,CASH,Re-entry buffer: NDX 15300.9 below threshold (15385.5),109993.88,1099.94,761.66,16098.07
2021-10-19,TQQQ_100,120008.67,0.0,3533.1989,0.0,15410.72,15167.51,13704.97,61.48,TQQQ_100,"Bull trend confirmed: Price > SMA50 & SMA250, RSI 61.5",110008.67,1100.09,767.85,16453.83
2021-10-20,TQQQ_100,119630.63,0.0,3533.1989,0.0,15388.71,15174.21,13719.87,60.66,TQQQ_100,"Bull trend confirmed: Price > SMA50 & SMA250, RSI 60.7",109630.63,1096.31,766.61,16401.69
2021-10-21,TQQQ_100,121772.89,0.0,3533.1989,0.0,15489.59,15183.45,13735.06,63.08,TQQQ_100,"Bull trend confirmed: Price > SMA50 & SMA250, RSI 63.1",111772.89,1117.73,772.29,16697.19
2021-10-22,TQQQ_100,118689.69,0.0,3533.1989,0.0,15355.07,15188.77,13750.46,57.96,TQQQ_100,"Bull trend confirmed: Price > SMA50 & SMA250, RSI 58.0",108689.69,1086.9,764.71,16271.89
2021-10-25,TQQQ_100,122251.7,0.0,3533.1989,0.0,15514.19,15196.32,13766.12,61.9,TQQQ_100,"Bull trend confirmed: Price > SMA50 & SMA250, RSI 61.9",112251.7,1122.52,773.67,16763.23
2021-10-26,TQQQ_100,123394.27,0.0,3533.1989,0.0,15559.49,15204.69,13783.79,62.97,TQQQ_100,"Bull trend confirmed: Price > SMA50 & SMA250, RSI 63.0",113394.27,1133.94,776.23,16920.84
2021-10-27,TQQQ_100,124368.78,0.0,3533.1989,0.0,15598.39,15216.61,13800.78,63.9,TQQQ_100,"Bull trend confirmed: Price > SMA50 & SMA250, RSI 63.9",114368.78,1143.69,778.42,17055.26
2021-10-28,TQQQ_100,128451.7,0.0,3533.1989,0.0,15778.16,15235.01,13819.68,67.93,TQQQ_100,"Bull trend confirmed: Price > SMA50 & SMA250, RSI 67.9",118451.7,1184.52,788.54,17618.45
2021-10-29,TQQQ_100,130350.29,0.0,3533.1989,0.0,15850.47,15253.34,13838.74,69.4,TQQQ_100,"Bull trend confirmed: Price > SMA50 & SMA250, RSI 69.4",120350.29,1203.5,792.61,17880.34
2021-11-01,TQQQ_100,131635.68,0.0,3533.1989,0.0,15905.28,15269.6,13857.24,70.51,TQQQ_100,"Bull trend confirmed: Price > SMA50 & SMA250, RSI 70.5",121635.68,1216.36,795.7,18057.65
2021-11-02,TQQQ_100,133391.48,0.0,3533.1989,0.0,15972.49,15282.79,13874.03,71.86,TQQQ_100,"Bull trend confirmed: Price > SMA50 & SMA250, RSI 71.9",123391.48,1233.91,799.48,18299.84
2021-11-03,TQQQ_30,137625.61,96337.92,1059.9597,0.0,16144.5,15298.52,13890.29,75.0,TQQQ_30,Overextended: RSI 75.0 >= 75,127625.61,1276.26,809.17,18883.89
2021-11-04,TQQQ_30,139177.39,96349.8,1059.9597,0.0,16346.24,15318.07,13907.31,78.1,TQQQ_30,Overextended: RSI 78.1 >= 75,129177.39,1291.77,820.53,19591.93
2021-11-05,TQQQ_30,139348.05,96361.68,1059.9597,0.0,16359.38,15339.69,13925.43,78.29,TQQQ_30,Overextended: RSI 78.3 >= 75,129348.05,1293.48,821.27,19664.94
2021-11-08,TQQQ_30,139207.27,96397.32,1059.9597,0.0,16336.03,15357.75,13944.27,77.02,TQQQ_30,Overextended: RSI 77.0 >= 75,129207.27,1292.07,819.96,19583.82
2021-11-09,TQQQ_30,138337.04,96409.21,1059.9597,0.0,16219.94,15370.05,13961.58,70.87,TQQQ_30,Trim lock active,128337.04,1283.37,813.42,19178.23
2021-11-10,TQQQ_30,136511.63,96421.09,1059.9597,0.0,15985.57,15378.11,13978.22,60.39,TQQQ_30,Trim lock active,126511.63,1265.12,800.22,18333.45
2021-11-11,TQQQ_30,136848.64,96432.98,1059.9597,0.0,16032.47,15386.53,13994.59,61.61,TQQQ_30,Trim lock active,126848.64,1268.49,802.86,18482.94
2021-11-12,TQQQ_30,138143.36,96444.87,1059.9597,0.0,16199.89,15398.44,14011.34,65.69,TQQQ_30,Trim lock active,128143.36,1281.43,812.29,19072.78
2021-11-15,TQQQ_30,138166.44,96480.54,1059.9597,0.0,16189.12,15409.16,14028.19,65.21,TQQQ_30,Trim lock active,128166.44,1281.66,811.68,19066.99
2021-11-16,TQQQ_30,139040.27,96492.44,1059.9597,0.0,16309.77,15421.84,14045.85,68.02,TQQQ_30,Trim lock active,129040.27,1290.4,818.48,19463.3
2021-11-17,TQQQ_30,139102.57,96504.33,1059.9597,0.0,16308.07,15435.59,14063.14,67.94,TQQQ_30,Trim lock active,129102.57,1291.03,818.38,19486.48
2021-11-18,TQQQ_30,140417.47,96516.23,1059.9597,0.0,16482.97,15454.03,14081.44,71.78,TQQQ_30,Trim lock active,130417.47,1304.17,828.23,20085.59
2021-11-19,TQQQ_30,141172.86,96528.13,1059.9597,0.0,16573.34,15476.68,14100.11,73.54,TQQQ_30,Trim lock active,131172.86,1311.73,833.32,20427.44
2021-11-22,TQQQ_30,139661.1,96563.83,1059.9597,0.0,16380.98,15495.61,14117.32,64.33,TQQQ_30,Trim lock active,129661.1,1296.61,822.49,19715.93
2021-11-23,TQQQ_30,139085.77,96575.74,1059.9597,0.0,16306.72,15514.09,14133.94,61.15,TQQQ_30,Trim lock active,129085.77,1290.86,818.31,19445.92
2021-11-24,TQQQ_30,139490.84,96587.64,1059.9597,0.0,16367.81,15531.37,14150.37,62.78,TQQQ_30,Trim lock active,129490.84,1294.91,821.75,19626.7
2021-11-26,TQQQ_30,137148.09,96611.46,1059.9597,0.0,16025.58,15541.56,14165.4,50.09,TQQQ_30,Trim lock active,127148.09,1271.48,802.47,18538.56
2021-11-29,TQQQ_30,139701.61,96647.19,1059.9597,0.0,16399.24,15562.88,14181.18,59.68,TQQQ_30,Trim lock active,129701.61,1297.02,823.52,19696.23
2021-11-30,TQQQ_30,137863.62,96659.11,1059.9597,0.0,16135.92,15585.35,14195.9,52.09,TQQQ_30,Trim lock active,127863.62,1278.64,808.69,18845.65
2021-12-01,TQQQ_30,135761.0,96671.02,1059.9597,0.0,15877.72,15602.35,14209.54,45.92,TQQQ_30,Trim lock active,125761.0,1257.61,794.15,17873.39
2021-12-02,TQQQ_30,136508.84,96682.94,1059.9597,0.0,15990.76,15618.64,14223.39,48.78,TQQQ_30,Trim lock active,126508.84,1265.09,800.51,18211.77
2021-12-03,TQQQ_30,134519.65,96694.86,1059.9597,0.0,15712.04,15626.55,14235.85,42.77,TQQQ_30,Trim lock active,124519.65,1245.2,784.82,17291.66
2021-12-06,TQQQ_30,135440.02,96730.63,1059.9597,0.0,15846.16,15636.88,14248.69,46.21,TQQQ_30,Trim lock active,125440.02,1254.4,792.37,17698.4
2021-12-07,TQQQ_30,138942.58,96742.55,1059.9597,0.0,16325.66,15659.29,14264.54,56.3,TQQQ_30,Trim lock active,128942.58,1289.43,819.37,19303.38
2021-12-08,TQQQ_30,139541.75,96754.48,1059.9597,0.0,16394.34,15691.77,14280.51,57.53,TQQQ_30,Trim lock active,129541.75,1295.42,823.24,19573.39
2021-12-09,TQQQ_30,137706.28,96766.41,1059.9597,0.0,16149.57,15719.71,14295.6,51.92,TQQQ_30,Trim lock active,127706.28,1277.06,809.46,18723.97
2021-12-10,TQQQ_30,138985.94,96778.34,1059.9597,0.0,16331.98,15752.56,14311.08,55.41,TQQQ_30,Trim lock active,128985.94,1289.86,819.73,19306.86
2021-12-13,TQQQ_30,137207.11,96814.13,1059.9597,0.0,16082.55,15778.37,14325.03,50.06,TQQQ_30,Trim lock active,127207.11,1272.07,805.68,18472.51
2021-12-14,TQQQ_30,136016.85,96826.07,1059.9597,0.0,15914.9,15807.22,14338.02,46.79,TQQQ_30,Trim lock active,126016.85,1260.17,796.24,17919.75
2021-12-15,TQQQ_30,138622.18,96838.01,1059.9597,0.0,16289.59,15839.53,14352.17,54.02,TQQQ_30,Trim lock active,128622.18,1286.22,817.34,19112.18
2021-12-16,TQQQ_30,135445.93,96849.94,1059.9597,0.0,15863.94,15861.48,14364.67,46.32,TQQQ_30,Trim lock active,125445.93,1254.46,793.37,17646.26
2021-12-17,TQQQ_30,134868.13,96861.88,1059.9597,0.0,15801.46,15879.56,14377.11,45.3,TQQQ_30,Downside buffer hold: NDX 15801.5 above buffer (15505.9),124868.13,1248.68,789.85,17375.1
2021-12-20,TQQQ_30,133767.29,96897.71,1059.9597,0.0,15627.64,15895.7,14388.75,42.5,TQQQ_30,Downside buffer hold: NDX 15627.6 above buffer (15528.3),123767.29,1237.67,780.06,16852.47
2021-12-21,TQQQ_30,136244.11,96909.66,1059.9597,0.0,15986.28,15921.15,14402.09,49.45,TQQQ_30,Trim lock active,126244.11,1262.44,800.26,17985.8
2021-12-22,TQQQ_30,137659.86,96921.6,1059.9597,0.0,16180.14,15951.51,14415.96,52.78,TQQQ_30,Trim lock active,127659.86,1276.6,811.18,18631.27
2021-12-23,TQQQ_30,138639.6,96933.55,1059.9597,0.0,16308.21,15982.19,14429.84,54.89,TQQQ_30,Trim lock active,128639.6,1286.4,818.39,19076.25
2021-12-27,TQQQ_30,140680.97,96981.36,1059.9597,0.0,16567.5,16012.49,14444.74,58.89,TQQQ_30,Trim lock active,130680.97,1306.81,832.99,19992.89
2021-12-28,TQQQ_30,140178.79,96993.31,1059.9597,0.0,16488.66,16039.32,14459.31,57.23,TQQQ_30,Trim lock active,130178.79,1301.79,828.55,19756.49
2021-12-29,TQQQ_30,140122.7,97005.27,1059.9597,0.0,16491.01,16063.12,14473.72,57.27,TQQQ_30,Trim lock active,130122.7,1301.23,828.68,19725.2
2021-12-30,TQQQ_30,139731.4,97017.23,1059.9597,0.0,16429.1,16083.49,14488.66,55.83,TQQQ_30,Trim lock active,129731.4,1297.31,825.2,19539.78
2021-12-31,TQQQ_30,138949.47,97029.19,1059.9597,0.0,16320.08,16102.12,14502.73,53.3,TQQQ_30,Trim lock active,128949.47,1289.49,819.06,19174.75
2022-01-03,TQQQ_30,140195.12,97065.08,1059.9597,0.0,16501.77,16122.36,14518.24,56.81,TQQQ_30,Trim lock active,130195.12,1301.95,829.29,19731.0
2022-01-04,TQQQ_30,138531.07,97077.05,1059.9597,0.0,16279.73,16140.86,14531.6,51.69,TQQQ_30,Trim lock active,128531.07,1285.31,816.79,18960.37
2022-01-05,CASH,134729.81,134729.81,0.0,0.0,15771.78,16146.01,14542.27,42.3,CASH,Downside breakdown: NDX 15771.8 broke below exit buffer (15870.0),124729.81,1247.3,788.18,17207.07
2022-01-06,CASH,134746.42,134746.42,0.0,0.0,15765.36,16150.13,14553.72,42.19,CASH,Downside breakdown: NDX 15765.4 broke below exit buffer (15891.7),124746.42,1247.46,787.82,17159.56
2022-01-07,CASH,134763.03,134763.03,0.0,0.0,15592.19,16150.0,14564.52,39.37,CASH,Downside breakdown: NDX 15592.2 broke below exit buffer (15890.7),124763.03,1247.63,778.07,16595.21
2022-01-10,CASH,134812.87,134812.87,0.0,0.0,15614.43,16146.73,14575.09,39.93,CASH,Downside breakdown: NDX 15614.4 broke below exit buffer (15875.3),124812.87,1248.13,779.32,16656.63
2022-01-11,CASH,134829.49,134829.49,0.0,0.0,15844.12,16146.6,14586.87,45.48,CASH,Downside breakdown: NDX 15844.1 broke below exit buffer (15877.2),124829.49,1248.29,792.25,17393.64
2022-01-12,CASH,134846.12,134846.12,0.0,0.0,15905.1,16146.6,14599.27,46.89,CASH,Holding cash,124846.12,1248.46,795.69,17592.96
2022-01-13,CASH,134862.74,134862.74,0.0,0.0,15495.62,16137.06,14609.27,39.52,CASH,Downside breakdown: NDX 15495.6 broke below exit buffer (15845.9),124862.74,1248.63,772.63,16308.98
2022-01-14,CASH,134879.37,134879.37,0.0,0.0,15611.59,16126.4,14618.53,42.29,CASH,Downside breakdown: NDX 15611.6 broke below exit buffer (15838.0),124879.37,1248.79,779.16,16556.97
2022-01-18,CASH,134945.88,134945.88,0.0,0.0,15210.76,16103.69,14625.75,36.14,CASH,Downside breakdown: NDX 15210.8 broke below exit buffer (15795.3),124945.88,1249.46,756.59,15356.42
2022-01-19,CASH,134962.52,134962.52,0.0,0.0,15047.84,16077.46,14632.48,33.98,CASH,Downside breakdown: NDX 15047.8 broke below exit buffer (15755.5),124962.52,1249.63,747.41,14818.73
2022-01-20,CASH,134979.16,134979.16,0.0,0.0,14846.46,16047.67,14637.93,31.47,CASH,Downside breakdown: NDX 14846.5 broke below exit buffer (15699.9),124979.16,1249.79,736.07,14241.63
2022-01-21,CASH,134995.8,134995.8,0.0,0.0,14438.4,16012.04,14641.72,27.1,CASH,"Bear trend, RSI 27.1 oversold",124995.8,1249.96,713.09,13034.14
2022-01-24,CASH,135045.73,135045.73,0.0,0.0,14509.58,15982.52,14647.31,28.95,CASH,"Bear trend, RSI 29.0 oversold",125045.73,1250.46,717.1,13224.18
2022-01-25,CASH,135062.38,135062.38,0.0,0.0,14149.12,15944.85,14651.1,25.43,CASH,"Bear trend, RSI 25.4 oversold",125062.38,1250.62,696.8,12241.5
2022-01-26,CASH,135079.03,135079.03,0.0,0.0,14172.76,15904.31,14656.09,26.07,CASH,"Bear trend, RSI 26.1 oversold",125079.03,1250.79,698.13,12218.32
2022-01-27,CASH,135095.69,135095.69,0.0,0.0,14003.11,15860.59,14659.11,24.46,CASH,"Bear trend, RSI 24.5 oversold",125095.69,1250.96,688.58,11849.81
2022-01-28,SQQQ,135112.34,0.0,0.0,167.1261,14454.61,15823.49,14663.1,35.82,SQQQ,"Bear signal: Price below SMAs, RSI 35.8 in SQQQ zone",125112.34,1251.12,714.0,12964.6
2022-01-31,CASH,122228.91,122228.91,0.0,0.0,14930.05,15795.92,14669.21,45.17,CASH,Downside breakdown: NDX 14930.0 broke below exit buffer (15334.6),112228.91,1122.29,740.78,14230.04
2022-02-01,CASH,122243.98,122243.98,0.0,0.0,15019.68,15766.66,14675.05,46.75,CASH,Downside breakdown: NDX 15019.7 broke below exit buffer (15310.1),112243.98,1122.44,745.83,14503.53
2022-02-02,CASH,122259.05,122259.05,0.0,0.0,15139.74,15737.99,14681.19,48.86,CASH,Downside breakdown: NDX 15139.7 broke below exit buffer (15279.0),112259.05,1122.59,752.59,14848.86
2022-02-03,SQQQ,122274.12,0.0,0.0,156.3935,14501.11,15700.39,14684.41,39.79,SQQQ,"Bear signal: Price below SMAs, RSI 39.8 in SQQQ zone",112274.12,1122.74,716.62,13050.36
2022-02-04,CASH,117959.64,117959.64,0.0,0.0,14694.35,15668.14,14688.44,43.23,CASH,Downside breakdown: NDX 14694.3 broke below exit buffer (15187.4),107959.64,1079.6,727.51,13504.62
2022-02-07,SQQQ,118003.27,0.0,0.0,153.2316,14571.25,15632.21,14692.11,41.6,SQQQ,"Bear signal: Price below SMAs, RSI 41.6 in SQQQ zone",108003.27,1080.03,720.57,13196.37
2022-02-08,CASH,114165.76,114165.76,0.0,0.0,14747.03,15606.64,14696.16,44.8,CASH,Downside breakdown: NDX 14747.0 broke below exit buffer (15139.0),104165.76,1041.66,730.47,13648.31
2022-02-09,CASH,114179.84,114179.84,0.0,0.0,15056.96,15579.79,14701.16,49.99,CASH,Downside breakdown: NDX 15057.0 broke below exit buffer (15126.7),104179.84,1041.8,747.93,14501.21
2022-02-10,CASH,114193.91,114193.91,0.0,0.0,14705.64,15551.19,14704.88,44.84,CASH,Downside breakdown: NDX 14705.6 broke below exit buffer (15099.2),104193.91,1041.94,728.14,13532.43
2022-02-11,SQQQ,114207.99,0.0,0.0,140.2504,14253.84,15518.71,14707.1,39.24,SQQQ,"Bear signal: Price below SMAs, RSI 39.2 in SQQQ zone",104207.99,1042.08,702.7,12248.45
2022-02-14,SQQQ,113933.59,0.0,0.0,140.2504,14268.59,15484.27,14709.62,39.5,SQQQ,"Bear signal: Price below SMAs, RSI 39.5 in SQQQ zone",103933.59,1039.34,703.53,12283.22
2022-02-15,SQQQ,105509.31,0.0,0.0,140.2504,14620.82,15462.44,14713.78,45.62,SQQQ,"Bear signal: Price below SMAs, RSI 45.6 in SQQQ zone",95509.31,955.09,723.36,13180.15
2022-02-16,SQQQ,105591.64,0.0,0.0,140.2504,14603.64,15437.59,14719.3,45.38,SQQQ,"Bear signal: Price below SMAs, RSI 45.4 in SQQQ zone",95591.64,955.92,722.4,13177.83
2022-02-17,SQQQ,114948.91,0.0,0.0,140.2504,14171.74,15394.51,14723.21,39.7,SQQQ,"Bear signal: Price below SMAs, RSI 39.7 in SQQQ zone",104948.91,1049.49,698.08,12000.46
2022-02-18,SQQQ,118790.61,0.0,0.0,140.2504,14009.54,15346.82,14726.04,37.79,SQQQ,"Bear signal: Price below SMAs, RSI 37.8 in SQQQ zone",108790.61,1087.91,688.94,11590.24
2022-02-22,SQQQ,122385.32,0.0,0.0,140.2504,13870.53,15301.24,14730.21,36.18,SQQQ,"Bear signal: Price below SMAs, RSI 36.2 in SQQQ zone",112385.32,1123.85,681.11,11228.68
2022-02-23,CASH,131742.56,131742.56,0.0,0.0,13509.43,15244.79,14732.61,32.33,CASH,"Bear trend, RSI 32.3 outside SQQQ zone",121742.56,1217.43,660.78,10361.88
2022-02-24,SQQQ,131758.8,0.0,0.0,155.4536,13974.67,15202.63,14735.38,41.04,SQQQ,"Bear signal: Price below SMAs, RSI 41.0 in SQQQ zone",121758.8,1217.59,686.98,11386.28
2022-02-25,SQQQ,125219.52,0.0,0.0,155.4536,14189.16,15168.11,14739.89,44.58,SQQQ,"Bear signal: Price below SMAs, RSI 44.6 in SQQQ zone",115219.52,1152.2,699.06,11930.93
2022-02-28,SQQQ,123881.26,0.0,0.0,155.4536,14237.81,15127.08,14746.11,45.38,SQQQ,"Bear signal: Price below SMAs, RSI 45.4 in SQQQ zone",113881.26,1138.81,701.8,12058.4
2022-03-01,SQQQ,129720.99,0.0,0.0,155.4536,14005.99,15089.92,14752.28,42.24,SQQQ,"Bear signal: Price below SMAs, RSI 42.2 in SQQQ zone",119720.99,1197.21,688.74,11497.53
2022-03-02,SQQQ,123425.02,0.0,0.0,155.4536,14243.69,15058.76,14758.58,46.34,SQQQ,"Bear signal: Price below SMAs, RSI 46.3 in SQQQ zone",113425.02,1134.25,702.13,12051.45
2022-03-03,SQQQ,128565.19,0.0,0.0,155.4536,14035.21,15026.92,14765.52,43.43,SQQQ,"Bear signal: Price below SMAs, RSI 43.4 in SQQQ zone",118565.19,1185.65,690.39,11543.88
2022-03-04,SQQQ,134161.58,0.0,0.0,155.4536,13837.83,14983.95,14769.7,40.82,SQQQ,"Bear signal: Price below SMAs, RSI 40.8 in SQQQ zone",124161.58,1241.62,679.27,11045.59
2022-03-07,CASH,149065.04,149065.04,0.0,0.0,13319.38,14926.73,14771.97,34.89,CASH,"Bear trend, RSI 34.9 outside SQQQ zone",139065.04,1390.65,650.07,9801.01
2022-03-08,CASH,149083.42,149083.42,0.0,0.0,13267.61,14865.92,14772.83,34.35,CASH,"Bear trend, RSI 34.4 outside SQQQ zone",139083.42,1390.83,647.16,9664.27
2022-03-09,SQQQ,149101.8,0.0,0.0,171.7912,13742.2,14809.41,14776.05,43.01,SQQQ,"Bear signal: Price below SMAs, RSI 43.0 in SQQQ zone",139101.8,1391.02,673.89,10709.53
2022-03-10,SQQQ,153841.04,0.0,0.0,171.7912,13591.0,14751.46,14778.08,41.15,SQQQ,"Bear signal: Price below SMAs, RSI 41.1 in SQQQ zone",143841.04,1438.41,665.37,10361.88
2022-03-11,SQQQ,163151.53,0.0,0.0,171.7912,13301.83,14687.68,14778.68,37.78,SQQQ,"Bear signal: Price below SMAs, RSI 37.8 in SQQQ zone",153151.53,1531.52,649.09,9712.94
2022-03-14,SQQQ,172730.9,0.0,0.0,171.7912,13046.64,14620.03,14778.05,35.05,SQQQ,"Bear signal: Price below SMAs, RSI 35.1 in SQQQ zone",162730.9,1627.31,634.72,9138.16
2022-03-15,SQQQ,156765.27,0.0,0.0,171.7912,13458.56,14562.8,14780.73,42.29,SQQQ,"Bear signal: Price below SMAs, RSI 42.3 in SQQQ zone",146765.27,1467.65,657.91,9993.37
2022-03-16,SQQQ,139085.49,0.0,0.0,171.7912,13956.79,14511.9,14785.09,49.61,SQQQ,"Bear signal: Price below SMAs, RSI 49.6 in SQQQ zone",129085.49,1290.85,685.97,11126.71
2022-03-17,SQQQ,134178.17,0.0,0.0,171.7912,14118.6,14468.67,14789.22,51.75,SQQQ,"Bear signal: Price below SMAs, RSI 51.7 in SQQQ zone",124178.17,1241.78,695.08,11502.17
2022-03-18,CASH,126010.53,126010.53,0.0,0.0,14420.08,14441.64,14794.83,55.54,CASH,"Bear trend, RSI 55.5 outside SQQQ zone",116010.53,1160.11,712.06,12222.96
2022-03-21,SQQQ,126057.14,0.0,0.0,170.7163,14376.09,14413.86,14801.14,54.86,SQQQ,"Bear signal: Price below SMAs, RSI 54.9 in SQQQ zone",116057.14,1160.57,709.58,12134.89
2022-03-22,CASH,118675.42,118675.42,0.0,0.0,14654.33,14395.1,14808.63,58.32,CASH,Re-entry buffer in bear regime,108675.42,1086.75,725.25,12857.99
2022-03-23,CASH,118690.05,118690.05,0.0,0.0,14447.55,14371.76,14814.51,54.95,CASH,Re-entry buffer in bear regime,108690.05,1086.9,713.61,12311.03
2022-03-24,TQQQ_30,118704.68,83093.28,1313.3113,0.0,14765.69,14350.19,14821.71,58.89,TQQQ_30,"Recovery above SMA50, RSI 58.9 >= 50",108704.68,1087.05,731.52,13115.25
2022-03-25,TQQQ_30,118658.72,83103.52,1313.3113,0.0,14754.31,14327.18,14829.14,58.69,TQQQ_30,"Recovery above SMA50, RSI 58.7 >= 50",108658.72,1086.59,730.88,13094.39
2022-03-28,TQQQ_100,120307.03,0.0,4250.4391,0.0,14987.4,14317.01,14836.72,61.54,TQQQ_100,"Bull trend confirmed: Price > SMA50 & SMA250, RSI 61.5",110307.03,1103.07,744.01,13694.67
2022-03-29,TQQQ_100,126471.94,0.0,4250.4391,0.0,15239.32,14309.57,14844.36,64.39,TQQQ_100,"Bull trend confirmed: Price > SMA50 & SMA250, RSI 64.4",116471.94,1164.72,758.2,14401.55
2022-03-30,TQQQ_100,122671.94,0.0,4250.4391,0.0,15071.55,14306.78,14850.25,61.14,TQQQ_100,"Bull trend confirmed: Price > SMA50 & SMA250, RSI 61.1",112671.94,1126.72,748.75,13965.83
2022-03-31,TQQQ_30,117598.49,82318.94,1275.1317,0.0,14838.49,14302.6,14855.29,56.84,TQQQ_30,"Recovery above SMA50, RSI 56.8 >= 50",107598.49,1075.98,735.62,13384.1
2022-04-01,TQQQ_100,117457.04,0.0,4263.6476,0.0,14861.21,14302.89,14860.27,57.15,TQQQ_100,"Bull trend confirmed: Price > SMA50 & SMA250, RSI 57.2",107457.04,1074.57,736.9,13326.16
2022-04-04,TQQQ_100,124796.86,0.0,4263.6476,0.0,15159.58,14317.31,14865.88,61.18,TQQQ_100,"Bull trend confirmed: Price > SMA50 & SMA250, RSI 61.2",114796.86,1147.97,753.7,14165.15
2022-04-05,TQQQ_30,116544.65,81581.25,1279.0943,0.0,14820.64,14323.53,14869.78,54.87,TQQQ_30,"Recovery above SMA50, RSI 54.9 >= 50",106544.65,1065.45,734.62,13221.87
2022-04-06,CASH,114255.44,114255.44,0.0,0.0,14498.89,14330.53,14872.5,49.64,CASH,Awaiting RSI confirmation above SMA50,104255.44,1042.55,716.5,12345.79
2022-04-07,CASH,114269.53,114269.53,0.0,0.0,14531.81,14337.71,14874.68,50.17,CASH,Re-entry buffer in bear regime,104269.53,1042.7,718.35,12426.91
2022-04-08,SQQQ,114283.62,0.0,0.0,157.0184,14327.26,14344.19,14876.77,46.9,SQQQ,"Bear signal: Price below SMAs, RSI 46.9 in SQQQ zone",104283.62,1042.84,706.83,11914.71
2022-04-11,SQQQ,122394.07,0.0,0.0,157.0184,13990.21,14334.91,14876.63,42.05,SQQQ,"Bear signal: Price below SMAs, RSI 42.1 in SQQQ zone",112394.07,1123.94,687.85,11061.81
2022-04-12,SQQQ,124083.76,0.0,0.0,157.0184,13940.24,14315.11,14876.22,41.37,SQQQ,"Bear signal: Price below SMAs, RSI 41.4 in SQQQ zone",114083.76,1140.84,685.04,10918.12
2022-04-13,SQQQ,116618.45,0.0,0.0,157.0184,14217.29,14299.06,14877.46,46.55,SQQQ,"Bear signal: Price below SMAs, RSI 46.6 in SQQQ zone",106618.45,1066.18,700.64,11578.65
2022-04-14,SQQQ,124544.58,0.0,0.0,157.0184,13893.21,14274.13,14877.8,41.89,SQQQ,"Bear signal: Price below SMAs, RSI 41.9 in SQQQ zone",114544.58,1145.45,682.39,10792.97
2022-04-18,SQQQ,124053.03,0.0,0.0,157.0184,13910.76,14262.32,14877.7,42.23,SQQQ,"Bear signal: Price below SMAs, RSI 42.2 in SQQQ zone",114053.03,1140.53,683.38,10823.1
2022-04-19,SQQQ,116034.75,0.0,0.0,157.0184,14210.26,14252.64,14879.49,47.8,SQQQ,"Bear signal: Price below SMAs, RSI 47.8 in SQQQ zone",106034.75,1060.35,700.24,11525.34
2022-04-20,SQQQ,121165.21,0.0,0.0,157.0184,13998.53,14241.19,14879.72,44.53,SQQQ,"Bear signal: Price below SMAs, RSI 44.5 in SQQQ zone",111165.21,1111.65,688.32,11001.56
2022-04-21,SQQQ,128415.46,0.0,0.0,157.0184,13720.45,14220.66,14878.5,40.6,SQQQ,"Bear signal: Price below SMAs, RSI 40.6 in SQQQ zone",118415.46,1184.15,672.66,10350.29
2022-04-22,SQQQ,138676.4,0.0,0.0,157.0184,13356.87,14186.66,14876.08,36.11,SQQQ,"Bear signal: Price below SMAs, RSI 36.1 in SQQQ zone",128676.4,1286.76,652.19,9520.57
2022-04-25,SQQQ,133269.45,0.0,0.0,157.0184,13533.22,14163.21,14874.61,39.6,SQQQ,"Bear signal: Price below SMAs, RSI 39.6 in SQQQ zone",123269.45,1232.69,662.12,9877.49
2022-04-26,CASH,148077.17,148077.17,0.0,0.0,13009.71,14138.32,14870.77,33.72,CASH,"Bear trend, RSI 33.7 outside SQQQ zone",138077.17,1380.77,632.64,8755.75
2022-04-27,CASH,148095.43,148095.43,0.0,0.0,13003.36,14113.02,14867.34,33.65,CASH,"Bear trend, RSI 33.7 outside SQQQ zone",138095.43,1380.95,632.28,8716.35
2022-04-28,SQQQ,148113.69,0.0,0.0,174.6287,13456.06,14089.72,14865.96,42.24,SQQQ,"Bear signal: Price below SMAs, RSI 42.2 in SQQQ zone",138113.69,1381.14,657.77,9648.05
2022-04-29,SQQQ,167520.47,0.0,0.0,174.6287,12854.8,14054.75,14863.2,35.64,SQQQ,"Bear signal: Price below SMAs, RSI 35.6 in SQQQ zone",157520.47,1575.2,623.91,8366.38
2022-05-02,SQQQ,159354.6,0.0,0.0,174.6287,13075.85,14032.83,14861.49,39.39,SQQQ,"Bear signal: Price below SMAs, RSI 39.4 in SQQQ zone",149354.6,1493.55,636.36,8765.02
2022-05-03,SQQQ,158978.74,0.0,0.0,174.6287,13089.9,14014.44,14859.4,39.63,SQQQ,"Bear signal: Price below SMAs, RSI 39.6 in SQQQ zone",148978.74,1489.79,637.15,8785.88
2022-05-04,SQQQ,142783.64,0.0,0.0,174.6287,13535.71,14007.74,14858.66,46.84,SQQQ,"Bear signal: Price below SMAs, RSI 46.8 in SQQQ zone",132783.64,1327.84,662.26,9666.59
2022-05-05,SQQQ,163830.46,0.0,0.0,174.6287,12850.55,13994.56,14856.63,39.11,SQQQ,"Bear signal: Price below SMAs, RSI 39.1 in SQQQ zone",153830.46,1538.3,623.67,8211.1
2022-05-06,SQQQ,170185.49,0.0,0.0,174.6287,12693.53,13968.94,14854.0,37.58,SQQQ,"Bear signal: Price below SMAs, RSI 37.6 in SQQQ zone",160185.49,1601.85,614.83,7921.39
2022-05-09,CASH,190002.33,190002.33,0.0,0.0,12187.72,13928.91,14850.74,33.08,CASH,"Bear trend, RSI 33.1 outside SQQQ zone",180002.33,1800.02,586.35,6973.47
2022-05-10,SQQQ,190025.76,0.0,0.0,181.0307,12345.86,13891.07,14847.69,35.67,SQQQ,"Bear signal: Price below SMAs, RSI 35.7 in SQQQ zone",180025.76,1800.26,595.25,7216.83
2022-05-11,CASH,206956.24,206956.24,0.0,0.0,11967.56,13850.3,14841.99,32.44,CASH,"Bear trend, RSI 32.4 outside SQQQ zone",196956.24,1969.56,573.95,6565.57
2022-05-12,CASH,206981.75,206981.75,0.0,0.0,11945.5,13804.34,14836.52,32.26,CASH,"Bear trend, RSI 32.3 outside SQQQ zone",196981.75,1969.82,572.71,6512.26
2022-05-13,SQQQ,207007.27,0.0,0.0,201.7588,12387.4,13771.38,14833.19,39.63,SQQQ,"Bear signal: Price below SMAs, RSI 39.6 in SQQQ zone",197007.27,1970.07,597.59,7230.73
2022-05-16,SQQQ,213362.72,0.0,0.0,201.7588,12243.58,13739.5,14829.22,38.17,SQQQ,"Bear signal: Price below SMAs, RSI 38.2 in SQQQ zone",203362.72,2033.63,589.49,7003.6
2022-05-17,SQQQ,197177.97,0.0,0.0,201.7588,12564.1,13724.39,14825.5,43.18,SQQQ,"Bear signal: Price below SMAs, RSI 43.2 in SQQQ zone",187177.97,1871.78,607.54,7538.98
2022-05-18,SQQQ,225836.82,0.0,0.0,201.7588,11928.31,13697.61,14819.56,36.81,SQQQ,"Bear signal: Price below SMAs, RSI 36.8 in SQQQ zone",215836.82,2158.37,571.74,6424.19
2022-05-19,SQQQ,229981.74,0.0,0.0,201.7588,11875.63,13660.28,14812.5,36.33,SQQQ,"Bear signal: Price below SMAs, RSI 36.3 in SQQQ zone",219981.74,2199.82,568.77,6292.09
2022-05-20,SQQQ,231837.05,0.0,0.0,201.7588,11835.62,13625.17,14805.21,35.95,SQQQ,"Bear signal: Price below SMAs, RSI 36.0 in SQQQ zone",221837.05,2218.37,566.52,6236.46
2022-05-23,SQQQ,220310.35,0.0,0.0,201.7588,12034.28,13599.82,14798.54,39.36,SQQQ,"Bear signal: Price below SMAs, RSI 39.4 in SQQQ zone",210310.35,2103.1,577.71,6549.34
2022-05-24,SQQQ,234245.05,0.0,0.0,201.7588,11769.84,13574.28,14790.98,36.57,SQQQ,"Bear signal: Price below SMAs, RSI 36.6 in SQQQ zone",224245.05,2242.45,562.81,6134.48
2022-05-25,SQQQ,224613.11,0.0,0.0,201.7588,11943.93,13543.99,14784.01,39.61,SQQQ,"Bear signal: Price below SMAs, RSI 39.6 in SQQQ zone",214613.11,2146.13,572.62,6384.79
2022-05-26,SQQQ,205901.96,0.0,0.0,201.7588,12276.79,13510.39,14778.5,45.03,SQQQ,"Bear signal: Price below SMAs, RSI 45.0 in SQQQ zone",195901.96,1959.02,591.36,6927.12
2022-05-27,SQQQ,185572.3,0.0,0.0,201.7588,12681.42,13481.64,14774.53,50.81,SQQQ,"Bear signal: Price below SMAs, RSI 50.8 in SQQQ zone",175572.3,1755.72,614.15,7615.46
2022-05-31,SQQQ,186756.55,0.0,0.0,201.7588,12642.1,13446.09,14770.98,50.25,SQQQ,"Bear signal: Price below SMAs, RSI 50.3 in SQQQ zone",176756.55,1767.57,611.93,7559.84
2022-06-01,SQQQ,191454.08,0.0,0.0,201.7588,12548.36,13409.53,14766.09,48.89,SQQQ,"Bear signal: Price below SMAs, RSI 48.9 in SQQQ zone",181454.08,1814.54,606.66,7381.38
2022-06-02,SQQQ,175664.05,0.0,0.0,201.7588,12892.89,13374.3,14762.45,53.85,SQQQ,"Bear signal: Price below SMAs, RSI 53.9 in SQQQ zone",165664.05,1656.64,626.06,7988.61
2022-06-03,SQQQ,189322.46,0.0,0.0,201.7588,12548.03,13336.31,14757.39,48.75,SQQQ,"Bear signal: Price below SMAs, RSI 48.7 in SQQQ zone",179322.46,1793.22,606.64,7348.93
2022-06-06,SQQQ,187309.23,0.0,0.0,201.7588,12599.63,13292.99,14752.53,49.52,SQQQ,"Bear signal: Price below SMAs, RSI 49.5 in SQQQ zone",177309.23,1773.09,609.54,7441.64
2022-06-07,SQQQ,182572.2,0.0,0.0,201.7588,12711.68,13252.14,14747.54,51.23,SQQQ,"Bear signal: Price below SMAs, RSI 51.2 in SQQQ zone",172572.2,1725.72,615.85,7624.74
2022-06-08,SQQQ,186322.32,0.0,0.0,201.7588,12615.13,13204.69,14742.01,49.67,SQQQ,"Bear signal: Price below SMAs, RSI 49.7 in SQQQ zone",176322.32,1763.22,610.42,7467.14
2022-06-09,SQQQ,201441.3,0.0,0.0,201.7588,12269.78,13145.3,14734.57,44.44,SQQQ,"Bear signal: Price below SMAs, RSI 44.4 in SQQQ zone",191441.3,1914.41,590.97,6850.64
2022-06-10,SQQQ,223113.07,0.0,0.0,201.7588,11832.82,13080.53,14725.78,38.86,SQQQ,"Bear signal: Price below SMAs, RSI 38.9 in SQQQ zone",213113.07,2131.13,566.36,6108.99
2022-06-13,CASH,253469.42,253469.42,0.0,0.0,11288.32,13009.52,14715.0,33.26,CASH,"Bear trend, RSI 33.3 outside SQQQ zone",243469.42,2434.69,535.7,5249.14
2022-06-14,CASH,253500.67,253500.67,0.0,0.0,11311.69,12938.53,14703.59,33.7,CASH,"Bear trend, RSI 33.7 outside SQQQ zone",243500.67,2435.01,537.01,5283.91
2022-06-15,SQQQ,253531.92,0.0,0.0,218.9982,11593.77,12867.22,14693.77,38.95,SQQQ,"Bear signal: Price below SMAs, RSI 39.0 in SQQQ zone",243531.92,2435.32,552.9,5670.95
2022-06-16,CASH,283182.76,283182.76,0.0,0.0,11127.57,12793.36,14681.73,34.14,CASH,"Bear trend, RSI 34.1 outside SQQQ zone",273182.76,2731.83,526.64,4966.39
2022-06-17,SQQQ,283217.67,0.0,0.0,226.3192,11265.99,12728.7,14669.71,36.64,SQQQ,"Bear signal: Price below SMAs, RSI 36.6 in SQQQ zone",273217.67,2732.18,534.44,5154.12
2022-06-21,SQQQ,262051.68,0.0,0.0,226.3192,11546.76,12669.0,14658.81,41.5,SQQQ,"Bear signal: Price below SMAs, RSI 41.5 in SQQQ zone",252051.68,2520.52,550.25,5550.44
2022-06-22,SQQQ,262981.55,0.0,0.0,226.3192,11527.71,12613.01,14647.45,41.27,SQQQ,"Bear signal: Price below SMAs, RSI 41.3 in SQQQ zone",252981.55,2529.82,549.18,5529.58
2022-06-23,SQQQ,251734.27,0.0,0.0,226.3192,11697.68,12567.15,14636.86,44.25,SQQQ,"Bear signal: Price below SMAs, RSI 44.3 in SQQQ zone",241734.27,2417.34,558.75,5770.61
2022-06-24,SQQQ,225874.56,0.0,0.0,226.3192,12105.85,12530.47,14627.19,50.73,SQQQ,"Bear signal: Price below SMAs, RSI 50.7 in SQQQ zone",215874.56,2158.75,581.74,6384.79
2022-06-27,SQQQ,230258.31,0.0,0.0,226.3192,12008.24,12486.29,14616.93,49.25,SQQQ,"Bear signal: Price below SMAs, RSI 49.3 in SQQQ zone",220258.31,2202.58,576.24,6231.83
2022-06-28,SQQQ,251380.12,0.0,0.0,226.3192,11637.77,12441.18,14605.26,44.03,SQQQ,"Bear signal: Price below SMAs, RSI 44.0 in SQQQ zone",241380.12,2413.8,555.38,5654.73
2022-06-29,SQQQ,250848.69,0.0,0.0,226.3192,11658.26,12396.13,14593.65,44.38,SQQQ,"Bear signal: Price below SMAs, RSI 44.4 in SQQQ zone",240848.69,2408.49,556.53,5666.32
2022-06-30,SQQQ,260546.1,0.0,0.0,226.3192,11503.72,12342.0,14580.76,42.22,SQQQ,"Bear signal: Price below SMAs, RSI 42.2 in SQQQ zone",250546.1,2505.46,547.83,5462.37
2022-07-01,SQQQ,255143.97,0.0,0.0,226.3192,11585.68,12293.74,14567.95,43.78,SQQQ,"Bear signal: Price below SMAs, RSI 43.8 in SQQQ zone",245143.97,2451.44,552.44,5552.75
2022-07-05,SQQQ,242036.94,0.0,0.0,226.3192,11779.9,12254.93,14555.83,47.4,SQQQ,"Bear signal: Price below SMAs, RSI 47.4 in SQQQ zone",232036.94,2320.37,563.38,5844.78
2022-07-06,SQQQ,237564.62,0.0,0.0,226.3192,11852.59,12224.84,14544.35,48.73,SQQQ,"Bear signal: Price below SMAs, RSI 48.7 in SQQQ zone",227564.62,2275.65,567.47,5958.34
2022-07-07,SQQQ,222642.09,0.0,0.0,226.3192,12109.05,12196.36,14533.48,53.23,SQQQ,"Bear signal: Price below SMAs, RSI 53.2 in SQQQ zone",212642.09,2126.42,581.92,6333.8
2022-07-08,SQQQ,221579.34,0.0,0.0,226.3192,12125.69,12178.68,14522.48,53.52,SQQQ,"Bear signal: Price below SMAs, RSI 53.5 in SQQQ zone",211579.34,2115.79,582.85,6363.93
2022-07-11,SQQQ,235749.06,0.0,0.0,226.3192,11860.28,12155.82,14510.42,48.45,SQQQ,"Bear signal: Price below SMAs, RSI 48.4 in SQQQ zone",225749.06,2257.49,567.91,5951.39
2022-07-12,SQQQ,242568.26,0.0,0.0,226.3192,11744.99,12121.6,14497.8,46.39,SQQQ,"Bear signal: Price below SMAs, RSI 46.4 in SQQQ zone",232568.26,2325.68,561.41,5775.25
2022-07-13,SQQQ,244073.78,0.0,0.0,226.3192,11728.53,12099.07,14485.53,46.09,SQQQ,"Bear signal: Price below SMAs, RSI 46.1 in SQQQ zone",234073.78,2340.74,560.49,5738.17
2022-07-14,SQQQ,241461.25,0.0,0.0,226.3192,11768.4,12072.92,14473.88,46.99,SQQQ,"Bear signal: Price below SMAs, RSI 47.0 in SQQQ zone",231461.25,2314.61,562.73,5798.42
2022-07-15,SQQQ,228664.17,0.0,0.0,226.3192,11983.62,12050.8,14463.62,51.66,SQQQ,"Bear signal: Price below SMAs, RSI 51.7 in SQQQ zone",218664.17,2186.64,574.85,6108.99
2022-07-18,SQQQ,234199.31,0.0,0.0,226.3192,11877.5,12017.63,14452.22,49.35,SQQQ,"Bear signal: Price below SMAs, RSI 49.3 in SQQQ zone",224199.31,2241.99,568.88,5965.3
2022-07-19,CASH,213210.34,213210.34,0.0,0.0,12249.42,12005.61,14441.84,56.66,CASH,Re-entry buffer in bear regime,203210.34,2032.1,589.82,6496.04
2022-07-20,TQQQ_30,213236.62,149265.64,4500.5224,0.0,12439.68,12000.53,14431.84,59.85,TQQQ_30,"Recovery above SMA50, RSI 59.9 >= 50",203236.62,2032.37,600.53,6827.46
2022-07-21,TQQQ_30,215973.09,149284.04,4500.5224,0.0,12619.41,12009.17,14421.87,62.65,TQQQ_30,"Recovery above SMA50, RSI 62.7 >= 50",205973.09,2059.73,610.66,7121.8
2022-07-22,TQQQ_30,212502.97,149302.44,4500.5224,0.0,12396.47,12010.18,14410.95,57.32,TQQQ_30,"Recovery above SMA50, RSI 57.3 >= 50",202502.97,2025.03,598.1,6744.03
2022-07-25,TQQQ_30,211616.48,149357.67,4500.5224,0.0,12328.41,12017.4,14400.44,55.75,TQQQ_30,"Recovery above SMA50, RSI 55.8 >= 50",201616.48,2016.16,594.27,6642.05
2022-07-26,TQQQ_30,207868.12,149376.08,4500.5224,0.0,12086.9,12020.22,14388.71,50.5,TQQQ_30,"Recovery above SMA50, RSI 50.5 >= 50",197868.12,1978.68,580.67,6234.14
2022-07-27,TQQQ_30,215184.67,149394.5,4500.5224,0.0,12601.47,12024.5,14378.93,59.3,TQQQ_30,"Recovery above SMA50, RSI 59.3 >= 50",205184.67,2051.85,609.65,7024.46
2022-07-28,TQQQ_30,217086.48,149412.91,4500.5224,0.0,12717.87,12033.99,14369.96,60.99,TQQQ_30,"Recovery above SMA50, RSI 61.0 >= 50",207086.48,2070.86,616.2,7228.42
2022-07-29,TQQQ_30,220828.87,149431.33,4500.5224,0.0,12947.97,12041.67,14361.9,64.16,TQQQ_30,"Recovery above SMA50, RSI 64.2 >= 50",210828.87,2108.29,629.16,7631.69
2022-08-01,TQQQ_30,220777.14,149486.6,4500.5224,0.0,12940.78,12061.92,14353.41,63.99,TQQQ_30,"Recovery above SMA50, RSI 64.0 >= 50",210777.14,2107.77,628.75,7620.1
2022-08-02,TQQQ_30,220132.09,149505.03,4500.5224,0.0,12901.6,12082.44,14344.69,62.98,TQQQ_30,"Recovery above SMA50, RSI 63.0 >= 50",210132.09,2101.32,626.55,7548.25
2022-08-03,TQQQ_30,225800.7,149523.47,4500.5224,0.0,13253.26,12110.79,14336.97,67.87,TQQQ_30,"Recovery above SMA50, RSI 67.9 >= 50",215800.7,2158.01,646.35,8160.11
2022-08-04,TQQQ_30,226910.63,149541.9,4500.5224,0.0,13311.04,12136.32,14329.78,68.6,TQQQ_30,"Recovery above SMA50, RSI 68.6 >= 50",216910.63,2169.11,649.61,8278.31
2022-08-05,TQQQ_30,225088.5,149560.34,4500.5224,0.0,13207.69,12165.08,14322.08,65.71,TQQQ_30,"Recovery above SMA50, RSI 65.7 >= 50",215088.5,2150.88,643.79,8079.0
2022-08-08,TQQQ_30,224373.33,149615.65,4500.5224,0.0,13159.16,12189.39,14314.5,64.34,TQQQ_30,"Recovery above SMA50, RSI 64.3 >= 50",214373.33,2143.73,641.05,7995.56
2022-08-09,TQQQ_30,221823.51,149634.1,4500.5224,0.0,13008.17,12204.01,14306.42,60.14,TQQQ_30,"Recovery above SMA50, RSI 60.1 >= 50",211823.51,2118.24,632.55,7717.44
2022-08-10,TQQQ_30,227770.36,149652.55,4500.5224,0.0,13378.32,12217.95,14299.58,66.0,TQQQ_30,"Recovery above SMA50, RSI 66.0 >= 50",217770.36,2177.7,653.39,8359.43
2022-08-11,TQQQ_30,226611.71,149671.0,4500.5224,0.0,13291.99,12230.95,14292.2,63.65,TQQQ_30,"Recovery above SMA50, RSI 63.6 >= 50",216611.71,2166.12,648.53,8231.96
2022-08-12,TQQQ_30,230974.77,149689.45,4500.5224,0.0,13565.87,12251.3,14285.9,67.6,TQQQ_30,"Recovery above SMA50, RSI 67.6 >= 50",220974.77,2209.75,663.96,8702.44
2022-08-15,TQQQ_30,232977.72,149744.82,4500.5224,0.0,13667.18,12266.79,14280.56,68.94,TQQQ_30,"Recovery above SMA50, RSI 68.9 >= 50",222977.72,2229.78,669.66,8913.35
2022-08-16,TQQQ_30,232461.13,149763.28,4500.5224,0.0,13635.21,12288.53,14275.67,67.98,TQQQ_30,"Recovery above SMA50, RSI 68.0 >= 50",222461.13,2224.61,667.86,8855.41
2022-08-17,TQQQ_30,229611.72,149781.74,4500.5224,0.0,13470.86,12305.95,14269.82,63.13,TQQQ_30,"Recovery above SMA50, RSI 63.1 >= 50",219611.72,2196.12,658.61,8544.84
2022-08-18,TQQQ_30,230165.23,149800.21,4500.5224,0.0,13505.99,12321.84,14263.47,63.72,TQQQ_30,"Recovery above SMA50, RSI 63.7 >= 50",220165.23,2201.65,660.58,8602.78
2022-08-19,TQQQ_30,225475.23,149818.68,4500.5224,0.0,13242.9,12334.4,14255.19,56.37,TQQQ_30,"Recovery above SMA50, RSI 56.4 >= 50",215475.23,2154.75,645.77,8092.9
2022-08-22,CASH,219580.84,219580.84,0.0,0.0,12890.54,12346.81,14245.32,48.33,CASH,Awaiting RSI confirmation above SMA50,209580.84,2095.81,625.92,7448.59
2022-08-23,CASH,219607.91,219607.91,0.0,0.0,12881.79,12367.79,14235.37,48.14,CASH,Awaiting RSI confirmation above SMA50,209607.91,2096.08,625.43,7423.1
2022-08-24,CASH,219634.98,219634.98,0.0,0.0,12917.86,12400.38,14225.93,49.0,CASH,Awaiting RSI confirmation above SMA50,209634.98,2096.35,627.46,7481.04
2022-08-25,TQQQ_30,219662.06,153763.44,4024.8063,0.0,13143.58,12437.02,14216.77,54.13,TQQQ_30,"Recovery above SMA50, RSI 54.1 >= 50",209662.06,2096.62,640.17,7879.68
2022-08-26,CASH,211661.4,211661.4,0.0,0.0,12605.17,12457.25,14204.77,43.02,CASH,Awaiting RSI confirmation above SMA50,201661.4,2016.61,609.85,6908.58
2022-08-29,SQQQ,211739.69,0.0,0.0,250.9765,12484.32,12484.38,14192.38,40.98,SQQQ,"Bear signal: Price below SMAs, RSI 41.0 in SQQQ zone",201739.69,2017.4,603.05,6693.04
2022-08-30,SQQQ,218663.45,0.0,0.0,250.9765,12342.7,12505.92,14179.3,38.68,SQQQ,"Bear signal: Price below SMAs, RSI 38.7 in SQQQ zone",208663.45,2086.63,595.07,6465.91
2022-08-31,SQQQ,222886.47,0.0,0.0,250.9765,12272.03,12520.42,14165.98,37.54,SQQQ,"Bear signal: Price below SMAs, RSI 37.5 in SQQQ zone",212886.47,2128.86,591.09,6345.39
2022-09-01,SQQQ,222542.74,0.0,0.0,250.9765,12274.62,12535.36,14152.46,37.61,SQQQ,"Bear signal: Price below SMAs, RSI 37.6 in SQQQ zone",212542.74,2125.43,591.24,6352.34
2022-09-02,CASH,231921.71,231921.71,0.0,0.0,12098.44,12543.37,14138.15,34.67,CASH,"Bear trend, RSI 34.7 outside SQQQ zone",221921.71,2219.22,581.32,6083.5
2022-09-06,CASH,232036.08,232036.08,0.0,0.0,12011.31,12541.48,14123.72,33.29,CASH,"Bear trend, RSI 33.3 outside SQQQ zone",222036.08,2220.36,576.41,5942.12
2022-09-07,SQQQ,232064.69,0.0,0.0,261.1388,12259.39,12546.51,14110.51,40.57,SQQQ,"Bear signal: Price below SMAs, RSI 40.6 in SQQQ zone",222064.69,2220.65,590.38,6299.04
2022-09-08,SQQQ,228334.93,0.0,0.0,261.1388,12321.19,12560.18,14098.03,42.26,SQQQ,"Bear signal: Price below SMAs, RSI 42.3 in SQQQ zone",218334.93,2183.35,593.86,6403.33
2022-09-09,CASH,213773.34,213773.34,0.0,0.0,12588.29,12578.78,14086.65,49.02,CASH,Re-entry buffer in bear regime,203773.34,2037.73,608.9,6815.87
2022-09-12,CASH,213852.4,213852.4,0.0,0.0,12739.72,12603.5,14076.07,52.42,CASH,Re-entry buffer in bear regime,203852.4,2038.52,617.43,7068.5
2022-09-13,SQQQ,213878.77,0.0,0.0,232.7818,12033.62,12612.45,14062.19,39.27,SQQQ,"Bear signal: Price below SMAs, RSI 39.3 in SQQQ zone",203878.77,2038.79,577.67,5888.81
2022-09-14,SQQQ,208777.74,0.0,0.0,232.7818,12134.4,12619.54,14048.67,41.52,SQQQ,"Bear signal: Price below SMAs, RSI 41.5 in SQQQ zone",198777.74,1987.78,583.34,6023.24
2022-09-15,SQQQ,219253.1,0.0,0.0,232.7818,11927.49,12621.04,14035.04,38.37,SQQQ,"Bear signal: Price below SMAs, RSI 38.4 in SQQQ zone",209253.1,2092.53,571.69,5714.99
2022-09-16,SQQQ,223716.47,0.0,0.0,232.7818,11861.38,12616.09,14022.44,37.4,SQQQ,"Bear signal: Price below SMAs, RSI 37.4 in SQQQ zone",213716.47,2137.16,567.97,5601.43
2022-09-19,SQQQ,218251.1,0.0,0.0,232.7818,11953.27,12612.64,14010.14,39.69,SQQQ,"Bear signal: Price below SMAs, RSI 39.7 in SQQQ zone",208251.1,2082.51,573.14,5738.17
2022-09-20,SQQQ,223534.28,0.0,0.0,232.7818,11851.54,12612.47,13996.84,38.03,SQQQ,"Bear signal: Price below SMAs, RSI 38.0 in SQQQ zone",213534.28,2135.34,567.41,5599.11
2022-09-21,CASH,235831.4,235831.4,0.0,0.0,11637.79,12610.32,13982.13,34.74,CASH,"Bear trend, RSI 34.7 outside SQQQ zone",225831.4,2258.31,555.38,5286.22
2022-09-22,CASH,235860.48,235860.48,0.0,0.0,11501.65,12605.78,13966.81,32.79,CASH,"Bear trend, RSI 32.8 outside SQQQ zone",225860.48,2258.6,547.71,5086.91
2022-09-23,CASH,235889.55,235889.55,0.0,0.0,11311.24,12596.64,13951.24,30.24,CASH,"Bear trend, RSI 30.2 outside SQQQ zone",225889.55,2258.9,536.99,4838.92
2022-09-26,CASH,235976.8,235976.8,0.0,0.0,11254.11,12582.05,13937.18,29.5,CASH,"Bear trend, RSI 29.5 oversold",225976.8,2259.77,533.77,4771.71
2022-09-27,CASH,236005.89,236005.89,0.0,0.0,11271.75,12569.94,13923.25,30.07,CASH,"Bear trend, RSI 30.1 outside SQQQ zone",226005.89,2260.06,534.76,4776.34
2022-09-28,SQQQ,236034.99,0.0,0.0,224.7363,11493.83,12554.82,13910.47,36.98,SQQQ,"Bear signal: Price below SMAs, RSI 37.0 in SQQQ zone",226034.99,2260.35,547.27,5061.41
2022-09-29,CASH,255689.85,255689.85,0.0,0.0,11164.78,12529.33,13895.96,31.94,CASH,"Bear trend, RSI 31.9 outside SQQQ zone",245689.85,2456.9,528.74,4625.69
2022-09-30,CASH,255721.37,255721.37,0.0,0.0,10971.22,12496.36,13881.96,29.4,CASH,"Bear trend, RSI 29.4 oversold",245721.37,2457.21,517.84,4377.7
2022-10-03,SQQQ,255815.95,0.0,0.0,229.5044,11229.73,12473.03,13868.18,36.65,SQQQ,"Bear signal: Price below SMAs, RSI 36.6 in SQQQ zone",245815.95,2458.16,532.4,4688.27
2022-10-04,SQQQ,231972.15,0.0,0.0,229.5044,11582.54,12458.11,13855.44,44.95,SQQQ,"Bear signal: Price below SMAs, RSI 44.9 in SQQQ zone",221972.15,2219.72,552.27,5133.26
2022-10-05,SQQQ,231747.63,0.0,0.0,229.5044,11573.18,12447.84,13842.15,44.78,SQQQ,"Bear signal: Price below SMAs, RSI 44.8 in SQQQ zone",221747.63,2217.48,551.74,5133.26
2022-10-06,SQQQ,237854.49,0.0,0.0,229.5044,11485.5,12425.52,13828.8,43.16,SQQQ,"Bear signal: Price below SMAs, RSI 43.2 in SQQQ zone",227854.49,2278.54,546.8,5001.15
2022-10-07,SQQQ,265245.74,0.0,0.0,229.5044,11039.47,12391.95,13814.11,36.0,SQQQ,"Bear signal: Price below SMAs, RSI 36.0 in SQQQ zone",255245.74,2552.46,521.68,4419.42
2022-10-10,CASH,273597.83,273597.83,0.0,0.0,10926.97,12351.53,13799.17,34.45,CASH,"Bear trend, RSI 34.5 outside SQQQ zone",263597.83,2635.98,515.35,4278.04
2022-10-11,CASH,273631.56,273631.56,0.0,0.0,10791.35,12308.54,13783.23,32.63,CASH,"Bear trend, RSI 32.6 outside SQQQ zone",263631.56,2636.32,507.71,4104.22
2022-10-12,CASH,273665.3,273665.3,0.0,0.0,10785.62,12266.22,13766.17,32.55,CASH,"Bear trend, RSI 32.5 outside SQQQ zone",263665.3,2636.65,507.39,4094.95
2022-10-13,SQQQ,273699.04,0.0,0.0,236.6583,11033.58,12221.83,13749.71,39.34,SQQQ,"Bear signal: Price below SMAs, RSI 39.3 in SQQQ zone",263699.04,2636.99,521.35,4375.39
2022-10-14,CASH,298100.82,298100.82,0.0,0.0,10692.06,12169.45,13731.28,34.23,CASH,"Bear trend, RSI 34.2 outside SQQQ zone",288100.82,2881.01,502.12,3972.11
2022-10-17,SQQQ,298211.07,0.0,0.0,262.7878,11062.53,12126.54,13713.89,42.9,SQQQ,"Bear signal: Price below SMAs, RSI 42.9 in SQQQ zone",288211.07,2882.11,522.98,4373.07
2022-10-18,SQQQ,290961.44,0.0,0.0,262.7878,11147.74,12086.32,13696.92,44.71,SQQQ,"Bear signal: Price below SMAs, RSI 44.7 in SQQQ zone",280961.44,2809.61,527.78,4484.32
2022-10-19,SQQQ,293892.11,0.0,0.0,262.7878,11103.38,12048.22,13679.38,43.93,SQQQ,"Bear signal: Price below SMAs, RSI 43.9 in SQQQ zone",283892.11,2838.92,525.28,4428.69
2022-10-20,SQQQ,299187.96,0.0,0.0,262.7878,11046.71,12001.59,13662.14,42.9,SQQQ,"Bear signal: Price below SMAs, RSI 42.9 in SQQQ zone",289187.96,2891.88,522.09,4352.21
2022-10-21,SQQQ,278056.06,0.0,0.0,262.7878,11310.33,11961.95,13645.33,48.89,SQQQ,"Bear signal: Price below SMAs, RSI 48.9 in SQQQ zone",268056.06,2680.56,536.94,4667.41
2022-10-24,SQQQ,268595.57,0.0,0.0,262.7878,11430.26,11919.24,13628.81,51.39,SQQQ,"Bear signal: Price below SMAs, RSI 51.4 in SQQQ zone",258595.57,2585.96,543.69,4829.65
2022-10-25,CASH,252502.47,252502.47,0.0,0.0,11669.99,11879.3,13613.1,56.02,CASH,"Bear trend, RSI 56.0 outside SQQQ zone",242502.47,2425.02,557.19,5126.31
2022-10-26,SQQQ,252533.6,0.0,0.0,246.6953,11405.9,11834.71,13595.61,50.33,SQQQ,"Bear signal: Price below SMAs, RSI 50.3 in SQQQ zone",242533.6,2425.34,542.32,4780.98
2022-10-27,SQQQ,266434.53,0.0,0.0,246.6953,11191.63,11789.13,13576.97,46.23,SQQQ,"Bear signal: Price below SMAs, RSI 46.2 in SQQQ zone",256434.53,2564.35,530.25,4512.13
2022-10-28,SQQQ,242204.45,0.0,0.0,246.6953,11546.21,11749.93,13559.54,53.05,SQQQ,"Bear signal: Price below SMAs, RSI 53.1 in SQQQ zone",232204.45,2322.04,550.22,4929.31
2022-10-31,SQQQ,250506.37,0.0,0.0,246.6953,11405.57,11713.19,13541.27,50.32,SQQQ,"Bear signal: Price below SMAs, RSI 50.3 in SQQQ zone",240506.37,2405.06,542.3,4755.48
2022-11-01,SQQQ,258180.89,0.0,0.0,246.6953,11288.95,11681.15,13521.85,48.12,SQQQ,"Bear signal: Price below SMAs, RSI 48.1 in SQQQ zone",248180.89,2481.81,535.73,4604.83
2022-11-02,SQQQ,284969.11,0.0,0.0,246.6953,10906.34,11641.64,13500.09,41.66,SQQQ,"Bear signal: Price below SMAs, RSI 41.7 in SQQQ zone",274969.11,2749.69,514.19,4118.13
2022-11-03,SQQQ,301428.23,0.0,0.0,246.6953,10690.6,11597.1,13477.41,38.52,SQQQ,"Bear signal: Price below SMAs, RSI 38.5 in SQQQ zone",291428.23,2914.28,502.04,3874.77
2022-11-04,SQQQ,287430.76,0.0,0.0,246.6953,10857.03,11551.37,13455.5,42.14,SQQQ,"Bear signal: Price below SMAs, RSI 42.1 in SQQQ zone",277430.76,2774.31,511.41,4060.19
2022-11-07,SQQQ,278308.25,0.0,0.0,246.6953,10977.0,11518.81,13434.52,44.67,SQQQ,"Bear signal: Price below SMAs, RSI 44.7 in SQQQ zone",268308.25,2683.08,518.16,4192.29
2022-11-08,SQQQ,272226.57,0.0,0.0,246.6953,11059.5,11490.31,13414.82,46.41,SQQQ,"Bear signal: Price below SMAs, RSI 46.4 in SQQQ zone",262226.57,2622.27,522.81,4285.0
2022-11-09,SQQQ,291388.67,0.0,0.0,246.6953,10797.55,11459.41,13393.88,41.91,SQQQ,"Bear signal: Price below SMAs, RSI 41.9 in SQQQ zone",281388.67,2813.89,508.06,3979.07
2022-11-10,CASH,227241.66,227241.66,0.0,0.0,11605.96,11446.08,13375.5,56.06,CASH,Re-entry buffer in bear regime,217241.66,2172.42,553.58,4871.36
2022-11-11,TQQQ_30,227269.68,159088.77,6324.366,0.0,11817.01,11436.93,13358.02,58.88,TQQQ_30,"Recovery above SMA50, RSI 58.9 >= 50",217269.68,2172.7,565.47,5154.12
2022-11-14,TQQQ_30,225524.0,159147.62,6324.366,0.0,11700.94,11428.98,13339.58,56.72,TQQQ_30,"Recovery above SMA50, RSI 56.7 >= 50",215524.0,2155.24,558.93,5015.06
2022-11-15,TQQQ_30,228220.31,159167.24,6324.366,0.0,11871.15,11426.18,13321.83,59.09,TQQQ_30,"Recovery above SMA50, RSI 59.1 >= 50",218220.31,2182.2,568.52,5221.33
2022-11-16,TQQQ_30,225442.94,159186.86,6324.366,0.0,11699.09,11414.97,13302.7,55.77,TQQQ_30,"Recovery above SMA50, RSI 55.8 >= 50",215442.94,2154.43,558.83,5005.79
2022-11-17,TQQQ_30,224951.28,159206.49,6324.366,0.0,11676.86,11402.09,13283.11,55.34,TQQQ_30,"Recovery above SMA50, RSI 55.3 >= 50",214951.28,2149.51,557.58,4966.39
2022-11-18,TQQQ_30,224910.75,159226.11,6324.366,0.0,11677.02,11383.86,13264.3,55.34,TQQQ_30,"Recovery above SMA50, RSI 55.3 >= 50",214910.75,2149.11,557.59,4961.75
2022-11-21,TQQQ_30,222984.68,159285.01,6324.366,0.0,11553.45,11360.14,13245.28,52.71,TQQQ_30,"Recovery above SMA50, RSI 52.7 >= 50",212984.68,2129.85,550.63,4808.79
2022-11-22,TQQQ_30,225681.03,159304.64,6324.366,0.0,11724.84,11353.96,13226.71,55.85,TQQQ_30,"Recovery above SMA50, RSI 55.8 >= 50",215681.03,2156.81,560.28,5015.06
2022-11-23,TQQQ_30,227685.63,159324.28,6324.366,0.0,11838.72,11348.05,13209.96,57.85,TQQQ_30,"Recovery above SMA50, RSI 57.8 >= 50",217685.63,2176.86,566.69,5168.02
2022-11-25,TQQQ_30,226311.38,159363.57,6324.366,0.0,11756.03,11344.62,13191.39,55.87,TQQQ_30,"Recovery above SMA50, RSI 55.9 >= 50",216311.38,2163.11,562.04,5059.09
2022-11-28,TQQQ_30,223422.93,159422.51,6324.366,0.0,11587.75,11339.14,13173.2,51.97,TQQQ_30,"Recovery above SMA50, RSI 52.0 >= 50",213422.93,2134.23,552.56,4831.96
2022-11-29,TQQQ_30,221908.74,159442.17,6324.366,0.0,11503.45,11330.15,13155.7,50.09,TQQQ_30,"Recovery above SMA50, RSI 50.1 >= 50",211908.74,2119.09,547.81,4713.76
2022-11-30,TQQQ_30,230319.44,159461.82,6324.366,0.0,12030.06,11333.72,13139.86,59.88,TQQQ_30,"Recovery above SMA50, RSI 59.9 >= 50",220319.44,2203.19,577.47,5360.39
2022-12-01,TQQQ_30,230730.07,159481.48,6324.366,0.0,12041.89,11341.8,13125.18,60.07,TQQQ_30,"Recovery above SMA50, RSI 60.1 >= 50",220730.07,2207.3,578.13,5390.52
2022-12-02,TQQQ_30,229907.64,159501.15,6324.366,0.0,11994.26,11351.65,13109.77,58.86,TQQQ_30,"Recovery above SMA50, RSI 58.9 >= 50",219907.64,2199.08,575.45,5325.62
2022-12-05,TQQQ_30,226417.74,159560.14,6324.366,0.0,11786.8,11361.16,13091.61,53.8,TQQQ_30,"Recovery above SMA50, RSI 53.8 >= 50",216417.74,2164.18,563.77,5052.14
2022-12-06,CASH,222196.77,222196.77,0.0,0.0,11549.69,11367.08,13072.24,48.65,CASH,Awaiting RSI confirmation above SMA50,212196.77,2121.97,550.42,4725.35
2022-12-07,CASH,222224.16,222224.16,0.0,0.0,11497.39,11371.59,13053.63,47.56,CASH,Re-entry buffer in bear regime,212224.16,2122.24,547.47,4667.41
2022-12-08,TQQQ_30,222251.56,155576.09,6582.5207,0.0,11637.5,11374.46,13034.85,50.72,TQQQ_30,"Recovery above SMA50, RSI 50.7 >= 50",212251.56,2122.52,555.36,4836.6
2022-12-09,CASH,220987.31,220987.31,0.0,0.0,11563.33,11382.43,13016.77,49.04,CASH,Awaiting RSI confirmation above SMA50,210987.31,2109.87,551.18,4741.58
2022-12-12,TQQQ_30,221069.05,154748.33,6441.649,0.0,11706.44,11397.14,12999.94,52.33,TQQQ_30,"Recovery above SMA50, RSI 52.3 >= 50",211069.05,2110.69,559.24,4917.72
2022-12-13,TQQQ_30,223171.19,154767.41,6441.649,0.0,11834.21,11409.23,12982.12,55.12,TQQQ_30,"Recovery above SMA50, RSI 55.1 >= 50",213171.19,2131.71,566.44,5075.32
2022-12-14,TQQQ_30,221566.7,154786.49,6441.649,0.0,11740.92,11412.39,12965.62,52.7,TQQQ_30,"Recovery above SMA50, RSI 52.7 >= 50",211566.7,2115.67,561.18,4952.48
2022-12-15,SQQQ,214969.03,0.0,0.0,225.239,11345.22,11407.83,12947.8,43.88,SQQQ,"Bear signal: Price below SMAs, RSI 43.9 in SQQQ zone",204969.03,2049.69,538.9,4451.87
2022-12-16,SQQQ,221403.13,0.0,0.0,225.239,11243.72,11403.0,12930.26,41.95,SQQQ,"Bear signal: Price below SMAs, RSI 41.9 in SQQQ zone",211403.13,2114.03,533.19,4317.45
2022-12-19,SQQQ,230525.46,0.0,0.0,225.239,11084.59,11403.9,12910.66,39.04,SQQQ,"Bear signal: Price below SMAs, RSI 39.0 in SQQQ zone",220525.46,2205.25,524.22,4134.35
2022-12-20,SQQQ,231494.96,0.0,0.0,225.239,11072.42,11406.81,12890.23,38.82,SQQQ,"Bear signal: Price below SMAs, RSI 38.8 in SQQQ zone",221494.96,2214.95,523.54,4115.81
2022-12-21,SQQQ,221667.55,0.0,0.0,225.239,11235.88,11415.7,12869.94,43.46,SQQQ,"Bear signal: Price below SMAs, RSI 43.5 in SQQQ zone",211667.55,2116.68,532.74,4298.9
2022-12-22,SQQQ,237584.58,0.0,0.0,225.239,10956.14,11419.11,12847.49,38.13,SQQQ,"Bear signal: Price below SMAs, RSI 38.1 in SQQQ zone",227584.58,2275.85,516.99,3986.26
2022-12-23,SQQQ,236479.61,0.0,0.0,225.239,10985.45,11418.15,12825.48,38.97,SQQQ,"Bear signal: Price below SMAs, RSI 39.0 in SQQQ zone",226479.61,2264.8,518.64,3997.91
2022-12-27,SQQQ,246690.16,0.0,0.0,225.239,10822.51,11420.76,12802.8,36.02,SQQQ,"Bear signal: Price below SMAs, RSI 36.0 in SQQQ zone",236690.16,2366.9,509.46,3823.18
2022-12-28,CASH,256679.78,256679.78,0.0,0.0,10679.34,11413.09,12779.81,33.62,CASH,"Bear trend, RSI 33.6 outside SQQQ zone",246679.78,2466.8,501.4,3664.76
2022-12-29,SQQQ,256711.42,0.0,0.0,242.8749,10951.05,11409.16,12758.33,41.59,SQQQ,"Bear signal: Price below SMAs, RSI 41.6 in SQQQ zone",246711.42,2467.11,516.7,3930.35
2022-12-30,SQQQ,257426.35,0.0,0.0,242.8749,10939.76,11405.89,12736.08,41.37,SQQQ,"Bear signal: Price below SMAs, RSI 41.4 in SQQQ zone",247426.35,2474.26,516.07,3930.35
2023-01-03,SQQQ,262859.9,0.0,0.0,242.8749,10862.64,11402.21,12714.41,39.8,SQQQ,"Bear signal: Price below SMAs, RSI 39.8 in SQQQ zone",252859.9,2528.6,511.72,3839.49
2023-01-04,SQQQ,259332.88,0.0,0.0,242.8749,10914.8,11394.3,12694.99,41.42,SQQQ,"Bear signal: Price below SMAs, RSI 41.4 in SQQQ zone",249332.88,2493.33,514.66,3900.06
2023-01-05,SQQQ,271343.83,0.0,0.0,242.8749,10741.22,11380.52,12674.89,37.79,SQQQ,"Bear signal: Price below SMAs, RSI 37.8 in SQQQ zone",261343.83,2613.44,504.89,3711.36
2023-01-06,SQQQ,249752.66,0.0,0.0,242.8749,11040.35,11367.92,12656.68,46.49,SQQQ,"Bear signal: Price below SMAs, RSI 46.5 in SQQQ zone",239752.66,2397.53,521.73,4009.56
2023-01-09,SQQQ,244414.49,0.0,0.0,242.8749,11108.45,11361.97,12638.66,48.27,SQQQ,"Bear signal: Price below SMAs, RSI 48.3 in SQQQ zone",234414.49,2344.14,525.57,4095.76
2023-01-10,SQQQ,238456.58,0.0,0.0,242.8749,11205.78,11362.26,12620.1,50.78,SQQQ,"Bear signal: Price below SMAs, RSI 50.8 in SQQQ zone",228456.58,2284.57,531.05,4207.58
2023-01-11,CASH,226207.27,226207.27,0.0,0.0,11402.52,11359.38,12602.09,55.49,CASH,Re-entry buffer in bear regime,216207.27,2162.07,542.13,4421.91
2023-01-12,CASH,226235.16,226235.16,0.0,0.0,11459.61,11360.46,12585.95,56.78,CASH,Re-entry buffer in bear regime,216235.16,2162.35,545.34,4491.8
2023-01-13,CASH,226263.05,226263.05,0.0,0.0,11541.48,11365.51,12569.67,58.63,CASH,Re-entry buffer in bear regime,216263.05,2162.63,549.95,4582.66
2023-01-17,CASH,226374.64,226374.64,0.0,0.0,11557.19,11378.53,12555.06,59.0,CASH,Re-entry buffer in bear regime,216374.64,2163.75,550.84,4608.29
2023-01-18,CASH,226402.55,226402.55,0.0,0.0,11410.29,11392.92,12540.5,54.2,CASH,Re-entry buffer in bear regime,216402.55,2164.03,542.57,4433.56
2023-01-19,SQQQ,226430.46,0.0,0.0,236.342,11295.67,11401.7,12526.3,50.74,SQQQ,"Bear signal: Price below SMAs, RSI 50.7 in SQQQ zone",216430.46,2164.3,536.11,4291.45
2023-01-20,CASH,207739.1,207739.1,0.0,0.0,11619.03,11414.54,12515.02,58.75,CASH,Re-entry buffer in bear regime,197739.1,1977.39,554.32,4650.22
2023-01-23,TQQQ_30,207815.94,145471.16,6002.0262,0.0,11872.54,11430.8,12504.48,63.73,TQQQ_30,"Recovery above SMA50, RSI 63.7 >= 50",197815.94,1978.16,568.6,4962.4
2023-01-24,TQQQ_30,207460.9,145489.09,6002.0262,0.0,11846.64,11451.78,12495.27,62.89,TQQQ_30,"Recovery above SMA50, RSI 62.9 >= 50",197460.9,1974.61,567.14,4932.11
2023-01-25,TQQQ_30,207019.78,145507.03,6002.0262,0.0,11814.69,11455.96,12485.83,61.82,TQQQ_30,"Recovery above SMA50, RSI 61.8 >= 50",197019.78,1970.2,565.34,4894.84
2023-01-26,TQQQ_30,210595.36,145524.97,6002.0262,0.0,12051.48,11460.64,12478.03,66.41,TQQQ_30,"Recovery above SMA50, RSI 66.4 >= 50",200595.36,2005.95,578.67,5183.72
2023-01-27,TQQQ_30,212478.18,145542.91,6002.0262,0.0,12166.6,11469.96,12468.88,68.4,TQQQ_30,"Recovery above SMA50, RSI 68.4 >= 50",202478.18,2024.78,585.16,5335.15
2023-01-30,TQQQ_30,208515.33,145596.74,6002.0262,0.0,11912.39,11470.78,12456.8,59.95,TQQQ_30,"Recovery above SMA50, RSI 60.0 >= 50",198515.33,1985.15,570.84,5008.99
2023-01-31,TQQQ_30,211344.96,145614.69,6002.0262,0.0,12101.93,11478.84,12445.13,63.56,TQQQ_30,"Recovery above SMA50, RSI 63.6 >= 50",201344.96,2013.45,581.51,5237.3
2023-02-01,TQQQ_30,215609.13,145632.64,6002.0262,0.0,12363.1,11492.56,12434.03,67.86,TQQQ_30,"Recovery above SMA50, RSI 67.9 >= 50",205609.13,2056.09,596.22,5582.09
2023-02-02,TQQQ_100,222857.12,0.0,17324.8866,0.0,12803.14,11515.09,12427.24,73.53,TQQQ_100,"Bull trend confirmed: Price > SMA50 & SMA250, RSI 73.5",212857.12,2128.57,621.0,6169.17
2023-02-03,TQQQ_100,211345.77,0.0,17324.8866,0.0,12573.36,11535.49,12418.75,66.9,TQQQ_100,"Bull trend confirmed: Price > SMA50 & SMA250, RSI 66.9",201345.77,2013.46,608.06,5845.35
2023-02-06,TQQQ_100,205962.75,0.0,17324.8866,0.0,12464.51,11550.28,12410.32,63.95,TQQQ_100,"Bull trend confirmed: Price > SMA50 & SMA250, RSI 64.0",195962.75,1959.63,601.93,5693.92
2023-02-07,TQQQ_100,218716.37,0.0,17324.8866,0.0,12728.27,11568.07,12402.25,67.67,TQQQ_100,"Bull trend confirmed: Price > SMA50 & SMA250, RSI 67.7",208716.37,2087.16,616.79,6052.69
2023-02-08,TQQQ_100,206956.52,0.0,17324.8866,0.0,12495.38,11582.86,12392.0,61.63,TQQQ_100,"Bull trend confirmed: Price > SMA50 & SMA250, RSI 61.6",196956.52,1969.57,603.67,5721.87
2023-02-09,TQQQ_30,201407.89,140985.52,5197.466,0.0,12381.17,11598.72,12382.71,58.86,TQQQ_30,"Recovery above SMA50, RSI 58.9 >= 50",191407.89,1914.08,597.24,5565.79
2023-02-10,TQQQ_30,200183.02,141002.9,5197.466,0.0,12304.92,11614.75,12374.91,57.01,TQQQ_30,"Recovery above SMA50, RSI 57.0 >= 50",190183.02,1901.83,592.95,5449.3
2023-02-13,TQQQ_100,203042.62,0.0,17024.496,0.0,12502.31,11624.2,12367.84,60.47,TQQQ_100,"Bull trend confirmed: Price > SMA50 & SMA250, RSI 60.5",193042.62,1930.43,604.06,5712.55
2023-02-14,TQQQ_100,207437.13,0.0,17024.496,0.0,12590.89,11635.18,12359.72,61.94,TQQQ_100,"Bull trend confirmed: Price > SMA50 & SMA250, RSI 61.9",197437.13,1974.37,609.05,5838.36
2023-02-15,TQQQ_100,212075.81,0.0,17024.496,0.0,12687.89,11649.05,12352.06,63.55,TQQQ_100,"Bull trend confirmed: Price > SMA50 & SMA250, RSI 63.6",202075.81,2020.76,614.51,5971.15
2023-02-16,TQQQ_100,199950.2,0.0,17024.496,0.0,12442.48,11662.17,12345.14,56.99,TQQQ_100,"Bull trend confirmed: Price > SMA50 & SMA250, RSI 57.0",189950.2,1899.5,600.69,5624.03
2023-02-17,TQQQ_100,195637.06,0.0,17024.496,0.0,12358.18,11678.34,12338.54,54.9,TQQQ_100,"Bull trend confirmed: Price > SMA50 & SMA250, RSI 54.9",185637.06,1856.37,595.95,5500.55
2023-02-21,CASH,181883.92,181883.92,0.0,0.0,12060.3,11689.59,12331.3,48.16,CASH,Awaiting RSI confirmation above SMA50,171883.92,1718.84,579.17,5106.84
2023-02-22,CASH,181906.34,181906.34,0.0,0.0,12066.27,11698.17,12325.53,48.3,CASH,Awaiting RSI confirmation above SMA50,171906.34,1719.06,579.51,5111.5
2023-02-23,TQQQ_30,181928.77,127350.14,4979.3896,0.0,12180.14,11710.51,12318.35,50.96,TQQQ_30,"Recovery above SMA50, RSI 51.0 >= 50",171928.77,1719.29,585.92,5241.96
2023-02-24,CASH,179183.41,179183.41,0.0,0.0,11969.65,11715.77,12309.47,46.22,CASH,Awaiting RSI confirmation above SMA50,169183.41,1691.83,574.07,4971.72
2023-02-27,CASH,179249.68,179249.68,0.0,0.0,12057.79,11720.24,12300.75,48.39,CASH,Awaiting RSI confirmation above SMA50,169249.68,1692.5,579.03,5081.21
2023-02-28,CASH,179271.78,179271.78,0.0,0.0,12042.12,11726.26,12292.89,48.02,CASH,Awaiting RSI confirmation above SMA50,169271.78,1692.72,578.15,5055.58
2023-03-01,CASH,179293.89,179293.89,0.0,0.0,11938.57,11738.13,12283.67,45.54,CASH,Re-entry buffer in bear regime,169293.89,1692.94,572.32,4929.78
2023-03-02,CASH,179315.99,179315.99,0.0,0.0,12044.87,11754.15,12275.71,48.48,CASH,Awaiting RSI confirmation above SMA50,169315.99,1693.16,578.3,5050.92
2023-03-03,TQQQ_100,179338.1,0.0,15991.9756,0.0,12290.81,11778.28,12269.52,54.58,TQQQ_100,"Bull trend confirmed: Price > SMA50 & SMA250, RSI 54.6",169338.1,1693.38,592.15,5365.43
2023-03-06,TQQQ_100,180102.56,0.0,15991.9756,0.0,12302.48,11802.88,12265.46,54.86,TQQQ_100,"Bull trend confirmed: Price > SMA50 & SMA250, RSI 54.9",170102.56,1701.03,592.81,5388.73
2023-03-07,TQQQ_30,173375.47,121362.83,4797.5927,0.0,12152.17,11821.21,12260.99,50.63,TQQQ_30,"Recovery above SMA50, RSI 50.6 >= 50",163375.47,1633.75,584.34,5183.72
2023-03-08,TQQQ_30,174101.36,121377.79,4797.5927,0.0,12215.33,11846.39,12254.89,52.29,TQQQ_30,"Recovery above SMA50, RSI 52.3 >= 50",164101.36,1641.01,587.9,5255.94
2023-03-09,CASH,171341.4,171341.4,0.0,0.0,11995.88,11866.6,12248.51,46.44,CASH,Awaiting RSI confirmation above SMA50,161341.4,1613.41,575.54,4974.05
2023-03-10,SQQQ,171362.52,0.0,0.0,212.5637,11830.28,11886.75,12242.62,42.57,SQQQ,"Bear signal: Price below SMAs, RSI 42.6 in SQQQ zone",161362.52,1613.63,566.22,4764.37
2023-03-13,CASH,167649.95,167649.95,0.0,0.0,11923.17,11911.63,12238.13,45.32,CASH,Re-entry buffer in bear regime,157649.95,1576.5,571.45,4869.21
2023-03-14,TQQQ_30,167670.62,117369.43,4619.3629,0.0,12199.79,11936.61,12233.09,52.61,TQQQ_30,"Recovery above SMA50, RSI 52.6 >= 50",157670.62,1576.71,587.03,5207.01
2023-03-15,TQQQ_100,168413.78,0.0,15245.2722,0.0,12251.32,11962.84,12226.27,53.84,TQQQ_100,"Bull trend confirmed: Price > SMA50 & SMA250, RSI 53.8",158413.78,1584.14,589.93,5283.89
2023-03-16,TQQQ_100,181749.86,0.0,15245.2722,0.0,12581.39,11997.21,12220.12,60.87,TQQQ_100,"Bull trend confirmed: Price > SMA50 & SMA250, RSI 60.9",171749.86,1717.5,608.52,5710.22
2023-03-17,TQQQ_100,179053.48,0.0,15245.2722,0.0,12519.88,12029.31,12212.52,59.07,TQQQ_100,"Bull trend confirmed: Price > SMA50 & SMA250, RSI 59.1",169053.48,1690.53,605.05,5624.03
2023-03-20,TQQQ_100,180948.24,0.0,15245.2722,0.0,12562.61,12065.74,12205.27,59.96,TQQQ_100,"Bull trend confirmed: Price > SMA50 & SMA250, RSI 60.0",170948.24,1709.48,607.46,5684.6
2023-03-21,TQQQ_100,188600.11,0.0,15245.2722,0.0,12741.44,12099.76,12197.61,63.53,TQQQ_100,"Bull trend confirmed: Price > SMA50 & SMA250, RSI 63.5",178600.11,1786.0,617.53,5929.22
2023-03-22,TQQQ_100,180903.65,0.0,15245.2722,0.0,12567.15,12128.94,12190.09,58.09,TQQQ_100,"Bull trend confirmed: Price > SMA50 & SMA250, RSI 58.1",170903.65,1709.04,607.71,5683.17
2023-03-23,TQQQ_100,187353.99,0.0,15245.2722,0.0,12729.23,12159.41,12181.95,61.4,TQQQ_100,"Bull trend confirmed: Price > SMA50 & SMA250, RSI 61.4",177353.99,1773.54,616.84,5889.38
2023-03-24,TQQQ_100,189259.76,0.0,15245.2722,0.0,12767.05,12186.7,12174.0,62.15,TQQQ_100,"Bull trend confirmed: Price > SMA50 & SMA250, RSI 62.1",179259.76,1792.6,618.97,5950.3
2023-03-27,TQQQ_100,185374.92,0.0,15245.2722,0.0,12673.07,12210.97,12164.74,59.08,TQQQ_100,"Bull trend confirmed: Price > SMA50 & SMA250, RSI 59.1",175374.92,1753.75,613.68,5826.11
2023-03-28,TQQQ_100,182296.32,0.0,15245.2722,0.0,12610.57,12232.35,12154.23,57.05,TQQQ_100,"Bull trend confirmed: Price > SMA50 & SMA250, RSI 57.1",172296.32,1722.96,610.16,5727.69
2023-03-29,TQQQ_100,192265.06,0.0,15245.2722,0.0,12846.03,12258.12,12145.32,62.29,TQQQ_100,"Bull trend confirmed: Price > SMA50 & SMA250, RSI 62.3",182265.06,1822.65,623.42,6046.38
2023-03-30,TQQQ_100,197469.37,0.0,15245.2722,0.0,12963.14,12289.18,12137.82,64.6,TQQQ_100,"Bull trend confirmed: Price > SMA50 & SMA250, RSI 64.6",187469.37,1874.69,630.01,6212.75
2023-03-31,TQQQ_100,207144.91,0.0,15245.2722,0.0,13181.35,12326.89,12131.1,68.48,TQQQ_100,"Bull trend confirmed: Price > SMA50 & SMA250, RSI 68.5",197144.91,1971.45,642.3,6522.06
2023-04-03,TQQQ_100,205678.91,0.0,15245.2722,0.0,13148.35,12357.48,12123.06,67.28,TQQQ_100,"Bull trend confirmed: Price > SMA50 & SMA250, RSI 67.3",195678.91,1956.79,640.44,6475.19
2023-04-04,TQQQ_100,203626.54,0.0,15245.2722,0.0,13100.08,12382.03,12116.18,65.47,TQQQ_100,"Bull trend confirmed: Price > SMA50 & SMA250, RSI 65.5",193626.54,1936.27,637.73,6409.58
2023-04-05,TQQQ_100,197102.85,0.0,15245.2722,0.0,12967.2,12404.44,12110.05,60.64,TQQQ_100,"Bull trend confirmed: Price > SMA50 & SMA250, RSI 60.6",187102.85,1871.03,630.24,6201.03
2023-04-06,TQQQ_100,201061.04,0.0,15245.2722,0.0,13062.6,12429.4,12104.17,62.76,TQQQ_100,"Bull trend confirmed: Price > SMA50 & SMA250, RSI 62.8",191061.04,1910.61,635.61,6327.57
2023-04-10,TQQQ_100,200621.25,0.0,15245.2722,0.0,13051.23,12449.4,12099.07,62.33,TQQQ_100,"Bull trend confirmed: Price > SMA50 & SMA250, RSI 62.3",190621.25,1906.21,634.97,6313.51
2023-04-11,TQQQ_100,196736.34,0.0,15245.2722,0.0,12964.15,12465.35,12094.96,58.99,TQQQ_100,"Bull trend confirmed: Price > SMA50 & SMA250, RSI 59.0",186736.34,1867.36,630.07,6189.32
2023-04-12,TQQQ_100,191532.05,0.0,15245.2722,0.0,12848.35,12484.07,12090.6,54.78,TQQQ_100,"Bull trend confirmed: Price > SMA50 & SMA250, RSI 54.8",181532.05,1815.32,623.55,6022.94
2023-04-13,TQQQ_100,202527.01,0.0,15245.2722,0.0,13109.39,12504.22,12086.16,61.46,TQQQ_100,"Bull trend confirmed: Price > SMA50 & SMA250, RSI 61.5",192527.01,1925.27,638.25,6374.43
2023-04-14,TQQQ_100,201354.25,0.0,15245.2722,0.0,13079.52,12518.54,12082.91,60.36,TQQQ_100,"Bull trend confirmed: Price > SMA50 & SMA250, RSI 60.4",191354.25,1913.54,636.57,6336.94
2023-04-17,TQQQ_100,201574.13,0.0,15245.2722,0.0,13087.71,12524.24,12079.62,60.57,TQQQ_100,"Bull trend confirmed: Price > SMA50 & SMA250, RSI 60.6",191574.13,1915.74,637.03,6343.97
2023-04-18,TQQQ_100,201720.74,0.0,15245.2722,0.0,13091.79,12534.6,12075.14,60.68,TQQQ_100,"Bull trend confirmed: Price > SMA50 & SMA250, RSI 60.7",191720.74,1917.21,637.26,6348.66
2023-04-19,TQQQ_100,201280.95,0.0,15245.2722,0.0,13088.71,12547.09,12071.5,60.54,TQQQ_100,"Bull trend confirmed: Price > SMA50 & SMA250, RSI 60.5",191280.95,1912.81,637.08,6334.6
2023-04-20,TQQQ_100,196589.78,0.0,15245.2722,0.0,12985.98,12552.24,12068.57,55.96,TQQQ_100,"Bull trend confirmed: Price > SMA50 & SMA250, RSI 56.0",186589.78,1865.9,631.3,6184.63
2023-04-21,TQQQ_100,196956.28,0.0,15245.2722,0.0,13000.77,12562.35,12067.14,56.47,TQQQ_100,"Bull trend confirmed: Price > SMA50 & SMA250, RSI 56.5",186956.28,1869.56,632.13,6196.35
2023-04-24,TQQQ_100,195783.44,0.0,15245.2722,0.0,12969.76,12574.12,12064.89,55.03,TQQQ_100,"Bull trend confirmed: Price > SMA50 & SMA250, RSI 55.0",185783.44,1857.83,630.39,6158.85
2023-04-25,TQQQ_100,184715.22,0.0,15245.2722,0.0,12725.11,12582.53,12063.75,45.23,TQQQ_100,"Bull trend confirmed: Price > SMA50 & SMA250, RSI 45.2",174715.22,1747.15,616.61,5805.02
2023-04-26,TQQQ_100,187793.82,0.0,15245.2722,0.0,12806.48,12588.61,12062.96,48.51,TQQQ_100,"Bull trend confirmed: Price > SMA50 & SMA250, RSI 48.5",177793.82,1777.94,621.19,5903.44
2023-04-27,TQQQ_100,202966.83,0.0,15245.2722,0.0,13160.03,12599.99,12061.78,59.79,TQQQ_100,"Bull trend confirmed: Price > SMA50 & SMA250, RSI 59.8",192966.83,1929.67,641.1,6388.49
2023-04-28,TQQQ_50,207071.64,103535.82,7622.6361,0.0,13245.99,12611.15,12063.34,61.98,TQQQ_50,Bearish RSI divergence,197071.64,1970.72,645.94,6519.72
2023-05-01,TQQQ_50,206816.7,103574.11,7622.6361,0.0,13231.47,12626.93,12063.97,61.37,TQQQ_50,Bearish RSI divergence,196816.7,1968.17,645.12,6500.97
2023-05-02,TQQQ_50,204080.74,103586.88,7622.6361,0.0,13113.66,12642.04,12064.06,56.54,TQQQ_50,Bearish RSI divergence,194080.74,1940.81,638.49,6325.23
2023-05-03,TQQQ_50,202114.44,103599.65,7622.6361,0.0,13030.21,12661.44,12062.04,53.34,TQQQ_50,Bearish RSI divergence,192114.44,1921.14,633.79,6198.69
2023-05-04,TQQQ_50,201027.72,103612.42,7622.6361,0.0,12982.48,12679.77,12062.57,51.54,TQQQ_50,Bearish RSI divergence,191027.72,1910.28,631.1,6128.39
2023-05-05,TQQQ_50,207014.41,103625.2,7622.6361,0.0,13259.13,12701.35,12064.83,59.96,TQQQ_50,Bearish RSI divergence,197014.41,1970.14,646.68,6510.34
2023-05-08,TQQQ_100,207895.67,0.0,15203.6885,0.0,13291.64,12727.79,12069.24,60.83,TQQQ_100,"Bull trend confirmed: Price > SMA50 & SMA250, RSI 60.8",197895.67,1978.96,648.51,6564.24
2023-05-09,TQQQ_100,203875.21,0.0,15203.6885,0.0,13201.11,12750.65,12072.67,57.14,TQQQ_100,"Bull trend confirmed: Price > SMA50 & SMA250, RSI 57.1",193875.21,1938.75,643.41,6435.36
2023-05-10,TQQQ_100,210454.17,0.0,15203.6885,0.0,13347.83,12776.77,12078.19,61.24,TQQQ_100,"Bull trend confirmed: Price > SMA50 & SMA250, RSI 61.2",200454.17,2004.54,651.68,6646.25
2023-05-11,TQQQ_100,212208.55,0.0,15203.6885,0.0,13389.78,12805.79,12083.96,62.35,TQQQ_100,"Bull trend confirmed: Price > SMA50 & SMA250, RSI 62.3",202208.55,2022.09,654.04,6702.49
2023-05-12,TQQQ_100,210015.58,0.0,15203.6885,0.0,13340.18,12831.7,12087.77,60.16,TQQQ_100,"Bull trend confirmed: Price > SMA50 & SMA250, RSI 60.2",200015.58,2000.16,651.25,6632.19
2023-05-15,TQQQ_100,213232.0,0.0,15203.6885,0.0,13413.51,12854.15,12092.45,62.27,TQQQ_100,"Bull trend confirmed: Price > SMA50 & SMA250, RSI 62.3",203232.0,2032.32,655.38,6735.3
2023-05-16,TQQQ_100,214036.05,0.0,15203.6885,0.0,13426.01,12876.62,12095.9,62.63,TQQQ_100,"Bull trend confirmed: Price > SMA50 & SMA250, RSI 62.6",204036.05,2040.36,656.08,6761.07
2023-05-17,TQQQ_100,221711.54,0.0,15203.6885,0.0,13589.26,12905.36,12102.55,67.09,TQQQ_100,"Bull trend confirmed: Price > SMA50 & SMA250, RSI 67.1",211711.54,2117.12,665.27,7007.12
2023-05-18,TQQQ_100,233626.78,0.0,15203.6885,0.0,13834.62,12937.75,12110.38,72.42,TQQQ_100,"Bull trend confirmed: Price > SMA50 & SMA250, RSI 72.4",223626.78,2236.27,679.09,7389.07
2023-05-19,TQQQ_100,232018.59,0.0,15203.6885,0.0,13803.49,12973.9,12118.25,70.85,TQQQ_100,"Bull trend confirmed: Price > SMA50 & SMA250, RSI 70.9",222018.59,2220.19,677.34,7337.51
2023-05-22,TQQQ_100,234430.87,0.0,15203.6885,0.0,13849.74,13014.29,12125.51,71.83,TQQQ_100,"Bull trend confirmed: Price > SMA50 & SMA250, RSI 71.8",224430.87,2244.31,679.94,7414.84
2023-05-23,TQQQ_100,225366.52,0.0,15203.6885,0.0,13672.54,13049.28,12133.13,63.11,TQQQ_100,"Bull trend confirmed: Price > SMA50 & SMA250, RSI 63.1",215366.52,2153.67,669.96,7124.28
2023-05-24,TQQQ_100,221711.54,0.0,15203.6885,0.0,13604.48,13077.37,12139.77,60.1,TQQQ_100,"Bull trend confirmed: Price > SMA50 & SMA250, RSI 60.1",211711.54,2117.12,666.13,7007.12
2023-05-25,TQQQ_100,237720.37,0.0,15203.6885,0.0,13938.53,13111.12,12146.41,68.14,TQQQ_100,"Bull trend confirmed: Price > SMA50 & SMA250, RSI 68.1",227720.37,2277.2,684.94,7520.29
2023-05-26,TQQQ_100,255702.95,0.0,15203.6885,0.0,14298.41,13145.46,12152.88,74.19,TQQQ_100,"Bull trend confirmed: Price > SMA50 & SMA250, RSI 74.2",245702.95,2457.03,705.21,8096.73
2023-05-30,TQQQ_100,259284.82,0.0,15203.6885,0.0,14354.99,13182.16,12159.73,74.99,TQQQ_100,"Bull trend confirmed: Price > SMA50 & SMA250, RSI 75.0",249284.82,2492.85,708.39,8211.55
2023-05-31,TQQQ_100,254021.61,0.0,15203.6885,0.0,14254.09,13215.99,12166.56,70.76,TQQQ_100,"Bull trend confirmed: Price > SMA50 & SMA250, RSI 70.8",244021.61,2440.22,702.71,8042.84
2023-06-01,TQQQ_100,263232.21,0.0,15203.6885,0.0,14441.51,13249.99,12172.75,73.72,TQQQ_100,"Bull trend confirmed: Price > SMA50 & SMA250, RSI 73.7",253232.21,2532.32,713.27,8338.09
2023-06-02,TQQQ_30,269153.23,188407.26,4561.1066,0.0,14546.64,13289.58,12180.75,75.24,TQQQ_30,Overextended: RSI 75.2 >= 75,259153.23,2591.53,719.19,8527.89
2023-06-05,TQQQ_30,269398.37,188476.95,4561.1066,0.0,14556.5,13326.12,12188.57,75.38,TQQQ_30,Overextended: RSI 75.4 >= 75,259398.37,2593.98,719.74,8546.64
2023-06-06,TQQQ_30,269333.91,188500.19,4561.1066,0.0,14558.09,13361.95,12195.96,75.41,TQQQ_30,Overextended: RSI 75.4 >= 75,259333.91,2593.34,719.83,8537.27
2023-06-07,TQQQ_30,265234.31,188523.43,4561.1066,0.0,14303.29,13394.55,12202.71,64.26,TQQQ_30,Trim lock active,255234.31,2552.34,705.48,8096.73
2023-06-08,TQQQ_30,267889.14,188546.67,4561.1066,0.0,14484.54,13432.03,12211.57,67.9,TQQQ_30,Trim lock active,257889.14,2578.89,715.69,8377.92
2023-06-09,TQQQ_30,268877.3,188569.91,4561.1066,0.0,14528.36,13465.68,12222.35,68.73,TQQQ_30,Trim lock active,258877.3,2588.77,718.16,8481.03
2023-06-12,TQQQ_30,273047.95,188639.66,4561.1066,0.0,14784.3,13502.1,12236.34,73.09,TQQQ_30,Trim lock active,263047.95,2630.48,732.57,8919.22
2023-06-13,TQQQ_30,274957.16,188662.92,4561.1066,0.0,14900.85,13536.49,12250.69,74.82,TQQQ_30,Trim lock active,264957.16,2649.57,739.13,9120.74
2023-06-14,TQQQ_30,276822.54,188686.17,4561.1066,0.0,15005.69,13573.64,12264.34,76.29,TQQQ_30,Overextended: RSI 76.3 >= 75,266822.54,2668.23,745.04,9317.57
2023-06-15,TQQQ_30,279937.92,188709.44,4561.1066,0.0,15185.48,13615.34,12280.57,78.6,TQQQ_30,Overextended: RSI 78.6 >= 75,269937.92,2699.38,755.16,9647.97
2023-06-16,TQQQ_30,278206.82,188732.7,4561.1066,0.0,15083.92,13657.68,12295.84,74.2,TQQQ_30,Trim lock active,268206.82,2682.07,749.44,9460.51
2023-06-20,TQQQ_30,277861.26,188825.78,4561.1066,0.0,15070.15,13697.83,12309.94,73.6,TQQQ_30,Trim lock active,267861.26,2678.61,748.67,9413.64
2023-06-21,TQQQ_30,274316.26,188849.06,4561.1066,0.0,14867.45,13734.15,12323.3,65.22,TQQQ_30,Trim lock active,264316.26,2643.16,737.25,9032.37
2023-06-22,TQQQ_30,277177.46,188872.34,4561.1066,0.0,15042.32,13775.72,12336.68,68.55,TQQQ_30,Trim lock active,267177.46,2671.77,747.1,9335.6
2023-06-23,TQQQ_30,274582.83,188895.63,4561.1066,0.0,14891.48,13816.58,12347.82,62.95,TQQQ_30,Trim lock active,264582.83,2645.83,738.61,9055.87
2023-06-26,TQQQ_30,271264.82,188965.49,4561.1066,0.0,14689.02,13848.17,12358.54,56.31,TQQQ_30,Trim lock active,261264.82,2612.65,727.21,8693.87
2023-06-27,TQQQ_100,275357.98,0.0,14541.4936,0.0,14945.91,13885.5,12371.77,61.82,TQQQ_100,"Bull trend confirmed: Price > SMA50 & SMA250, RSI 61.8",265357.98,2653.58,741.67,9128.75
2023-06-28,TQQQ_100,277041.21,0.0,14541.4936,0.0,14964.57,13923.04,12385.0,62.19,TQQQ_100,"Bull trend confirmed: Price > SMA50 & SMA250, RSI 62.2",267041.21,2670.41,742.72,9185.16
2023-06-29,TQQQ_100,275147.58,0.0,14541.4936,0.0,14939.95,13960.0,12398.74,61.34,TQQQ_100,"Bull trend confirmed: Price > SMA50 & SMA250, RSI 61.3",265147.58,2651.48,741.34,9121.69
2023-06-30,TQQQ_100,287561.77,0.0,14541.4936,0.0,15179.21,14001.81,12413.12,66.18,TQQQ_100,"Bull trend confirmed: Price > SMA50 & SMA250, RSI 66.2",277561.77,2775.62,754.81,9537.76
2023-07-03,TQQQ_50,289525.6,144762.8,7270.7468,0.0,15208.69,14046.26,12426.83,66.73,TQQQ_50,Bearish RSI divergence,279525.6,2795.26,756.47,9603.58
2023-07-05,TQQQ_50,289456.09,144798.49,7270.7468,0.0,15203.78,14090.32,12440.24,66.54,TQQQ_50,Bearish RSI divergence,279456.09,2794.56,756.19,9596.53
2023-07-06,TQQQ_50,286072.31,144816.35,7270.7468,0.0,15089.45,14132.72,12452.16,61.99,TQQQ_50,Bearish RSI divergence,276072.31,2760.72,749.76,9368.51
2023-07-07,TQQQ_50,284652.36,144834.2,7270.7468,0.0,15036.85,14178.95,12463.8,59.96,TQQQ_50,Bearish RSI divergence,274652.36,2746.52,746.79,9272.14
2023-07-10,TQQQ_50,284811.15,144887.77,7270.7468,0.0,15045.64,14223.74,12476.55,60.2,TQQQ_50,Bearish RSI divergence,274811.15,2748.11,747.29,9279.19
2023-07-11,TQQQ_50,286827.89,144905.63,7270.7468,0.0,15119.06,14262.92,12490.04,62.19,TQQQ_50,Bearish RSI divergence,276827.89,2768.28,751.42,9413.18
2023-07-12,TQQQ_50,292106.03,144923.5,7270.7468,0.0,15307.23,14304.14,12504.36,66.78,TQQQ_50,Bearish RSI divergence,282106.03,2821.06,762.02,9765.78
2023-07-13,TQQQ_50,299453.22,144941.36,7270.7468,0.0,15571.98,14350.95,12519.57,71.94,TQQQ_50,Bearish RSI divergence,289453.22,2894.53,776.93,10257.07
2023-07-14,TQQQ_50,299330.82,144959.23,7270.7468,0.0,15565.6,14399.99,12533.9,71.65,TQQQ_50,Bearish RSI divergence,289330.82,2893.31,776.57,10247.66
2023-07-17,TQQQ_100,303662.8,0.0,13916.5206,0.0,15713.28,14453.65,12549.24,74.23,TQQQ_100,"Bull trend confirmed: Price > SMA50 & SMA250, RSI 74.2",293662.8,2936.63,784.89,10534.45
2023-07-18,TQQQ_30,310912.06,217638.44,4174.9562,0.0,15841.35,14510.83,12563.61,76.25,TQQQ_30,Overextended: RSI 76.2 >= 75,300912.06,3009.12,792.1,10788.32
2023-07-19,TQQQ_30,310938.89,217665.27,4174.9562,0.0,15826.35,14562.17,12577.16,75.5,TQQQ_30,Overextended: RSI 75.5 >= 75,300938.89,3009.39,791.25,10788.32
2023-07-20,TQQQ_30,304421.25,217692.11,4174.9562,0.0,15466.09,14605.66,12588.54,60.26,TQQQ_30,Trim lock active,294421.25,2944.21,770.97,10024.35
2023-07-21,TQQQ_30,303682.91,217718.95,4174.9562,0.0,15425.67,14650.15,12600.66,58.82,TQQQ_30,Trim lock active,293682.91,2936.83,768.69,9935.03
2023-07-24,TQQQ_30,304105.76,217799.48,4174.9562,0.0,15448.02,14692.16,12613.14,59.4,TQQQ_30,Trim lock active,294105.76,2941.06,769.95,9974.99
2023-07-25,TQQQ_100,305864.37,0.0,14504.7563,0.0,15561.42,14735.59,12627.04,62.28,TQQQ_100,"Bull trend confirmed: Price > SMA50 & SMA250, RSI 62.3",295864.37,2958.64,776.33,10177.14
2023-07-26,TQQQ_100,302716.19,0.0,14504.7563,0.0,15499.26,14778.77,12638.63,59.78,TQQQ_100,"Bull trend confirmed: Price > SMA50 & SMA250, RSI 59.8",292716.19,2927.16,772.83,10071.36
2023-07-27,TQQQ_100,300127.68,0.0,14504.7563,0.0,15464.93,14819.8,12649.62,58.38,TQQQ_100,"Bull trend confirmed: Price > SMA50 & SMA250, RSI 58.4",290127.68,2901.28,770.9,9984.39
2023-07-28,TQQQ_100,316358.36,0.0,14504.7563,0.0,15750.93,14866.3,12660.83,65.59,TQQQ_100,"Bull trend confirmed: Price > SMA50 & SMA250, RSI 65.6",306358.36,3063.58,787.01,10529.75
2023-07-31,TQQQ_100,316988.03,0.0,14504.7563,0.0,15757.0,14909.65,12672.09,65.73,TQQQ_100,"Bull trend confirmed: Price > SMA50 & SMA250, RSI 65.7",306988.03,3069.88,787.35,10550.9
2023-08-01,TQQQ_100,314539.34,0.0,14504.7563,0.0,15718.01,14947.32,12683.36,63.98,TQQQ_100,"Bull trend confirmed: Price > SMA50 & SMA250, RSI 64.0",304539.34,3045.39,785.15,10468.63
2023-08-02,TQQQ_100,293971.19,0.0,14504.7563,0.0,15370.74,14978.67,12691.83,50.99,TQQQ_100,"Bull trend confirmed: Price > SMA50 & SMA250, RSI 51.0",283971.19,2839.71,765.6,9777.53
2023-08-03,TQQQ_100,291872.45,0.0,14504.7563,0.0,15353.54,15008.74,12700.0,50.44,TQQQ_100,"Bull trend confirmed: Price > SMA50 & SMA250, RSI 50.4",281872.45,2818.72,764.63,9707.01
2023-08-04,TQQQ_100,287814.7,0.0,14504.7563,0.0,15274.92,15040.79,12708.27,47.92,TQQQ_100,"Bull trend confirmed: Price > SMA50 & SMA250, RSI 47.9",277814.7,2778.15,760.2,9570.67
2023-08-07,TQQQ_100,294950.64,0.0,14504.7563,0.0,15407.85,15076.86,12717.26,52.27,TQQQ_100,"Bull trend confirmed: Price > SMA50 & SMA250, RSI 52.3",284950.64,2849.51,767.69,9810.44
2023-08-08,TQQQ_100,287395.04,0.0,14504.7563,0.0,15273.05,15103.55,12726.32,47.9,TQQQ_100,"Bull trend confirmed: Price > SMA50 & SMA250, RSI 47.9",277395.04,2773.95,760.09,9556.57
2023-08-09,TQQQ_100,277810.45,0.0,14504.7563,0.0,15101.71,15119.61,12733.22,42.98,TQQQ_100,Downside buffer hold: NDX 15101.7 above buffer (14903.4),267810.45,2678.1,750.45,9234.52
2023-08-10,TQQQ_100,279069.74,0.0,14504.7563,0.0,15128.84,15135.09,12740.56,43.96,TQQQ_100,Downside buffer hold: NDX 15128.8 above buffer (14911.4),269069.74,2690.7,751.97,9276.84
2023-08-11,TQQQ_100,273472.98,0.0,14504.7563,0.0,15028.07,15150.57,12746.41,41.13,TQQQ_100,Downside buffer hold: NDX 15028.1 above buffer (14925.1),263472.98,2634.73,746.3,9088.78
2023-08-14,TQQQ_100,282567.75,0.0,14504.7563,0.0,15205.59,15165.85,12752.57,47.54,TQQQ_100,"Bull trend confirmed: Price > SMA50 & SMA250, RSI 47.5",272567.75,2725.68,756.3,9394.37
2023-08-15,TQQQ_100,273892.78,0.0,14504.7563,0.0,15037.65,15175.67,12758.17,42.79,TQQQ_100,Downside buffer hold: NDX 15037.7 above buffer (14943.7),263892.78,2638.93,746.84,9102.89
2023-08-16,CASH,264797.95,264797.95,0.0,0.0,14876.47,15182.07,12763.8,38.79,CASH,Downside breakdown: NDX 14876.5 broke below exit buffer (14962.7),254797.95,2547.98,737.76,8797.3
2023-08-17,CASH,264830.6,264830.6,0.0,0.0,14715.81,15185.23,12768.64,35.24,CASH,Downside breakdown: NDX 14715.8 broke below exit buffer (14971.0),254830.6,2548.31,728.71,8496.41
2023-08-18,CASH,264863.25,264863.25,0.0,0.0,14694.84,15193.06,12774.44,34.8,CASH,Downside breakdown: NDX 14694.8 broke below exit buffer (14972.7),254863.25,2548.63,727.53,8456.45
2023-08-21,CASH,264961.21,264961.21,0.0,0.0,14936.69,15202.1,12782.63,43.66,CASH,Downside breakdown: NDX 14936.7 broke below exit buffer (14971.5),254961.21,2549.61,741.15,8870.17
2023-08-22,CASH,264993.88,264993.88,0.0,0.0,14908.96,15209.71,12790.74,42.94,CASH,Downside breakdown: NDX 14909.0 broke below exit buffer (14996.4),254993.88,2549.94,739.59,8830.21
2023-08-23,CASH,265026.55,265026.55,0.0,0.0,15148.06,15216.99,12799.66,50.53,CASH,Holding cash,255026.55,2550.27,753.06,9250.98
2023-08-24,CASH,265059.23,265059.23,0.0,0.0,14816.44,15215.3,12806.35,42.16,CASH,Downside breakdown: NDX 14816.4 broke below exit buffer (14979.6),255059.23,2550.59,734.38,8635.1
2023-08-25,CASH,265091.9,265091.9,0.0,0.0,14941.83,15214.02,12815.7,45.81,CASH,Downside breakdown: NDX 14941.8 broke below exit buffer (14968.7),255091.9,2550.92,741.44,8841.96
2023-08-28,CASH,265189.95,265189.95,0.0,0.0,15052.46,15211.36,12825.97,48.88,CASH,Holding cash,255189.95,2551.9,747.67,9041.77
2023-08-29,CASH,265222.65,265222.65,0.0,0.0,15376.55,15217.21,12838.1,56.63,CASH,Re-entry buffer: NDX 15376.5 below threshold (15464.7),255222.65,2552.23,765.92,9624.73
2023-08-30,TQQQ_100,265255.34,0.0,13075.4459,0.0,15462.43,15225.06,12850.87,58.43,TQQQ_100,"Bull trend confirmed: Price > SMA50 & SMA250, RSI 58.4",255255.34,2552.55,770.76,9786.93
2023-08-31,TQQQ_100,267651.75,0.0,13075.4459,0.0,15501.07,15237.73,12863.77,59.25,TQQQ_100,"Bull trend confirmed: Price > SMA50 & SMA250, RSI 59.2",257651.75,2576.52,772.94,9876.26
2023-09-01,TQQQ_100,266705.87,0.0,13075.4459,0.0,15490.86,15246.7,12877.34,58.92,TQQQ_100,"Bull trend confirmed: Price > SMA50 & SMA250, RSI 58.9",256705.87,2567.06,772.36,9841.0
2023-09-05,TQQQ_100,267399.56,0.0,13075.4459,0.0,15508.24,15259.04,12891.33,59.33,TQQQ_100,"Bull trend confirmed: Price > SMA50 & SMA250, RSI 59.3",257399.56,2574.0,773.34,9866.86
2023-09-06,TQQQ_100,260336.14,0.0,13075.4459,0.0,15371.44,15272.69,12903.78,54.65,TQQQ_100,"Bull trend confirmed: Price > SMA50 & SMA250, RSI 54.6",250336.14,2503.36,765.64,9603.58
2023-09-07,TQQQ_100,254660.2,0.0,13075.4459,0.0,15258.52,15278.94,12915.53,51.06,TQQQ_100,Downside buffer hold: NDX 15258.5 above buffer (15052.5),244660.2,2446.6,759.28,9392.02
2023-09-08,TQQQ_100,255417.01,0.0,13075.4459,0.0,15280.23,15285.25,12926.29,51.72,TQQQ_100,Downside buffer hold: NDX 15280.2 above buffer (15062.9),245417.01,2454.17,760.5,9420.23
2023-09-11,TQQQ_100,264120.13,0.0,13075.4459,0.0,15461.87,15295.69,12937.18,56.92,TQQQ_100,"Bull trend confirmed: Price > SMA50 & SMA250, RSI 56.9",254120.13,2541.2,770.73,9744.62
2023-09-12,TQQQ_100,255669.3,0.0,13075.4459,0.0,15289.74,15297.9,12950.21,51.28,TQQQ_100,Downside buffer hold: NDX 15289.7 above buffer (15077.8),245669.3,2456.69,761.03,9429.63
2023-09-13,TQQQ_100,258191.92,0.0,13075.4459,0.0,15348.53,15300.7,12963.06,53.0,TQQQ_100,"Bull trend confirmed: Price > SMA50 & SMA250, RSI 53.0",248191.92,2481.92,764.35,9523.66
2023-09-14,TQQQ_100,264246.22,0.0,13075.4459,0.0,15473.89,15306.1,12977.25,56.51,TQQQ_100,"Bull trend confirmed: Price > SMA50 & SMA250, RSI 56.5",254246.22,2542.46,771.41,9749.32
2023-09-15,TQQQ_100,250687.07,0.0,13075.4459,0.0,15202.4,15308.36,12990.61,48.12,TQQQ_100,Downside buffer hold: NDX 15202.4 above buffer (15116.6),240687.07,2406.87,756.12,9243.93
2023-09-18,TQQQ_100,251254.67,0.0,13075.4459,0.0,15225.37,15312.13,13003.7,48.81,TQQQ_100,Downside buffer hold: NDX 15225.4 above buffer (15122.6),241254.67,2412.55,757.41,9265.08
2023-09-19,TQQQ_100,249741.07,0.0,13075.4459,0.0,15191.23,15315.04,13017.06,47.79,TQQQ_100,Downside buffer hold: NDX 15191.2 above buffer (15139.9),239741.07,2397.41,755.49,9208.67
2023-09-20,CASH,238912.52,238912.52,0.0,0.0,14969.92,15312.06,13030.39,41.71,CASH,Downside breakdown: NDX 14969.9 broke below exit buffer (15127.3),228912.52,2289.13,743.02,8805.05
2023-09-21,CASH,238941.97,238941.97,0.0,0.0,14694.24,15299.8,13043.16,35.62,CASH,Downside breakdown: NDX 14694.2 broke below exit buffer (15103.2),228941.97,2289.42,727.5,8297.88
2023-09-22,CASH,238971.43,238971.43,0.0,0.0,14701.1,15282.38,13056.72,35.87,CASH,Downside breakdown: NDX 14701.1 broke below exit buffer (15087.2),228971.43,2289.71,727.89,8304.95
2023-09-25,CASH,239059.82,239059.82,0.0,0.0,14768.9,15266.45,13070.78,38.43,CASH,Downside breakdown: NDX 14768.9 broke below exit buffer (15069.9),229059.82,2290.6,731.7,8415.82
2023-09-26,CASH,239089.29,239089.29,0.0,0.0,14545.83,15243.1,13083.87,33.68,CASH,Downside breakdown: NDX 14545.8 broke below exit buffer (15043.4),229089.29,2290.89,719.14,8036.03
2023-09-27,CASH,239118.77,239118.77,0.0,0.0,14580.16,15217.87,13096.22,35.01,CASH,Downside breakdown: NDX 14580.2 broke below exit buffer (15018.8),229118.77,2291.19,721.08,8085.57
2023-09-28,CASH,239148.25,239148.25,0.0,0.0,14702.77,15195.4,13110.37,39.67,CASH,Downside breakdown: NDX 14702.8 broke below exit buffer (14985.8),229148.25,2291.48,727.98,8283.72
2023-09-29,CASH,239177.73,239177.73,0.0,0.0,14715.24,15180.39,13125.35,40.14,CASH,Downside breakdown: NDX 14715.2 broke below exit buffer (14968.3),229177.73,2291.78,728.68,8302.59
2023-10-02,CASH,239266.2,239266.2,0.0,0.0,14837.57,15168.62,13139.78,44.69,CASH,Downside breakdown: NDX 14837.6 broke below exit buffer (14956.0),229266.2,2292.66,735.57,8503.1
2023-10-03,CASH,239295.7,239295.7,0.0,0.0,14565.62,15150.98,13151.71,37.81,CASH,Downside breakdown: NDX 14565.6 broke below exit buffer (14925.8),229295.7,2292.96,720.26,8047.83
2023-10-04,CASH,239325.2,239325.2,0.0,0.0,14776.25,15135.27,13164.52,44.89,CASH,Downside breakdown: NDX 14776.2 broke below exit buffer (14905.7),229325.2,2293.25,732.12,8378.08
2023-10-05,CASH,239354.7,239354.7,0.0,0.0,14723.22,15119.75,13177.47,43.54,CASH,Downside breakdown: NDX 14723.2 broke below exit buffer (14897.3),229354.7,2293.55,729.13,8288.44
2023-10-06,CASH,239384.21,239384.21,0.0,0.0,14973.24,15109.92,13193.21,50.99,CASH,Holding cash,229384.21,2293.84,743.21,8710.69
2023-10-09,CASH,239472.75,239472.75,0.0,0.0,15047.15,15095.84,13209.69,52.97,CASH,Holding cash,229472.75,2294.73,747.37,8840.44
2023-10-10,CASH,239502.28,239502.28,0.0,0.0,15131.52,15083.33,13227.05,55.19,CASH,Re-entry buffer: NDX 15131.5 below threshold (15330.6),229502.28,2295.02,752.12,8986.69
2023-10-11,CASH,239531.8,239531.8,0.0,0.0,15241.12,15073.79,13244.87,57.96,CASH,Re-entry buffer: NDX 15241.1 below threshold (15310.4),229531.8,2295.32,758.3,9180.12
2023-10-12,CASH,239561.34,239561.34,0.0,0.0,15184.1,15070.06,13261.48,56.02,CASH,Re-entry buffer: NDX 15184.1 below threshold (15311.9),229561.34,2295.61,755.09,9071.61
2023-10-13,CASH,239590.87,239590.87,0.0,0.0,14995.12,15062.89,13278.69,50.03,CASH,Holding cash,229590.87,2295.91,744.44,8724.85
2023-10-16,CASH,239679.49,239679.49,0.0,0.0,15172.73,15060.85,13295.13,54.91,CASH,Re-entry buffer: NDX 15172.7 below threshold (15308.8),229679.49,2296.79,754.45,9022.07
2023-10-17,CASH,239709.04,239709.04,0.0,0.0,15122.01,15055.13,13311.03,53.31,CASH,Re-entry buffer: NDX 15122.0 below threshold (15305.2),229709.04,2297.09,751.59,8934.79
2023-10-18,CASH,239738.59,239738.59,0.0,0.0,14909.26,15047.86,13326.25,47.1,CASH,Holding cash,229738.59,2297.39,739.61,8552.64
2023-10-19,CASH,239768.15,239768.15,0.0,0.0,14783.13,15041.49,13341.19,43.84,CASH,Downside breakdown: NDX 14783.1 broke below exit buffer (14790.3),229768.15,2297.68,732.51,8321.47
2023-10-20,CASH,239797.71,239797.71,0.0,0.0,14560.88,15030.13,13354.2,38.76,CASH,Downside breakdown: NDX 14560.9 broke below exit buffer (14776.1),229797.71,2297.98,719.99,7941.67
2023-10-23,CASH,239886.4,239886.4,0.0,0.0,14604.85,15021.66,13366.9,40.23,CASH,Downside breakdown: NDX 14604.8 broke below exit buffer (14768.0),229886.4,2298.86,722.47,8012.44
2023-10-24,CASH,239915.97,239915.97,0.0,0.0,14745.86,15012.47,13379.2,44.83,CASH,Downside breakdown: NDX 14745.9 broke below exit buffer (14763.7),229915.97,2299.16,730.41,8241.26
2023-10-25,CASH,239945.55,239945.55,0.0,0.0,14381.64,14999.35,13391.1,36.93,CASH,Downside breakdown: NDX 14381.6 broke below exit buffer (14737.5),229945.55,2299.46,709.9,7630.29
2023-10-26,CASH,239975.13,239975.13,0.0,0.0,14109.57,14984.01,13402.77,32.34,CASH,Downside breakdown: NDX 14109.6 broke below exit buffer (14730.9),229975.13,2299.75,694.57,7179.73
2023-10-27,CASH,240004.72,240004.72,0.0,0.0,14180.42,14973.3,13413.31,34.62,CASH,Downside breakdown: NDX 14180.4 broke below exit buffer (14723.2),230004.72,2300.05,698.56,7283.52
2023-10-30,CASH,240093.49,240093.49,0.0,0.0,14335.51,14966.11,13425.03,39.43,CASH,Downside breakdown: NDX 14335.5 broke below exit buffer (14715.1),230093.49,2300.93,707.3,7521.78
2023-10-31,CASH,240123.09,240123.09,0.0,0.0,14409.78,14955.58,13437.51,41.64,CASH,Downside breakdown: NDX 14409.8 broke below exit buffer (14700.3),230123.09,2301.23,711.48,7632.65
2023-11-01,CASH,240152.69,240152.69,0.0,0.0,14664.91,14950.7,13452.55,48.59,CASH,Downside breakdown: NDX 14664.9 broke below exit buffer (14693.7),230152.69,2301.53,725.85,8031.31
2023-11-02,CASH,240182.3,240182.3,0.0,0.0,14919.55,14946.13,13469.46,54.42,CASH,Holding cash,230182.3,2301.82,740.19,8463.0
2023-11-03,CASH,240211.91,240211.91,0.0,0.0,15099.49,14951.79,13486.43,58.04,CASH,Re-entry buffer: NDX 15099.5 below threshold (15208.3),230211.91,2302.12,750.32,8764.95
2023-11-06,CASH,240300.76,240300.76,0.0,0.0,15154.93,14956.05,13503.15,59.12,CASH,Re-entry buffer: NDX 15154.9 below threshold (15202.6),230300.76,2303.01,753.44,8866.38
2023-11-07,TQQQ_100,240330.38,0.0,12705.4103,0.0,15296.02,14960.92,13520.09,61.81,TQQQ_100,"Bull trend confirmed: Price > SMA50 & SMA250, RSI 61.8",230330.38,2303.3,761.39,9118.79
2023-11-08,TQQQ_100,240760.9,0.0,12705.4103,0.0,15313.24,14959.65,13538.15,62.13,TQQQ_100,"Bull trend confirmed: Price > SMA50 & SMA250, RSI 62.1",230760.9,2307.61,762.36,9135.31
2023-11-09,TQQQ_100,235041.61,0.0,12705.4103,0.0,15187.9,14954.16,13552.48,58.22,TQQQ_100,"Bull trend confirmed: Price > SMA50 & SMA250, RSI 58.2",225041.61,2250.42,755.3,8915.92
2023-11-10,TQQQ_100,250723.32,0.0,12705.4103,0.0,15529.12,14954.72,13567.33,64.73,TQQQ_100,"Bull trend confirmed: Price > SMA50 & SMA250, RSI 64.7",240723.32,2407.23,774.52,9517.45
2023-11-13,TQQQ_100,248447.98,0.0,12705.4103,0.0,15482.79,14954.56,13582.46,63.29,TQQQ_100,"Bull trend confirmed: Price > SMA50 & SMA250, RSI 63.3",238447.98,2384.48,771.91,9430.17
2023-11-14,TQQQ_100,264068.21,0.0,12705.4103,0.0,15812.47,14960.65,13598.22,68.64,TQQQ_100,"Bull trend confirmed: Price > SMA50 & SMA250, RSI 68.6",254068.21,2540.68,790.47,10029.35
2023-11-15,TQQQ_100,264806.2,0.0,12705.4103,0.0,15817.18,14969.56,13614.7,68.71,TQQQ_100,"Bull trend confirmed: Price > SMA50 & SMA250, RSI 68.7",254806.2,2548.06,790.74,10057.66
2023-11-16,TQQQ_100,265236.64,0.0,12705.4103,0.0,15833.17,14981.05,13631.32,68.97,TQQQ_100,"Bull trend confirmed: Price > SMA50 & SMA250, RSI 69.0",255236.64,2552.37,791.64,10074.17
2023-11-17,TQQQ_100,265421.15,0.0,12705.4103,0.0,15837.99,14992.21,13647.96,69.05,TQQQ_100,"Bull trend confirmed: Price > SMA50 & SMA250, RSI 69.0",255421.15,2554.21,791.91,10081.24
2023-11-20,TQQQ_100,274891.73,0.0,12705.4103,0.0,16027.06,15003.51,13665.86,72.14,TQQQ_100,"Bull trend confirmed: Price > SMA50 & SMA250, RSI 72.1",264891.73,2648.92,802.56,10444.52
2023-11-21,TQQQ_100,269910.39,0.0,12705.4103,0.0,15933.62,15016.39,13682.69,68.5,TQQQ_100,"Bull trend confirmed: Price > SMA50 & SMA250, RSI 68.5",259910.39,2599.1,797.29,10253.45
2023-11-22,TQQQ_100,273046.8,0.0,12705.4103,0.0,16001.39,15029.45,13699.34,69.69,TQQQ_100,"Bull trend confirmed: Price > SMA50 & SMA250, RSI 69.7",263046.8,2630.47,801.11,10373.76
2023-11-24,TQQQ_100,271693.89,0.0,12705.4103,0.0,15982.01,15039.61,13716.25,68.89,TQQQ_100,"Bull trend confirmed: Price > SMA50 & SMA250, RSI 68.9",261693.89,2616.94,800.02,10321.86
2023-11-27,TQQQ_100,270894.42,0.0,12705.4103,0.0,15961.98,15054.8,13733.75,68.01,TQQQ_100,"Bull trend confirmed: Price > SMA50 & SMA250, RSI 68.0",260894.42,2608.94,798.89,10291.19
2023-11-28,TQQQ_100,273046.8,0.0,12705.4103,0.0,16010.43,15070.5,13751.77,69.04,TQQQ_100,"Bull trend confirmed: Price > SMA50 & SMA250, RSI 69.0",263046.8,2630.47,801.62,10373.76
2023-11-29,TQQQ_100,272062.84,0.0,12705.4103,0.0,15987.6,15086.43,13767.6,67.93,TQQQ_100,"Bull trend confirmed: Price > SMA50 & SMA250, RSI 67.9",262062.84,2620.63,800.33,10336.01
2023-11-30,TQQQ_100,269787.4,0.0,12705.4103,0.0,15947.87,15105.99,13783.23,65.96,TQQQ_100,"Bull trend confirmed: Price > SMA50 & SMA250, RSI 66.0",259787.4,2597.87,798.1,10248.73
2023-12-01,TQQQ_100,272062.84,0.0,12705.4103,0.0,15997.58,15132.06,13799.24,67.24,TQQQ_100,"Bull trend confirmed: Price > SMA50 & SMA250, RSI 67.2",262062.84,2620.63,800.9,10336.01
2023-12-04,TQQQ_100,264314.26,0.0,12705.4103,0.0,15839.67,15154.83,13815.45,59.56,TQQQ_100,"Bull trend confirmed: Price > SMA50 & SMA250, RSI 59.6",254314.26,2543.14,792.0,10038.78
2023-12-05,TQQQ_100,266220.62,0.0,12705.4103,0.0,15877.71,15177.0,13832.76,60.72,TQQQ_100,"Bull trend confirmed: Price > SMA50 & SMA250, RSI 60.7",256220.62,2562.21,794.15,10111.91
2023-12-06,TQQQ_100,261485.39,0.0,12705.4103,0.0,15788.05,15201.85,13849.93,56.59,TQQQ_100,"Bull trend confirmed: Price > SMA50 & SMA250, RSI 56.6",251485.39,2514.85,789.1,9930.27
2023-12-07,TQQQ_100,272431.75,0.0,12705.4103,0.0,16022.49,15230.7,13867.47,63.57,TQQQ_100,"Bull trend confirmed: Price > SMA50 & SMA250, RSI 63.6",262431.75,2624.32,802.3,10350.16
2023-12-08,TQQQ_50,275691.15,137845.58,6352.7052,0.0,16084.69,15258.33,13885.55,65.17,TQQQ_50,Bearish RSI divergence,265691.15,2656.91,805.8,10475.19
2023-12-11,TQQQ_50,279247.47,137896.56,6352.7052,0.0,16221.73,15288.46,13903.61,68.46,TQQQ_50,Bearish RSI divergence,269247.47,2692.47,813.52,10744.11
2023-12-12,TQQQ_50,282677.58,137913.56,6352.7052,0.0,16354.25,15318.8,13921.69,71.29,TQQQ_50,Bearish RSI divergence,272677.58,2726.78,820.98,11005.96
2023-12-13,TQQQ_30,287798.82,201459.17,3659.8165,0.0,16562.37,15358.73,13940.98,75.06,TQQQ_30,Overextended: RSI 75.1 >= 75,277798.82,2777.99,832.7,11397.54
2023-12-14,TQQQ_30,287681.93,201484.01,3659.8165,0.0,16537.83,15393.96,13961.75,73.83,TQQQ_30,Trim lock active,277681.93,2776.82,831.32,11378.67
2023-12-15,TQQQ_30,288734.21,201508.85,3659.8165,0.0,16623.45,15431.97,13983.27,75.35,TQQQ_30,Overextended: RSI 75.4 >= 75,278734.21,2787.34,836.14,11515.49
2023-12-18,TQQQ_30,290633.3,201583.38,3659.8165,0.0,16729.8,15467.1,14005.85,77.13,TQQQ_30,Overextended: RSI 77.1 >= 75,280633.3,2806.33,842.13,11758.46
2023-12-19,TQQQ_30,291986.75,201608.23,3659.8165,0.0,16811.85,15502.39,14028.81,78.42,TQQQ_30,Overextended: RSI 78.4 >= 75,281986.75,2819.87,846.75,11935.38
2023-12-20,TQQQ_30,287995.92,201633.09,3659.8165,0.0,16554.16,15530.85,14050.08,65.83,TQQQ_30,Trim lock active,277995.92,2779.96,832.24,11400.63
2023-12-21,TQQQ_30,290885.31,201657.95,3659.8165,0.0,16757.41,15561.17,14073.29,69.93,TQQQ_30,Trim lock active,280885.31,2808.85,843.69,11782.09
2023-12-22,TQQQ_30,291266.0,201682.81,3659.8165,0.0,16777.4,15593.04,14096.45,70.31,TQQQ_30,Trim lock active,281266.0,2812.66,844.81,11829.47
2023-12-26,TQQQ_30,293002.35,201782.27,3659.8165,0.0,16878.46,15630.71,14120.68,72.21,TQQQ_30,Trim lock active,283002.35,2830.02,850.5,12047.45
2023-12-27,TQQQ_30,293507.61,201807.15,3659.8165,0.0,16906.8,15665.39,14145.59,72.74,TQQQ_30,Trim lock active,283507.61,2835.08,852.1,12111.42
2023-12-28,TQQQ_30,293301.19,201832.03,3659.8165,0.0,16898.47,15700.92,14169.38,72.3,TQQQ_30,Trim lock active,283301.19,2833.01,851.63,12080.62
2023-12-29,TQQQ_30,292062.83,201856.91,3659.8165,0.0,16825.93,15739.25,14192.92,68.47,TQQQ_30,Trim lock active,282062.83,2820.63,847.54,11912.4
2024-01-02,TQQQ_30,287589.8,201956.46,3659.8165,0.0,16543.94,15774.47,14215.65,56.04,TQQQ_30,Trim lock active,277589.8,2775.9,831.66,11303.49
2024-01-03,TQQQ_30,284874.74,201981.36,3659.8165,0.0,16368.49,15810.62,14237.46,49.97,TQQQ_30,Trim lock active,274874.74,2748.75,821.78,10938.61
2024-01-04,TQQQ_30,283511.85,202006.26,3659.8165,0.0,16282.01,15844.16,14259.62,47.25,TQQQ_30,Trim lock active,273511.85,2735.12,816.91,10753.81
2024-01-05,TQQQ_30,283839.23,202031.16,3659.8165,0.0,16305.98,15875.36,14280.69,48.09,TQQQ_30,Trim lock active,273839.23,2738.39,818.26,10794.09
2024-01-08,TQQQ_30,288842.36,202105.89,3659.8165,0.0,16649.87,15920.73,14302.85,58.37,TQQQ_30,Trim lock active,278842.36,2788.42,837.63,11450.39
2024-01-09,TQQQ_30,289436.6,202130.8,3659.8165,0.0,16678.7,15972.11,14324.74,59.1,TQQQ_30,Trim lock active,279436.6,2794.37,839.25,11526.2
2024-01-10,TQQQ_50,291187.37,145593.69,5984.9074,0.0,16793.05,16024.36,14346.31,61.96,TQQQ_50,Bearish RSI divergence,281187.37,2811.87,845.69,11756.03
2024-01-11,TQQQ_100,291903.59,0.0,11941.9827,0.0,16820.9,16074.07,14367.75,62.64,TQQQ_100,"Bull trend confirmed: Price > SMA50 & SMA250, RSI 62.6",281903.59,2819.04,847.26,11812.89
2024-01-12,TQQQ_100,292251.95,0.0,11941.9827,0.0,16832.92,16122.53,14388.92,62.95,TQQQ_100,"Bull trend confirmed: Price > SMA50 & SMA250, RSI 63.0",282251.95,2822.52,847.94,11827.1
2024-01-16,TQQQ_100,292077.81,0.0,11941.9827,0.0,16830.71,16165.85,14410.01,62.85,TQQQ_100,"Bull trend confirmed: Price > SMA50 & SMA250, RSI 62.8",282077.81,2820.78,847.81,11820.0
2024-01-17,TQQQ_100,287026.99,0.0,11941.9827,0.0,16736.28,16202.18,14431.32,58.44,TQQQ_100,"Bull trend confirmed: Price > SMA50 & SMA250, RSI 58.4",277026.99,2770.27,842.5,11613.87
2024-01-18,TQQQ_50,299334.75,149667.38,5970.9914,0.0,16982.29,16239.84,14454.06,65.27,TQQQ_50,Bearish RSI divergence,289334.75,2893.35,856.35,12116.16
2024-01-19,TQQQ_50,308003.48,149685.83,5970.9914,0.0,17314.0,16283.02,14476.84,71.96,TQQQ_50,Bearish RSI divergence,298003.48,2980.03,875.03,12822.21
2024-01-22,TQQQ_50,308697.45,149741.19,5970.9914,0.0,17330.38,16323.71,14498.67,72.25,TQQQ_50,Bearish RSI divergence,298697.45,2986.97,875.95,12874.34
2024-01-23,TQQQ_100,310602.73,0.0,11530.5318,0.0,17404.21,16365.53,14520.9,73.55,TQQQ_100,"Bull trend confirmed: Price > SMA50 & SMA250, RSI 73.6",300602.73,3006.03,880.11,13028.34
2024-01-24,TQQQ_30,315703.77,220992.64,3459.1595,0.0,17499.3,16411.76,14543.64,75.17,TQQQ_30,Overextended: RSI 75.2 >= 75,305703.77,3057.04,885.47,13243.95
2024-01-25,TQQQ_30,316000.09,221019.89,3459.1595,0.0,17516.99,16451.51,14565.5,75.47,TQQQ_30,Overextended: RSI 75.5 >= 75,306000.09,3060.0,886.46,13281.86
2024-01-26,TQQQ_30,314278.41,221047.14,3459.1595,0.0,17421.01,16490.28,14586.52,70.49,TQQQ_30,Trim lock active,304278.41,3042.78,881.06,13035.45
2024-01-29,TQQQ_30,317101.26,221128.89,3459.1595,0.0,17596.27,16525.95,14609.26,73.88,TQQQ_30,Trim lock active,307101.26,3071.01,890.93,13421.65
2024-01-30,TQQQ_30,315211.44,221156.16,3459.1595,0.0,17476.71,16559.14,14630.76,68.13,TQQQ_30,Trim lock active,305211.44,3052.11,884.19,13151.55
2024-01-31,TQQQ_30,309706.04,221183.42,3459.1595,0.0,17137.24,16585.23,14649.85,55.03,TQQQ_30,Trim lock active,299706.04,2997.06,865.08,12372.05
2024-02-01,TQQQ_100,312861.19,0.0,11808.3018,0.0,17344.71,16615.36,14668.02,60.08,TQQQ_100,"Bull trend confirmed: Price > SMA50 & SMA250, RSI 60.1",302861.19,3028.61,876.76,12812.74
2024-02-02,TQQQ_100,328590.4,0.0,11808.3018,0.0,17642.73,16647.67,14688.3,65.99,TQQQ_100,"Bull trend confirmed: Price > SMA50 & SMA250, RSI 66.0",318590.4,3185.9,893.54,13461.93
2024-02-05,TQQQ_100,326925.64,0.0,11808.3018,0.0,17613.04,16681.26,14708.89,64.96,TQQQ_100,"Bull trend confirmed: Price > SMA50 & SMA250, RSI 65.0",316925.64,3169.26,891.87,13393.22
2024-02-06,TQQQ_100,325031.25,0.0,11808.3018,0.0,17572.73,16712.69,14728.27,63.51,TQQQ_100,"Bull trend confirmed: Price > SMA50 & SMA250, RSI 63.5",315031.25,3150.31,889.6,13315.03
2024-02-07,TQQQ_100,334732.84,0.0,11808.3018,0.0,17755.07,16748.15,14749.31,67.09,TQQQ_100,"Bull trend confirmed: Price > SMA50 & SMA250, RSI 67.1",324732.84,3247.33,899.87,13715.45
2024-02-08,TQQQ_50,336110.54,168055.27,5904.1509,0.0,17783.17,16784.57,14770.92,67.62,TQQQ_50,Bearish RSI divergence,326110.54,3261.11,901.45,13772.31
2024-02-09,TQQQ_50,341068.14,168075.99,5904.1509,0.0,17962.41,16823.61,14793.55,70.83,TQQQ_50,Bearish RSI divergence,331068.14,3310.68,911.55,14179.83
2024-02-12,TQQQ_50,339092.42,168138.16,5904.1509,0.0,17882.66,16861.51,14815.07,67.62,TQQQ_50,Bearish RSI divergence,329092.42,3290.92,907.05,14011.61
2024-02-13,TQQQ_50,331018.94,168158.88,5904.1509,0.0,17600.42,16894.57,14835.1,57.65,TQQQ_50,Bearish RSI divergence,321018.94,3210.19,891.16,13343.46
2024-02-14,TQQQ_50,336206.19,168179.62,5904.1509,0.0,17807.63,16930.77,14855.58,62.07,TQQQ_50,Bearish RSI divergence,326206.19,3262.06,902.83,13769.94
2024-02-15,TQQQ_50,337633.35,168200.35,5904.1509,0.0,17845.72,16970.89,14877.2,62.84,TQQQ_50,Bearish RSI divergence,327633.35,3276.33,904.97,13886.03
2024-02-16,TQQQ_50,333004.24,168221.09,5904.1509,0.0,17685.98,17007.05,14898.51,57.57,TQQQ_50,Bearish RSI divergence,323004.24,3230.04,895.98,13502.21
2024-02-20,TQQQ_50,329269.73,168304.05,5904.1509,0.0,17546.1,17042.21,14920.45,53.36,TQQQ_50,Bearish RSI divergence,319269.73,3192.7,888.1,13187.09
2024-02-21,TQQQ_50,327281.26,168324.8,5904.1509,0.0,17478.91,17071.34,14942.1,51.41,TQQQ_50,Bearish RSI divergence,317281.26,3172.81,884.32,13021.24
2024-02-22,TQQQ_50,341050.69,168345.55,5904.1509,0.0,18004.7,17109.74,14965.4,62.84,TQQQ_50,Bearish RSI divergence,331050.69,3310.51,913.93,14156.14
2024-02-23,TQQQ_50,339492.79,168366.3,5904.1509,0.0,17937.61,17144.06,14989.27,60.87,TQQQ_50,Bearish RSI divergence,329492.79,3294.93,910.15,14025.82
2024-02-26,TQQQ_50,339325.43,168428.58,5904.1509,0.0,17933.33,17175.64,15012.77,60.74,TQQQ_50,Bearish RSI divergence,329325.43,3293.25,909.91,14006.87
2024-02-27,TQQQ_50,340408.2,168449.34,5904.1509,0.0,17971.05,17203.82,15036.49,61.52,TQQQ_50,Bearish RSI divergence,330408.2,3304.08,912.03,14094.53
2024-02-28,TQQQ_50,337644.78,168470.11,5904.1509,0.0,17874.5,17230.55,15060.23,58.31,TQQQ_50,Bearish RSI divergence,327644.78,3276.45,906.59,13864.71
2024-02-29,TQQQ_50,341741.37,168490.88,5904.1509,0.0,18043.85,17258.96,15084.23,62.05,TQQQ_50,Bearish RSI divergence,331741.37,3317.41,916.13,14201.15
2024-03-01,TQQQ_50,349712.84,168511.65,5904.1509,0.0,18302.91,17290.42,15108.28,66.94,TQQQ_50,Bearish RSI divergence,339712.84,3397.13,930.72,14857.45
2024-03-04,TQQQ_50,347622.46,168573.98,5904.1509,0.0,18226.48,17318.71,15131.97,64.31,TQQQ_50,Bearish RSI divergence,337622.46,3376.22,926.42,14679.75
2024-03-05,TQQQ_50,338056.49,168594.76,5904.1509,0.0,17897.87,17345.59,15154.96,54.41,TQQQ_50,Bearish RSI divergence,328056.49,3280.56,907.91,13888.4
2024-03-06,TQQQ_50,341205.86,168615.55,5904.1509,0.0,18017.57,17370.79,15178.17,57.0,TQQQ_50,Bearish RSI divergence,331205.86,3312.06,914.65,14146.66
2024-03-07,TQQQ_50,348919.03,168636.34,5904.1509,0.0,18297.99,17401.2,15203.37,62.41,TQQQ_50,Bearish RSI divergence,338919.03,3389.19,930.44,14781.63
2024-03-08,TQQQ_50,341046.52,168657.13,5904.1509,0.0,18018.45,17424.0,15228.13,54.99,TQQQ_50,Bearish RSI divergence,331046.52,3310.47,914.7,14130.07
2024-03-11,TQQQ_50,339099.69,168719.51,5904.1509,0.0,17951.69,17444.9,15252.24,53.36,TQQQ_50,Bearish RSI divergence,329099.69,3291.0,910.94,13964.22
2024-03-12,TQQQ_100,346353.64,0.0,11513.3482,0.0,18219.11,17471.31,15276.32,58.65,TQQQ_100,"Bull trend confirmed: Price > SMA50 & SMA250, RSI 58.6",336353.64,3363.54,926.0,14561.29
2024-03-13,TQQQ_100,338293.67,0.0,11513.3482,0.0,18068.47,17496.16,15299.59,54.87,TQQQ_100,"Bull trend confirmed: Price > SMA50 & SMA250, RSI 54.9",328293.67,3282.94,917.52,14220.11
2024-03-14,TQQQ_100,335551.07,0.0,11513.3482,0.0,18014.81,17525.58,15321.32,53.55,TQQQ_100,"Bull trend confirmed: Price > SMA50 & SMA250, RSI 53.6",325551.07,3255.51,914.5,14104.01
2024-03-15,TQQQ_100,323293.21,0.0,11513.3482,0.0,17808.25,17554.37,15342.47,48.69,TQQQ_100,"Bull trend confirmed: Price > SMA50 & SMA250, RSI 48.7",313293.21,3132.93,902.86,13585.13
2024-03-18,TQQQ_100,332416.66,0.0,11513.3482,0.0,17985.01,17588.43,15364.16,52.65,TQQQ_100,"Bull trend confirmed: Price > SMA50 & SMA250, RSI 52.7",322416.66,3224.17,912.82,13971.33
2024-03-19,TQQQ_100,334711.48,0.0,11513.3482,0.0,18032.2,17622.96,15385.33,53.68,TQQQ_100,"Bull trend confirmed: Price > SMA50 & SMA250, RSI 53.7",324711.48,3247.11,915.48,14068.47
2024-03-20,TQQQ_100,346592.21,0.0,11513.3482,0.0,18240.11,17654.76,15408.02,58.01,TQQQ_100,"Bull trend confirmed: Price > SMA50 & SMA250, RSI 58.0",336592.21,3365.92,927.18,14571.39
2024-03-21,TQQQ_50,351086.12,175543.06,5756.6741,0.0,18320.38,17687.6,15430.38,59.58,TQQQ_50,Bearish RSI divergence,341086.12,3410.86,931.7,14761.62
2024-03-22,TQQQ_50,351472.88,175564.7,5756.6741,0.0,18339.44,17718.53,15452.67,59.96,TQQQ_50,Bearish RSI divergence,341472.88,3414.73,932.78,14792.53
2024-03-25,TQQQ_50,349740.27,175629.64,5756.6741,0.0,18277.06,17747.65,15475.09,58.02,TQQQ_50,Bearish RSI divergence,339740.27,3397.4,929.26,14640.35
2024-03-26,TQQQ_50,348132.89,175651.29,5756.6741,0.0,18210.54,17775.2,15497.49,55.95,TQQQ_50,Bearish RSI divergence,338132.89,3381.33,925.52,14502.43
2024-03-27,TQQQ_50,349671.24,175672.95,5756.6741,0.0,18280.84,17804.2,15519.23,57.67,TQQQ_50,Bearish RSI divergence,339671.24,3396.71,929.48,14630.83
2024-03-28,TQQQ_50,348597.51,175694.61,5756.6741,0.0,18254.69,17834.57,15540.39,56.78,TQQQ_50,Bearish RSI divergence,338597.51,3385.98,928.0,14538.1
2024-04-01,TQQQ_50,349751.44,175781.25,5756.6741,0.0,18293.2,17860.79,15560.84,57.81,TQQQ_50,Bearish RSI divergence,339751.44,3397.51,930.17,14628.46
2024-04-02,TQQQ_50,345110.7,175802.92,5756.6741,0.0,18121.78,17876.95,15580.73,51.87,TQQQ_50,Bearish RSI divergence,335110.7,3351.11,920.52,14233.73
2024-04-03,TQQQ_50,346255.85,175824.6,5756.6741,0.0,18160.19,17893.54,15600.98,53.04,TQQQ_50,Bearish RSI divergence,336255.85,3362.56,922.68,14328.85
2024-04-04,TQQQ_50,338244.67,175846.27,5756.6741,0.0,17878.78,17903.03,15620.62,44.54,TQQQ_50,Downside buffer hold: NDX 17878.8 above buffer (17680.8),328244.67,3282.45,906.84,13648.78
2024-04-05,TQQQ_100,343996.07,0.0,11778.3588,0.0,18108.46,17915.22,15640.8,51.39,TQQQ_100,"Bull trend confirmed: Price > SMA50 & SMA250, RSI 51.4",333996.07,3339.96,919.77,14133.86
2024-04-08,TQQQ_100,344225.93,0.0,11778.3588,0.0,18100.19,17926.88,15661.0,51.14,TQQQ_100,"Bull trend confirmed: Price > SMA50 & SMA250, RSI 51.1",334225.93,3342.26,919.3,14143.37
2024-04-09,TQQQ_100,347788.91,0.0,11778.3588,0.0,18169.9,17941.86,15681.82,53.17,TQQQ_100,"Bull trend confirmed: Price > SMA50 & SMA250, RSI 53.2",337788.91,3377.89,923.23,14290.8
2024-04-10,TQQQ_100,338651.65,0.0,11778.3588,0.0,18011.66,17950.17,15702.48,48.27,TQQQ_100,"Bull trend confirmed: Price > SMA50 & SMA250, RSI 48.3",328651.65,3286.52,914.32,13912.72
2024-04-11,TQQQ_100,354569.96,0.0,11778.3588,0.0,18307.98,17966.79,15723.27,56.37,TQQQ_100,"Bull trend confirmed: Price > SMA50 & SMA250, RSI 56.4",344569.96,3445.7,931.01,14571.39
2024-04-12,TQQQ_100,337444.9,0.0,11778.3588,0.0,18003.49,17984.12,15742.97,48.05,TQQQ_100,"Bull trend confirmed: Price > SMA50 & SMA250, RSI 48.0",327444.9,3274.45,913.86,13862.79
2024-04-15,CASH,320492.17,320492.17,0.0,0.0,17706.83,17991.36,15761.44,41.6,CASH,Downside breakdown: NDX 17706.8 broke below exit buffer (17729.1),310492.17,3104.92,897.15,13161.32
2024-04-16,CASH,320531.68,320531.68,0.0,0.0,17713.66,17992.78,15779.93,41.8,CASH,Downside breakdown: NDX 17713.7 broke below exit buffer (17731.5),310531.68,3105.32,897.54,13163.7
2024-04-17,CASH,320571.2,320571.2,0.0,0.0,17493.62,17990.39,15797.55,37.48,CASH,Downside breakdown: NDX 17493.6 broke below exit buffer (17718.2),310571.2,3105.71,885.15,12671.48
2024-04-18,CASH,320610.72,320610.72,0.0,0.0,17394.31,17986.82,15815.18,35.69,CASH,Downside breakdown: NDX 17394.3 broke below exit buffer (17704.8),310610.72,3106.11,879.55,12443.2
2024-04-19,CASH,320650.25,320650.25,0.0,0.0,17037.65,17972.47,15831.33,30.13,CASH,Downside breakdown: NDX 17037.7 broke below exit buffer (17673.3),310650.25,3106.5,859.47,11665.64
2024-04-22,CASH,320768.84,320768.84,0.0,0.0,17210.89,17961.03,15848.3,35.4,CASH,Downside breakdown: NDX 17210.9 broke below exit buffer (17661.6),310768.84,3107.69,869.22,12008.06
2024-04-23,CASH,320808.39,320808.39,0.0,0.0,17471.47,17951.21,15867.28,42.43,CASH,Downside breakdown: NDX 17471.5 broke below exit buffer (17644.0),310808.39,3108.08,883.9,12547.83
2024-04-24,CASH,320847.94,320847.94,0.0,0.0,17526.8,17944.09,15886.16,43.83,CASH,Downside breakdown: NDX 17526.8 broke below exit buffer (17656.0),310847.94,3108.48,887.01,12671.48
2024-04-25,CASH,320887.5,320887.5,0.0,0.0,17430.5,17940.69,15903.24,41.92,CASH,Downside breakdown: NDX 17430.5 broke below exit buffer (17650.4),310887.5,3108.87,881.59,12466.98
2024-04-26,CASH,320927.06,320927.06,0.0,0.0,17718.3,17938.91,15921.13,49.06,CASH,Holding cash,310927.06,3109.27,897.8,13044.8
2024-04-29,CASH,321045.76,321045.76,0.0,0.0,17782.72,17937.65,15939.34,50.52,CASH,Holding cash,311045.76,3110.46,901.43,13201.74
2024-04-30,CASH,321085.34,321085.34,0.0,0.0,17440.69,17932.74,15956.65,43.38,CASH,Downside breakdown: NDX 17440.7 broke below exit buffer (17626.0),311085.34,3110.85,882.16,12440.83
2024-05-01,CASH,321124.92,321124.92,0.0,0.0,17318.55,17928.19,15973.8,41.15,CASH,Downside breakdown: NDX 17318.6 broke below exit buffer (17618.3),311124.92,3111.25,875.29,12169.75
2024-05-02,CASH,321164.52,321164.52,0.0,0.0,17541.54,17929.44,15992.04,46.56,CASH,Downside breakdown: NDX 17541.5 broke below exit buffer (17624.6),311164.52,3111.65,887.84,12623.92
2024-05-03,CASH,321204.11,321204.11,0.0,0.0,17890.8,17927.16,16010.56,53.74,CASH,Holding cash,311204.11,3112.04,907.51,13382.46
2024-05-06,CASH,321322.91,321322.91,0.0,0.0,18093.57,17930.28,16029.77,57.32,CASH,Re-entry buffer: NDX 18093.6 below threshold (18232.0),311322.91,3113.23,918.93,13824.74
2024-05-07,CASH,321362.53,321362.53,0.0,0.0,18091.45,17933.44,16049.33,57.27,CASH,Re-entry buffer: NDX 18091.4 below threshold (18218.5),311362.53,3113.63,918.81,13824.74
2024-05-08,CASH,321402.15,321402.15,0.0,0.0,18085.01,17935.72,16068.28,57.11,CASH,Re-entry buffer: NDX 18085.0 below threshold (18216.0),311402.15,3114.02,918.45,13798.58
2024-05-09,CASH,321441.77,321441.77,0.0,0.0,18113.46,17940.5,16087.18,57.68,CASH,Re-entry buffer: NDX 18113.5 below threshold (18199.7),311441.77,3114.42,920.05,13874.68
2024-05-10,CASH,321481.4,321481.4,0.0,0.0,18161.18,17942.85,16106.46,58.68,CASH,Re-entry buffer: NDX 18161.2 below threshold (18191.5),311481.4,3114.81,922.74,13969.79
2024-05-13,TQQQ_100,321600.31,0.0,11066.9944,0.0,18198.61,17940.76,16125.6,59.49,TQQQ_100,"Bull trend confirmed: Price > SMA50 & SMA250, RSI 59.5",311600.31,3116.0,924.85,14062.53
2024-05-14,TQQQ_100,327593.82,0.0,11066.9944,0.0,18322.77,17942.69,16145.19,62.12,TQQQ_100,"Bull trend confirmed: Price > SMA50 & SMA250, RSI 62.1",317593.82,3175.94,931.84,14326.47
2024-05-15,TQQQ_100,342712.7,0.0,11066.9944,0.0,18596.65,17956.67,16165.22,67.2,TQQQ_100,"Bull trend confirmed: Price > SMA50 & SMA250, RSI 67.2",332712.7,3327.13,947.26,14992.27
2024-05-16,TQQQ_100,340606.88,0.0,11066.9944,0.0,18557.96,17967.47,16184.11,65.86,TQQQ_100,"Bull trend confirmed: Price > SMA50 & SMA250, RSI 65.9",330606.88,3306.07,945.08,14899.53
2024-05-17,TQQQ_100,339850.88,0.0,11066.9944,0.0,18546.23,17972.44,16203.08,65.43,TQQQ_100,"Bull trend confirmed: Price > SMA50 & SMA250, RSI 65.4",329850.88,3298.51,944.42,14866.24
2024-05-20,TQQQ_100,346870.36,0.0,11066.9944,0.0,18674.19,17985.55,16222.38,67.87,TQQQ_100,"Bull trend confirmed: Price > SMA50 & SMA250, RSI 67.9",336870.36,3368.7,951.63,15175.36
2024-05-21,TQQQ_100,348652.27,0.0,11066.9944,0.0,18713.8,18000.8,16242.54,68.61,TQQQ_100,"Bull trend confirmed: Price > SMA50 & SMA250, RSI 68.6",338652.27,3386.52,953.86,15253.83
2024-05-22,TQQQ_100,348436.26,0.0,11066.9944,0.0,18705.2,18010.52,16262.95,68.25,TQQQ_100,"Bull trend confirmed: Price > SMA50 & SMA250, RSI 68.2",338436.26,3384.36,953.37,15244.32
2024-05-23,TQQQ_100,343252.66,0.0,11066.9944,0.0,18623.39,18021.62,16281.69,64.7,TQQQ_100,"Bull trend confirmed: Price > SMA50 & SMA250, RSI 64.7",333252.66,3332.53,948.77,15016.05
2024-05-24,TQQQ_100,352863.98,0.0,11066.9944,0.0,18808.35,18037.49,16299.73,68.66,TQQQ_100,"Bull trend confirmed: Price > SMA50 & SMA250, RSI 68.7",342863.98,3428.64,959.18,15439.31
2024-05-28,TQQQ_100,356697.62,0.0,11066.9944,0.0,18869.44,18058.71,16317.78,69.87,TQQQ_100,"Bull trend confirmed: Price > SMA50 & SMA250, RSI 69.9",346697.62,3466.98,962.62,15608.13
2024-05-29,TQQQ_100,349246.24,0.0,11066.9944,0.0,18736.75,18073.74,16335.71,64.1,TQQQ_100,"Bull trend confirmed: Price > SMA50 & SMA250, RSI 64.1",339246.24,3392.46,955.15,15279.99
2024-05-30,TQQQ_100,338015.08,0.0,11066.9944,0.0,18538.66,18083.87,16352.1,56.6,TQQQ_100,"Bull trend confirmed: Price > SMA50 & SMA250, RSI 56.6",328015.08,3280.15,944.0,14785.4
2024-05-31,TQQQ_100,337637.05,0.0,11066.9944,0.0,18536.65,18089.8,16368.06,56.52,TQQQ_100,"Bull trend confirmed: Price > SMA50 & SMA250, RSI 56.5",327637.05,3276.37,943.88,14768.75
2024-06-03,TQQQ_100,340930.8,0.0,11066.9944,0.0,18600.97,18095.42,16384.24,58.36,TQQQ_100,"Bull trend confirmed: Price > SMA50 & SMA250, RSI 58.4",330930.8,3309.31,947.51,14913.8
2024-06-04,TQQQ_100,343468.69,0.0,11066.9944,0.0,18654.84,18101.72,16400.63,59.88,TQQQ_100,"Bull trend confirmed: Price > SMA50 & SMA250, RSI 59.9",333468.69,3334.69,950.54,15025.56
2024-06-05,TQQQ_100,364203.09,0.0,11066.9944,0.0,19035.05,18116.88,16419.56,68.63,TQQQ_100,"Bull trend confirmed: Price > SMA50 & SMA250, RSI 68.6",354203.09,3542.03,971.95,15938.66
2024-06-06,TQQQ_100,363771.16,0.0,11066.9944,0.0,19021.19,18133.1,16437.7,68.04,TQQQ_100,"Bull trend confirmed: Price > SMA50 & SMA250, RSI 68.0",353771.16,3537.71,971.17,15919.63
2024-06-07,TQQQ_100,362421.27,0.0,11066.9944,0.0,19000.95,18147.5,16455.59,67.15,TQQQ_100,"Bull trend confirmed: Price > SMA50 & SMA250, RSI 67.1",352421.27,3524.21,970.03,15860.19
2024-06-10,TQQQ_100,366255.01,0.0,11066.9944,0.0,19074.67,18163.9,16472.75,68.76,TQQQ_100,"Bull trend confirmed: Price > SMA50 & SMA250, RSI 68.8",356255.01,3562.55,974.18,16029.02
2024-06-11,TQQQ_100,373814.39,0.0,11066.9944,0.0,19210.18,18182.24,16489.99,71.53,TQQQ_100,"Bull trend confirmed: Price > SMA50 & SMA250, RSI 71.5",363814.39,3638.14,981.81,16361.91
2024-06-12,TQQQ_30,388555.21,271988.65,3320.0983,0.0,19465.18,18209.11,16507.83,75.86,TQQQ_30,Overextended: RSI 75.9 >= 75,378555.21,3785.55,996.17,17011.07
2024-06-13,TQQQ_30,390451.67,272022.18,3320.0983,0.0,19576.92,18237.44,16525.39,77.48,TQQQ_30,Overextended: RSI 77.5 >= 75,380451.67,3804.52,1002.47,17284.53
2024-06-14,TQQQ_30,392202.26,272055.72,3320.0983,0.0,19659.8,18273.06,16543.7,78.62,TQQQ_30,Overextended: RSI 78.6 >= 75,382202.26,3822.02,1007.13,17536.58
2024-06-17,TQQQ_30,396660.37,272156.34,3320.0983,0.0,19902.75,18308.95,16563.03,81.58,TQQQ_30,Overextended: RSI 81.6 >= 75,386660.37,3866.6,1020.81,18176.22
2024-06-18,TQQQ_30,396758.71,272189.9,3320.0983,0.0,19908.86,18345.12,16583.19,81.65,TQQQ_30,Overextended: RSI 81.6 >= 75,386758.71,3867.59,1021.16,18185.73
2024-06-20,TQQQ_30,393893.82,272257.01,3320.0983,0.0,19752.3,18376.77,16602.03,74.03,TQQQ_30,Trim lock active,383893.82,3838.94,1012.34,17755.34
2024-06-21,TQQQ_30,392809.7,272290.58,3320.0983,0.0,19700.43,18410.54,16621.27,71.64,TQQQ_30,Trim lock active,382809.7,3828.1,1009.42,17591.27
2024-06-24,TQQQ_30,388828.29,272391.29,3320.0983,0.0,19474.62,18433.88,16640.41,62.24,TQQQ_30,Trim lock active,378828.29,3788.28,996.7,16992.05
2024-06-25,TQQQ_30,392749.58,272424.87,3320.0983,0.0,19701.13,18467.83,16659.43,66.93,TQQQ_30,Trim lock active,382749.58,3827.5,1009.46,17562.73
2024-06-26,TQQQ_30,393536.05,272458.46,3320.0983,0.0,19751.05,18508.71,16678.58,67.88,TQQQ_30,Trim lock active,383536.05,3835.36,1012.27,17673.25
2024-06-27,TQQQ_30,394447.72,272492.05,3320.0983,0.0,19789.03,18550.22,16697.98,68.61,TQQQ_30,Trim lock active,384447.72,3844.48,1014.41,17802.15
2024-06-28,TQQQ_30,392562.55,272525.64,3320.0983,0.0,19682.87,18594.01,16715.99,64.18,TQQQ_30,Trim lock active,382562.55,3825.63,1008.43,17520.49
2024-07-01,TQQQ_30,394630.9,272626.44,3320.0983,0.0,19812.22,18642.36,16734.4,66.98,TQQQ_30,Trim lock active,384630.9,3846.31,1015.72,17809.31
2024-07-02,TQQQ_30,398404.47,272660.05,3320.0983,0.0,20011.89,18701.85,16753.64,70.77,TQQQ_30,Trim lock active,388404.47,3884.04,1026.96,18358.3
2024-07-03,TQQQ_30,401527.64,272693.67,3320.0983,0.0,20186.63,18761.36,16774.03,73.63,TQQQ_30,Trim lock active,391527.64,3915.28,1036.8,18811.83
2024-07-05,TQQQ_30,405497.45,272760.91,3320.0983,0.0,20391.97,18819.77,16795.45,76.53,TQQQ_30,Overextended: RSI 76.5 >= 75,395497.45,3954.97,1048.36,19384.69
2024-07-08,TQQQ_30,406476.42,272861.79,3320.0983,0.0,20439.54,18878.03,16817.02,77.16,TQQQ_30,Overextended: RSI 77.2 >= 75,396476.42,3964.76,1051.04,19513.59
2024-07-09,TQQQ_30,406802.77,272895.43,3320.0983,0.0,20453.02,18938.48,16838.36,77.34,TQQQ_30,Overextended: RSI 77.3 >= 75,396802.77,3968.03,1051.8,19556.56
2024-07-10,TQQQ_30,411031.68,272929.08,3320.0983,0.0,20675.38,18997.62,16859.83,80.19,TQQQ_30,Overextended: RSI 80.2 >= 75,401031.68,4010.32,1064.32,20172.39
2024-07-11,TQQQ_30,401991.84,272962.72,3320.0983,0.0,20211.36,19046.19,16878.39,62.53,TQQQ_30,Trim lock active,391991.84,3919.92,1038.19,18840.47
2024-07-12,TQQQ_30,404123.14,272996.38,3320.0983,0.0,20331.49,19104.01,16897.45,64.7,TQQQ_30,Trim lock active,394123.14,3941.23,1044.96,19148.39
2024-07-15,TQQQ_30,405199.72,273097.35,3320.0983,0.0,20386.88,19165.38,16916.15,65.69,TQQQ_30,Trim lock active,395199.72,3952.0,1048.08,19291.6
2024-07-16,TQQQ_30,405330.96,273131.02,3320.0983,0.0,20398.62,19222.52,16934.37,65.9,TQQQ_30,Trim lock active,395330.96,3953.31,1048.74,19305.92
2024-07-17,TQQQ_30,393738.21,273164.69,3320.0983,0.0,19799.14,19260.69,16950.27,48.88,TQQQ_30,Trim lock active,383738.21,3837.38,1014.98,17599.26
2024-07-18,TQQQ_30,391966.92,273198.37,3320.0983,0.0,19705.09,19292.92,16967.22,46.84,TQQQ_30,Trim lock active,381966.92,3819.67,1009.68,17334.3
2024-07-19,TQQQ_30,388780.98,273232.05,3320.0983,0.0,19522.62,19321.54,16983.61,43.08,TQQQ_30,Trim lock active,378780.98,3787.81,999.41,16861.69
2024-07-22,TQQQ_30,393922.89,273333.11,3320.0983,0.0,19822.87,19356.3,17001.11,50.17,TQQQ_30,Trim lock active,383922.89,3839.23,1016.32,17601.64
2024-07-23,TQQQ_30,392655.72,273366.81,3320.0983,0.0,19754.34,19389.11,17017.88,48.68,TQQQ_30,Trim lock active,382655.72,3826.56,1012.46,17410.69
2024-07-24,CASH,379827.15,379827.15,0.0,0.0,19032.39,19406.54,17032.01,36.41,CASH,Downside breakdown: NDX 19032.4 broke below exit buffer (19081.3),369827.15,3698.27,971.8,15522.6
2024-07-25,CASH,379873.98,379873.98,0.0,0.0,18830.58,19419.18,17045.48,33.84,CASH,Downside breakdown: NDX 18830.6 broke below exit buffer (19073.6),369873.98,3698.74,960.44,15002.25
2024-07-26,CASH,379920.81,379920.81,0.0,0.0,19023.66,19433.2,17058.57,38.32,CASH,Downside breakdown: NDX 19023.7 broke below exit buffer (19071.9),369920.81,3699.21,971.31,15434.29
2024-07-29,CASH,380061.33,380061.33,0.0,0.0,19059.49,19442.45,17071.78,39.14,CASH,Downside breakdown: NDX 19059.5 broke below exit buffer (19073.9),370061.33,3700.61,973.33,15524.99
2024-07-30,CASH,380108.19,380108.19,0.0,0.0,18796.27,19447.22,17084.09,35.4,CASH,Downside breakdown: NDX 18796.3 broke below exit buffer (19060.0),370108.19,3701.08,958.5,14887.68
2024-07-31,CASH,380155.05,380155.05,0.0,0.0,19362.43,19463.54,17100.06,47.11,CASH,Holding cash,370155.05,3701.55,990.39,16198.11
2024-08-01,CASH,380201.92,380201.92,0.0,0.0,18890.39,19467.87,17114.2,40.52,CASH,Downside breakdown: NDX 18890.4 broke below exit buffer (19037.3),370201.92,3702.02,963.8,15023.73
2024-08-02,CASH,380248.79,380248.79,0.0,0.0,18440.85,19462.41,17126.87,35.43,CASH,Downside breakdown: NDX 18440.8 broke below exit buffer (19007.1),370248.79,3702.49,938.49,13920.96
2024-08-05,CASH,380389.43,380389.43,0.0,0.0,17895.16,19446.21,17136.82,30.44,CASH,Downside breakdown: NDX 17895.2 broke below exit buffer (18934.1),370389.43,3703.89,907.76,12698.84
2024-08-06,CASH,380436.33,380436.33,0.0,0.0,18077.92,19435.3,17148.04,33.8,CASH,Downside breakdown: NDX 18077.9 broke below exit buffer (18930.0),370436.33,3704.36,918.05,13018.69
2024-08-07,CASH,380483.23,380483.23,0.0,0.0,17867.37,19416.48,17159.1,31.89,CASH,Downside breakdown: NDX 17867.4 broke below exit buffer (18895.3),370483.23,3704.83,906.19,12596.2
2024-08-08,CASH,380530.14,380530.14,0.0,0.0,18413.82,19407.36,17172.24,41.2,CASH,Downside breakdown: NDX 18413.8 broke below exit buffer (18866.7),370530.14,3705.3,936.97,13758.65
2024-08-09,CASH,380577.06,380577.06,0.0,0.0,18513.1,19402.89,17186.18,42.73,CASH,Downside breakdown: NDX 18513.1 broke below exit buffer (18868.3),370577.06,3705.77,942.56,13947.22
2024-08-12,CASH,380717.82,380717.82,0.0,0.0,18542.03,19402.96,17199.52,43.19,CASH,Downside breakdown: NDX 18542.0 broke below exit buffer (18863.8),370717.82,3707.18,944.19,14042.7
2024-08-13,CASH,380764.76,380764.76,0.0,0.0,19006.43,19412.35,17215.4,50.17,CASH,Holding cash,370764.76,3707.65,970.34,15071.47
2024-08-14,CASH,380811.7,380811.7,0.0,0.0,19022.68,19420.79,17231.98,50.4,CASH,Holding cash,370811.7,3708.12,971.25,15097.73
2024-08-15,CASH,380858.65,380858.65,0.0,0.0,19490.15,19437.5,17251.08,56.6,CASH,Re-entry buffer: NDX 19490.2 below threshold (19951.7),370858.65,3708.59,997.58,16241.08
2024-08-16,CASH,380905.6,380905.6,0.0,0.0,19508.52,19446.96,17270.34,56.83,CASH,Re-entry buffer: NDX 19508.5 below threshold (19956.5),370905.6,3709.06,998.61,16284.04
2024-08-19,CASH,381046.49,381046.49,0.0,0.0,19766.49,19461.87,17289.66,60.01,CASH,Re-entry buffer: NDX 19766.5 below threshold (19958.8),371046.49,3710.46,1013.14,16918.98
2024-08-20,CASH,381093.46,381093.46,0.0,0.0,19719.82,19476.25,17308.9,59.16,CASH,Re-entry buffer: NDX 19719.8 below threshold (19941.2),371093.46,3710.93,1010.51,16813.95
2024-08-21,CASH,381140.45,381140.45,0.0,0.0,19824.84,19491.25,17327.61,60.52,CASH,Re-entry buffer: NDX 19824.8 below threshold (19912.9),371140.45,3711.4,1016.43,17045.48
2024-08-22,CASH,381187.44,381187.44,0.0,0.0,19491.84,19496.88,17346.31,54.36,CASH,Holding cash,371187.44,3711.87,997.67,16221.98
2024-08-23,CASH,381234.43,381234.43,0.0,0.0,19720.87,19502.0,17365.42,57.56,CASH,Re-entry buffer: NDX 19720.9 below threshold (19864.6),371234.43,3712.34,1010.57,16735.17
2024-08-26,CASH,381375.44,381375.44,0.0,0.0,19516.44,19500.79,17383.28,53.93,CASH,Re-entry buffer: NDX 19516.4 below threshold (19847.6),371375.44,3713.75,999.06,16241.08
2024-08-27,CASH,381422.46,381422.46,0.0,0.0,19581.52,19499.22,17400.1,54.9,CASH,Re-entry buffer: NDX 19581.5 below threshold (19821.3),371422.46,3714.22,1002.72,16379.52
2024-08-28,CASH,381469.48,381469.48,0.0,0.0,19350.78,19488.18,17415.65,50.79,CASH,Holding cash,371469.48,3714.69,989.73,15820.98
2024-08-29,CASH,381516.51,381516.51,0.0,0.0,19325.45,19476.52,17430.95,50.35,CASH,Holding cash,371516.51,3715.17,988.3,15737.43
2024-08-30,CASH,381563.55,381563.55,0.0,0.0,19574.64,19472.96,17447.29,54.57,CASH,Re-entry buffer: NDX 19574.6 below threshold (19787.9),371563.55,3715.64,1002.34,16276.88
2024-09-03,CASH,381751.72,381751.72,0.0,0.0,18958.74,19458.13,17461.09,44.5,CASH,Downside breakdown: NDX 18958.7 broke below exit buffer (19126.5),371751.72,3717.52,967.65,14782.65
2024-09-04,CASH,381798.78,381798.78,0.0,0.0,18921.4,19447.06,17475.29,43.97,CASH,Downside breakdown: NDX 18921.4 broke below exit buffer (19115.7),371798.78,3717.99,965.55,14656.14
2024-09-05,CASH,381845.85,381845.85,0.0,0.0,18930.33,19431.65,17489.98,44.14,CASH,Downside breakdown: NDX 18930.3 broke below exit buffer (19113.5),371845.85,3718.46,966.05,14703.88
2024-09-06,CASH,381892.93,381892.93,0.0,0.0,18421.31,19405.05,17502.54,37.17,CASH,Downside breakdown: NDX 18421.3 broke below exit buffer (19062.2),371892.93,3718.93,937.39,13503.25
2024-09-09,CASH,382034.18,382034.18,0.0,0.0,18660.78,19382.49,17515.34,41.83,CASH,Downside breakdown: NDX 18660.8 broke below exit buffer (19043.2),372034.18,3720.34,950.87,14009.28
2024-09-10,CASH,382081.28,382081.28,0.0,0.0,18829.14,19365.41,17529.49,44.92,CASH,Downside breakdown: NDX 18829.1 broke below exit buffer (19019.6),372081.28,3720.81,960.35,14388.8
2024-09-11,CASH,382128.39,382128.39,0.0,0.0,19237.3,19353.92,17545.05,51.63,CASH,Holding cash,372128.39,3721.28,983.34,15312.55
2024-09-12,CASH,382175.5,382175.5,0.0,0.0,19423.07,19342.14,17560.84,54.35,CASH,Re-entry buffer: NDX 19423.1 below threshold (19713.0),372175.5,3721.75,993.8,15768.46
2024-09-13,CASH,382222.61,382222.61,0.0,0.0,19514.59,19328.7,17578.09,55.68,CASH,Re-entry buffer: NDX 19514.6 below threshold (19688.5),372222.61,3722.23,998.96,15976.13
2024-09-16,CASH,382363.98,382363.98,0.0,0.0,19423.06,19309.32,17594.88,53.99,CASH,Re-entry buffer: NDX 19423.1 below threshold (19664.2),372363.98,3723.64,993.8,15761.3
2024-09-17,CASH,382411.13,382411.13,0.0,0.0,19432.4,19289.18,17611.85,54.14,CASH,Re-entry buffer: NDX 19432.4 below threshold (19644.8),372411.13,3724.11,994.33,15770.85
2024-09-18,CASH,382458.27,382458.27,0.0,0.0,19344.49,19267.01,17629.35,52.38,CASH,Re-entry buffer: NDX 19344.5 below threshold (19618.9),372458.27,3724.58,989.38,15563.19
2024-09-19,TQQQ_100,382505.42,0.0,11065.3769,0.0,19839.83,19250.3,17649.93,60.23,TQQQ_100,"Bull trend confirmed: Price > SMA50 & SMA250, RSI 60.2",372505.42,3725.05,1017.27,16747.11
2024-09-20,TQQQ_100,380066.68,0.0,11065.3769,0.0,19791.49,19241.9,17670.29,59.21,TQQQ_100,"Bull trend confirmed: Price > SMA50 & SMA250, RSI 59.2",370066.68,3700.67,1014.55,16639.7
2024-09-23,TQQQ_100,382884.9,0.0,11065.3769,0.0,19852.2,19232.31,17690.62,60.13,TQQQ_100,"Bull trend confirmed: Price > SMA50 & SMA250, RSI 60.1",372884.9,3728.85,1017.97,16763.82
2024-09-24,TQQQ_100,388304.34,0.0,11065.3769,0.0,19944.84,19223.47,17712.22,61.55,TQQQ_100,"Bull trend confirmed: Price > SMA50 & SMA250, RSI 61.6",378304.34,3783.04,1023.18,17002.52
2024-09-25,TQQQ_100,389663.53,0.0,11065.3769,0.0,19972.61,19214.95,17733.79,61.99,TQQQ_100,"Bull trend confirmed: Price > SMA50 & SMA250, RSI 62.0",379663.53,3796.64,1024.75,17062.38
2024-09-26,TQQQ_100,397927.7,0.0,11065.3769,0.0,20115.54,19221.28,17755.44,64.25,TQQQ_100,"Bull trend confirmed: Price > SMA50 & SMA250, RSI 64.2",387927.7,3879.28,1032.8,17426.37
2024-09-27,TQQQ_100,391077.14,0.0,11065.3769,0.0,20008.62,19227.35,17776.61,61.31,TQQQ_100,"Bull trend confirmed: Price > SMA50 & SMA250, RSI 61.3",381077.14,3810.77,1026.78,17124.64
2024-09-30,TQQQ_100,394121.78,0.0,11065.3769,0.0,20060.69,19238.11,17797.51,62.22,TQQQ_100,"Bull trend confirmed: Price > SMA50 & SMA250, RSI 62.2",384121.78,3841.22,1029.71,17258.74
2024-10-01,TQQQ_100,377430.47,0.0,11065.3769,0.0,19773.3,19237.12,17818.34,54.62,TQQQ_100,"Bull trend confirmed: Price > SMA50 & SMA250, RSI 54.6",367430.47,3674.3,1013.52,16523.59
2024-10-02,TQQQ_100,378844.08,0.0,11065.3769,0.0,19802.59,19238.08,17838.44,55.22,TQQQ_100,"Bull trend confirmed: Price > SMA50 & SMA250, RSI 55.2",368844.08,3688.44,1015.17,16585.85
2024-10-03,TQQQ_100,377974.11,0.0,11065.3769,0.0,19793.34,19253.3,17858.72,54.98,TQQQ_100,"Bull trend confirmed: Price > SMA50 & SMA250, RSI 55.0",367974.11,3679.74,1014.65,16547.53
2024-10-04,TQQQ_100,391294.65,0.0,11065.3769,0.0,20035.02,19277.39,17878.97,60.01,TQQQ_100,"Bull trend confirmed: Price > SMA50 & SMA250, RSI 60.0",381294.65,3812.95,1028.26,17134.22
2024-10-07,TQQQ_100,378409.14,0.0,11065.3769,0.0,19800.74,19292.93,17897.98,53.74,TQQQ_100,"Bull trend confirmed: Price > SMA50 & SMA250, RSI 53.7",368409.14,3684.09,1015.07,16566.69
2024-10-08,TQQQ_100,394828.65,0.0,11065.3769,0.0,20107.78,19313.9,17917.89,59.69,TQQQ_100,"Bull trend confirmed: Price > SMA50 & SMA250, RSI 59.7",384828.65,3848.29,1032.36,17289.88
2024-10-09,TQQQ_100,404343.23,0.0,11065.3769,0.0,20268.86,19343.35,17938.0,62.42,TQQQ_100,"Bull trend confirmed: Price > SMA50 & SMA250, RSI 62.4",394343.23,3943.43,1041.43,17708.94
2024-10-10,TQQQ_50,402929.63,201464.81,5532.6884,0.0,20241.76,19360.94,17958.23,61.66,TQQQ_50,Bearish RSI divergence,392929.63,3929.3,1039.91,17646.68
2024-10-11,TQQQ_50,403470.98,201489.65,5532.6884,0.0,20271.97,19388.57,17979.34,62.21,TQQQ_50,Bearish RSI divergence,393470.98,3934.71,1041.61,17692.17
2024-10-14,TQQQ_100,408710.56,0.0,10916.2813,0.0,20439.05,19428.53,18000.4,65.18,TQQQ_100,"Bull trend confirmed: Price > SMA50 & SMA250, RSI 65.2",398710.56,3987.11,1051.02,18147.15
2024-10-15,TQQQ_100,392405.05,0.0,10916.2813,0.0,20159.83,19473.83,18020.56,57.1,TQQQ_100,"Bull trend confirmed: Price > SMA50 & SMA250, RSI 57.1",382405.05,3824.05,1035.29,17419.18
2024-10-16,TQQQ_100,392190.55,0.0,10916.2813,0.0,20174.05,19515.75,18041.61,57.39,TQQQ_100,"Bull trend confirmed: Price > SMA50 & SMA250, RSI 57.4",382190.55,3821.91,1036.09,17409.61
2024-10-17,TQQQ_100,393370.57,0.0,10916.2813,0.0,20190.42,19562.21,18063.24,57.74,TQQQ_100,"Bull trend confirmed: Price > SMA50 & SMA250, RSI 57.7",383370.57,3833.71,1037.01,17462.29
2024-10-18,TQQQ_100,400343.24,0.0,10916.2813,0.0,20324.04,19600.42,18086.3,60.62,TQQQ_100,"Bull trend confirmed: Price > SMA50 & SMA250, RSI 60.6",390343.24,3903.43,1044.54,17773.59
2024-10-21,TQQQ_100,402542.33,0.0,10916.2813,0.0,20361.47,19637.38,18109.32,61.41,TQQQ_100,"Bull trend confirmed: Price > SMA50 & SMA250, RSI 61.4",392542.33,3925.42,1046.65,17871.77
2024-10-22,TQQQ_100,403722.31,0.0,10916.2813,0.0,20390.46,19674.35,18131.9,62.05,TQQQ_100,"Bull trend confirmed: Price > SMA50 & SMA250, RSI 62.0",393722.31,3937.22,1048.28,17924.45
2024-10-23,TQQQ_100,385056.77,0.0,10916.2813,0.0,20066.96,19695.56,18154.64,51.78,TQQQ_100,"Bull trend confirmed: Price > SMA50 & SMA250, RSI 51.8",375056.77,3750.57,1030.06,17091.12
2024-10-24,TQQQ_100,394228.69,0.0,10916.2813,0.0,20232.87,19719.77,18179.14,55.82,TQQQ_100,"Bull trend confirmed: Price > SMA50 & SMA250, RSI 55.8",384228.69,3842.29,1039.4,17500.6
2024-10-25,TQQQ_100,400879.55,0.0,10916.2813,0.0,20352.02,19737.0,18203.82,58.5,TQQQ_100,"Bull trend confirmed: Price > SMA50 & SMA250, RSI 58.5",390879.55,3908.8,1046.11,17797.53
2024-10-28,TQQQ_100,401255.08,0.0,10916.2813,0.0,20351.07,19753.85,18227.88,58.47,TQQQ_100,"Bull trend confirmed: Price > SMA50 & SMA250, RSI 58.5",391255.08,3912.55,1046.06,17814.3
2024-10-29,TQQQ_50,412357.8,206178.9,5458.1407,0.0,20550.65,19769.54,18252.45,62.86,TQQQ_50,Bearish RSI divergence,402357.8,4023.58,1057.3,18309.99
2024-10-30,TQQQ_50,407797.29,206204.32,5458.1407,0.0,20387.7,19782.9,18275.34,57.52,TQQQ_50,Bearish RSI divergence,397797.29,3977.97,1048.12,17900.51
2024-10-31,TQQQ_50,392482.71,206229.74,5458.1407,0.0,19890.42,19784.21,18295.22,44.96,TQQQ_50,Bearish RSI divergence,382482.71,3824.83,1020.12,16530.78
2024-11-01,TQQQ_50,396477.19,206255.17,5458.1407,0.0,20033.14,19795.03,18314.96,48.44,TQQQ_50,Bearish RSI divergence,386477.19,3864.77,1028.16,16885.18
2024-11-04,TQQQ_50,394783.47,206331.45,5458.1407,0.0,19963.6,19799.89,18334.19,46.88,TQQQ_50,Bearish RSI divergence,384783.47,3847.83,1024.24,16727.13
2024-11-05,TQQQ_50,401969.41,206356.89,5458.1407,0.0,20227.46,19814.11,18353.92,53.04,TQQQ_50,Bearish RSI divergence,391969.41,3919.69,1039.1,17366.5
2024-11-06,TQQQ_50,417871.25,206382.33,5458.1407,0.0,20781.33,19838.1,18375.79,62.8,TQQQ_50,Bearish RSI divergence,407871.25,4078.71,1070.29,18784.13
2024-11-07,TQQQ_100,427792.68,0.0,10547.0274,0.0,21101.57,19873.12,18399.44,67.06,TQQQ_100,"Bull trend confirmed: Price > SMA50 & SMA250, RSI 67.1",417792.68,4177.93,1088.33,19667.75
2024-11-08,TQQQ_100,428829.1,0.0,10547.0274,0.0,21117.18,19908.95,18421.8,67.26,TQQQ_100,"Bull trend confirmed: Price > SMA50 & SMA250, RSI 67.3",418829.1,4188.29,1089.2,19715.64
2024-11-11,TQQQ_100,428051.74,0.0,10547.0274,0.0,21106.59,19939.59,18444.29,66.96,TQQQ_100,"Bull trend confirmed: Price > SMA50 & SMA250, RSI 67.0",418051.74,4180.52,1088.61,19679.72
2024-11-12,TQQQ_100,425719.79,0.0,10547.0274,0.0,21070.79,19981.83,18465.33,65.92,TQQQ_100,"Bull trend confirmed: Price > SMA50 & SMA250, RSI 65.9",415719.79,4157.2,1086.59,19571.97
2024-11-13,TQQQ_100,423854.16,0.0,10547.0274,0.0,21036.16,20024.13,18486.2,64.87,TQQQ_100,"Bull trend confirmed: Price > SMA50 & SMA250, RSI 64.9",413854.16,4138.54,1084.64,19485.76
2024-11-14,TQQQ_100,414888.88,0.0,10547.0274,0.0,20896.67,20063.46,18506.46,60.66,TQQQ_100,"Bull trend confirmed: Price > SMA50 & SMA250, RSI 60.7",404888.88,4048.89,1076.79,19071.48
2024-11-15,TQQQ_100,384883.86,0.0,10547.0274,0.0,20394.13,20102.91,18524.68,48.48,TQQQ_100,"Bull trend confirmed: Price > SMA50 & SMA250, RSI 48.5",374883.86,3748.84,1048.49,17684.99
2024-11-18,TQQQ_100,392657.13,0.0,10547.0274,0.0,20539.19,20140.48,18542.73,51.51,TQQQ_100,"Bull trend confirmed: Price > SMA50 & SMA250, RSI 51.5",382657.13,3826.57,1056.66,18044.18
2024-11-19,TQQQ_100,400534.17,0.0,10547.0274,0.0,20684.59,20177.59,18561.73,54.4,TQQQ_100,"Bull trend confirmed: Price > SMA50 & SMA250, RSI 54.4",390534.17,3905.34,1064.84,18408.17
2024-11-20,TQQQ_100,400067.74,0.0,10547.0274,0.0,20667.1,20206.19,18580.4,53.98,TQQQ_100,"Bull trend confirmed: Price > SMA50 & SMA250, RSI 54.0",390067.74,3900.68,1063.86,18386.62
2024-11-21,TQQQ_100,404006.22,0.0,10547.0274,0.0,20740.78,20232.54,18599.43,55.53,TQQQ_100,"Bull trend confirmed: Price > SMA50 & SMA250, RSI 55.5",394006.22,3940.06,1068.01,18568.61
2024-11-22,TQQQ_100,405509.07,0.0,10547.0274,0.0,20776.23,20257.77,18618.69,56.29,TQQQ_100,"Bull trend confirmed: Price > SMA50 & SMA250, RSI 56.3",395509.07,3955.09,1070.0,18638.06
2024-11-25,TQQQ_100,407374.67,0.0,10547.0274,0.0,20804.89,20285.41,18637.87,56.93,TQQQ_100,"Bull trend confirmed: Price > SMA50 & SMA250, RSI 56.9",397374.67,3973.75,1071.62,18724.26
2024-11-26,TQQQ_100,413697.07,0.0,10547.0274,0.0,20922.9,20315.22,18657.61,59.57,TQQQ_100,"Bull trend confirmed: Price > SMA50 & SMA250, RSI 59.6",403697.07,4036.97,1078.26,19016.41
2024-11-27,TQQQ_100,403695.29,0.0,10547.0274,0.0,20744.49,20343.22,18676.79,54.17,TQQQ_100,"Bull trend confirmed: Price > SMA50 & SMA250, RSI 54.2",393695.29,3936.95,1068.22,18554.24
2024-11-29,TQQQ_100,414007.96,0.0,10547.0274,0.0,20930.37,20365.03,18696.52,58.4,TQQQ_100,"Bull trend confirmed: Price > SMA50 & SMA250, RSI 58.4",404007.96,4040.08,1078.68,19030.78
2024-12-02,TQQQ_50,427429.89,213714.94,5273.5137,0.0,21164.6,20392.49,18717.82,63.03,TQQQ_50,Bearish RSI divergence,417429.89,4174.3,1091.87,19650.99
2024-12-03,TQQQ_50,429347.76,213741.29,5273.5137,0.0,21229.32,20420.03,18739.23,64.21,TQQQ_50,Bearish RSI divergence,419347.76,4193.48,1095.52,19825.8
2024-12-04,TQQQ_100,437251.09,0.0,10317.7646,0.0,21492.36,20450.99,18762.05,68.61,TQQQ_100,"Bull trend confirmed: Price > SMA50 & SMA250, RSI 68.6",427251.09,4272.51,1110.33,20553.77
2024-12-05,TQQQ_100,433651.66,0.0,10317.7646,0.0,21425.22,20480.04,18783.66,66.37,TQQQ_100,"Bull trend confirmed: Price > SMA50 & SMA250, RSI 66.4",423651.66,4236.52,1106.55,20383.75
2024-12-06,TQQQ_100,444804.74,0.0,10317.7646,0.0,21622.25,20510.17,18805.81,69.52,TQQQ_100,"Bull trend confirmed: Price > SMA50 & SMA250, RSI 69.5",434804.74,4348.05,1117.65,20910.57
2024-12-09,TQQQ_100,434412.12,0.0,10317.7646,0.0,21440.82,20538.82,18826.68,63.61,TQQQ_100,"Bull trend confirmed: Price > SMA50 & SMA250, RSI 63.6",424412.12,4244.12,1107.43,20419.67
2024-12-10,TQQQ_100,429697.36,0.0,10317.7646,0.0,21368.18,20564.97,18846.74,61.36,TQQQ_100,"Bull trend confirmed: Price > SMA50 & SMA250, RSI 61.4",419697.36,4196.97,1103.34,20196.96
2024-12-11,TQQQ_100,452662.56,0.0,10317.7646,0.0,21763.98,20604.78,18867.55,68.0,TQQQ_100,"Bull trend confirmed: Price > SMA50 & SMA250, RSI 68.0",442662.56,4426.63,1125.63,21281.74
2024-12-12,TQQQ_100,443689.38,0.0,10317.7646,0.0,21615.27,20641.03,18887.86,63.58,TQQQ_100,"Bull trend confirmed: Price > SMA50 & SMA250, RSI 63.6",433689.38,4336.89,1117.25,20857.88
2024-12-13,TQQQ_100,453220.28,0.0,10317.7646,0.0,21780.25,20680.77,18908.48,66.2,TQQQ_100,"Bull trend confirmed: Price > SMA50 & SMA250, RSI 66.2",443220.28,4432.2,1126.54,21308.08
2024-12-16,TQQQ_100,472940.95,0.0,10317.7646,0.0,22096.66,20722.0,18929.95,70.58,TQQQ_100,"Bull trend confirmed: Price > SMA50 & SMA250, RSI 70.6",462940.95,4629.41,1144.36,22239.6
2024-12-17,TQQQ_100,466603.93,0.0,10317.7646,0.0,22001.08,20766.01,18950.71,67.73,TQQQ_100,"Bull trend confirmed: Price > SMA50 & SMA250, RSI 67.7",456603.93,4566.04,1138.98,21940.26
2024-12-18,TQQQ_100,416161.67,0.0,10317.7646,0.0,21209.32,20788.04,18969.33,49.77,TQQQ_100,"Bull trend confirmed: Price > SMA50 & SMA250, RSI 49.8",406161.67,4061.62,1094.39,19557.6
2024-12-19,TQQQ_100,410280.95,0.0,10317.7646,0.0,21110.51,20804.87,18986.74,48.06,TQQQ_100,"Bull trend confirmed: Price > SMA50 & SMA250, RSI 48.1",400280.95,4002.81,1088.83,19279.82
2024-12-20,TQQQ_100,420927.0,0.0,10317.7646,0.0,21289.15,20825.82,19004.79,51.32,TQQQ_100,"Bull trend confirmed: Price > SMA50 & SMA250, RSI 51.3",410927.0,4109.27,1098.89,19782.69
2024-12-23,TQQQ_100,432651.27,0.0,10317.7646,0.0,21503.17,20850.45,19023.29,54.97,TQQQ_100,"Bull trend confirmed: Price > SMA50 & SMA250, RSI 55.0",422651.27,4226.51,1110.94,20336.49
2024-12-24,TQQQ_100,449843.3,0.0,10317.7646,0.0,21797.65,20877.62,19042.85,59.47,TQQQ_100,"Bull trend confirmed: Price > SMA50 & SMA250, RSI 59.5",439843.3,4398.43,1127.52,21148.57
2024-12-26,TQQQ_100,448876.92,0.0,10317.7646,0.0,21768.31,20909.79,19062.33,58.84,TQQQ_100,"Bull trend confirmed: Price > SMA50 & SMA250, RSI 58.8",438876.92,4388.77,1125.87,21102.92
2024-12-27,TQQQ_100,430616.68,0.0,10317.7646,0.0,21473.02,20935.77,19080.92,52.77,TQQQ_100,"Bull trend confirmed: Price > SMA50 & SMA250, RSI 52.8",420616.68,4206.17,1109.24,20240.39
2024-12-30,TQQQ_100,413322.86,0.0,10317.7646,0.0,21197.09,20955.9,19099.53,47.81,TQQQ_100,"Bull trend confirmed: Price > SMA50 & SMA250, RSI 47.8",403322.86,4033.23,1093.7,19423.51
2024-12-31,TQQQ_100,402488.7,0.0,10317.7646,0.0,21012.17,20969.66,19118.11,44.77,TQQQ_100,"Bull trend confirmed: Price > SMA50 & SMA250, RSI 44.8",392488.7,3924.89,1083.29,18911.75
2025-01-02,TQQQ_100,399945.51,0.0,10317.7646,0.0,20975.62,20981.95,19136.88,44.17,TQQQ_100,Downside buffer hold: NDX 20975.6 above buffer (20609.6),389945.51,3899.46,1081.23,18791.62
2025-01-03,TQQQ_100,419121.29,0.0,10317.7646,0.0,21326.16,21000.66,19156.96,50.94,TQQQ_100,"Bull trend confirmed: Price > SMA50 & SMA250, RSI 50.9",409121.29,4091.21,1100.97,19697.4
2025-01-06,TQQQ_100,433414.17,0.0,10317.7646,0.0,21559.5,21030.51,19176.6,54.86,TQQQ_100,"Bull trend confirmed: Price > SMA50 & SMA250, RSI 54.9",423414.17,4234.14,1114.11,20372.53
2025-01-07,TQQQ_100,410067.54,0.0,10317.7646,0.0,21173.04,21049.31,19194.58,48.01,TQQQ_100,"Bull trend confirmed: Price > SMA50 & SMA250, RSI 48.0",400067.54,4000.68,1092.35,19269.74
2025-01-08,TQQQ_100,410372.69,0.0,10317.7646,0.0,21180.97,21065.89,19212.13,48.16,TQQQ_100,"Bull trend confirmed: Price > SMA50 & SMA250, RSI 48.2",400372.69,4003.73,1092.8,19284.15
2025-01-10,TQQQ_100,390789.94,0.0,10317.7646,0.0,20847.58,21075.82,19228.24,42.83,TQQQ_100,Downside buffer hold: NDX 20847.6 above buffer (20693.8),380789.94,3807.9,1074.02,18359.15
2025-01-13,TQQQ_100,386720.76,0.0,10317.7646,0.0,20784.72,21080.51,19244.04,41.89,TQQQ_100,Downside buffer hold: NDX 20784.7 above buffer (20699.2),376720.76,3767.21,1070.48,18166.94
2025-01-14,TQQQ_100,385347.51,0.0,10317.7646,0.0,20757.41,21087.9,19259.75,41.46,TQQQ_100,Downside buffer hold: NDX 20757.4 above buffer (20726.6),375347.51,3753.48,1068.94,18102.08
2025-01-15,TQQQ_100,411389.97,0.0,10317.7646,0.0,21237.85,21114.85,19277.76,50.92,TQQQ_100,"Bull trend confirmed: Price > SMA50 & SMA250, RSI 50.9",401389.97,4013.9,1096.0,19332.21
2025-01-16,TQQQ_100,402997.42,0.0,10317.7646,0.0,21091.25,21136.01,19294.19,48.35,TQQQ_100,Downside buffer hold: NDX 21091.2 above buffer (20761.1),392997.42,3929.97,1087.74,18935.78
2025-01-17,TQQQ_100,422885.32,0.0,10317.7646,0.0,21441.16,21165.56,19310.7,54.28,TQQQ_100,"Bull trend confirmed: Price > SMA50 & SMA250, RSI 54.3",412885.32,4128.85,1107.45,19875.19
2025-01-21,TQQQ_100,429904.55,0.0,10317.7646,0.0,21566.51,21192.34,19327.64,56.22,TQQQ_100,"Bull trend confirmed: Price > SMA50 & SMA250, RSI 56.2",419904.55,4199.05,1114.51,20206.75
2025-01-22,TQQQ_100,446588.07,0.0,10317.7646,0.0,21853.0,21213.78,19345.44,60.36,TQQQ_100,"Bull trend confirmed: Price > SMA50 & SMA250, RSI 60.4",436588.07,4365.88,1130.64,20994.81
2025-01-23,TQQQ_100,449334.75,0.0,10317.7646,0.0,21900.93,21229.76,19363.05,61.02,TQQQ_100,"Bull trend confirmed: Price > SMA50 & SMA250, RSI 61.0",439334.75,4393.35,1133.34,21124.55
2025-01-24,TQQQ_100,441247.31,0.0,10317.7646,0.0,21774.01,21242.9,19380.07,58.24,TQQQ_100,"Bull trend confirmed: Price > SMA50 & SMA250, RSI 58.2",431247.31,4312.47,1126.19,20742.53
2025-01-27,TQQQ_100,402539.59,0.0,10317.7646,0.0,21127.28,21243.31,19394.9,46.59,TQQQ_100,Downside buffer hold: NDX 21127.3 above buffer (20865.2),392539.59,3925.4,1089.77,18914.15
2025-01-28,TQQQ_100,420392.98,0.0,10317.7646,0.0,21463.04,21251.16,19410.37,51.96,TQQQ_100,"Bull trend confirmed: Price > SMA50 & SMA250, RSI 52.0",410392.98,4103.93,1108.68,19757.47
2025-01-29,TQQQ_100,417798.86,0.0,10317.7646,0.0,21411.46,21258.66,19426.11,51.11,TQQQ_100,"Bull trend confirmed: Price > SMA50 & SMA250, RSI 51.1",407798.86,4077.99,1105.78,19634.93
2025-01-30,TQQQ_100,423037.84,0.0,10317.7646,0.0,21508.12,21270.89,19443.59,52.68,TQQQ_100,"Bull trend confirmed: Price > SMA50 & SMA250, RSI 52.7",413037.84,4130.38,1111.22,19882.4
2025-01-31,TQQQ_100,420749.06,0.0,10317.7646,0.0,21478.05,21292.57,19460.12,52.12,TQQQ_100,"Bull trend confirmed: Price > SMA50 & SMA250, RSI 52.1",410749.06,4107.49,1109.53,19774.29
2025-02-03,TQQQ_100,410576.14,0.0,10317.7646,0.0,21297.58,21307.74,19474.74,48.78,TQQQ_100,Downside buffer hold: NDX 21297.6 above buffer (20931.5),400576.14,4005.76,1099.36,19293.76
2025-02-04,TQQQ_100,425479.4,0.0,10317.7646,0.0,21566.92,21325.39,19490.56,53.56,TQQQ_100,"Bull trend confirmed: Price > SMA50 & SMA250, RSI 53.6",415479.4,4154.79,1114.53,19997.73
2025-02-05,TQQQ_100,431023.57,0.0,10317.7646,0.0,21658.16,21345.21,19506.9,55.09,TQQQ_100,"Bull trend confirmed: Price > SMA50 & SMA250, RSI 55.1",421023.57,4210.24,1119.67,20259.61
2025-02-06,TQQQ_100,437483.27,0.0,10317.7646,0.0,21774.07,21365.87,19522.97,57.03,TQQQ_100,"Bull trend confirmed: Price > SMA50 & SMA250, RSI 57.0",427483.27,4274.83,1126.2,20564.74
2025-02-07,TQQQ_100,420799.91,0.0,10317.7646,0.0,21491.31,21380.17,19537.81,51.22,TQQQ_100,"Bull trend confirmed: Price > SMA50 & SMA250, RSI 51.2",410799.91,4108.0,1110.27,19776.69
2025-02-10,TQQQ_100,435601.35,0.0,10317.7646,0.0,21756.73,21399.21,19552.98,55.78,TQQQ_100,"Bull trend confirmed: Price > SMA50 & SMA250, RSI 55.8",425601.35,4256.01,1125.22,20475.84
2025-02-11,TQQQ_100,432498.67,0.0,10317.7646,0.0,21693.52,21414.62,19568.23,54.47,TQQQ_100,"Bull trend confirmed: Price > SMA50 & SMA250, RSI 54.5",422498.67,4224.99,1121.66,20329.29
2025-02-12,TQQQ_100,433363.31,0.0,10317.7646,0.0,21719.26,21434.12,19584.7,54.93,TQQQ_100,"Bull trend confirmed: Price > SMA50 & SMA250, RSI 54.9",423363.31,4233.63,1123.11,20370.13
2025-02-13,TQQQ_50,451623.68,225811.84,5158.8823,0.0,22030.71,21456.13,19601.6,60.2,TQQQ_50,Bearish RSI divergence,441623.68,4416.24,1140.65,21232.66
2025-02-14,TQQQ_100,454296.41,0.0,10258.6677,0.0,22114.69,21475.13,19618.67,61.5,TQQQ_100,"Bull trend confirmed: Price > SMA50 & SMA250, RSI 61.5",444296.41,4442.96,1145.38,21482.53
2025-02-18,TQQQ_100,457128.48,0.0,10258.6677,0.0,22164.61,21493.83,19636.59,62.29,TQQQ_100,"Bull trend confirmed: Price > SMA50 & SMA250, RSI 62.3",447128.48,4471.28,1148.19,21617.08
2025-02-19,TQQQ_100,457179.08,0.0,10258.6677,0.0,22175.6,21507.5,19655.1,62.48,TQQQ_100,"Bull trend confirmed: Price > SMA50 & SMA250, RSI 62.5",447179.08,4471.79,1148.81,21619.48
2025-02-20,TQQQ_100,451616.07,0.0,10258.6677,0.0,22068.06,21520.36,19673.46,59.44,TQQQ_100,"Bull trend confirmed: Price > SMA50 & SMA250, RSI 59.4",441616.07,4416.16,1142.75,21355.19
2025-02-21,TQQQ_100,423345.87,0.0,10258.6677,0.0,21614.08,21520.19,19687.9,48.67,TQQQ_100,"Bull trend confirmed: Price > SMA50 & SMA250, RSI 48.7",413345.87,4133.46,1117.19,20012.14
2025-02-24,TQQQ_100,408123.29,0.0,10258.6677,0.0,21352.08,21518.42,19701.56,43.75,TQQQ_100,Downside buffer hold: NDX 21352.1 above buffer (21244.7),398123.29,3981.23,1102.43,19288.96
2025-02-25,CASH,392546.94,392546.94,0.0,0.0,21087.25,21512.8,19714.17,39.41,CASH,Downside breakdown: NDX 21087.2 broke below exit buffer (21229.3),382546.94,3825.47,1087.52,18548.96
2025-02-26,CASH,392595.33,392595.33,0.0,0.0,21132.92,21500.18,19726.82,40.51,CASH,Downside breakdown: NDX 21132.9 broke below exit buffer (21210.7),382595.33,3825.95,1090.09,18669.09
2025-02-27,CASH,392643.74,392643.74,0.0,0.0,20550.95,21478.89,19737.53,32.45,CASH,Downside breakdown: NDX 20550.9 broke below exit buffer (21144.8),382643.74,3826.44,1057.32,17112.21
2025-02-28,CASH,392692.14,392692.14,0.0,0.0,20884.41,21460.97,19748.89,39.83,CASH,Downside breakdown: NDX 20884.4 broke below exit buffer (21120.5),382692.14,3826.92,1076.1,17900.26
2025-03-03,CASH,392837.39,392837.39,0.0,0.0,20425.58,21427.55,19757.38,34.28,CASH,Downside breakdown: NDX 20425.6 broke below exit buffer (21051.9),382837.39,3828.37,1050.26,16737.4
2025-03-04,CASH,392885.82,392885.82,0.0,0.0,20352.53,21394.58,19765.88,33.48,CASH,Downside breakdown: NDX 20352.5 broke below exit buffer (20983.0),382885.82,3828.86,1046.14,16552.4
2025-03-05,CASH,392934.26,392934.26,0.0,0.0,20628.46,21382.96,19776.8,39.25,CASH,Downside breakdown: NDX 20628.5 broke below exit buffer (20956.0),382934.26,3829.34,1061.68,17201.1
2025-03-06,CASH,392982.7,392982.7,0.0,0.0,20052.63,21361.81,19784.94,32.85,CASH,Downside breakdown: NDX 20052.6 broke below exit buffer (20910.5),382982.7,3829.83,1029.25,15766.75
2025-03-07,CASH,393031.15,393031.15,0.0,0.0,20201.37,21340.05,19792.56,35.76,CASH,Downside breakdown: NDX 20201.4 broke below exit buffer (20861.1),383031.15,3830.31,1037.63,16095.91
2025-03-10,CASH,393176.52,393176.52,0.0,0.0,19430.95,21298.61,19798.21,28.79,CASH,"Bear trend, RSI 28.8 oversold",383176.52,3831.77,994.25,14269.93
2025-03-11,CASH,393224.99,393224.99,0.0,0.0,19376.96,21250.19,19803.91,28.37,CASH,"Bear trend, RSI 28.4 oversold",383224.99,3832.25,991.2,14101.75
2025-03-12,CASH,393273.47,393273.47,0.0,0.0,19596.02,21206.75,19809.42,32.64,CASH,"Bear trend, RSI 32.6 outside SQQQ zone",383273.47,3832.73,1003.54,14587.08
2025-03-13,CASH,393321.96,393321.96,0.0,0.0,19225.48,21161.8,19814.05,29.45,CASH,"Bear trend, RSI 29.4 oversold",383321.96,3833.22,982.67,13784.61
2025-03-14,SQQQ,393370.45,0.0,0.0,2374.6715,19704.64,21131.95,19820.8,37.91,SQQQ,"Bear signal: Price below SMAs, RSI 37.9 in SQQQ zone",383370.45,3833.7,1009.66,14769.67
2025-03-17,SQQQ,385766.51,0.0,0.0,2374.6715,19812.24,21107.95,19828.82,39.66,SQQQ,"Bear signal: Price below SMAs, RSI 39.7 in SQQQ zone",375766.51,3757.67,1015.72,15057.99
2025-03-18,SQQQ,405258.3,0.0,0.0,2374.6715,19483.36,21078.1,19834.81,36.29,SQQQ,"Bear signal: Price below SMAs, RSI 36.3 in SQQQ zone",395258.3,3952.58,997.2,14293.96
2025-03-19,SQQQ,389836.27,0.0,0.0,2374.6715,19736.66,21046.31,19841.63,40.48,SQQQ,"Bear signal: Price below SMAs, RSI 40.5 in SQQQ zone",379836.27,3798.36,1011.46,14853.77
2025-03-20,SQQQ,393584.67,0.0,0.0,2374.6715,19677.61,21008.68,19847.38,39.83,SQQQ,"Bear signal: Price below SMAs, RSI 39.8 in SQQQ zone",383584.67,3835.85,1008.14,14700.0
2025-03-21,SQQQ,389836.27,0.0,0.0,2374.6715,19753.97,20980.29,19853.12,41.16,SQQQ,"Bear signal: Price below SMAs, RSI 41.2 in SQQQ zone",379836.27,3798.36,1012.44,14839.35
2025-03-24,CASH,365525.02,365525.02,0.0,0.0,20180.45,20960.28,19860.48,48.07,CASH,Downside breakdown: NDX 20180.4 broke below exit buffer (20476.3),355525.02,3555.25,1036.45,15788.37
2025-03-25,CASH,365570.08,365570.08,0.0,0.0,20287.83,20949.09,19868.52,49.67,CASH,Downside breakdown: NDX 20287.8 broke below exit buffer (20492.1),355570.08,3555.7,1042.5,16071.88
2025-03-26,CASH,365615.15,365615.15,0.0,0.0,19916.99,20931.73,19875.35,44.56,CASH,Downside breakdown: NDX 19917.0 broke below exit buffer (20490.5),355615.15,3556.15,1021.62,15172.59
2025-03-27,SQQQ,365660.23,0.0,0.0,2252.9365,19798.62,20912.56,19881.42,43.03,SQQQ,"Bear signal: Price below SMAs, RSI 43.0 in SQQQ zone",355660.23,3556.6,1014.95,14912.34
2025-03-28,SQQQ,394834.68,0.0,0.0,2252.9365,19281.4,20873.43,19885.53,37.07,SQQQ,"Bear signal: Price below SMAs, RSI 37.1 in SQQQ zone",384834.68,3848.35,985.82,13717.14
2025-03-31,SQQQ,395247.07,0.0,0.0,2252.9365,19278.45,20837.17,19889.47,37.04,SQQQ,"Bear signal: Price below SMAs, RSI 37.0 in SQQQ zone",385247.07,3852.47,985.66,13707.5
2025-04-01,SQQQ,385968.94,0.0,0.0,2252.9365,19436.42,20797.08,19894.73,39.98,SQQQ,"Bear signal: Price below SMAs, RSI 40.0 in SQQQ zone",375968.94,3759.69,994.55,14025.58
2025-04-02,SQQQ,377309.32,0.0,0.0,2252.9365,19581.78,20757.38,19900.41,42.64,SQQQ,"Bear signal: Price below SMAs, RSI 42.6 in SQQQ zone",367309.32,3673.09,1002.74,14341.25
2025-04-03,CASH,438441.74,438441.74,0.0,0.0,18521.47,20690.75,19902.98,31.64,CASH,"Bear trend, RSI 31.6 outside SQQQ zone",428441.74,4284.42,943.03,12020.72
2025-04-04,CASH,438495.79,438495.79,0.0,0.0,17397.7,20600.69,19900.14,24.44,CASH,"Bear trend, RSI 24.4 oversold",428495.79,4284.96,879.74,9801.4
2025-04-07,CASH,438657.98,438657.98,0.0,0.0,17430.68,20513.82,19897.46,24.98,CASH,"Bear trend, RSI 25.0 oversold",428657.98,4286.58,881.6,9839.95
2025-04-08,CASH,438712.06,438712.06,0.0,0.0,17090.4,20433.08,19893.14,23.14,CASH,"Bear trend, RSI 23.1 oversold",428712.06,4287.12,862.44,9273.68
2025-04-09,SQQQ,438766.15,0.0,0.0,2797.2079,19145.06,20386.72,19897.68,48.0,SQQQ,"Bear signal: Price below SMAs, RSI 48.0 in SQQQ zone",428766.15,4287.66,978.15,12577.36
2025-04-10,SQQQ,489068.13,0.0,0.0,2797.2079,18343.57,20325.37,19897.82,42.26,SQQQ,"Bear signal: Price below SMAs, RSI 42.3 in SQQQ zone",479068.13,4790.68,933.01,11018.29
2025-04-11,SQQQ,463597.17,0.0,0.0,2797.2079,18690.05,20269.01,19900.57,45.3,SQQQ,"Bear signal: Price below SMAs, RSI 45.3 in SQQQ zone",453597.17,4535.97,952.52,11606.25
2025-04-14,SQQQ,453741.51,0.0,0.0,2797.2079,18796.02,20215.37,19904.92,46.24,SQQQ,"Bear signal: Price below SMAs, RSI 46.2 in SQQQ zone",443741.51,4437.42,958.49,11852.04
2025-04-15,SQQQ,452333.56,0.0,0.0,2797.2079,18830.23,20166.02,19909.39,46.55,SQQQ,"Bear signal: Price below SMAs, RSI 46.6 in SQQQ zone",442333.56,4423.34,960.42,11897.83
2025-04-16,SQQQ,493291.85,0.0,0.0,2797.2079,18257.64,20099.83,19912.45,42.08,SQQQ,"Bear signal: Price below SMAs, RSI 42.1 in SQQQ zone",483291.85,4832.92,928.17,10813.47
2025-04-17,SQQQ,494571.89,0.0,0.0,2797.2079,18258.09,20031.83,19915.9,42.08,SQQQ,"Bear signal: Price below SMAs, RSI 42.1 in SQQQ zone",484571.89,4845.72,928.2,10782.14
2025-04-21,SQQQ,531050.4,0.0,0.0,2797.2079,17808.3,19952.52,19918.98,38.69,SQQQ,"Bear signal: Price below SMAs, RSI 38.7 in SQQQ zone",521050.4,5210.5,902.87,9986.95
2025-04-22,SQQQ,489964.02,0.0,0.0,2797.2079,18276.41,19888.22,19923.25,43.77,SQQQ,"Bear signal: Price below SMAs, RSI 43.8 in SQQQ zone",479964.02,4799.64,929.23,10758.04
2025-04-23,SQQQ,457709.36,0.0,0.0,2797.2079,18693.26,19826.95,19928.13,47.9,SQQQ,"Bear signal: Price below SMAs, RSI 47.9 in SQQQ zone",447709.36,4477.09,952.7,11478.54
2025-04-24,SQQQ,418798.99,0.0,0.0,2797.2079,19214.4,19777.37,19934.88,52.6,SQQQ,"Bear signal: Price below SMAs, RSI 52.6 in SQQQ zone",408798.99,4087.99,982.05,12464.1
2025-04-25,SQQQ,405103.49,0.0,0.0,2797.2079,19432.56,19731.63,19942.89,54.45,SQQQ,"Bear signal: Price below SMAs, RSI 54.4 in SQQQ zone",395103.49,3951.03,994.34,12878.57
2025-04-28,SQQQ,405615.46,0.0,0.0,2797.2079,19427.29,19679.56,19949.73,54.39,SQQQ,"Bear signal: Price below SMAs, RSI 54.4 in SQQQ zone",395615.46,3956.15,994.04,12868.93
2025-04-29,CASH,397807.81,397807.81,0.0,0.0,19544.95,19628.17,19956.78,55.48,CASH,"Bear trend, RSI 55.5 outside SQQQ zone",387807.81,3878.08,1000.67,13121.95
2025-04-30,CASH,397856.86,397856.86,0.0,0.0,19571.02,19576.3,19965.3,55.73,CASH,"Bear trend, RSI 55.7 outside SQQQ zone",387856.86,3878.57,1002.13,13124.35
2025-05-01,CASH,397905.91,397905.91,0.0,0.0,19786.71,19528.52,19975.17,57.85,CASH,Re-entry buffer in bear regime,387905.91,3879.06,1014.28,13579.79
2025-05-02,TQQQ_100,397954.96,0.0,13543.2172,0.0,20102.61,19489.21,19985.41,60.82,TQQQ_100,"Bull trend confirmed: Price > SMA50 & SMA250, RSI 60.8",387954.96,3879.55,1032.07,14220.76
2025-05-05,TQQQ_30,391057.89,273740.52,4062.9652,0.0,19967.94,19456.29,19993.72,58.91,TQQQ_30,"Recovery above SMA50, RSI 58.9 >= 50",381057.89,3810.58,1024.49,13972.56
2025-05-06,TQQQ_30,387756.92,273774.27,4062.9652,0.0,19791.35,19425.07,20000.51,56.42,TQQQ_30,"Recovery above SMA50, RSI 56.4 >= 50",377756.92,3777.57,1014.54,13572.56
2025-05-07,TQQQ_30,389116.54,273808.03,4062.9652,0.0,19867.97,19400.69,20007.62,57.27,TQQQ_30,"Recovery above SMA50, RSI 57.3 >= 50",379116.54,3791.17,1018.86,13731.6
2025-05-08,TQQQ_100,392585.44,0.0,13432.8095,0.0,20063.56,19379.3,20015.53,59.43,TQQQ_100,"Bull trend confirmed: Price > SMA50 & SMA250, RSI 59.4",382585.44,3825.85,1029.87,14143.65
2025-05-09,TQQQ_100,391655.63,0.0,13432.8095,0.0,20061.45,19369.51,20023.33,59.39,TQQQ_100,"Bull trend confirmed: Price > SMA50 & SMA250, RSI 59.4",381655.63,3816.56,1029.75,14109.92
2025-05-12,TQQQ_100,439076.66,0.0,13432.8095,0.0,20868.15,19369.18,20034.15,67.3,TQQQ_100,"Bull trend confirmed: Price > SMA50 & SMA250, RSI 67.3",429076.66,4290.77,1075.18,15830.43
2025-05-13,TQQQ_100,459200.71,0.0,13432.8095,0.0,21197.7,19384.63,20046.15,69.88,TQQQ_100,"Bull trend confirmed: Price > SMA50 & SMA250, RSI 69.9",449200.71,4492.01,1093.74,16560.56
2025-05-14,TQQQ_100,467303.52,0.0,13432.8095,0.0,21319.21,19403.96,20058.14,70.79,TQQQ_100,"Bull trend confirmed: Price > SMA50 & SMA250, RSI 70.8",457303.52,4573.04,1100.58,16854.55
2025-05-15,TQQQ_100,468764.69,0.0,13432.8095,0.0,21335.82,19418.11,20069.09,70.92,TQQQ_100,"Bull trend confirmed: Price > SMA50 & SMA250, RSI 70.9",458764.69,4587.65,1101.52,16907.56
2025-05-16,TQQQ_100,474542.91,0.0,13432.8095,0.0,21427.94,19445.61,20080.57,71.67,TQQQ_100,"Bull trend confirmed: Price > SMA50 & SMA250, RSI 71.7",464542.91,4645.43,1106.7,17117.21
2025-05-19,TQQQ_100,475804.79,0.0,13432.8095,0.0,21447.05,19470.53,20092.18,71.84,TQQQ_100,"Bull trend confirmed: Price > SMA50 & SMA250, RSI 71.8",465804.79,4658.05,1107.78,17162.99
2025-05-20,TQQQ_100,470823.55,0.0,13432.8095,0.0,21367.37,19509.26,20102.95,70.03,TQQQ_100,"Bull trend confirmed: Price > SMA50 & SMA250, RSI 70.0",460823.55,4608.24,1103.29,16982.26
2025-05-21,TQQQ_100,451230.82,0.0,13432.8095,0.0,21080.36,19543.32,20112.42,63.8,TQQQ_100,"Bull trend confirmed: Price > SMA50 & SMA250, RSI 63.8",441230.82,4412.31,1087.13,16271.4
2025-05-22,TQQQ_100,453555.42,0.0,13432.8095,0.0,21112.47,19573.65,20122.04,64.18,TQQQ_100,"Bull trend confirmed: Price > SMA50 & SMA250, RSI 64.2",443555.42,4435.55,1088.94,16355.74
2025-05-23,TQQQ_100,440471.42,0.0,13432.8095,0.0,20915.66,19607.46,20131.21,59.98,TQQQ_100,"Bull trend confirmed: Price > SMA50 & SMA250, RSI 60.0",430471.42,4304.71,1077.86,15881.03
2025-05-27,TQQQ_100,471155.6,0.0,13432.8095,0.0,21414.99,19641.66,20141.64,66.05,TQQQ_100,"Bull trend confirmed: Price > SMA50 & SMA250, RSI 66.1",461155.6,4611.56,1105.98,16994.31
2025-05-28,TQQQ_100,465111.8,0.0,13432.8095,0.0,21318.17,19671.78,20151.43,64.02,TQQQ_100,"Bull trend confirmed: Price > SMA50 & SMA250, RSI 64.0",455111.8,4551.12,1100.52,16775.03
2025-05-29,TQQQ_100,467369.93,0.0,13432.8095,0.0,21363.95,19709.39,20161.94,64.58,TQQQ_100,"Bull trend confirmed: Price > SMA50 & SMA250, RSI 64.6",457369.93,4573.7,1103.1,16856.96
2025-05-30,TQQQ_100,464912.57,0.0,13432.8095,0.0,21340.99,19741.48,20173.15,64.05,TQQQ_100,"Bull trend confirmed: Price > SMA50 & SMA250, RSI 64.0",454912.57,4549.13,1101.81,16767.8
2025-06-02,TQQQ_100,475605.51,0.0,13432.8095,0.0,21491.75,19777.76,20184.97,66.03,TQQQ_100,"Bull trend confirmed: Price > SMA50 & SMA250, RSI 66.0",465605.51,4656.06,1110.3,17155.76
2025-06-03,TQQQ_50,486696.92,243348.46,6716.4047,0.0,21662.58,19815.94,20197.22,68.17,TQQQ_50,Bearish RSI divergence,476696.92,4766.97,1119.92,17558.17
2025-06-04,TQQQ_50,488686.24,243378.46,6716.4047,0.0,21721.92,19846.77,20209.49,68.9,TQQQ_50,Bearish RSI divergence,478686.24,4786.86,1123.26,17700.35
2025-06-05,TQQQ_50,483004.44,243408.47,6716.4047,0.0,21547.43,19871.96,20219.54,64.22,TQQQ_50,Bearish RSI divergence,473004.44,4730.04,1113.43,17285.88
2025-06-06,TQQQ_50,489875.32,243438.48,6716.4047,0.0,21761.79,19908.85,20230.5,67.17,TQQQ_50,Bearish RSI divergence,479875.32,4798.75,1125.51,17782.28
2025-06-09,TQQQ_50,491061.22,243528.51,6716.4047,0.0,21797.87,19948.84,20241.69,67.65,TQQQ_50,Bearish RSI divergence,481061.22,4810.61,1127.54,17861.8
2025-06-10,TQQQ_50,495873.21,243558.54,6716.4047,0.0,21941.92,20002.05,20253.16,69.58,TQQQ_50,Bearish RSI divergence,485873.21,4858.73,1135.65,18208.79
2025-06-11,TQQQ_50,493312.98,243588.57,6716.4047,0.0,21860.8,20053.7,20263.76,67.15,TQQQ_50,Bearish RSI divergence,483312.98,4833.13,1131.08,18020.83
2025-06-12,TQQQ_50,494970.25,243618.6,6716.4047,0.0,21913.32,20103.23,20273.55,67.93,TQQQ_50,Bearish RSI divergence,484970.25,4849.7,1134.04,18138.91
2025-06-13,TQQQ_50,485502.77,243648.63,6716.4047,0.0,21631.04,20144.22,20281.77,59.73,TQQQ_50,Bearish RSI divergence,475502.77,4755.03,1118.14,17449.74
2025-06-16,TQQQ_50,495455.71,243738.75,6716.4047,0.0,21937.57,20212.54,20290.88,64.71,TQQQ_50,Bearish RSI divergence,485455.71,4854.56,1135.4,18165.42
2025-06-17,TQQQ_50,488047.12,243768.8,6716.4047,0.0,21719.08,20298.97,20298.14,59.1,TQQQ_50,Bearish RSI divergence,478047.12,4780.47,1123.1,17625.65
2025-06-18,TQQQ_100,487745.1,0.0,13428.7513,0.0,21719.69,20384.75,20305.39,59.11,TQQQ_100,"Bull trend confirmed: Price > SMA50 & SMA250, RSI 59.1",477745.1,4777.45,1123.13,17601.55
2025-06-20,TQQQ_100,481039.08,0.0,13428.7513,0.0,21626.39,20475.47,20312.88,56.68,TQQQ_100,"Bull trend confirmed: Price > SMA50 & SMA250, RSI 56.7",471039.08,4710.39,1117.88,17358.17
2025-06-23,TQQQ_100,495978.19,0.0,13428.7513,0.0,21856.33,20529.69,20321.51,60.94,TQQQ_100,"Bull trend confirmed: Price > SMA50 & SMA250, RSI 60.9",485978.19,4859.78,1130.83,17900.35
2025-06-24,TQQQ_100,518552.79,0.0,13428.7513,0.0,22190.52,20606.63,20332.37,66.16,TQQQ_100,"Bull trend confirmed: Price > SMA50 & SMA250, RSI 66.2",508552.79,5085.53,1149.65,18719.64
2025-06-25,TQQQ_50,522534.48,261267.24,6714.3757,0.0,22237.74,20677.59,20342.52,66.84,TQQQ_50,Bearish RSI divergence,512534.48,5125.34,1152.31,18864.15
2025-06-26,TQQQ_100,529724.23,0.0,13250.5185,0.0,22447.29,20750.61,20353.3,69.72,TQQQ_100,"Bull trend confirmed: Price > SMA50 & SMA250, RSI 69.7",519724.23,5197.24,1164.11,19383.68
2025-06-27,TQQQ_100,534914.37,0.0,13250.5185,0.0,22534.2,20824.69,20364.28,70.85,TQQQ_100,"Bull trend confirmed: Price > SMA50 & SMA250, RSI 70.9",524914.37,5249.14,1169.0,19574.58
2025-06-30,TQQQ_100,545294.64,0.0,13250.5185,0.0,22679.01,20913.12,20376.27,72.68,TQQQ_100,"Bull trend confirmed: Price > SMA50 & SMA250, RSI 72.7",535294.64,5352.95,1177.16,19956.37
2025-07-01,TQQQ_100,531432.36,0.0,13250.5185,0.0,22478.13,20997.52,20386.93,66.44,TQQQ_100,"Bull trend confirmed: Price > SMA50 & SMA250, RSI 66.4",521432.36,5214.32,1165.85,19446.51
2025-07-02,TQQQ_100,542009.76,0.0,13250.5185,0.0,22641.89,21094.19,20397.45,68.8,TQQQ_100,"Bull trend confirmed: Price > SMA50 & SMA250, RSI 68.8",532009.76,5320.1,1175.07,19835.55
2025-07-03,TQQQ_100,557185.96,0.0,13250.5185,0.0,22866.97,21186.0,20408.17,71.73,TQQQ_100,"Bull trend confirmed: Price > SMA50 & SMA250, RSI 71.7",547185.96,5471.86,1187.74,20393.74
2025-07-07,TQQQ_100,544769.11,0.0,13250.5185,0.0,22685.57,21265.85,20417.35,66.32,TQQQ_100,"Bull trend confirmed: Price > SMA50 & SMA250, RSI 66.3",534769.11,5347.69,1177.53,19937.04
2025-07-08,TQQQ_100,545491.72,0.0,13250.5185,0.0,22702.25,21335.61,20426.4,66.57,TQQQ_100,"Bull trend confirmed: Price > SMA50 & SMA250, RSI 66.6",535491.72,5354.92,1178.47,19963.62
2025-07-09,TQQQ_100,556791.85,0.0,13250.5185,0.0,22864.91,21404.25,20436.05,68.98,TQQQ_100,"Bull trend confirmed: Price > SMA50 & SMA250, RSI 69.0",546791.85,5467.92,1187.63,20379.25
2025-07-10,TQQQ_100,554229.58,0.0,13250.5185,0.0,22829.26,21472.29,20444.66,67.83,TQQQ_100,"Bull trend confirmed: Price > SMA50 & SMA250, RSI 67.8",544229.58,5442.3,1185.62,20285.01
2025-07-11,TQQQ_100,550025.01,0.0,13250.5185,0.0,22780.6,21537.01,20454.94,66.2,TQQQ_100,"Bull trend confirmed: Price > SMA50 & SMA250, RSI 66.2",540025.01,5400.25,1182.88,20130.36
2025-07-14,TQQQ_100,555872.05,0.0,13250.5185,0.0,22855.63,21602.7,20465.04,67.49,TQQQ_100,"Bull trend confirmed: Price > SMA50 & SMA250, RSI 67.5",545872.05,5458.72,1187.1,20345.42
2025-07-15,TQQQ_50,557317.43,278658.72,6625.2592,0.0,22884.59,21664.65,20475.03,68.0,TQQQ_50,Bearish RSI divergence,547317.43,5473.17,1188.74,20398.58
2025-07-16,TQQQ_50,558140.16,278693.07,6625.2592,0.0,22907.97,21720.76,20485.06,68.44,TQQQ_50,Bearish RSI divergence,548140.16,5481.4,1190.05,20456.57
2025-07-17,TQQQ_50,564678.62,278727.43,6625.2592,0.0,23081.05,21783.02,20498.19,71.5,TQQQ_50,Bearish RSI divergence,554678.62,5546.79,1199.8,20935.03
2025-07-18,TQQQ_50,563727.53,278761.79,6625.2592,0.0,23065.47,21848.51,20511.63,70.83,TQQQ_50,Bearish RSI divergence,553727.53,5537.28,1198.92,20862.53
2025-07-21,TQQQ_100,568166.71,0.0,13011.5043,0.0,23180.06,21914.75,20526.26,72.84,TQQQ_100,"Bull trend confirmed: Price > SMA50 & SMA250, RSI 72.8",558166.71,5581.67,1205.37,21181.5
2025-07-22,TQQQ_100,559328.41,0.0,13011.5043,0.0,23063.58,21974.75,20539.23,67.74,TQQQ_100,"Bull trend confirmed: Price > SMA50 & SMA250, RSI 67.7",549328.41,5493.28,1198.82,20850.45
2025-07-23,TQQQ_100,566682.92,0.0,13011.5043,0.0,23162.41,22036.77,20552.86,69.68,TQQQ_100,"Bull trend confirmed: Price > SMA50 & SMA250, RSI 69.7",556682.92,5566.83,1204.38,21125.93
2025-07-24,TQQQ_100,570424.65,0.0,13011.5043,0.0,23219.87,22083.8,20569.61,70.78,TQQQ_100,"Bull trend confirmed: Price > SMA50 & SMA250, RSI 70.8",560424.65,5604.25,1207.62,21266.08
2025-07-25,TQQQ_100,573650.32,0.0,13011.5043,0.0,23272.25,22125.29,20587.37,71.78,TQQQ_100,"Bull trend confirmed: Price > SMA50 & SMA250, RSI 71.8",563650.32,5636.5,1210.57,21386.9
2025-07-28,TQQQ_100,579263.0,0.0,13011.5043,0.0,23356.27,22166.03,20604.7,73.36,TQQQ_100,"Bull trend confirmed: Price > SMA50 & SMA250, RSI 73.4",569263.0,5692.63,1215.3,21597.13
2025-07-29,TQQQ_100,576617.9,0.0,13011.5043,0.0,23308.3,22205.48,20621.7,70.92,TQQQ_100,"Bull trend confirmed: Price > SMA50 & SMA250, RSI 70.9",566617.9,5666.18,1212.6,21498.05
2025-07-30,TQQQ_100,578617.89,0.0,13011.5043,0.0,23345.41,22243.83,20639.9,71.71,TQQQ_100,"Bull trend confirmed: Price > SMA50 & SMA250, RSI 71.7",568617.89,5686.18,1214.69,21572.97
2025-07-31,TQQQ_100,569069.96,0.0,13011.5043,0.0,23218.12,22279.26,20655.32,65.2,TQQQ_100,"Bull trend confirmed: Price > SMA50 & SMA250, RSI 65.2",559069.96,5590.7,1207.52,21215.34
2025-08-01,TQQQ_100,534942.51,0.0,13011.5043,0.0,22763.31,22307.17,20670.81,48.33,TQQQ_100,"Bull trend confirmed: Price > SMA50 & SMA250, RSI 48.3",524942.51,5249.43,1181.91,19937.04
2025-08-04,TQQQ_100,564231.4,0.0,13011.5043,0.0,23188.61,22349.34,20689.8,59.01,TQQQ_100,"Bull trend confirmed: Price > SMA50 & SMA250, RSI 59.0",554231.4,5542.31,1205.86,21034.1
2025-08-05,TQQQ_100,552490.05,0.0,13011.5043,0.0,23018.56,22387.46,20710.3,54.19,TQQQ_100,"Bull trend confirmed: Price > SMA50 & SMA250, RSI 54.2",542490.05,5424.9,1196.28,20594.31
2025-08-06,TQQQ_100,573134.17,0.0,13011.5043,0.0,23315.04,22435.45,20731.24,60.28,TQQQ_100,"Bull trend confirmed: Price > SMA50 & SMA250, RSI 60.3",563134.17,5631.34,1212.98,21367.57
2025-08-07,TQQQ_100,578940.42,0.0,13011.5043,0.0,23389.53,22474.94,20753.33,61.66,TQQQ_100,"Bull trend confirmed: Price > SMA50 & SMA250, RSI 61.7",568940.42,5689.4,1217.17,21585.05
2025-08-08,TQQQ_100,594552.6,0.0,13011.5043,0.0,23611.27,22520.8,20774.12,65.51,TQQQ_100,"Bull trend confirmed: Price > SMA50 & SMA250, RSI 65.5",584552.6,5845.53,1229.66,22169.82
2025-08-11,TQQQ_50,589327.03,294663.51,6505.7522,0.0,23526.63,22564.05,20794.18,62.91,TQQQ_50,Bearish RSI divergence,579327.03,5793.27,1224.89,21974.09
2025-08-12,TQQQ_50,600233.83,294699.84,6505.7522,0.0,23839.2,22614.02,20815.36,67.96,TQQQ_50,Bearish RSI divergence,590233.83,5902.34,1242.49,22788.43
2025-08-13,TQQQ_50,600721.77,294736.18,6505.7522,0.0,23849.04,22661.16,20834.74,68.1,TQQQ_50,Bearish RSI divergence,590721.77,5907.22,1243.05,22822.26
2025-08-14,TQQQ_50,599919.4,294772.51,6505.7522,0.0,23832.44,22704.56,20853.97,67.54,TQQQ_50,Bearish RSI divergence,589919.4,5899.19,1242.11,22759.43
2025-08-15,TQQQ_50,595633.38,294808.85,6505.7522,0.0,23712.07,22744.36,20870.86,63.44,TQQQ_50,Bearish RSI divergence,585633.38,5856.33,1235.33,22435.63
2025-08-18,TQQQ_50,595355.29,294917.89,6505.7522,0.0,23713.76,22787.69,20887.68,63.48,TQQQ_50,Bearish RSI divergence,585355.29,5853.55,1235.43,22406.63
2025-08-19,TQQQ_50,583134.18,294954.25,6505.7522,0.0,23384.77,22820.15,20902.16,53.25,TQQQ_50,Bearish RSI divergence,573134.18,5731.34,1216.9,21488.39
2025-08-20,TQQQ_50,577912.74,294990.62,6505.7522,0.0,23249.57,22849.19,20916.28,49.71,TQQQ_50,Bearish RSI divergence,567912.74,5679.13,1209.29,21094.51
2025-08-21,TQQQ_50,574013.82,295026.99,6505.7522,0.0,23142.58,22873.2,20929.55,47.04,TQQQ_50,Bearish RSI divergence,564013.82,5640.14,1203.26,20799.71
2025-08-22,TQQQ_50,586597.96,295063.36,6505.7522,0.0,23498.12,22905.94,20945.57,55.57,TQQQ_50,Bearish RSI divergence,576597.96,5765.98,1223.29,21739.7
2025-08-25,TQQQ_50,584158.83,295172.49,6505.7522,0.0,23425.61,22936.19,20960.39,53.67,TQQQ_50,Bearish RSI divergence,574158.83,5741.59,1219.2,21548.8
2025-08-26,TQQQ_50,587549.9,295208.88,6505.7522,0.0,23525.29,22974.08,20976.43,55.9,TQQQ_50,Bearish RSI divergence,577549.9,5775.5,1224.82,21800.11
2025-08-27,TQQQ_100,588908.85,0.0,13046.5451,0.0,23565.85,23006.64,20992.36,56.82,TQQQ_100,"Bull trend confirmed: Price > SMA50 & SMA250, RSI 56.8",578908.85,5789.09,1227.1,21899.18
2025-08-28,TQQQ_100,599646.77,0.0,13046.5451,0.0,23703.45,23046.33,21009.77,59.85,TQQQ_100,"Bull trend confirmed: Price > SMA50 & SMA250, RSI 59.8",589646.77,5896.47,1234.85,22300.31
2025-08-29,TQQQ_100,578041.47,0.0,13046.5451,0.0,23415.42,23080.24,21026.13,51.67,TQQQ_100,"Bull trend confirmed: Price > SMA50 & SMA250, RSI 51.7",568041.47,5680.41,1218.63,21493.22
2025-09-02,TQQQ_100,563292.84,0.0,13046.5451,0.0,23231.11,23112.34,21040.76,47.22,TQQQ_100,"Bull trend confirmed: Price > SMA50 & SMA250, RSI 47.2",553292.84,5532.93,1208.25,20942.28
2025-09-03,TQQQ_100,576424.24,0.0,13046.5451,0.0,23414.84,23143.51,21058.58,51.69,TQQQ_100,"Bull trend confirmed: Price > SMA50 & SMA250, RSI 51.7",566424.24,5664.24,1218.6,21432.81
2025-09-04,TQQQ_100,592013.76,0.0,13046.5451,0.0,23633.01,23172.36,21077.43,56.4,TQQQ_100,"Bull trend confirmed: Price > SMA50 & SMA250, RSI 56.4",582013.76,5820.14,1230.88,22015.17
2025-09-05,TQQQ_100,593954.39,0.0,13046.5451,0.0,23652.44,23200.65,21096.32,56.81,TQQQ_100,"Bull trend confirmed: Price > SMA50 & SMA250, RSI 56.8",583954.39,5839.54,1231.98,22087.66
2025-09-08,TQQQ_100,602428.39,0.0,13046.5451,0.0,23762.3,23226.95,21117.68,59.12,TQQQ_100,"Bull trend confirmed: Price > SMA50 & SMA250, RSI 59.1",592428.39,5924.28,1238.16,22404.22
2025-09-09,TQQQ_100,607344.59,0.0,13046.5451,0.0,23839.8,23253.06,21138.4,60.71,TQQQ_100,"Bull trend confirmed: Price > SMA50 & SMA250, RSI 60.7",597344.59,5973.45,1242.53,22587.87
2025-09-10,TQQQ_50,607991.48,303995.74,6523.2726,0.0,23849.27,23276.47,21158.48,60.91,TQQQ_50,Bearish RSI divergence,597991.48,5979.91,1243.06,22612.03
2025-09-11,TQQQ_50,613139.2,304033.22,6523.2726,0.0,23992.56,23306.76,21177.5,63.92,TQQQ_50,Bearish RSI divergence,603139.2,6031.39,1251.13,22993.83
2025-09-12,TQQQ_100,617025.56,0.0,12861.3625,0.0,24092.19,23335.76,21196.18,65.88,TQQQ_100,"Bull trend confirmed: Price > SMA50 & SMA250, RSI 65.9",607025.56,6070.26,1256.74,23281.38
2025-09-15,TQQQ_100,632776.45,0.0,12861.3625,0.0,24293.78,23364.3,21215.29,69.5,TQQQ_100,"Bull trend confirmed: Price > SMA50 & SMA250, RSI 69.5",622776.45,6227.76,1268.09,23878.24
2025-09-16,TQQQ_100,631054.66,0.0,12861.3625,0.0,24274.25,23396.07,21234.7,68.74,TQQQ_100,"Bull trend confirmed: Price > SMA50 & SMA250, RSI 68.7",621054.66,6210.55,1266.99,23813.0
2025-09-17,TQQQ_100,627037.2,0.0,12861.3625,0.0,24223.69,23426.5,21253.86,66.7,TQQQ_100,"Bull trend confirmed: Price > SMA50 & SMA250, RSI 66.7",617037.2,6170.37,1264.15,23660.76
2025-09-18,TQQQ_100,643935.94,0.0,12861.3625,0.0,24454.89,23458.3,21274.31,70.94,TQQQ_100,"Bull trend confirmed: Price > SMA50 & SMA250, RSI 70.9",633935.94,6339.36,1277.17,24301.12
2025-09-19,TQQQ_100,656689.71,0.0,12861.3625,0.0,24626.25,23494.24,21293.45,73.62,TQQQ_100,"Bull trend confirmed: Price > SMA50 & SMA250, RSI 73.6",646689.71,6466.9,1286.82,24784.4
2025-09-22,TQQQ_30,667785.42,467449.79,3858.4088,0.0,24761.07,23533.85,21313.33,75.53,TQQQ_30,Overextended: RSI 75.5 >= 75,657785.42,6577.85,1294.41,25204.86
2025-09-23,TQQQ_30,663806.49,467507.42,3858.4088,0.0,24580.17,23568.34,21332.24,68.37,TQQQ_30,Trim lock active,653806.49,6538.06,1284.22,24694.99
2025-09-24,TQQQ_30,661753.94,467565.06,3858.4088,0.0,24503.57,23600.72,21350.48,65.54,TQQQ_30,Trim lock active,651753.94,6517.54,1279.91,24428.45
2025-09-25,TQQQ_30,659207.31,467622.71,3858.4088,0.0,24397.31,23630.51,21368.17,61.72,TQQQ_30,Trim lock active,649207.31,6492.07,1273.92,24099.5
2025-09-26,TQQQ_30,661562.82,467680.36,3858.4088,0.0,24503.85,23658.96,21385.73,63.99,TQQQ_30,Trim lock active,651562.82,6515.63,1279.92,24389.75
2025-09-29,TQQQ_30,664320.91,467853.34,3858.4088,0.0,24611.35,23689.88,21404.14,66.16,TQQQ_30,Trim lock active,654320.91,6543.21,1285.98,24716.28
2025-09-30,TQQQ_30,665910.51,467911.02,3858.4088,0.0,24679.99,23719.88,21422.62,67.51,TQQQ_30,Trim lock active,655910.51,6559.11,1289.84,24909.78
2025-10-01,TQQQ_30,668763.92,467968.71,3858.4088,0.0,24800.86,23754.63,21442.73,69.8,TQQQ_30,Trim lock active,658763.92,6587.64,1296.65,25262.91
2025-10-02,TQQQ_30,671272.66,468026.4,3858.4088,0.0,24892.76,23789.23,21463.09,71.44,TQQQ_30,Trim lock active,661272.66,6612.73,1301.82,25572.51
2025-10-03,TQQQ_30,668572.93,468084.1,3858.4088,0.0,24785.52,23820.55,21483.06,66.87,TQQQ_30,Trim lock active,658572.93,6585.73,1295.79,25224.21
2025-10-06,TQQQ_30,673226.91,468257.23,3858.4088,0.0,24978.56,23854.67,21502.83,70.53,TQQQ_30,Trim lock active,663226.91,6632.27,1306.66,25790.2
2025-10-07,TQQQ_30,669971.88,468314.96,3858.4088,0.0,24840.23,23884.35,21522.99,64.99,TQQQ_30,Trim lock active,659971.88,6599.72,1298.87,25371.76
2025-10-08,TQQQ_30,676865.76,468372.7,3858.4088,0.0,25136.62,23920.92,21543.1,70.36,TQQQ_30,Trim lock active,666865.76,6668.66,1315.56,26235.25
2025-10-09,TQQQ_30,676100.08,468430.44,3858.4088,0.0,25098.18,23955.97,21562.42,68.88,TQQQ_30,Trim lock active,666100.08,6661.0,1313.39,26131.24
2025-10-10,TQQQ_30,654366.43,468488.19,3858.4088,0.0,24221.74,23976.05,21578.34,45.46,TQQQ_30,Trim lock active,644366.43,6443.66,1264.04,23378.72
2025-10-13,TQQQ_30,666335.43,468661.47,3858.4088,0.0,24750.25,24015.78,21596.25,55.33,TQQQ_30,Trim lock active,656335.43,6563.35,1293.8,24868.66
2025-10-14,TQQQ_30,662371.93,468719.25,3858.4088,0.0,24579.32,24043.6,21612.81,52.05,TQQQ_30,Trim lock active,652371.93,6523.72,1284.17,24360.72
2025-10-15,TQQQ_30,666393.54,468777.04,3858.4088,0.0,24745.36,24078.13,21631.16,54.85,TQQQ_30,Trim lock active,656393.54,6563.94,1293.52,24861.4
2025-10-16,TQQQ_30,664249.23,468834.83,3858.4088,0.0,24657.24,24104.98,21649.09,53.08,TQQQ_30,Trim lock active,654249.23,6542.49,1288.56,24583.25
2025-10-17,TQQQ_30,668021.9,468892.63,3858.4088,0.0,24817.95,24133.55,21667.6,55.87,TQQQ_30,Trim lock active,658021.9,6580.22,1297.61,25052.48
2025-10-20,TQQQ_50,675663.39,337831.69,6309.3399,0.0,25141.02,24164.14,21686.87,60.92,TQQQ_50,Bearish RSI divergence,665663.39,6656.63,1315.81,25995.79
2025-10-21,TQQQ_50,675329.26,337873.34,6309.3399,0.0,25127.13,24196.15,21705.93,60.6,TQQQ_50,Bearish RSI divergence,665329.26,6653.29,1315.02,25966.77
2025-10-22,TQQQ_50,665444.84,337915.0,6309.3399,0.0,24879.01,24216.95,21723.88,55.02,TQQQ_50,Bearish RSI divergence,655444.84,6554.45,1301.05,25200.03
2025-10-23,TQQQ_50,673690.4,337956.66,6309.3399,0.0,25097.41,24241.92,21744.01,58.63,TQQQ_50,Bearish RSI divergence,663690.4,6636.9,1313.35,25833.74
2025-10-24,TQQQ_50,684190.45,337998.33,6309.3399,0.0,25358.16,24272.43,21764.51,62.5,TQQQ_50,Bearish RSI divergence,674190.45,6741.9,1328.03,26641.59
2025-10-27,TQQQ_50,702696.01,338123.34,6309.3399,0.0,25821.55,24314.62,21786.39,68.19,TQQQ_50,Bearish RSI divergence,692696.01,6926.96,1354.13,28061.4
2025-10-28,TQQQ_50,711066.84,338165.03,6309.3399,0.0,26012.15,24360.59,21809.03,70.19,TQQQ_50,Bearish RSI divergence,701066.84,7010.67,1364.86,28704.78
2025-10-29,TQQQ_50,715868.04,338206.72,6309.3399,0.0,26119.85,24415.29,21831.31,71.29,TQQQ_50,Bearish RSI divergence,705868.04,7058.68,1370.93,29072.43
2025-10-30,TQQQ_100,698625.15,0.0,12231.2656,0.0,25734.81,24464.99,21852.69,62.42,TQQQ_100,"Bull trend confirmed: Price > SMA50 & SMA250, RSI 62.4",688625.15,6886.25,1349.24,27737.28
2025-10-31,TQQQ_100,708519.7,0.0,12231.2656,0.0,25858.13,24519.3,21876.57,63.97,TQQQ_100,"Bull trend confirmed: Price > SMA50 & SMA250, RSI 64.0",698519.7,6985.2,1356.19,28131.54
2025-11-03,TQQQ_100,718232.15,0.0,12231.2656,0.0,25972.94,24568.8,21900.32,65.4,TQQQ_100,"Bull trend confirmed: Price > SMA50 & SMA250, RSI 65.4",708232.15,7082.32,1362.65,28518.54
2025-11-04,TQQQ_100,674283.51,0.0,12231.2656,0.0,25435.7,24609.0,21922.21,54.51,TQQQ_100,"Bull trend confirmed: Price > SMA50 & SMA250, RSI 54.5",664283.51,6642.84,1332.4,26767.37
2025-11-05,TQQQ_100,687395.27,0.0,12231.2656,0.0,25620.03,24650.9,21943.78,57.15,TQQQ_100,"Bull trend confirmed: Price > SMA50 & SMA250, RSI 57.1",677395.27,6773.95,1342.78,27289.82
2025-11-06,TQQQ_100,648849.13,0.0,12231.2656,0.0,25130.04,24682.18,21961.18,49.02,TQQQ_100,"Bull trend confirmed: Price > SMA50 & SMA250, RSI 49.0",638849.13,6388.49,1315.19,25753.92
2025-11-07,TQQQ_100,642111.16,0.0,12231.2656,0.0,25059.81,24709.31,21977.01,47.96,TQQQ_100,"Bull trend confirmed: Price > SMA50 & SMA250, RSI 48.0",632111.16,6321.11,1311.23,25485.44
2025-11-10,TQQQ_100,684177.97,0.0,12231.2656,0.0,25611.74,24753.24,21994.99,55.97,TQQQ_100,"Bull trend confirmed: Price > SMA50 & SMA250, RSI 56.0",674177.97,6741.78,1342.31,27161.62
2025-11-11,TQQQ_100,678532.66,0.0,12231.2656,0.0,25533.49,24799.28,22012.7,54.69,TQQQ_100,"Bull trend confirmed: Price > SMA50 & SMA250, RSI 54.7",668532.66,6685.33,1337.91,26936.68
2025-11-12,TQQQ_100,677136.49,0.0,12231.2656,0.0,25517.33,24841.33,22030.48,54.41,TQQQ_100,"Bull trend confirmed: Price > SMA50 & SMA250, RSI 54.4",667136.49,6671.36,1337.0,26881.05
2025-11-13,TQQQ_100,635312.59,0.0,12231.2656,0.0,24993.46,24868.54,22046.31,46.21,TQQQ_100,"Bull trend confirmed: Price > SMA50 & SMA250, RSI 46.2",625312.59,6253.13,1307.5,25214.54
2025-11-14,TQQQ_100,635798.07,0.0,12231.2656,0.0,25008.24,24895.66,22062.76,46.46,TQQQ_100,"Bull trend confirmed: Price > SMA50 & SMA250, RSI 46.5",625798.07,6257.98,1308.33,25233.89
2025-11-17,TQQQ_100,619469.2,0.0,12231.2656,0.0,24799.92,24916.41,22080.38,43.45,TQQQ_100,Downside buffer hold: NDX 24799.9 above buffer (24476.3),609469.2,6094.69,1296.6,24583.25
2025-11-18,TQQQ_100,597069.96,0.0,12231.2656,0.0,24503.1,24929.68,22096.24,39.53,TQQQ_100,Downside buffer hold: NDX 24503.1 above buffer (24473.4),587069.96,5870.7,1279.88,23690.73
2025-11-19,TQQQ_100,607328.64,0.0,12231.2656,0.0,24640.52,24945.5,22112.06,42.14,TQQQ_100,Downside buffer hold: NDX 24640.5 above buffer (24483.2),597328.64,5973.29,1287.62,24099.5
2025-11-20,CASH,563926.32,563926.32,0.0,0.0,24054.38,24946.74,22125.61,35.18,CASH,Downside breakdown: NDX 24054.4 broke below exit buffer (24422.1),553926.32,5539.26,1254.61,22370.1
2025-11-21,CASH,563995.84,563995.84,0.0,0.0,24239.57,24949.69,22139.61,38.62,CASH,Downside breakdown: NDX 24239.6 broke below exit buffer (24396.9),553995.84,5539.96,1265.04,22868.36
2025-11-24,CASH,564204.45,564204.45,0.0,0.0,24873.85,24961.29,22156.0,48.69,CASH,Holding cash,554204.45,5542.04,1300.76,24609.85
2025-11-25,CASH,564274.01,564274.01,0.0,0.0,25018.36,24976.17,22172.85,50.68,CASH,Re-entry buffer: NDX 25018.4 below threshold (25548.0),554274.01,5542.74,1308.9,25059.74
2025-11-26,CASH,564343.57,564343.57,0.0,0.0,25236.94,24996.43,22190.11,53.6,CASH,Re-entry buffer: NDX 25236.9 below threshold (25550.7),554343.57,5543.44,1321.21,25717.63
2025-11-28,CASH,564482.73,564482.73,0.0,0.0,25434.89,25016.03,22208.87,56.14,CASH,Re-entry buffer: NDX 25434.9 below threshold (25546.9),554482.73,5544.83,1332.35,26283.62
2025-12-01,CASH,564691.51,564691.51,0.0,0.0,25342.85,25030.37,22226.52,54.64,CASH,Re-entry buffer: NDX 25342.8 below threshold (25539.0),554691.51,5546.92,1327.17,26046.59
2025-12-02,CASH,564761.13,564761.13,0.0,0.0,25555.86,25046.26,22244.08,57.47,CASH,Re-entry buffer: NDX 25555.9 below threshold (25558.4),554761.13,5547.61,1339.17,26651.27
2025-12-03,TQQQ_100,564830.76,0.0,10218.2348,0.0,25606.54,25066.79,22261.59,58.14,TQQQ_100,"Bull trend confirmed: Price > SMA50 & SMA250, RSI 58.1",554830.76,5548.31,1342.02,26839.93
2025-12-04,TQQQ_100,563005.07,0.0,10218.2348,0.0,25581.7,25088.35,22277.95,57.66,TQQQ_100,"Bull trend confirmed: Price > SMA50 & SMA250, RSI 57.7",553005.07,5530.05,1340.62,26752.85
2025-12-05,TQQQ_100,569496.29,0.0,10218.2348,0.0,25692.05,25114.25,22295.02,59.26,TQQQ_100,"Bull trend confirmed: Price > SMA50 & SMA250, RSI 59.3",559496.29,5594.96,1346.84,27062.46
2025-12-08,TQQQ_100,565946.46,0.0,10218.2348,0.0,25627.95,25136.73,22311.04,57.89,TQQQ_100,"Bull trend confirmed: Price > SMA50 & SMA250, RSI 57.9",555946.46,5559.46,1343.23,26893.15
2025-12-09,TQQQ_100,568076.34,0.0,10218.2348,0.0,25668.69,25157.87,22327.95,58.55,TQQQ_100,"Bull trend confirmed: Price > SMA50 & SMA250, RSI 58.5",558076.34,5580.76,1345.52,26994.73
2025-12-10,TQQQ_100,574567.48,0.0,10218.2348,0.0,25776.44,25179.8,22345.58,60.31,TQQQ_100,"Bull trend confirmed: Price > SMA50 & SMA250, RSI 60.3",564567.48,5645.67,1351.59,27304.33
2025-12-11,TQQQ_100,569090.59,0.0,10218.2348,0.0,25686.69,25197.52,22361.27,58.09,TQQQ_100,"Bull trend confirmed: Price > SMA50 & SMA250, RSI 58.1",559090.59,5590.91,1346.53,27043.11
2025-12-12,TQQQ_100,535722.06,0.0,10218.2348,0.0,25196.73,25203.6,22375.6,47.78,TQQQ_100,Downside buffer hold: NDX 25196.7 above buffer (24864.4),525722.06,5257.22,1318.94,25451.57
2025-12-15,TQQQ_100,527608.17,0.0,10218.2348,0.0,25067.27,25209.23,22388.75,45.48,TQQQ_100,Downside buffer hold: NDX 25067.3 above buffer (24893.5),517608.17,5176.08,1311.65,25064.58
2025-12-16,TQQQ_100,530752.37,0.0,10218.2348,0.0,25132.94,25212.32,22400.89,46.88,TQQQ_100,Downside buffer hold: NDX 25132.9 above buffer (24915.3),520752.37,5207.52,1315.35,25214.54
2025-12-17,CASH,501035.04,501035.04,0.0,0.0,24647.61,25208.47,22411.48,38.94,CASH,Downside breakdown: NDX 24647.6 broke below exit buffer (24893.2),491035.04,4910.35,1288.02,23797.16
2025-12-18,CASH,501096.81,501096.81,0.0,0.0,25019.37,25206.13,22426.72,46.42,CASH,Holding cash,491096.81,4910.97,1308.95,24817.87
2025-12-19,CASH,501158.59,501158.59,0.0,0.0,25346.18,25211.09,22443.66,51.99,CASH,Re-entry buffer: NDX 25346.2 below threshold (25552.7),491158.59,4911.59,1327.36,25790.2
2025-12-22,CASH,501343.95,501343.95,0.0,0.0,25461.7,25235.88,22460.35,53.82,CASH,Re-entry buffer: NDX 25461.7 below threshold (25572.3),491343.95,4913.44,1333.86,26143.34
2025-12-23,TQQQ_100,501405.76,0.0,9182.9544,0.0,25587.83,25252.64,22476.69,55.8,TQQQ_100,"Bull trend confirmed: Price > SMA50 & SMA250, RSI 55.8",491405.76,4914.06,1340.97,26510.98
2025-12-24,TQQQ_100,505386.07,0.0,9182.9544,0.0,25656.15,25274.17,22492.13,56.87,TQQQ_100,"Bull trend confirmed: Price > SMA50 & SMA250, RSI 56.9",495386.07,4953.86,1344.81,26722.23
2025-12-26,TQQQ_100,504929.62,0.0,9182.9544,0.0,25644.39,25292.15,22507.63,56.62,TQQQ_100,"Bull trend confirmed: Price > SMA50 & SMA250, RSI 56.6",494929.62,4949.3,1344.15,26698.0
2025-12-29,TQQQ_100,497443.78,0.0,9182.9544,0.0,25525.56,25309.52,22523.84,53.98,TQQQ_100,"Bull trend confirmed: Price > SMA50 & SMA250, RSI 54.0",487443.78,4874.44,1337.46,26300.71
2025-12-30,TQQQ_100,493883.45,0.0,9182.9544,0.0,25462.56,25322.41,22540.9,52.58,TQQQ_100,"Bull trend confirmed: Price > SMA50 & SMA250, RSI 52.6",483883.45,4838.83,1333.91,26111.75
2025-12-31,TQQQ_100,481285.3,0.0,9182.9544,0.0,25249.85,25324.59,22557.85,48.04,TQQQ_100,Downside buffer hold: NDX 25249.8 above buffer (25026.9),471285.3,4712.85,1321.93,25443.13
2026-01-02,TQQQ_100,477907.51,0.0,9182.9544,0.0,25206.17,25326.17,22574.77,47.14,TQQQ_100,Downside buffer hold: NDX 25206.2 above buffer (25020.9),467907.51,4679.08,1319.47,25263.87
2026-01-05,TQQQ_100,489318.87,0.0,9182.9544,0.0,25401.32,25336.62,22591.08,51.51,TQQQ_100,"Bull trend confirmed: Price > SMA50 & SMA250, RSI 51.5",479318.87,4793.19,1330.46,25869.5
2026-01-06,TQQQ_100,502190.89,0.0,9182.9544,0.0,25639.71,25347.46,22607.4,56.26,TQQQ_100,"Bull trend confirmed: Price > SMA50 & SMA250, RSI 56.3",492190.89,4921.91,1343.89,26552.65
2026-01-07,TQQQ_100,503651.51,0.0,9182.9544,0.0,25653.9,25353.38,22625.32,56.53,TQQQ_100,"Bull trend confirmed: Price > SMA50 & SMA250, RSI 56.5",493651.51,4936.52,1344.69,26630.17
2026-01-08,TQQQ_100,494705.01,0.0,9182.9544,0.0,25507.1,25347.09,22642.62,52.86,TQQQ_100,"Bull trend confirmed: Price > SMA50 & SMA250, RSI 52.9",484705.01,4847.05,1336.42,26155.36
2026-01-09,TQQQ_50,509037.68,254518.84,4591.4772,0.0,25766.26,25342.17,22662.3,58.05,TQQQ_50,Bearish RSI divergence,499037.68,4990.38,1351.02,26916.03
2026-01-12,TQQQ_100,509725.22,0.0,9173.9689,0.0,25787.66,25335.53,22682.31,58.45,TQQQ_100,"Bull trend confirmed: Price > SMA50 & SMA250, RSI 58.5",499725.22,4997.25,1352.22,26979.02
2026-01-13,TQQQ_100,507080.36,0.0,9173.9689,0.0,25741.95,25335.67,22702.25,57.18,TQQQ_100,"Bull trend confirmed: Price > SMA50 & SMA250, RSI 57.2",497080.36,4970.8,1349.65,26838.51
2026-01-14,TQQQ_100,490937.73,0.0,9173.9689,0.0,25465.94,25327.82,22719.16,50.08,TQQQ_100,"Bull trend confirmed: Price > SMA50 & SMA250, RSI 50.1",480937.73,4809.38,1334.1,25980.94
2026-01-15,TQQQ_100,495953.8,0.0,9173.9689,0.0,25547.07,25319.31,22736.98,51.97,TQQQ_100,"Bull trend confirmed: Price > SMA50 & SMA250, RSI 52.0",485953.8,4859.54,1338.67,26247.41
2026-01-16,TQQQ_100,493764.94,0.0,9173.9689,0.0,25529.26,25321.18,22753.34,51.5,TQQQ_100,"Bull trend confirmed: Price > SMA50 & SMA250, RSI 51.5",483764.94,4837.65,1337.67,26131.13
2026-01-20,CASH,462665.26,462665.26,0.0,0.0,24987.57,25308.53,22767.02,39.92,CASH,Downside breakdown: NDX 24987.6 broke below exit buffer (24993.9),452665.26,4526.65,1307.16,24478.97
2026-01-21,CASH,462722.31,462722.31,0.0,0.0,25326.58,25312.46,22780.92,47.83,CASH,Re-entry buffer: NDX 25326.6 below threshold (25655.0),452722.31,4527.22,1326.25,25447.98
2026-01-22,CASH,462779.35,462779.35,0.0,0.0,25518.35,25321.63,22795.39,51.7,CASH,Re-entry buffer: NDX 25518.3 below threshold (25665.0),452779.35,4527.79,1337.05,26014.85
2026-01-23,CASH,462836.41,462836.41,0.0,0.0,25605.47,25321.51,22810.71,53.4,CASH,Re-entry buffer: NDX 25605.5 below threshold (25648.0),452836.41,4528.36,1341.96,26247.41
2026-01-26,TQQQ_100,463007.59,0.0,8455.6969,0.0,25713.21,25325.1,22829.05,55.47,TQQQ_100,"Bull trend confirmed: Price > SMA50 & SMA250, RSI 55.5",453007.59,4530.08,1348.03,26586.57
2026-01-27,TQQQ_100,475280.46,0.0,8455.6969,0.0,25939.74,25333.55,22846.96,59.56,TQQQ_100,"Bull trend confirmed: Price > SMA50 & SMA250, RSI 59.6",465280.46,4652.8,1360.78,27293.94
2026-01-28,TQQQ_100,479651.62,0.0,8455.6969,0.0,26022.79,25354.13,22865.41,60.97,TQQQ_100,"Bull trend confirmed: Price > SMA50 & SMA250, RSI 61.0",469651.62,4696.52,1365.46,27545.89
2026-01-29,TQQQ_100,471077.45,0.0,8455.6969,0.0,25884.3,25371.66,22882.91,57.37,TQQQ_100,"Bull trend confirmed: Price > SMA50 & SMA250, RSI 57.4",461077.45,4610.77,1357.66,27051.69
2026-01-30,TQQQ_100,453929.0,0.0,8455.6969,0.0,25552.39,25386.71,22899.21,49.78,TQQQ_100,"Bull trend confirmed: Price > SMA50 & SMA250, RSI 49.8",443929.0,4439.29,1338.97,26063.3
2026-02-02,TQQQ_100,463175.71,0.0,8455.6969,0.0,25738.61,25411.42,22916.97,53.5,TQQQ_100,"Bull trend confirmed: Price > SMA50 & SMA250, RSI 53.5",453175.71,4531.76,1349.46,26596.26
2026-02-03,TQQQ_100,441487.96,0.0,8455.6969,0.0,25338.62,25425.38,22932.06,45.68,TQQQ_100,Downside buffer hold: NDX 25338.6 above buffer (25029.4),431487.96,4314.88,1326.93,25346.23
2026-02-04,CASH,418287.18,418287.18,0.0,0.0,24891.24,25442.11,22944.99,38.84,CASH,Downside breakdown: NDX 24891.2 broke below exit buffer (25033.1),408287.18,4082.87,1301.74,24009.0
2026-02-05,CASH,418338.75,418338.75,0.0,0.0,24548.69,25448.3,22956.09,34.57,CASH,Downside breakdown: NDX 24548.7 broke below exit buffer (25030.7),408338.75,4083.39,1282.45,22981.84
2026-02-06,CASH,418390.32,418390.32,0.0,0.0,25075.77,25452.34,22970.43,44.65,CASH,Holding cash,408390.32,4083.9,1312.13,24411.14
2026-02-09,CASH,418545.07,418545.07,0.0,0.0,25268.14,25457.33,22984.47,47.81,CASH,Holding cash,408545.07,4085.45,1322.96,24968.32
2026-02-10,CASH,418596.67,418596.67,0.0,0.0,25127.64,25455.14,22998.21,45.76,CASH,Holding cash,408596.67,4085.97,1315.05,24619.48
2026-02-11,CASH,418648.28,418648.28,0.0,0.0,25201.26,25450.47,23012.14,47.04,CASH,Holding cash,408648.28,4086.48,1319.2,24803.59
2026-02-12,CASH,418699.89,418699.89,0.0,0.0,24687.61,25437.37,23022.77,39.94,CASH,Downside breakdown: NDX 24687.6 broke below exit buffer (24986.8),408699.89,4087.0,1290.27,23282.24
2026-02-13,CASH,418751.51,418751.51,0.0,0.0,24732.73,25420.9,23033.24,40.78,CASH,Downside breakdown: NDX 24732.7 broke below exit buffer (24956.9),408751.51,4087.52,1292.81,23383.98
2026-02-17,CASH,418958.02,418958.02,0.0,0.0,24701.6,25402.81,23043.39,40.36,CASH,Downside breakdown: NDX 24701.6 broke below exit buffer (24927.3),408958.02,4089.58,1291.06,23325.84
2026-02-18,CASH,419009.67,419009.67,0.0,0.0,24898.87,25389.15,23054.28,44.3,CASH,Downside breakdown: NDX 24898.9 broke below exit buffer (24904.0),409009.67,4090.1,1302.17,23829.73
2026-02-19,CASH,419061.33,419061.33,0.0,0.0,24797.34,25371.26,23065.2,42.73,CASH,Downside breakdown: NDX 24797.3 broke below exit buffer (24916.1),409061.33,4090.61,1296.45,23558.41
2026-02-20,CASH,419113.0,419113.0,0.0,0.0,25012.62,25358.95,23078.79,47.0,CASH,Holding cash,409113.0,4091.13,1308.57,24154.35
2026-02-23,CASH,419268.01,419268.01,0.0,0.0,24708.94,25339.75,23092.22,42.22,CASH,Downside breakdown: NDX 24708.9 broke below exit buffer (24880.6),409268.01,4092.68,1291.47,23272.55
2026-02-24,CASH,419319.7,419319.7,0.0,0.0,24977.04,25323.77,23107.78,47.32,CASH,Holding cash,409319.7,4093.2,1306.57,24018.69
2026-02-25,CASH,419371.4,419371.4,0.0,0.0,25329.04,25316.61,23124.56,53.16,CASH,Re-entry buffer: NDX 25329.0 below threshold (25730.1),409371.4,4093.71,1326.39,25031.3
2026-02-26,CASH,419423.1,419423.1,0.0,0.0,25034.37,25313.37,23142.5,48.33,CASH,Holding cash,409423.1,4094.23,1309.8,24149.51
2026-02-27,CASH,419474.81,419474.81,0.0,0.0,24960.04,25311.22,23158.8,47.16,CASH,Holding cash,409474.81,4094.75,1305.61,23892.72
2026-03-02,CASH,419629.96,419629.96,0.0,0.0,24992.6,25308.41,23177.07,47.76,CASH,Holding cash,409629.96,4096.3,1307.45,23979.93
2026-03-03,CASH,419681.69,419681.69,0.0,0.0,24720.08,25309.86,23194.54,43.36,CASH,Downside breakdown: NDX 24720.1 broke below exit buffer (24880.2),409681.69,4096.82,1292.1,23204.72
2026-03-04,CASH,419733.44,419733.44,0.0,0.0,25093.68,25311.35,23212.4,50.14,CASH,Holding cash,409733.44,4097.33,1313.14,24251.25
2026-03-05,CASH,419785.18,419785.18,0.0,0.0,25020.41,25304.83,23232.27,48.9,CASH,Holding cash,409785.18,4097.85,1309.01,24028.38
2026-03-06,CASH,419836.94,419836.94,0.0,0.0,24643.02,25288.46,23250.03,43.02,CASH,Downside breakdown: NDX 24643.0 broke below exit buffer (24869.2),409836.94,4098.37,1287.76,22933.4
2026-03-09,CASH,419992.22,419992.22,0.0,0.0,24967.25,25276.05,23272.18,48.73,CASH,Holding cash,409992.22,4099.92,1306.02,23829.73
2026-03-10,CASH,420044.0,420044.0,0.0,0.0,24956.47,25262.06,23294.5,48.55,CASH,Holding cash,410044.0,4100.44,1305.41,23834.58
2026-03-11,CASH,420095.79,420095.79,0.0,0.0,24965.01,25248.47,23315.97,48.71,CASH,Holding cash,410095.79,4100.96,1305.89,23810.35
2026-03-12,CASH,420147.58,420147.58,0.0,0.0,24533.58,25228.63,23337.21,41.8,CASH,Downside breakdown: NDX 24533.6 broke below exit buffer (24784.9),410147.58,4101.48,1281.6,22589.4
2026-03-13,CASH,420199.38,420199.38,0.0,0.0,24380.73,25206.99,23355.91,39.66,CASH,Downside breakdown: NDX 24380.7 broke below exit buffer (24759.3),410199.38,4101.99,1272.99,22153.34
2026-03-16,CASH,420354.79,420354.79,0.0,0.0,24655.34,25195.1,23375.28,45.11,CASH,Downside breakdown: NDX 24655.3 broke below exit buffer (24744.9),410354.79,4103.55,1288.45,22894.63
2026-03-17,CASH,420406.62,420406.62,0.0,0.0,24780.42,25186.59,23396.47,47.44,CASH,Holding cash,410406.62,4104.07,1295.5,23233.79
2026-03-18,CASH,420458.45,420458.45,0.0,0.0,24425.09,25167.06,23415.22,41.99,CASH,Downside breakdown: NDX 24425.1 broke below exit buffer (24737.1),410458.45,4104.58,1275.49,22235.71
2026-03-19,CASH,420510.29,420510.29,0.0,0.0,24355.28,25141.37,23433.94,40.99,CASH,Downside breakdown: NDX 24355.3 broke below exit buffer (24706.1),410510.29,4105.1,1271.56,22037.06
2026-03-20,CASH,420562.13,420562.13,0.0,0.0,23898.15,25106.26,23450.51,35.11,CASH,Downside breakdown: NDX 23898.2 broke below exit buffer (24663.0),410562.13,4105.62,1245.81,20772.5
2026-03-23,CASH,420717.68,420717.68,0.0,0.0,24188.59,25079.89,23466.54,40.91,CASH,Downside breakdown: NDX 24188.6 broke below exit buffer (24644.5),410717.68,4107.18,1262.17,21494.41
2026-03-24,CASH,420769.55,420769.55,0.0,0.0,24002.45,25044.61,23481.4,38.53,CASH,Downside breakdown: NDX 24002.4 broke below exit buffer (24623.4),410769.55,4107.7,1251.69,21034.13
2026-03-25,CASH,420821.43,420821.43,0.0,0.0,24162.98,25012.12,23498.39,41.68,CASH,Downside breakdown: NDX 24163.0 broke below exit buffer (24599.3),410821.43,4108.21,1260.73,21442.76
2026-03-26,CASH,420873.31,420873.31,0.0,0.0,23586.99,24969.02,23513.54,34.8,CASH,Downside breakdown: NDX 23587.0 broke below exit buffer (24545.7),410873.31,4108.73,1228.29,19909.19
2026-03-27,CASH,420925.2,420925.2,0.0,0.0,23132.77,24922.36,23528.95,30.52,CASH,"Bear trend, RSI 30.5 outside SQQQ zone",410925.2,4109.25,1202.71,18720.19
2026-03-30,CASH,421080.88,421080.88,0.0,0.0,22953.38,24870.48,23543.65,29.0,CASH,"Bear trend, RSI 29.0 oversold",411080.88,4110.81,1192.61,18288.27
2026-03-31,CASH,421132.8,421132.8,0.0,0.0,23740.19,24834.7,23560.86,42.5,CASH,Downside breakdown: NDX 23740.2 broke below exit buffer (24375.2),411132.8,4111.33,1236.92,20127.58
2026-04-01,CASH,421184.72,421184.72,0.0,0.0,24019.99,24815.35,23578.61,46.4,CASH,Downside breakdown: NDX 24020.0 broke below exit buffer (24357.3),411184.72,4111.85,1252.67,20879.81
2026-04-02,CASH,421236.64,421236.64,0.0,0.0,24045.53,24789.73,23600.71,46.76,CASH,Downside breakdown: NDX 24045.5 broke below exit buffer (24323.6),411236.64,4112.37,1254.11,20928.34
2026-04-06,CASH,421444.38,421444.38,0.0,0.0,24192.17,24763.2,23627.89,48.85,CASH,Downside breakdown: NDX 24192.2 broke below exit buffer (24310.4),411444.38,4114.44,1262.37,21302.02
2026-04-07,CASH,421496.34,421496.34,0.0,0.0,24202.37,24735.14,23654.97,49.01,CASH,Downside breakdown: NDX 24202.4 broke below exit buffer (24268.1),411496.34,4114.96,1262.95,21326.29
2026-04-08,CASH,421548.3,421548.3,0.0,0.0,24903.17,24718.94,23686.23,58.12,CASH,Re-entry buffer: NDX 24903.2 below threshold (25220.3),411548.3,4115.48,1302.41,23194.72
2026-04-09,CASH,421600.27,421600.27,0.0,0.0,25082.09,24701.79,23709.97,60.08,CASH,Re-entry buffer: NDX 25082.1 below threshold (25199.4),411600.27,4116.0,1312.49,23660.61
2026-04-10,CASH,421652.25,421652.25,0.0,0.0,25116.34,24683.66,23737.07,60.46,CASH,Re-entry buffer: NDX 25116.3 below threshold (25150.7),411652.25,4116.52,1314.42,23762.53
2026-04-13,TQQQ_100,421808.2,0.0,8361.5663,0.0,25383.72,24673.65,23763.84,63.4,TQQQ_100,"Bull trend confirmed: Price > SMA50 & SMA250, RSI 63.4",411808.2,4118.08,1329.47,24485.63
2026-04-14,TQQQ_100,444705.42,0.0,8361.5663,0.0,25842.0,24679.44,23792.02,67.82,TQQQ_100,"Bull trend confirmed: Price > SMA50 & SMA250, RSI 67.8",434705.42,4347.05,1355.28,25820.23
2026-04-15,TQQQ_100,463356.27,0.0,8361.5663,0.0,26204.58,24688.76,23821.52,70.82,TQQQ_100,"Bull trend confirmed: Price > SMA50 & SMA250, RSI 70.8",453356.27,4533.56,1375.7,26907.32
2026-04-16,TQQQ_100,469850.72,0.0,8361.5663,0.0,26333.0,24708.65,23853.82,71.83,TQQQ_100,"Bull trend confirmed: Price > SMA50 & SMA250, RSI 71.8",459850.72,4598.51,1382.93,27285.85
2026-04-17,TQQQ_100,487835.44,0.0,8361.5663,0.0,26672.43,24744.27,23887.48,74.34,TQQQ_100,"Bull trend confirmed: Price > SMA50 & SMA250, RSI 74.3",477835.44,4778.35,1402.05,28334.12
2026-04-20,TQQQ_100,483589.04,0.0,8361.5663,0.0,26590.34,24785.1,23922.61,72.65,TQQQ_100,"Bull trend confirmed: Price > SMA50 & SMA250, RSI 72.6",473589.04,4735.89,1397.42,28086.61
2026-04-21,TQQQ_100,477927.19,0.0,8361.5663,0.0,26479.47,24813.18,23955.42,70.33,TQQQ_100,"Bull trend confirmed: Price > SMA50 & SMA250, RSI 70.3",467927.19,4679.27,1391.18,27756.6
2026-04-22,TQQQ_100,501323.97,0.0,8361.5663,0.0,26937.28,24846.56,23988.4,74.02,TQQQ_100,"Bull trend confirmed: Price > SMA50 & SMA250, RSI 74.0",491323.97,4913.24,1416.96,29120.31
2026-04-23,TQQQ_100,493080.97,0.0,8361.5663,0.0,26782.63,24879.66,24018.67,70.82,TQQQ_100,"Bull trend confirmed: Price > SMA50 & SMA250, RSI 70.8",483080.97,4830.81,1408.25,28639.86
2026-04-24,TQQQ_100,520890.71,0.0,8361.5663,0.0,27303.67,24921.71,24050.15,74.78,TQQQ_100,"Bull trend confirmed: Price > SMA50 & SMA250, RSI 74.8",510890.71,5108.91,1437.59,30260.78
2026-04-27,TQQQ_100,521556.78,0.0,8361.5663,0.0,27305.68,24974.07,24081.67,74.79,TQQQ_100,"Bull trend confirmed: Price > SMA50 & SMA250, RSI 74.8",511556.78,5115.57,1437.71,30299.61
2026-04-28,TQQQ_100,505736.9,0.0,8361.5663,0.0,27029.01,25020.0,24111.6,69.03,TQQQ_100,"Bull trend confirmed: Price > SMA50 & SMA250, RSI 69.0",495736.9,4957.37,1422.13,29377.53
2026-04-29,TQQQ_100,515062.33,0.0,8361.5663,0.0,27186.98,25069.7,24142.07,70.43,TQQQ_100,"Bull trend confirmed: Price > SMA50 & SMA250, RSI 70.4",505062.33,5050.62,1431.02,29921.07
2026-04-30,TQQQ_100,529050.43,0.0,8361.5663,0.0,27452.12,25120.77,24172.73,72.66,TQQQ_100,"Bull trend confirmed: Price > SMA50 & SMA250, RSI 72.7",519050.43,5190.5,1445.95,30736.38
2026-05-01,TQQQ_100,543704.67,0.0,8361.5663,0.0,27710.36,25179.03,24203.16,74.67,TQQQ_100,"Bull trend confirmed: Price > SMA50 & SMA250, RSI 74.7",533704.67,5337.05,1460.5,31590.53
2026-05-04,TQQQ_100,540457.45,0.0,8361.5663,0.0,27651.82,25231.81,24233.9,73.36,TQQQ_100,"Bull trend confirmed: Price > SMA50 & SMA250, RSI 73.4",530457.45,5304.57,1457.2,31401.26
2026-05-05,TQQQ_30,561106.44,392774.51,2508.4699,0.0,28015.06,25297.94,24266.79,76.16,TQQQ_30,Overextended: RSI 76.2 >= 75,551106.44,5511.06,1477.66,32604.81
2026-05-06,TQQQ_30,571596.01,392822.93,2508.4699,0.0,28599.17,25370.38,24301.72,79.84,TQQQ_30,Overextended: RSI 79.8 >= 75,561596.01,5615.96,1510.55,34633.39
2026-05-07,TQQQ_30,571069.91,392871.36,2508.4699,0.0,28563.95,25435.08,24335.72,79.05,TQQQ_30,Overextended: RSI 79.0 >= 75,561069.91,5610.7,1508.57,34521.77
2026-05-08,TQQQ_30,583457.89,392919.8,2508.4699,0.0,29234.99,25519.09,24372.41,82.59,TQQQ_30,Overextended: RSI 82.6 >= 75,573457.89,5734.58,1546.36,36919.19
2026-05-11,TQQQ_30,585301.78,393065.13,2508.4699,0.0,29320.66,25606.3,24406.22,82.99,TQQQ_30,Overextended: RSI 83.0 >= 75,575301.78,5753.02,1551.18,37249.2
2026-05-12,TQQQ_30,580354.47,393113.59,2508.4699,0.0,29064.8,25687.74,24437.69,77.34,TQQQ_30,Overextended: RSI 77.3 >= 75,570354.47,5703.54,1536.77,36278.58
2026-05-13,TQQQ_30,586098.09,393162.05,2508.4699,0.0,29366.94,25780.68,24469.88,79.14,TQQQ_30,Overextended: RSI 79.1 >= 75,576098.09,5760.98,1553.79,37385.08
2026-05-14,TQQQ_30,590417.94,393210.53,2508.4699,0.0,29580.3,25870.41,24502.86,80.33,TQQQ_30,Overextended: RSI 80.3 >= 75,580417.94,5804.18,1565.8,38214.96
2026-05-15,TQQQ_30,581449.06,393259.0,2508.4699,0.0,29125.2,25952.51,24533.65,71.01,TQQQ_30,Trim lock active,571449.06,5714.49,1540.17,36463.0
2026-05-18,TQQQ_30,579046.69,393404.46,2508.4699,0.0,28994.37,26039.54,24563.84,68.55,TQQQ_30,Trim lock active,569046.69,5690.47,1532.8,35967.99
2026-05-19,TQQQ_30,575623.16,393452.96,2508.4699,0.0,28818.84,26116.57,24593.64,65.28,TQQQ_30,Trim lock active,565623.16,5656.23,1522.92,35293.41
2026-05-20,TQQQ_30,584614.06,393501.46,2508.4699,0.0,29297.7,26203.39,24626.51,69.55,TQQQ_30,Trim lock active,574614.06,5746.14,1549.89,37030.81
2026-05-21,TQQQ_30,585761.64,393549.98,2508.4699,0.0,29357.27,26291.24,24659.49,70.04,TQQQ_30,Trim lock active,575761.64,5757.62,1553.24,37244.35
2026-05-22,TQQQ_30,588033.26,393598.5,2508.4699,0.0,29481.64,26390.2,24693.75,71.09,TQQQ_30,Trim lock active,578033.26,5780.33,1560.25,37676.27
2026-05-26,TQQQ_30,598493.64,393792.6,2508.4699,0.0,30001.32,26502.61,24728.1,75.04,TQQQ_30,Overextended: RSI 75.0 >= 75,588493.64,5884.94,1589.51,39670.88
2026-05-27,TQQQ_30,597842.78,393841.15,2508.4699,0.0,29973.57,26608.98,24762.72,74.46,TQQQ_30,Trim lock active,587842.78,5878.43,1587.95,39534.99
2026-05-28,TQQQ_30,602912.09,393889.71,2508.4699,0.0,30223.89,26717.85,24798.16,76.25,TQQQ_30,Overextended: RSI 76.3 >= 75,592912.09,5929.12,1602.04,40510.46
2026-05-29,TQQQ_30,605158.78,393938.27,2508.4699,0.0,30333.18,26836.01,24834.13,77.02,TQQQ_30,Overextended: RSI 77.0 >= 75,595158.78,5951.59,1608.2,40937.53
2026-06-01,TQQQ_30,609001.35,394083.97,2508.4699,0.0,30513.86,26959.18,24870.22,78.26,TQQQ_30,Overextended: RSI 78.3 >= 75,599001.35,5990.01,1618.37,41655.79
2026-06-02,TQQQ_30,611997.41,394132.56,2508.4699,0.0,30660.6,27094.43,24906.21,79.24,TQQQ_30,Overextended: RSI 79.2 >= 75,601997.41,6019.97,1626.64,42228.44
2026-06-03,TQQQ_30,610397.41,394181.15,2508.4699,0.0,30571.24,27222.08,24941.61,76.96,TQQQ_30,Overextended: RSI 77.0 >= 75,600397.41,6003.97,1621.61,41908.14
2026-06-04,TQQQ_30,607098.85,394229.75,2508.4699,0.0,30407.81,27350.19,24977.05,72.84,TQQQ_30,Trim lock active,597098.85,5970.99,1612.4,41257.83
2026-06-05,TQQQ_30,576748.31,394278.35,2508.4699,0.0,28957.6,27446.08,25005.83,48.2,TQQQ_30,Trim lock active,566748.31,5667.48,1530.73,35351.65
2026-06-08,TQQQ_30,584937.27,394424.18,2508.4699,0.0,29414.26,27562.63,25036.3,53.53,TQQQ_30,Trim lock active,574937.27,5749.37,1556.45,36914.34
2026-06-09,TQQQ_30,578616.32,394472.81,2508.4699,0.0,29084.5,27681.66,25064.87,49.56,TQQQ_30,Trim lock active,568616.32,5686.16,1537.88,35676.8
2026-06-10,TQQQ_30,567549.39,394521.44,2508.4699,0.0,28508.03,27792.75,25091.46,43.49,TQQQ_30,Trim lock active,557549.39,5575.49,1505.42,33517.19
2026-06-11,TQQQ_30,584433.74,394570.08,2508.4699,0.0,29446.18,27906.87,25121.59,53.48,TQQQ_30,Trim lock active,574433.74,5744.34,1558.25,36788.16
2026-06-12,TQQQ_30,588254.16,394618.73,2508.4699,0.0,29635.95,28019.19,25153.61,55.2,TQQQ_30,Trim lock active,578254.16,5782.54,1568.94,37520.97
2026-06-15,TQQQ_100,606060.11,0.0,7195.0611,0.0,30543.92,28149.16,25188.03,62.38,TQQQ_100,"Bull trend confirmed: Price > SMA50 & SMA250, RSI 62.4",596060.11,5960.6,1620.07,40952.09
2026-06-16,TQQQ_100,572672.73,0.0,7195.0611,0.0,29968.13,28264.68,25221.03,56.23,TQQQ_100,"Bull trend confirmed: Price > SMA50 & SMA250, RSI 56.2",562672.73,5626.73,1587.64,38690.56
2026-06-17,TQQQ_100,555549.16,0.0,7195.0611,0.0,29670.95,28374.05,25252.84,53.3,TQQQ_100,"Bull trend confirmed: Price > SMA50 & SMA250, RSI 53.3",545549.16,5455.49,1570.91,37530.68
2026-06-18,TQQQ_100,593736.91,0.0,7195.0611,0.0,30406.19,28484.11,25287.95,58.99,TQQQ_100,"Bull trend confirmed: Price > SMA50 & SMA250, RSI 59.0",583736.91,5837.37,1612.31,40117.36
2026-06-22,TQQQ_100,591659.18,0.0,7195.0611,0.0,30347.08,28589.41,25321.92,58.37,TQQQ_100,"Bull trend confirmed: Price > SMA50 & SMA250, RSI 58.4",581659.18,5816.59,1608.98,39976.62
2026-06-23,TQQQ_100,533338.68,0.0,7195.0611,0.0,29347.27,28674.03,25350.54,49.05,TQQQ_100,"Bull trend confirmed: Price > SMA50 & SMA250, RSI 49.1",523338.68,5233.39,1552.68,36026.23
2026-06-24,TQQQ_100,526380.1,0.0,7195.0611,0.0,29220.06,28750.76,25378.47,48.0,TQQQ_100,"Bull trend confirmed: Price > SMA50 & SMA250, RSI 48.0",516380.1,5163.8,1545.51,35554.88
2026-06-25,TQQQ_100,538229.02,0.0,7195.0611,0.0,29440.32,28822.72,25406.45,50.0,TQQQ_100,"Bull trend confirmed: Price > SMA50 & SMA250, RSI 50.0",528229.02,5282.29,1557.92,36357.48
2026-06-26,TQQQ_100,515823.77,0.0,7195.0611,0.0,29118.24,28881.0,25432.78,47.15,TQQQ_100,"Bull trend confirmed: Price > SMA50 & SMA250, RSI 47.2",505823.77,5058.24,1539.78,34839.84
2026-06-29,TQQQ_100,554314.87,0.0,7195.0611,0.0,29774.75,28949.83,25461.17,53.03,TQQQ_100,"Bull trend confirmed: Price > SMA50 & SMA250, RSI 53.0",544314.87,5443.15,1576.75,37447.07
2026-06-30,TQQQ_100,581675.17,0.0,7195.0611,0.0,30276.35,29021.91,25492.36,56.96,TQQQ_100,"Bull trend confirmed: Price > SMA50 & SMA250, RSI 57.0",571675.17,5716.75,1605.0,39300.35
2026-07-01,TQQQ_100,556253.78,0.0,7195.0611,0.0,29809.13,29086.29,25521.03,52.55,TQQQ_100,"Bull trend confirmed: Price > SMA50 & SMA250, RSI 52.5",546253.78,5462.54,1578.69,37578.4
2026-07-02,TQQQ_100,526739.16,0.0,7195.0611,0.0,29329.21,29143.28,25546.88,48.39,TQQQ_100,"Bull trend confirmed: Price > SMA50 & SMA250, RSI 48.4",516739.16,5167.39,1551.66,35579.2
2026-07-06,TQQQ_100,548785.35,0.0,7195.0611,0.0,29697.87,29198.49,25574.93,51.56,TQQQ_100,"Bull trend confirmed: Price > SMA50 & SMA250, RSI 51.6",538785.35,5387.85,1572.42,37072.52
2026-07-07,TQQQ_100,518696.27,0.0,7195.0611,0.0,29173.02,29246.3,25600.81,47.13,TQQQ_100,Downside buffer hold: NDX 29173.0 above buffer (28561.6),508696.27,5086.96,1542.87,35034.41
2026-07-08,TQQQ_100,522215.02,0.0,7195.0611,0.0,29252.56,29285.28,25626.36,47.86,TQQQ_100,Downside buffer hold: NDX 29252.6 above buffer (28610.0),512215.02,5122.15,1547.34,35272.76
2026-07-09,TQQQ_100,548210.83,0.0,7195.0611,0.0,29727.1,29333.71,25653.95,52.12,TQQQ_100,"Bull trend confirmed: Price > SMA50 & SMA250, RSI 52.1",538210.83,5382.11,1574.07,37033.61
2026-07-10,TQQQ_100,553165.89,0.0,7195.0611,0.0,29825.11,29389.63,25682.13,52.97,TQQQ_100,"Bull trend confirmed: Price > SMA50 & SMA250, RSI 53.0",543165.89,5431.66,1579.59,37369.24
2026-07-13,TQQQ_100,521640.5,0.0,7195.0611,0.0,29264.1,29431.17,25707.76,47.72,TQQQ_100,Downside buffer hold: NDX 29264.1 above buffer (28778.4),511640.5,5116.41,1547.99,35233.84
2026-07-14,TQQQ_100,538731.68,0.0,7195.0611,0.0,29586.29,29473.85,25734.57,50.74,TQQQ_100,"Bull trend confirmed: Price > SMA50 & SMA250, RSI 50.7",528731.68,5287.32,1566.14,36391.53
2026-07-15,TQQQ_100,534566.66,0.0,7195.0611,0.0,29502.6,29509.7,25760.95,49.93,TQQQ_100,Downside buffer hold: NDX 29502.6 above buffer (28906.3),524566.66,5245.67,1561.43,36109.41
2026-07-16,TQQQ_100,507996.28,0.0,7195.0611,0.0,29025.77,29537.18,25784.73,45.5,TQQQ_100,Downside buffer hold: NDX 29025.8 above buffer (28949.7),497996.28,4979.96,1534.57,34309.64
2026-07-17,CASH,484944.71,484944.71,0.0,0.0,28592.66,29548.73,25806.84,41.86,CASH,Downside breakdown: NDX 28592.7 broke below exit buffer (28943.7),474944.71,4749.45,1510.18,32748.21
2026-07-20,CASH,485124.08,485124.08,0.0,0.0,28604.23,29548.83,25828.53,41.99,CASH,Downside breakdown: NDX 28604.2 broke below exit buffer (28970.6),475124.08,4751.24,1510.83,32806.59
2026-07-21,CASH,485183.89,485183.89,0.0,0.0,29155.18,29560.66,25852.9,48.1,CASH,Holding cash,475183.89,4751.84,1541.86,34616.09
2026-07-22,CASH,485243.7,485243.7,0.0,0.0,28998.1,29555.92,25876.24,46.59,CASH,Holding cash,475243.7,4752.44,1533.01,34085.88
2026-07-23,CASH,485303.53,485303.53,0.0,0.0,28454.81,29538.6,25897.18,41.73,CASH,Downside breakdown: NDX 28454.8 broke below exit buffer (28992.7),475303.53,4753.04,1502.42,32149.91
2026-07-24,CASH,485363.36,485363.36,0.0,0.0,28128.34,29519.87,25916.61,39.08,CASH,Downside breakdown: NDX 28128.3 broke below exit buffer (28981.1),475363.36,4753.63,1484.03,31031.14
2026-07-27,CASH,485542.88,485542.88,0.0,0.0,28039.21,29493.32,25935.34,38.37,CASH,Downside breakdown: NDX 28039.2 broke below exit buffer (28958.1),475542.88,4755.43,1479.02,30739.29
2026-07-28,CASH,485602.74,485602.74,0.0,0.0,27763.13,29456.97,25953.16,36.17,CASH,Downside breakdown: NDX 27763.1 broke below exit buffer (28913.2),475602.74,4756.03,1463.47,29844.26
2026-07-29,CASH,485662.61,485662.61,0.0,0.0,27192.31,29418.32,25968.54,32.06,CASH,Downside breakdown: NDX 27192.3 broke below exit buffer (28856.1),475662.61,4756.63,1431.32,27990.99
2026-07-30,CASH,485722.49,485722.49,0.0,0.0,28106.35,29400.56,25988.1,43.18,CASH,Downside breakdown: NDX 28106.3 broke below exit buffer (28795.2),475722.49,4757.22,1482.8,30690.64
2026-07-31,CASH,485782.37,485782.37,0.0,0.0,28274.2,29389.66,26010.14,44.96,CASH,Downside breakdown: NDX 28274.2 broke below exit buffer (28783.1),475782.37,4757.82,1492.25,31332.72
2026-08-03,CASH,485962.04,485962.04,0.0,0.0,28776.8,29379.24,26032.49,50.01,CASH,Holding cash,475962.04,4759.62,1520.55,32957.38
2026-08-04,CASH,486021.96,486021.96,0.0,0.0,29733.16,29386.76,26059.35,57.93,CASH,Re-entry buffer: NDX 29733.2 below threshold (30042.7),476021.96,4760.22,1574.41,36294.25
2026-08-05,CASH,486081.88,486081.88,0.0,0.0,29487.79,29386.89,26084.04,55.5,CASH,Re-entry buffer: NDX 29487.8 below threshold (30032.6),476081.88,4760.82,1560.59,35331.13
2026-08-06,CASH,486141.8,486141.8,0.0,0.0,29373.33,29374.33,26107.98,54.35,CASH,Holding cash,476141.8,4761.42,1554.15,34937.12
2026-08-07,CASH,486201.74,486201.74,0.0,0.0,29722.3,29369.3,26132.42,57.25,CASH,Re-entry buffer: NDX 29722.3 below threshold (29986.4),476201.74,4762.02,1573.8,36124.0
2026-08-10,CASH,486381.57,486381.57,0.0,0.0,29621.8,29357.26,26156.8,56.14,CASH,Re-entry buffer: NDX 29621.8 below threshold (29945.0),476381.57,4763.82,1568.14,35798.1
2026-08-11,CASH,486441.53,486441.53,0.0,0.0,29525.48,29341.1,26179.55,55.05,CASH,Re-entry buffer: NDX 29525.5 below threshold (29931.4),476441.53,4764.42,1562.71,35438.14
2026-08-12,CASH,486501.5,486501.5,0.0,0.0,29742.6,29325.68,26203.12,57.08,CASH,Re-entry buffer: NDX 29742.6 below threshold (29889.7),476501.5,4765.02,1574.94,36187.23
2026-08-13,TQQQ_100,486561.48,0.0,6318.8902,0.0,30084.5,29314.16,26228.13,60.14,TQQQ_100,"Bull trend confirmed: Price > SMA50 & SMA250, RSI 60.1",476561.48,4765.61,1594.2,37427.61
2026-08-14,TQQQ_100,484291.11,0.0,6318.8902,0.0,30046.14,29303.66,26253.47,59.63,TQQQ_100,"Bull trend confirmed: Price > SMA50 & SMA250, RSI 59.6",474291.11,4742.91,1592.03,37252.5
2026-08-17,TQQQ_100,481831.48,0.0,6318.8902,0.0,29995.38,29295.41,26278.59,58.91,TQQQ_100,"Bull trend confirmed: Price > SMA50 & SMA250, RSI 58.9",471831.48,4718.31,1589.18,37062.8
2026-08-18,TQQQ_100,457424.55,0.0,6318.8902,0.0,29490.96,29306.07,26303.02,52.2,TQQQ_100,"Bull trend confirmed: Price > SMA50 & SMA250, RSI 52.2",447424.55,4474.25,1560.77,35180.33
2026-08-19,TQQQ_100,454460.4,0.0,6318.8902,0.0,29426.02,29306.31,26327.72,51.39,TQQQ_100,"Bull trend confirmed: Price > SMA50 & SMA250, RSI 51.4",444460.4,4444.6,1557.11,34951.71
2026-08-20,TQQQ_100,444495.88,0.0,6318.8902,0.0,29213.16,29308.88,26352.01,48.71,TQQQ_100,Downside buffer hold: NDX 29213.2 above buffer (28884.1),434495.88,4344.96,1545.13,34183.17
2026-08-21,TQQQ_100,448847.44,0.0,6318.8902,0.0,29308.86,29324.9,26375.25,49.97,TQQQ_100,Downside buffer hold: NDX 29308.9 above buffer (28927.5),438847.44,4388.47,1550.52,34518.8
2026-08-24,TQQQ_100,435225.03,0.0,6318.8902,0.0,29023.18,29316.44,26397.64,46.31,TQQQ_100,Downside buffer hold: NDX 29023.2 above buffer (28963.4),425225.03,4252.25,1534.43,33468.12
2026-08-25,TQQQ_100,443171.42,0.0,6318.8902,0.0,29209.23,29307.9,26420.37,48.93,TQQQ_100,Downside buffer hold: NDX 29209.2 above buffer (28966.5),433171.42,4331.71,1544.9,34081.02
2026-08-26,TQQQ_100,444432.77,0.0,6318.8902,0.0,29224.52,29281.52,26443.01,49.15,TQQQ_100,Downside buffer hold: NDX 29224.5 above buffer (28957.7),434432.77,4344.33,1545.77,34178.3
2026-08-27,TQQQ_100,462280.72,0.0,6318.8902,0.0,29641.56,29274.99,26466.76,54.86,TQQQ_100,"Bull trend confirmed: Price > SMA50 & SMA250, RSI 54.9",452280.72,4522.81,1569.25,35554.88
2026-08-28,TQQQ_100,453136.0,0.0,6318.8902,0.0,29433.43,29270.23,26490.83,51.74,TQQQ_100,"Bull trend confirmed: Price > SMA50 & SMA250, RSI 51.7",443136.0,4431.36,1557.53,34849.57
2026-08-31,TQQQ_100,453577.45,0.0,6318.8902,0.0,29456.97,29251.25,26515.74,52.07,TQQQ_100,"Bull trend confirmed: Price > SMA50 & SMA250, RSI 52.1",443577.45,4435.77,1558.86,34883.61
2026-09-01,TQQQ_100,436107.94,0.0,6318.8902,0.0,29077.22,29225.85,26538.39,46.51,TQQQ_100,Downside buffer hold: NDX 29077.2 above buffer (28881.7),426107.94,4261.08,1537.47,33536.22
2026-09-02,TQQQ_100,438945.92,0.0,6318.8902,0.0,29143.33,29221.77,26560.43,47.56,TQQQ_100,Downside buffer hold: NDX 29143.3 above buffer (28894.2),428945.92,4289.46,1541.19,33755.11
2026-09-03,TQQQ_100,454271.23,0.0,6318.8902,0.0,29482.32,29227.02,26583.75,52.69,TQQQ_100,"Bull trend confirmed: Price > SMA50 & SMA250, RSI 52.7",444271.23,4442.71,1560.28,34937.12
2026-09-04,TQQQ_100,456415.53,0.0,6318.8902,0.0,29544.15,29229.1,26606.87,53.58,TQQQ_100,"Bull trend confirmed: Price > SMA50 & SMA250, RSI 53.6",446415.53,4464.16,1563.77,35102.51
2026-09-08,TQQQ_100,455091.12,0.0,6318.8902,0.0,29507.7,29236.89,26629.55,52.95,TQQQ_100,"Bull trend confirmed: Price > SMA50 & SMA250, RSI 52.9",445091.12,4450.91,1561.71,35000.36
2026-09-09,TQQQ_100,451244.02,0.0,6318.8902,0.0,29421.55,29229.82,26651.84,51.4,TQQQ_100,"Bull trend confirmed: Price > SMA50 & SMA250, RSI 51.4",441244.02,4412.44,1556.86,34703.64
2026-09-10,TQQQ_100,436486.33,0.0,6318.8902,0.0,29103.51,29206.36,26672.28,46.05,TQQQ_100,Downside buffer hold: NDX 29103.5 above buffer (28895.4),426486.33,4264.86,1538.95,33565.41
2026-09-11,TQQQ_100,447649.2,0.0,6318.8902,0.0,29368.44,29197.55,26693.38,50.66,TQQQ_100,"Bull trend confirmed: Price > SMA50 & SMA250, RSI 50.7",437649.2,4376.49,1553.87,34426.38
2026-09-14,TQQQ_100,436864.73,0.0,6318.8902,0.0,29127.16,29193.51,26712.72,46.74,TQQQ_100,Downside buffer hold: NDX 29127.2 above buffer (28870.0),426864.73,4268.65,1540.28,33594.59
2026-09-15,TQQQ_100,428224.56,0.0,6318.8902,0.0,28937.84,29178.31,26731.37,43.88,TQQQ_100,Downside buffer hold: NDX 28937.8 above buffer (28860.0),418224.56,4182.25,1529.62,32928.19
2026-09-16,TQQQ_100,428413.78,0.0,6318.8902,0.0,28945.06,29173.75,26750.26,44.02,TQQQ_100,Downside buffer hold: NDX 28945.1 above buffer (28835.2),418413.78,4184.14,1530.03,32942.79
2026-09-17,TQQQ_100,450171.85,0.0,6318.8902,0.0,29446.98,29177.64,26770.23,52.88,TQQQ_100,"Bull trend confirmed: Price > SMA50 & SMA250, RSI 52.9",440171.85,4401.72,1558.29,34620.95
2026-09-18,TQQQ_100,458118.28,0.0,6318.8902,0.0,29644.17,29175.98,26790.3,55.84,TQQQ_100,"Bull trend confirmed: Price > SMA50 & SMA250, RSI 55.8",448118.28,4481.18,1569.4,35233.84
2026-09-21,TQQQ_100,497661.29,0.0,6318.8902,0.0,30482.35,29189.12,26813.18,65.69,TQQQ_100,"Bull trend confirmed: Price > SMA50 & SMA250, RSI 65.7",487661.29,4876.61,1616.6,38283.72
2026-09-22,TQQQ_100,509770.17,0.0,6318.8902,0.0,30732.4,29218.49,26837.79,67.99,TQQQ_100,"Bull trend confirmed: Price > SMA50 & SMA250, RSI 68.0",499770.17,4997.7,1630.68,39217.66
2026-09-23,TQQQ_100,497043.92,0.0,6318.8902,0.0,30470.29,29236.17,26861.66,63.21,TQQQ_100,"Bull trend confirmed: Price > SMA50 & SMA250, RSI 63.2",487043.92,4870.44,1615.92,38236.1
2026-09-24,TQQQ_100,496538.4,0.0,6318.8902,0.0,30478.86,29255.7,26885.98,63.3,TQQQ_100,"Bull trend confirmed: Price > SMA50 & SMA250, RSI 63.3",486538.4,4865.38,1616.4,38197.11
2026-09-25,TQQQ_100,502983.65,0.0,6318.8902,0.0,30608.13,29287.34,26910.4,64.72,TQQQ_100,"Bull trend confirmed: Price > SMA50 & SMA250, RSI 64.7",492983.65,4929.84,1623.68,38694.23
2026-09-28,TQQQ_100,486807.3,0.0,6318.8902,0.0,30276.81,29321.03,26933.06,58.5,TQQQ_100,"Bull trend confirmed: Price > SMA50 & SMA250, RSI 58.5",476807.3,4768.07,1605.02,37446.57
2026-09-29,TQQQ_100,489461.23,0.0,6318.8902,0.0,30339.33,29355.73,26955.7,59.29,TQQQ_100,"Bull trend confirmed: Price > SMA50 & SMA250, RSI 59.3",479461.23,4794.61,1608.55,37651.26
2026-09-30,TQQQ_100,493062.99,0.0,6318.8902,0.0,30408.5,29380.79,26978.13,60.2,TQQQ_100,"Bull trend confirmed: Price > SMA50 & SMA250, RSI 60.2",483062.99,4830.63,1612.44,37929.06
2026-10-01,TQQQ_100,497486.24,0.0,6318.8902,0.0,30501.56,29410.86,27000.57,61.45,TQQQ_100,"Bull trend confirmed: Price > SMA50 & SMA250, RSI 61.4",487486.24,4874.86,1617.68,38270.22
