date,position,allocation_pct,total_value,cash,tqqq_shares,sqqq_shares,ndx_price,sma50,sma250,rsi,signal,reason,pnl_dollar,pnl_pct,ndx_buyhold_pnl_pct,tqqq_buyhold_pnl_pct
2010-02-11,CASH,0.0,10000.0,10000.0,0.0,0.0,1775.74,1818.67,1564.65,46.26,CASH,Clean exit: NDX 1775.7 broke below SMA50 (1818.7),0.0,0.0,0.0,0.0
2010-02-12,CASH,0.0,10001.23,10001.23,0.0,0.0,1779.11,1818.5,1567.01,46.98,CASH,Clean exit: NDX 1779.1 broke below SMA50 (1818.5),1.23,0.01,0.19,0.41
2010-02-16,CASH,0.0,10006.16,10006.16,0.0,0.0,1802.06,1818.73,1569.47,51.73,CASH,Clean exit: NDX 1802.1 broke below SMA50 (1818.7),6.16,0.06,1.48,4.3
2010-02-17,CASH,0.0,10007.4,10007.4,0.0,0.0,1810.86,1819.29,1572.04,53.45,CASH,Clean exit: NDX 1810.9 broke below SMA50 (1819.3),7.4,0.07,1.98,6.07
2010-02-18,CASH,0.0,10008.63,10008.63,0.0,0.0,1823.39,1819.92,1574.64,55.87,CASH,1% confirmation buffer: NDX 1823.4 <= threshold (1838.1),8.63,0.09,2.68,8.08
2010-02-19,CASH,0.0,10009.87,10009.87,0.0,0.0,1823.32,1820.71,1577.42,55.85,CASH,1% confirmation buffer: NDX 1823.3 <= threshold (1838.9),9.87,0.1,2.68,8.08
2010-02-22,CASH,0.0,10013.57,10013.57,0.0,0.0,1817.63,1821.61,1580.0,54.37,CASH,Clean exit: NDX 1817.6 broke below SMA50 (1821.6),13.57,0.14,2.36,7.32
2010-02-23,CASH,0.0,10014.8,10014.8,0.0,0.0,1793.82,1821.69,1582.54,48.55,CASH,Clean exit: NDX 1793.8 broke below SMA50 (1821.7),14.8,0.15,1.02,3.13
2010-02-24,CASH,0.0,10016.04,10016.04,0.0,0.0,1812.51,1821.95,1585.28,52.82,CASH,Clean exit: NDX 1812.5 broke below SMA50 (1822.0),16.04,0.16,2.07,6.25
2010-02-25,CASH,0.0,10017.27,10017.27,0.0,0.0,1812.91,1822.37,1588.06,52.91,CASH,Clean exit: NDX 1812.9 broke below SMA50 (1822.4),17.27,0.17,2.09,6.19
2010-02-26,CASH,0.0,10018.51,10018.51,0.0,0.0,1818.68,1822.56,1591.03,54.26,CASH,Clean exit: NDX 1818.7 broke below SMA50 (1822.6),18.51,0.19,2.42,7.51
2010-03-01,TQQQ_100,1.0,10022.21,0.0,43562.6384,0.0,1846.4,1823.53,1594.09,60.19,TQQQ_100,"Bull trend confirmed: Price > SMA50 & SMA250, RSI 60.2",22.21,0.22,3.98,12.13
2010-03-02,TQQQ_100,1.0,10082.47,0.0,43562.6384,0.0,1851.21,1824.53,1597.06,61.13,TQQQ_100,"Bull trend confirmed: Price > SMA50 & SMA250, RSI 61.1",82.47,0.82,4.25,12.8
2010-03-03,TQQQ_100,1.0,10138.47,0.0,43562.6384,0.0,1851.57,1826.0,1600.16,61.21,TQQQ_100,"Bull trend confirmed: Price > SMA50 & SMA250, RSI 61.2",138.47,1.38,4.27,13.43
2010-03-04,TQQQ_100,1.0,10250.39,0.0,43562.6384,0.0,1859.72,1827.05,1603.34,62.93,TQQQ_100,"Bull trend confirmed: Price > SMA50 & SMA250, RSI 62.9",250.39,2.5,4.73,14.68
2010-03-05,TQQQ_100,1.0,10703.47,0.0,43562.6384,0.0,1888.56,1828.24,1606.72,68.28,TQQQ_100,"Bull trend confirmed: Price > SMA50 & SMA250, RSI 68.3",703.47,7.03,6.35,19.75
2010-03-08,TQQQ_100,1.0,10760.55,0.0,43562.6384,0.0,1890.89,1829.27,1609.84,68.68,TQQQ_100,"Bull trend confirmed: Price > SMA50 & SMA250, RSI 68.7",760.55,7.61,6.48,20.39
2010-03-09,TQQQ_100,1.0,10951.03,0.0,43562.6384,0.0,1901.38,1830.26,1612.94,70.46,TQQQ_100,"Bull trend confirmed: Price > SMA50 & SMA250, RSI 70.5",951.03,9.51,7.08,22.52
2010-03-10,TQQQ_100,1.0,11219.01,0.0,43562.6384,0.0,1917.35,1831.21,1615.95,72.97,TQQQ_100,"Bull trend confirmed: Price > SMA50 & SMA250, RSI 73.0",1219.01,12.19,7.97,25.51
2010-03-11,TQQQ_100,1.0,11322.33,0.0,43562.6384,0.0,1923.81,1832.12,1618.97,73.94,TQQQ_100,"Bull trend confirmed: Price > SMA50 & SMA250, RSI 73.9",1322.33,13.22,8.34,26.67
2010-03-12,TQQQ_100,1.0,11348.16,0.0,43562.6384,0.0,1924.43,1833.17,1622.09,74.04,TQQQ_100,"Bull trend confirmed: Price > SMA50 & SMA250, RSI 74.0",1348.16,13.48,8.37,26.96
2010-03-15,TQQQ_100,1.0,11271.74,0.0,43562.6384,0.0,1920.09,1834.0,1625.0,72.03,TQQQ_100,"Bull trend confirmed: Price > SMA50 & SMA250, RSI 72.0",1271.74,12.72,8.13,26.1
2010-03-16,TQQQ_100,1.0,11484.87,0.0,43562.6384,0.0,1932.24,1835.44,1627.9,74.14,TQQQ_100,"Bull trend confirmed: Price > SMA50 & SMA250, RSI 74.1",1484.87,14.85,8.81,28.49
2010-03-17,TQQQ_100,1.0,11564.52,0.0,43562.6384,0.0,1936.22,1836.43,1630.83,74.81,TQQQ_100,"Bull trend confirmed: Price > SMA50 & SMA250, RSI 74.8",1564.52,15.65,9.04,29.38
2010-03-18,TQQQ_30,0.3,11681.81,8177.27,13068.7915,0.0,1943.94,1837.54,1633.85,76.1,TQQQ_30,Overbought: RSI 76.1 >= 75,1681.81,16.82,9.47,30.69
2010-03-19,TQQQ_30,0.3,11620.82,8178.27,13068.7915,0.0,1932.43,1838.62,1636.54,70.31,TQQQ_30,Overbought trim active,1620.82,16.21,8.82,28.38
2010-03-22,TQQQ_30,0.3,11716.84,8181.3,13068.7915,0.0,1949.59,1840.07,1639.41,73.54,TQQQ_30,Overbought trim active,1716.84,17.17,9.79,31.85
2010-03-23,TQQQ_30,0.3,11791.79,8182.31,13068.7915,0.0,1963.2,1841.49,1642.31,75.79,TQQQ_30,Overbought: RSI 75.8 >= 75,1791.79,17.92,10.56,34.61
2010-03-24,TQQQ_30,0.3,11741.46,8183.32,13068.7915,0.0,1951.84,1842.8,1644.99,70.41,TQQQ_30,Overbought trim active,1741.46,17.41,9.92,32.69
2010-03-25,TQQQ_30,0.3,11720.19,8184.33,13068.7915,0.0,1949.15,1844.55,1647.78,69.16,TQQQ_30,Overbought trim active,1720.19,17.2,9.77,31.86
2010-03-26,TQQQ_30,0.3,11739.61,8185.33,13068.7915,0.0,1952.63,1845.88,1650.71,69.9,TQQQ_30,Overbought trim active,1739.61,17.4,9.96,32.55
2010-03-29,TQQQ_30,0.3,11791.39,8188.36,13068.7915,0.0,1961.22,1847.37,1653.61,71.72,TQQQ_30,Overbought trim active,1791.39,17.91,10.45,34.36
2010-03-30,TQQQ_30,0.3,11830.17,8189.37,13068.7915,0.0,1967.96,1849.44,1656.47,73.1,TQQQ_30,Overbought trim active,1830.17,18.3,10.82,35.77
2010-03-31,TQQQ_30,0.3,11782.11,8190.38,13068.7915,0.0,1958.34,1850.7,1659.13,68.02,TQQQ_30,Overbought trim active,1782.11,17.82,10.28,33.94
2010-04-01,TQQQ_30,0.3,11776.02,8191.39,13068.7915,0.0,1959.56,1852.53,1661.7,68.32,TQQQ_30,Overbought trim active,1776.02,17.76,10.35,33.68
2010-04-05,TQQQ_30,0.3,11883.69,8195.43,13068.7915,0.0,1977.83,1855.07,1664.36,72.49,TQQQ_30,Overbought trim active,1883.69,18.84,11.38,37.54
2010-04-06,TQQQ_30,0.3,11912.8,8196.44,13068.7915,0.0,1981.95,1858.82,1667.19,73.34,TQQQ_30,Overbought trim active,1912.8,19.13,11.61,38.59
2010-04-07,TQQQ_30,0.3,11892.82,8197.45,13068.7915,0.0,1977.3,1862.31,1669.89,70.68,TQQQ_30,Overbought trim active,1892.82,18.93,11.35,37.81
2010-04-08,TQQQ_30,0.3,11907.07,8198.46,13068.7915,0.0,1980.73,1865.85,1672.45,71.5,TQQQ_30,Overbought trim active,1907.07,19.07,11.54,38.3
2010-04-09,TQQQ_30,0.3,11974.91,8199.47,13068.7915,0.0,1994.43,1869.36,1675.08,74.57,TQQQ_30,Overbought trim active,1974.91,19.75,12.32,40.79
2010-04-12,TQQQ_30,0.3,11993.12,8202.51,13068.7915,0.0,1995.65,1873.85,1677.78,74.83,TQQQ_30,Overbought trim active,1993.12,19.93,12.38,41.36
2010-04-13,TQQQ_30,0.3,12051.29,8203.52,13068.7915,0.0,2003.81,1879.11,1680.53,76.55,TQQQ_30,Overbought: RSI 76.6 >= 75,2051.29,20.51,12.84,43.49
2010-04-14,TQQQ_30,0.3,12187.9,8204.53,13068.7915,0.0,2028.82,1884.47,1683.23,80.87,TQQQ_30,Overbought: RSI 80.9 >= 75,2187.9,21.88,14.25,48.55
2010-04-15,TQQQ_30,0.3,12242.19,8205.54,13068.7915,0.0,2038.64,1889.7,1685.97,82.26,TQQQ_30,Overbought: RSI 82.3 >= 75,2242.19,22.42,14.81,50.54
2010-04-16,TQQQ_30,0.3,12099.52,8206.55,13068.7915,0.0,2012.84,1894.27,1688.78,68.28,TQQQ_30,Overbought trim active,2099.52,21.0,13.35,45.18
2010-04-19,TQQQ_30,0.3,12096.43,8209.59,13068.7915,0.0,2013.53,1899.88,1691.52,68.44,TQQQ_30,Overbought trim active,2096.43,20.96,13.39,44.95
2010-04-20,TQQQ_30,0.3,12154.91,8210.6,13068.7915,0.0,2023.6,1905.43,1694.27,70.68,TQQQ_30,Overbought trim active,2154.91,21.55,13.96,47.09
2010-04-21,TQQQ_30,0.3,12225.34,8211.61,13068.7915,0.0,2034.53,1911.42,1697.03,72.93,TQQQ_30,Overbought trim active,2225.34,22.25,14.57,49.68
2010-04-22,TQQQ_30,0.3,12285.77,8212.62,13068.7915,0.0,2045.16,1917.25,1699.72,74.94,TQQQ_30,Overbought trim active,2285.77,22.86,15.17,51.9
2010-04-23,TQQQ_30,0.3,12340.7,8213.64,13068.7915,0.0,2055.33,1923.36,1702.46,76.73,TQQQ_30,Overbought: RSI 76.7 >= 75,2340.7,23.41,15.74,53.91
2010-04-26,TQQQ_30,0.3,12313.06,8216.67,13068.7915,0.0,2049.09,1928.83,1705.21,73.28,TQQQ_30,Overbought trim active,2313.06,23.13,15.39,52.76
2010-04-27,TQQQ_30,0.3,12061.26,8217.69,13068.7915,0.0,2006.25,1933.37,1707.71,55.01,TQQQ_30,Overbought trim active,2061.26,20.61,12.98,43.34
2010-04-28,TQQQ_30,0.3,12071.31,8218.7,13068.7915,0.0,2007.59,1937.48,1710.16,55.39,TQQQ_30,Overbought trim active,2071.31,20.71,13.06,43.67
2010-04-29,TQQQ_50,0.5,12268.96,6134.48,19798.7928,0.0,2042.89,1942.12,1712.74,63.91,TQQQ_50,Bearish RSI divergence,2268.96,22.69,15.04,51.01
2010-04-30,TQQQ_50,0.5,11908.23,6135.24,19798.7928,0.0,2000.63,1945.66,1715.03,51.28,TQQQ_50,Bearish RSI divergence,1908.23,19.08,12.66,42.11
2010-05-03,TQQQ_50,0.5,12146.27,6137.51,19798.7928,0.0,2031.6,1949.83,1717.47,57.85,TQQQ_50,Bearish RSI divergence,2146.27,21.46,14.41,47.91
2010-05-04,TQQQ_50,0.5,11615.81,6138.26,19798.7928,0.0,1968.97,1952.86,1719.65,44.71,TQQQ_50,Bearish RSI divergence,1615.81,16.16,10.88,34.83
2010-05-05,TQQQ_50,0.5,11526.56,6139.02,19798.7928,0.0,1958.26,1956.15,1721.92,42.92,TQQQ_50,Bearish RSI divergence,1526.56,15.27,10.28,32.62
2010-05-06,CASH,0.0,10999.52,10999.52,0.0,0.0,1893.75,1957.77,1723.92,34.05,CASH,Clean exit: NDX 1893.8 broke below SMA50 (1957.8),999.52,10.0,6.65,19.63
2010-05-07,CASH,0.0,11000.87,11000.87,0.0,0.0,1849.44,1958.5,1725.73,29.53,CASH,Clean exit: NDX 1849.4 broke below SMA50 (1958.5),1000.87,10.01,4.15,10.92
2010-05-10,CASH,0.0,11004.94,11004.94,0.0,0.0,1942.61,1960.98,1727.99,45.8,CASH,Clean exit: NDX 1942.6 broke below SMA50 (1961.0),1004.94,10.05,9.4,27.47
2010-05-11,CASH,0.0,11006.3,11006.3,0.0,0.0,1940.48,1962.86,1730.4,45.55,CASH,Clean exit: NDX 1940.5 broke below SMA50 (1962.9),1006.3,10.06,9.28,27.38
2010-05-12,CASH,0.0,11007.66,11007.66,0.0,0.0,1975.58,1965.35,1732.86,50.51,CASH,1% confirmation buffer: NDX 1975.6 <= threshold (1985.0),1007.66,10.08,11.25,34.24
2010-05-13,CASH,0.0,11009.01,11009.01,0.0,0.0,1945.52,1967.23,1735.22,46.59,CASH,Clean exit: NDX 1945.5 broke below SMA50 (1967.2),1009.01,10.09,9.56,28.18
2010-05-14,CASH,0.0,11010.37,11010.37,0.0,0.0,1907.1,1968.17,1737.28,42.1,CASH,Clean exit: NDX 1907.1 broke below SMA50 (1968.2),1010.37,10.1,7.4,20.29
2010-05-17,CASH,0.0,11014.44,11014.44,0.0,0.0,1915.45,1968.71,1739.35,43.38,CASH,Clean exit: NDX 1915.4 broke below SMA50 (1968.7),1014.44,10.14,7.87,21.91
2010-05-18,CASH,0.0,11015.8,11015.8,0.0,0.0,1887.06,1968.64,1741.32,40.13,CASH,Clean exit: NDX 1887.1 broke below SMA50 (1968.6),1015.8,10.16,6.27,17.25
2010-05-19,CASH,0.0,11017.16,11017.16,0.0,0.0,1873.42,1968.08,1743.35,38.64,CASH,Clean exit: NDX 1873.4 broke below SMA50 (1968.1),1017.16,10.17,5.5,14.16
2010-05-20,CASH,0.0,11018.52,11018.52,0.0,0.0,1800.12,1965.73,1745.09,31.78,CASH,Clean exit: NDX 1800.1 broke below SMA50 (1965.7),1018.52,10.19,1.37,2.61
2010-05-21,CASH,0.0,11019.88,11019.88,0.0,0.0,1822.77,1963.71,1746.73,35.59,CASH,Clean exit: NDX 1822.8 broke below SMA50 (1963.7),1019.88,10.2,2.65,3.41
2010-05-24,CASH,0.0,11023.95,11023.95,0.0,0.0,1815.28,1961.53,1748.39,34.89,CASH,Clean exit: NDX 1815.3 broke below SMA50 (1961.5),1023.95,10.24,2.23,4.26
2010-05-25,CASH,0.0,11025.31,11025.31,0.0,0.0,1815.68,1959.44,1749.97,34.97,CASH,Clean exit: NDX 1815.7 broke below SMA50 (1959.4),1025.31,10.25,2.25,3.53
2010-05-26,CASH,0.0,11026.67,11026.67,0.0,0.0,1796.47,1956.72,1751.41,33.05,CASH,Clean exit: NDX 1796.5 broke below SMA50 (1956.7),1026.67,10.27,1.17,0.33
2010-05-27,CASH,0.0,11028.03,11028.03,0.0,0.0,1862.71,1955.25,1752.96,44.35,CASH,Clean exit: NDX 1862.7 broke below SMA50 (1955.3),1028.03,10.28,4.9,11.19
2010-05-28,CASH,0.0,11029.39,11029.39,0.0,0.0,1852.39,1953.42,1754.44,43.13,CASH,Clean exit: NDX 1852.4 broke below SMA50 (1953.4),1029.39,10.29,4.32,9.63
2010-06-01,CASH,0.0,11034.83,11034.83,0.0,0.0,1835.04,1951.48,1755.88,41.08,CASH,Clean exit: NDX 1835.0 broke below SMA50 (1951.5),1034.83,10.35,3.34,6.6
2010-06-02,CASH,0.0,11036.19,11036.19,0.0,0.0,1879.59,1950.08,1757.43,47.92,CASH,Clean exit: NDX 1879.6 broke below SMA50 (1950.1),1036.19,10.36,5.85,14.1
2010-06-03,CASH,0.0,11037.55,11037.55,0.0,0.0,1895.66,1948.73,1759.04,50.17,CASH,Clean exit: NDX 1895.7 broke below SMA50 (1948.7),1037.55,10.38,6.75,17.06
2010-06-04,CASH,0.0,11038.91,11038.91,0.0,0.0,1832.04,1946.33,1760.41,42.37,CASH,Clean exit: NDX 1832.0 broke below SMA50 (1946.3),1038.91,10.39,3.17,5.5
2010-06-07,CASH,0.0,11042.99,11042.99,0.0,0.0,1798.16,1943.31,1761.6,38.91,CASH,Clean exit: NDX 1798.2 broke below SMA50 (1943.3),1042.99,10.43,1.26,-0.61
2010-06-08,CASH,0.0,11044.36,11044.36,0.0,0.0,1795.7,1940.17,1762.8,38.66,CASH,Clean exit: NDX 1795.7 broke below SMA50 (1940.2),1044.36,10.44,1.12,-1.17
2010-06-09,CASH,0.0,11045.72,11045.72,0.0,0.0,1778.92,1936.52,1763.93,36.94,CASH,Clean exit: NDX 1778.9 broke below SMA50 (1936.5),1045.72,10.46,0.18,-3.35
2010-06-10,CASH,0.0,11047.08,11047.08,0.0,0.0,1830.09,1933.77,1765.29,44.99,CASH,Clean exit: NDX 1830.1 broke below SMA50 (1933.8),1047.08,10.47,3.06,4.67
2010-06-11,CASH,0.0,11048.44,11048.44,0.0,0.0,1847.15,1931.54,1766.85,47.41,CASH,Clean exit: NDX 1847.2 broke below SMA50 (1931.5),1048.44,10.48,4.02,7.41
2010-06-14,CASH,0.0,11052.53,11052.53,0.0,0.0,1845.48,1929.26,1768.46,47.19,CASH,Clean exit: NDX 1845.5 broke below SMA50 (1929.3),1052.53,10.53,3.93,7.47
2010-06-15,CASH,0.0,11053.89,11053.89,0.0,0.0,1897.48,1927.65,1770.23,54.25,CASH,Clean exit: NDX 1897.5 broke below SMA50 (1927.7),1053.89,10.54,6.86,15.32
2010-06-16,CASH,0.0,11055.25,11055.25,0.0,0.0,1905.31,1926.12,1772.03,55.22,CASH,Clean exit: NDX 1905.3 broke below SMA50 (1926.1),1055.25,10.55,7.3,17.64
2010-06-17,CASH,0.0,11056.62,11056.62,0.0,0.0,1910.65,1924.79,1773.79,55.91,CASH,Clean exit: NDX 1910.7 broke below SMA50 (1924.8),1056.62,10.57,7.6,18.82
2010-06-18,CASH,0.0,11057.98,11057.98,0.0,0.0,1913.48,1923.44,1775.74,56.29,CASH,Clean exit: NDX 1913.5 broke below SMA50 (1923.4),1057.98,10.58,7.76,19.14
2010-06-21,CASH,0.0,11062.07,11062.07,0.0,0.0,1895.84,1921.47,1777.62,53.19,CASH,Clean exit: NDX 1895.8 broke below SMA50 (1921.5),1062.07,10.62,6.76,16.01
2010-06-22,CASH,0.0,11063.43,11063.43,0.0,0.0,1880.54,1919.17,1779.36,50.59,CASH,Clean exit: NDX 1880.5 broke below SMA50 (1919.2),1063.43,10.63,5.9,13.27
2010-06-23,CASH,0.0,11064.8,11064.8,0.0,0.0,1874.42,1916.58,1780.95,49.54,CASH,Clean exit: NDX 1874.4 broke below SMA50 (1916.6),1064.8,10.65,5.56,11.75
2010-06-24,CASH,0.0,11066.16,11066.16,0.0,0.0,1844.59,1912.9,1782.41,44.7,CASH,Clean exit: NDX 1844.6 broke below SMA50 (1912.9),1066.16,10.66,3.88,6.33
2010-06-25,CASH,0.0,11067.53,11067.53,0.0,0.0,1838.52,1908.9,1783.83,43.76,CASH,Clean exit: NDX 1838.5 broke below SMA50 (1908.9),1067.53,10.68,3.54,6.26
2010-06-28,CASH,0.0,11071.62,11071.62,0.0,0.0,1836.0,1905.36,1785.26,43.36,CASH,Clean exit: NDX 1836.0 broke below SMA50 (1905.4),1071.62,10.72,3.39,5.31
2010-06-29,CASH,0.0,11072.98,11072.98,0.0,0.0,1764.06,1900.37,1786.39,33.72,CASH,Defensive cash in bear regime,1072.98,10.73,-0.66,-6.44
2010-06-30,CASH,0.0,11074.35,11074.35,0.0,0.0,1739.14,1894.68,1787.57,31.14,CASH,Defensive cash in bear regime,1074.35,10.74,-2.06,-11.07
2010-07-01,CASH,0.0,11075.71,11075.71,0.0,0.0,1734.41,1888.68,1788.74,30.66,CASH,Defensive cash in bear regime,1075.71,10.76,-2.33,-11.93
2010-07-02,CASH,0.0,11077.08,11077.08,0.0,0.0,1728.34,1882.34,1790.03,30.02,CASH,Defensive cash in bear regime,1077.08,10.77,-2.67,-12.41
2010-07-06,CASH,0.0,11082.54,11082.54,0.0,0.0,1734.68,1875.93,1791.33,31.63,CASH,Defensive cash in bear regime,1082.54,10.83,-2.31,-11.96
2010-07-07,SQQQ,0.0,11083.91,0.0,0.0,0.0014,1789.72,1870.74,1792.82,43.69,SQQQ,"Bear signal: Below SMAs, RSI 43.7 in SQQQ zone",1083.91,10.84,0.79,-3.64
2010-07-08,CASH,0.0,10918.28,10918.28,0.0,0.0,1798.31,1866.58,1794.34,45.31,CASH,Clean exit: NDX 1798.3 broke below SMA50 (1866.6),918.28,9.18,1.27,-2.01
2010-07-09,CASH,0.0,10919.62,10919.62,0.0,0.0,1814.79,1862.73,1795.81,48.38,CASH,Clean exit: NDX 1814.8 broke below SMA50 (1862.7),919.62,9.2,2.2,0.73
2010-07-12,CASH,0.0,10923.66,10923.66,0.0,0.0,1821.03,1858.29,1797.28,49.54,CASH,Clean exit: NDX 1821.0 broke below SMA50 (1858.3),923.66,9.24,2.55,1.88
2010-07-13,CASH,0.0,10925.01,10925.01,0.0,0.0,1845.03,1855.18,1798.66,53.82,CASH,Clean exit: NDX 1845.0 broke below SMA50 (1855.2),925.01,9.25,3.9,5.36
2010-07-14,CASH,0.0,10926.35,10926.35,0.0,0.0,1853.41,1851.61,1799.99,55.25,CASH,1% confirmation buffer: NDX 1853.4 <= threshold (1870.1),926.35,9.26,4.37,7.04
2010-07-15,CASH,0.0,10927.7,10927.7,0.0,0.0,1856.24,1849.36,1801.31,55.74,CASH,1% confirmation buffer: NDX 1856.2 <= threshold (1867.9),927.7,9.28,4.53,7.42
2010-07-16,CASH,0.0,10929.05,10929.05,0.0,0.0,1803.48,1846.26,1802.35,45.57,CASH,Clean exit: NDX 1803.5 broke below SMA50 (1846.3),929.05,9.29,1.56,-1.23
2010-07-19,CASH,0.0,10933.09,10933.09,0.0,0.0,1819.28,1844.77,1803.41,48.6,CASH,Clean exit: NDX 1819.3 broke below SMA50 (1844.8),933.09,9.33,2.45,1.0
2010-07-20,CASH,0.0,10934.44,10934.44,0.0,0.0,1840.67,1844.6,1804.52,52.45,CASH,Clean exit: NDX 1840.7 broke below SMA50 (1844.6),934.44,9.34,3.66,4.19
2010-07-21,CASH,0.0,10935.79,10935.79,0.0,0.0,1817.3,1842.09,1805.38,48.2,CASH,Clean exit: NDX 1817.3 broke below SMA50 (1842.1),935.79,9.36,2.34,0.54
2010-07-22,TQQQ_100,1.0,10937.14,0.0,49667.6907,0.0,1863.1,1840.54,1806.43,55.76,TQQQ_100,"Bull trend confirmed: Price > SMA50 & SMA250, RSI 55.8",937.14,9.37,4.92,7.32
2010-07-23,TQQQ_100,1.0,11221.84,0.0,49667.6907,0.0,1875.38,1838.54,1807.54,57.56,TQQQ_100,"Bull trend confirmed: Price > SMA50 & SMA250, RSI 57.6",1221.84,12.22,5.61,10.11
2010-07-26,TQQQ_100,1.0,11468.47,0.0,49667.6907,0.0,1890.4,1837.44,1808.68,59.7,TQQQ_100,"Bull trend confirmed: Price > SMA50 & SMA250, RSI 59.7",1468.47,14.68,6.46,12.53
2010-07-27,TQQQ_100,1.0,11466.02,0.0,49667.6907,0.0,1888.81,1837.07,1809.84,59.36,TQQQ_100,"Bull trend confirmed: Price > SMA50 & SMA250, RSI 59.4",1466.02,14.66,6.37,12.51
2010-07-28,TQQQ_100,1.0,11231.64,0.0,49667.6907,0.0,1872.62,1836.22,1810.89,55.85,TQQQ_100,"Bull trend confirmed: Price > SMA50 & SMA250, RSI 55.8",1231.64,12.32,5.46,10.21
2010-07-29,TQQQ_100,1.0,10964.14,0.0,49667.6907,0.0,1860.3,1835.68,1811.91,53.26,TQQQ_100,"Bull trend confirmed: Price > SMA50 & SMA250, RSI 53.3",964.14,9.64,4.76,7.59
2010-07-30,TQQQ_100,1.0,11039.01,0.0,49667.6907,0.0,1864.0,1835.49,1812.86,53.95,TQQQ_100,"Bull trend confirmed: Price > SMA50 & SMA250, RSI 54.0",1039.01,10.39,4.97,8.32
2010-08-02,TQQQ_100,1.0,11632.92,0.0,49667.6907,0.0,1898.99,1837.47,1813.94,59.96,TQQQ_100,"Bull trend confirmed: Price > SMA50 & SMA250, RSI 60.0",1632.92,16.33,6.94,14.15
2010-08-03,TQQQ_100,1.0,11512.67,0.0,49667.6907,0.0,1891.81,1838.85,1815.05,58.28,TQQQ_100,"Bull trend confirmed: Price > SMA50 & SMA250, RSI 58.3",1512.67,15.13,6.54,12.97
2010-08-04,TQQQ_100,1.0,11845.2,0.0,49667.6907,0.0,1909.2,1840.73,1816.28,61.13,TQQQ_100,"Bull trend confirmed: Price > SMA50 & SMA250, RSI 61.1",1845.2,18.45,7.52,16.23
2010-08-05,TQQQ_100,1.0,11775.27,0.0,49667.6907,0.0,1904.95,1842.51,1817.43,60.05,TQQQ_100,"Bull trend confirmed: Price > SMA50 & SMA250, RSI 60.0",1775.27,17.75,7.28,15.54
2010-08-06,TQQQ_100,1.0,11720.04,0.0,49667.6907,0.0,1902.88,1844.64,1818.6,59.5,TQQQ_100,"Bull trend confirmed: Price > SMA50 & SMA250, RSI 59.5",1720.04,17.2,7.16,15.0
2010-08-09,TQQQ_100,1.0,11924.97,0.0,49667.6907,0.0,1915.17,1845.69,1819.88,61.74,TQQQ_100,"Bull trend confirmed: Price > SMA50 & SMA250, RSI 61.7",1924.97,19.25,7.85,17.01
2010-08-10,TQQQ_100,1.0,11672.17,0.0,49667.6907,0.0,1899.24,1846.63,1821.0,57.31,TQQQ_100,"Bull trend confirmed: Price > SMA50 & SMA250, RSI 57.3",1672.17,16.72,6.95,14.53
2010-08-11,CASH,0.0,10711.38,10711.38,0.0,0.0,1845.38,1846.83,1821.86,45.45,CASH,Clean exit: NDX 1845.4 broke below SMA50 (1846.8),711.38,7.11,3.92,5.11
2010-08-12,CASH,0.0,10712.7,10712.7,0.0,0.0,1832.17,1845.89,1822.75,43.1,CASH,Clean exit: NDX 1832.2 broke below SMA50 (1845.9),712.7,7.13,3.18,2.14
2010-08-13,SQQQ,0.0,10714.02,0.0,0.0,0.0015,1818.8,1844.35,1823.76,40.79,SQQQ,"Bear signal: Below SMAs, RSI 40.8 in SQQQ zone",714.02,7.14,2.42,0.11
2010-08-16,SQQQ,0.0,10650.55,0.0,0.0,0.0015,1821.51,1844.14,1824.7,41.47,SQQQ,"Bear signal: Below SMAs, RSI 41.5 in SQQQ zone",650.55,6.51,2.58,0.67
2010-08-17,CASH,0.0,10222.13,10222.13,0.0,0.0,1845.37,1845.08,1825.7,47.25,CASH,1% confirmation buffer: NDX 1845.4 <= threshold (1863.5),222.13,2.22,3.92,4.5
2010-08-18,CASH,0.0,10223.39,10223.39,0.0,0.0,1850.8,1846.18,1826.64,48.49,CASH,1% confirmation buffer: NDX 1850.8 <= threshold (1864.6),223.39,2.23,4.23,5.44
2010-08-19,SQQQ,0.0,10224.65,0.0,0.0,0.0014,1823.0,1847.07,1827.38,42.91,SQQQ,"Bear signal: Below SMAs, RSI 42.9 in SQQQ zone",224.65,2.25,2.66,1.57
2010-08-20,SQQQ,0.0,10234.91,0.0,0.0,0.0014,1825.75,1846.98,1828.15,43.6,SQQQ,"Bear signal: Below SMAs, RSI 43.6 in SQQQ zone",234.91,2.35,2.82,1.22
2010-08-23,SQQQ,0.0,10520.4,0.0,0.0,0.0014,1808.31,1846.2,1828.82,40.27,SQQQ,"Bear signal: Below SMAs, RSI 40.3 in SQQQ zone",520.4,5.2,1.83,-1.58
2010-08-24,CASH,0.0,11105.05,11105.05,0.0,0.0,1775.27,1844.8,1829.37,34.84,CASH,Defensive cash in bear regime,1105.05,11.05,-0.03,-7.22
2010-08-25,SQQQ,0.0,11106.42,0.0,0.0,0.0015,1790.88,1842.67,1829.97,39.02,SQQQ,"Bear signal: Below SMAs, RSI 39.0 in SQQQ zone",1106.42,11.06,0.85,-4.44
2010-08-26,SQQQ,0.0,11491.22,0.0,0.0,0.0015,1769.02,1839.94,1830.48,35.58,SQQQ,"Bear signal: Below SMAs, RSI 35.6 in SQQQ zone",1491.22,14.91,-0.38,-7.56
2010-08-27,SQQQ,0.0,11022.08,0.0,0.0,0.0015,1791.64,1837.56,1831.14,41.35,SQQQ,"Bear signal: Below SMAs, RSI 41.3 in SQQQ zone",1022.08,10.22,0.9,-4.5
2010-08-30,SQQQ,0.0,11369.98,0.0,0.0,0.0015,1772.07,1834.73,1831.85,38.16,SQQQ,"Bear signal: Below SMAs, RSI 38.2 in SQQQ zone",1369.98,13.7,-0.21,-7.6
2010-08-31,SQQQ,0.0,11485.95,0.0,0.0,0.0015,1767.43,1832.16,1832.54,37.43,SQQQ,"Bear signal: Below SMAs, RSI 37.4 in SQQQ zone",1485.95,14.86,-0.47,-8.06
2010-09-01,SQQQ,0.0,10509.02,0.0,0.0,0.0015,1820.05,1830.95,1833.4,49.36,SQQQ,"Bear signal: Below SMAs, RSI 49.4 in SQQQ zone",509.02,5.09,2.5,-0.35
2010-09-02,CASH,0.0,10169.91,10169.91,0.0,0.0,1840.58,1830.28,1834.21,53.11,CASH,1% confirmation buffer: NDX 1840.6 <= threshold (1848.6),169.91,1.7,3.65,3.07
2010-09-03,TQQQ_100,1.0,10171.16,0.0,45762.9785,0.0,1870.31,1830.79,1835.07,57.97,TQQQ_100,"Bull trend confirmed: Price > SMA50 & SMA250, RSI 58.0",171.16,1.71,5.33,8.32
2010-09-07,TQQQ_100,1.0,9923.56,0.0,45762.9785,0.0,1856.5,1831.15,1835.82,55.12,TQQQ_100,"Bull trend confirmed: Price > SMA50 & SMA250, RSI 55.1",-76.44,-0.76,4.55,5.68
2010-09-08,TQQQ_100,1.0,10274.06,0.0,45762.9785,0.0,1880.0,1832.03,1836.59,58.84,TQQQ_100,"Bull trend confirmed: Price > SMA50 & SMA250, RSI 58.8",274.06,2.74,5.87,9.42
2010-09-09,TQQQ_100,1.0,10404.05,0.0,45762.9785,0.0,1886.14,1834.47,1837.4,59.77,TQQQ_100,"Bull trend confirmed: Price > SMA50 & SMA250, RSI 59.8",404.05,4.04,6.22,10.8
2010-09-10,TQQQ_100,1.0,10516.01,0.0,45762.9785,0.0,1892.34,1837.54,1838.19,60.75,TQQQ_100,"Bull trend confirmed: Price > SMA50 & SMA250, RSI 60.7",516.01,5.16,6.57,11.99
2010-09-13,TQQQ_100,1.0,10979.57,0.0,45762.9785,0.0,1921.67,1841.28,1839.08,65.05,TQQQ_100,"Bull trend confirmed: Price > SMA50 & SMA250, RSI 65.1",979.57,9.8,8.22,16.93
2010-09-14,TQQQ_100,1.0,11118.63,0.0,45762.9785,0.0,1928.59,1845.29,1839.9,66.0,TQQQ_100,"Bull trend confirmed: Price > SMA50 & SMA250, RSI 66.0",1118.63,11.19,8.61,18.41
2010-09-15,TQQQ_100,1.0,11307.45,0.0,45762.9785,0.0,1939.6,1849.39,1840.77,67.51,TQQQ_100,"Bull trend confirmed: Price > SMA50 & SMA250, RSI 67.5",1307.45,13.07,9.23,20.42
2010-09-16,TQQQ_100,1.0,11466.87,0.0,45762.9785,0.0,1948.11,1852.55,1841.66,68.67,TQQQ_100,"Bull trend confirmed: Price > SMA50 & SMA250, RSI 68.7",1466.87,14.67,9.71,22.12
2010-09-17,TQQQ_100,1.0,11588.96,0.0,45762.9785,0.0,1955.83,1855.7,1842.56,69.72,TQQQ_100,"Bull trend confirmed: Price > SMA50 & SMA250, RSI 69.7",1588.96,15.89,10.14,23.42
2010-09-20,TQQQ_100,1.0,12192.71,0.0,45762.9785,0.0,1989.43,1859.2,1843.58,73.84,TQQQ_100,"Bull trend confirmed: Price > SMA50 & SMA250, RSI 73.8",2192.71,21.93,12.03,29.85
2010-09-21,TQQQ_100,1.0,12154.28,0.0,45762.9785,0.0,1989.11,1862.56,1844.64,73.74,TQQQ_100,"Bull trend confirmed: Price > SMA50 & SMA250, RSI 73.7",2154.28,21.54,12.02,29.44
2010-09-22,TQQQ_100,1.0,12096.62,0.0,45762.9785,0.0,1982.76,1865.31,1845.73,71.61,TQQQ_100,"Bull trend confirmed: Price > SMA50 & SMA250, RSI 71.6",2096.62,20.97,11.66,28.83
2010-09-23,TQQQ_100,1.0,12060.41,0.0,45762.9785,0.0,1982.15,1867.89,1846.89,71.39,TQQQ_100,"Bull trend confirmed: Price > SMA50 & SMA250, RSI 71.4",2060.41,20.6,11.62,28.44
2010-09-24,TQQQ_30,0.3,12743.35,8920.35,13728.8936,0.0,2023.84,1871.24,1848.08,76.55,TQQQ_30,Overbought: RSI 76.5 >= 75,2743.35,27.43,13.97,35.71
2010-09-27,TQQQ_30,0.3,12702.89,8923.65,13728.8936,0.0,2010.99,1875.39,1849.26,72.23,TQQQ_30,Overbought trim active,2702.89,27.03,13.25,34.16
2010-09-28,TQQQ_30,0.3,12713.48,8924.75,13728.8936,0.0,2012.43,1879.25,1850.43,72.42,TQQQ_30,Overbought trim active,2713.48,27.13,13.33,34.5
2010-09-29,TQQQ_30,0.3,12684.07,8925.85,13728.8936,0.0,2009.08,1882.62,1851.8,71.21,TQQQ_30,Overbought trim active,2684.07,26.84,13.14,33.41
2010-09-30,TQQQ_30,0.3,12634.28,8926.95,13728.8936,0.0,1998.04,1886.24,1853.14,67.23,TQQQ_30,Overbought trim active,2634.28,26.34,12.52,31.61
2010-10-01,TQQQ_30,0.3,12623.85,8928.05,13728.8936,0.0,1996.6,1888.91,1854.43,66.71,TQQQ_30,Overbought trim active,2623.85,26.24,12.44,31.2
2010-10-04,TQQQ_30,0.3,12498.94,8931.35,13728.8936,0.0,1975.33,1890.91,1855.51,59.36,TQQQ_30,Overbought trim active,2498.94,24.99,11.24,26.65
2010-10-05,TQQQ_100,1.0,12765.63,0.0,45721.3161,0.0,2024.63,1893.59,1856.76,68.13,TQQQ_100,"Bull trend confirmed: Price > SMA50 & SMA250, RSI 68.1",2765.63,27.66,14.02,36.07
2010-10-06,TQQQ_100,1.0,12440.3,0.0,45721.3161,0.0,2006.52,1895.94,1857.92,62.77,TQQQ_100,"Bull trend confirmed: Price > SMA50 & SMA250, RSI 62.8",2440.3,24.4,13.0,32.61
2010-10-07,TQQQ_100,1.0,12562.28,0.0,45721.3161,0.0,2011.63,1898.72,1859.05,63.64,TQQQ_100,"Bull trend confirmed: Price > SMA50 & SMA250, RSI 63.6",2562.28,25.62,13.28,33.91
2010-10-08,TQQQ_50,0.5,12815.34,6407.67,22860.6581,0.0,2027.03,1902.06,1860.24,66.2,TQQQ_50,Bearish RSI divergence,2815.34,28.15,14.15,36.6
2010-10-11,TQQQ_50,0.5,12830.7,6410.04,22860.6581,0.0,2026.98,1905.32,1861.43,66.18,TQQQ_50,Bearish RSI divergence,2830.7,28.31,14.15,36.88
2010-10-12,TQQQ_50,0.5,12964.79,6410.83,22860.6581,0.0,2041.55,1908.17,1862.58,68.61,TQQQ_50,Bearish RSI divergence,2964.79,29.65,14.97,39.72
2010-10-13,TQQQ_50,0.5,13124.83,6411.62,22860.6581,0.0,2057.25,1911.48,1863.8,71.02,TQQQ_50,Bearish RSI divergence,3124.83,31.25,15.85,43.12
2010-10-14,TQQQ_50,0.5,13088.36,6412.41,22860.6581,0.0,2054.51,1914.38,1865.06,70.01,TQQQ_50,Bearish RSI divergence,3088.36,30.88,15.7,42.32
2010-10-15,TQQQ_30,0.3,13515.01,9460.5,13051.4114,0.0,2097.73,1918.24,1866.42,75.84,TQQQ_30,Overbought: RSI 75.8 >= 75,3515.01,35.15,18.13,51.4
2010-10-18,TQQQ_30,0.3,13518.5,9464.0,13051.4114,0.0,2104.15,1922.27,1867.81,76.57,TQQQ_30,Overbought: RSI 76.6 >= 75,3518.5,35.19,18.49,51.4
2010-10-19,TQQQ_30,0.3,13358.44,9465.17,13051.4114,0.0,2069.73,1925.36,1869.08,65.21,TQQQ_30,Overbought trim active,3358.44,33.58,16.56,45.38
2010-10-20,TQQQ_30,0.3,13440.55,9466.34,13051.4114,0.0,2085.75,1929.09,1870.37,67.62,TQQQ_30,Overbought trim active,3440.55,34.41,17.46,48.4
2010-10-21,TQQQ_30,0.3,13469.44,9467.5,13051.4114,0.0,2090.1,1933.98,1871.71,68.26,TQQQ_30,Overbought trim active,3469.44,34.69,17.7,49.44
2010-10-22,TQQQ_30,0.3,13548.64,9468.67,13051.4114,0.0,2104.21,1939.42,1873.14,70.32,TQQQ_30,Overbought trim active,3548.64,35.49,18.5,52.35
2010-10-25,TQQQ_30,0.3,13614.06,9472.17,13051.4114,0.0,2113.55,1945.32,1874.71,71.63,TQQQ_30,Overbought trim active,3614.06,36.14,19.02,54.67
2010-10-26,TQQQ_30,0.3,13640.05,9473.34,13051.4114,0.0,2119.05,1951.27,1876.46,72.4,TQQQ_30,Overbought trim active,3640.05,36.4,19.33,55.59
2010-10-27,TQQQ_30,0.3,13684.11,9474.51,13051.4114,0.0,2125.88,1956.88,1878.11,73.37,TQQQ_30,Overbought trim active,3684.11,36.84,19.72,57.19
2010-10-28,TQQQ_30,0.3,13709.46,9475.68,13051.4114,0.0,2129.73,1962.46,1879.96,73.93,TQQQ_30,Overbought trim active,3709.46,37.09,19.93,58.1
2010-10-29,TQQQ_30,0.3,13690.31,9476.85,13051.4114,0.0,2124.45,1968.49,1881.77,71.71,TQQQ_30,Overbought trim active,3690.31,36.9,19.64,57.34
2010-11-01,TQQQ_30,0.3,13703.5,9480.35,13051.4114,0.0,2128.42,1974.54,1883.57,72.38,TQQQ_30,Overbought trim active,3703.5,37.03,19.86,57.7
2010-11-02,TQQQ_30,0.3,13832.67,9481.52,13051.4114,0.0,2151.72,1981.41,1885.45,75.98,TQQQ_30,Overbought: RSI 76.0 >= 75,3832.67,38.33,21.17,62.48
2010-11-03,TQQQ_30,0.3,13896.72,9482.69,13051.4114,0.0,2158.36,1989.07,1887.2,76.9,TQQQ_30,Overbought: RSI 76.9 >= 75,3896.72,38.97,21.55,64.83
2010-11-04,TQQQ_30,0.3,14054.29,9483.86,13051.4114,0.0,2187.8,1997.01,1889.03,80.48,TQQQ_30,Overbought: RSI 80.5 >= 75,4054.29,40.54,23.2,70.67
2010-11-05,TQQQ_30,0.3,14060.93,9485.03,13051.4114,0.0,2186.71,2005.36,1890.7,79.99,TQQQ_30,Overbought: RSI 80.0 >= 75,4060.93,40.61,23.14,70.87
2010-11-08,TQQQ_30,0.3,14076.05,9488.53,13051.4114,0.0,2188.94,2013.31,1892.36,80.25,TQQQ_30,Overbought: RSI 80.3 >= 75,4076.05,40.76,23.27,71.31
2010-11-09,TQQQ_30,0.3,14003.05,9489.7,13051.4114,0.0,2176.88,2021.4,1893.94,74.46,TQQQ_30,Overbought trim active,4003.05,40.03,22.59,68.54
2010-11-10,TQQQ_30,0.3,14073.23,9490.87,13051.4114,0.0,2187.74,2029.81,1895.6,76.13,TQQQ_30,Overbought: RSI 76.1 >= 75,4073.23,40.73,23.2,71.11
2010-11-11,TQQQ_30,0.3,13997.33,9492.04,13051.4114,0.0,2173.11,2036.87,1897.14,69.54,TQQQ_30,Overbought trim active,3997.33,39.97,22.38,68.24
2010-11-12,TQQQ_30,0.3,13769.25,9493.21,13051.4114,0.0,2137.95,2042.82,1898.46,56.8,TQQQ_30,Overbought trim active,3769.25,37.69,20.4,59.68
2010-11-15,TQQQ_30,0.3,13726.97,9496.73,13051.4114,0.0,2131.48,2048.04,1899.74,54.81,TQQQ_30,Overbought trim active,3726.97,37.27,20.03,57.97
2010-11-16,TQQQ_30,0.3,13518.22,9497.9,13051.4114,0.0,2093.63,2052.78,1900.9,44.9,TQQQ_30,Overbought trim active,3518.22,35.18,17.9,50.13
2010-11-17,TQQQ_30,0.3,13557.43,9499.07,13051.4114,0.0,2100.0,2057.18,1902.21,46.65,TQQQ_30,Overbought trim active,3557.43,35.57,18.26,51.55
2010-11-18,TQQQ_30,0.3,13747.24,9500.24,13051.4114,0.0,2134.77,2062.16,1903.69,55.03,TQQQ_30,Overbought trim active,3747.24,37.47,20.22,58.59
2010-11-19,TQQQ_30,0.3,13758.41,9501.41,13051.4114,0.0,2135.27,2067.02,1905.06,55.14,TQQQ_30,Overbought trim active,3758.41,37.58,20.25,58.96
2010-11-22,TQQQ_30,0.3,13874.14,9504.92,13051.4114,0.0,2150.86,2071.6,1906.52,58.53,TQQQ_30,Overbought trim active,3874.14,38.74,21.12,63.15
2010-11-23,TQQQ_30,0.3,13668.94,9506.1,13051.4114,0.0,2116.61,2075.36,1907.81,49.67,TQQQ_30,Overbought trim active,3668.94,36.69,19.2,55.45
2010-11-24,TQQQ_30,0.3,13913.24,9507.27,13051.4114,0.0,2160.52,2079.78,1909.39,58.37,TQQQ_30,Overbought trim active,3913.24,39.13,21.67,64.53
2010-11-26,TQQQ_30,0.3,13887.86,9509.61,13051.4114,0.0,2153.91,2083.89,1910.94,56.78,TQQQ_30,Overbought trim active,3887.86,38.88,21.3,63.49
2010-11-29,TQQQ_30,0.3,13830.43,9513.13,13051.4114,0.0,2144.56,2087.67,1912.37,54.51,TQQQ_30,Overbought trim active,3830.43,38.3,20.77,61.22
2010-11-30,TQQQ_30,0.3,13667.48,9514.3,13051.4114,0.0,2117.33,2090.23,1913.67,48.45,TQQQ_30,Overbought trim active,3667.48,36.67,19.24,55.09
2010-12-01,TQQQ_30,0.3,13932.74,9515.48,13051.4114,0.0,2162.83,2093.7,1915.19,57.05,TQQQ_30,Overbought trim active,3932.74,39.33,21.8,64.95
2010-12-02,TQQQ_100,1.0,14068.05,0.0,40340.9891,0.0,2185.3,2097.75,1916.76,60.54,TQQQ_100,"Bull trend confirmed: Price > SMA50 & SMA250, RSI 60.5",4068.05,40.68,23.06,69.96
2010-12-03,TQQQ_50,0.5,14185.65,7092.83,20170.4946,0.0,2191.17,2101.93,1918.39,61.43,TQQQ_50,Bearish RSI divergence,4185.65,41.86,23.39,71.38
2010-12-06,TQQQ_50,0.5,14175.82,7095.45,20170.4946,0.0,2189.81,2105.25,1920.06,61.09,TQQQ_50,Bearish RSI divergence,4175.82,41.76,23.32,71.08
2010-12-07,TQQQ_50,0.5,14183.18,7096.33,20170.4946,0.0,2189.35,2108.82,1921.66,60.96,TQQQ_50,Bearish RSI divergence,4183.18,41.83,23.29,71.23
2010-12-08,TQQQ_50,0.5,14282.22,7097.2,20170.4946,0.0,2200.6,2112.58,1923.27,62.93,TQQQ_50,Bearish RSI divergence,4282.22,42.82,23.93,73.61
2010-12-09,TQQQ_50,0.5,14290.56,7098.08,20170.4946,0.0,2201.57,2116.43,1924.9,63.11,TQQQ_50,Bearish RSI divergence,4290.56,42.91,23.98,73.79
2010-12-10,TQQQ_100,1.0,14442.44,0.0,39669.3024,0.0,2215.34,2120.78,1926.53,65.56,TQQQ_100,"Bull trend confirmed: Price > SMA50 & SMA250, RSI 65.6",4442.44,44.42,24.76,77.44
2010-12-13,TQQQ_100,1.0,14272.9,0.0,39669.3024,0.0,2207.45,2125.0,1928.17,62.98,TQQQ_100,"Bull trend confirmed: Price > SMA50 & SMA250, RSI 63.0",4272.9,42.73,24.31,75.35
2010-12-14,TQQQ_100,1.0,14332.66,0.0,39669.3024,0.0,2212.59,2129.74,1929.81,63.97,TQQQ_100,"Bull trend confirmed: Price > SMA50 & SMA250, RSI 64.0",4332.66,43.33,24.6,76.09
2010-12-15,TQQQ_100,1.0,14186.63,0.0,39669.3024,0.0,2202.45,2133.3,1931.51,60.51,TQQQ_100,"Bull trend confirmed: Price > SMA50 & SMA250, RSI 60.5",4186.63,41.87,24.03,74.29
2010-12-16,TQQQ_100,1.0,14482.64,0.0,39669.3024,0.0,2218.02,2137.53,1933.15,63.75,TQQQ_100,"Bull trend confirmed: Price > SMA50 & SMA250, RSI 63.8",4482.64,44.83,24.91,77.93
2010-12-17,TQQQ_100,1.0,14526.74,0.0,39669.3024,0.0,2218.29,2141.66,1934.71,63.81,TQQQ_100,"Bull trend confirmed: Price > SMA50 & SMA250, RSI 63.8",4526.74,45.27,24.92,78.47
2010-12-20,TQQQ_100,1.0,14565.92,0.0,39669.3024,0.0,2223.04,2145.58,1936.24,64.83,TQQQ_100,"Bull trend confirmed: Price > SMA50 & SMA250, RSI 64.8",4565.92,45.66,25.19,78.95
2010-12-21,TQQQ_100,1.0,14806.03,0.0,39669.3024,0.0,2234.57,2149.73,1937.78,67.25,TQQQ_100,"Bull trend confirmed: Price > SMA50 & SMA250, RSI 67.2",4806.03,48.06,25.84,81.9
2010-12-22,TQQQ_100,1.0,14821.73,0.0,39669.3024,0.0,2235.91,2153.62,1939.24,67.53,TQQQ_100,"Bull trend confirmed: Price > SMA50 & SMA250, RSI 67.5",4821.73,48.22,25.91,82.1
2010-12-23,TQQQ_100,1.0,14709.01,0.0,39669.3024,0.0,2230.27,2157.08,1940.65,65.01,TQQQ_100,"Bull trend confirmed: Price > SMA50 & SMA250, RSI 65.0",4709.01,47.09,25.6,80.71
2010-12-27,TQQQ_100,1.0,14714.92,0.0,39669.3024,0.0,2229.86,2160.59,1942.08,64.83,TQQQ_100,"Bull trend confirmed: Price > SMA50 & SMA250, RSI 64.8",4714.92,47.15,25.57,80.78
2010-12-28,TQQQ_100,1.0,14651.2,0.0,39669.3024,0.0,2227.42,2163.18,1943.47,63.64,TQQQ_100,"Bull trend confirmed: Price > SMA50 & SMA250, RSI 63.6",4651.2,46.51,25.44,80.0
2010-12-29,TQQQ_100,1.0,14738.44,0.0,39669.3024,0.0,2231.64,2165.73,1944.96,64.84,TQQQ_100,"Bull trend confirmed: Price > SMA50 & SMA250, RSI 64.8",4738.44,47.38,25.67,81.07
2010-12-30,TQQQ_100,1.0,14627.68,0.0,39669.3024,0.0,2225.72,2168.85,1946.32,61.77,TQQQ_100,"Bull trend confirmed: Price > SMA50 & SMA250, RSI 61.8",4627.68,46.28,25.34,79.71
2010-12-31,TQQQ_100,1.0,14493.4,0.0,39669.3024,0.0,2217.86,2171.49,1947.63,57.85,TQQQ_100,"Bull trend confirmed: Price > SMA50 & SMA250, RSI 57.8",4493.4,44.93,24.9,78.06
2011-01-03,TQQQ_100,1.0,15148.1,0.0,39669.3024,0.0,2254.23,2174.77,1949.14,67.97,TQQQ_100,"Bull trend confirmed: Price > SMA50 & SMA250, RSI 68.0",5148.1,51.48,26.95,86.1
2011-01-04,TQQQ_100,1.0,15124.58,0.0,39669.3024,0.0,2251.46,2177.72,1950.64,66.66,TQQQ_100,"Bull trend confirmed: Price > SMA50 & SMA250, RSI 66.7",5124.58,51.25,26.79,85.82
2011-01-05,TQQQ_100,1.0,15499.95,0.0,39669.3024,0.0,2270.4,2180.86,1952.15,70.81,TQQQ_100,"Bull trend confirmed: Price > SMA50 & SMA250, RSI 70.8",5499.95,55.0,27.86,90.43
2011-01-06,TQQQ_100,1.0,15640.1,0.0,39669.3024,0.0,2277.51,2184.03,1953.71,72.21,TQQQ_100,"Bull trend confirmed: Price > SMA50 & SMA250, RSI 72.2",5640.1,56.4,28.26,92.15
2011-01-07,TQQQ_100,1.0,15603.82,0.0,39669.3024,0.0,2276.7,2187.04,1955.37,71.79,TQQQ_100,"Bull trend confirmed: Price > SMA50 & SMA250, RSI 71.8",5603.82,56.04,28.21,91.7
2011-01-10,TQQQ_100,1.0,15779.27,0.0,39669.3024,0.0,2284.38,2190.14,1956.96,73.38,TQQQ_100,"Bull trend confirmed: Price > SMA50 & SMA250, RSI 73.4",5779.27,57.79,28.64,93.86
2011-01-11,TQQQ_100,1.0,15851.8,0.0,39669.3024,0.0,2288.73,2193.42,1958.57,74.26,TQQQ_100,"Bull trend confirmed: Price > SMA50 & SMA250, RSI 74.3",5851.8,58.52,28.89,94.75
2011-01-12,TQQQ_30,0.3,16173.27,11321.29,11900.7907,0.0,2304.88,2196.95,1960.33,77.28,TQQQ_30,Overbought: RSI 77.3 >= 75,6173.27,61.73,29.8,98.7
2011-01-13,TQQQ_30,0.3,16189.96,11322.69,11900.7907,0.0,2305.53,2200.03,1961.97,77.39,TQQQ_30,Overbought: RSI 77.4 >= 75,6189.96,61.9,29.83,99.33
2011-01-14,TQQQ_30,0.3,16296.91,11324.08,11900.7907,0.0,2323.43,2203.33,1963.8,80.34,TQQQ_30,Overbought: RSI 80.3 >= 75,6296.91,62.97,30.84,103.65
2011-01-18,TQQQ_30,0.3,16342.18,11329.67,11900.7907,0.0,2328.79,2206.15,1965.71,81.14,TQQQ_30,Overbought: RSI 81.1 >= 75,6342.18,63.42,31.14,105.27
2011-01-19,TQQQ_30,0.3,16175.7,11331.06,11900.7907,0.0,2303.32,2208.48,1967.74,67.25,TQQQ_30,Overbought trim active,6175.7,61.76,29.71,98.4
2011-01-20,TQQQ_30,0.3,16068.3,11332.46,11900.7907,0.0,2286.08,2210.42,1969.68,59.79,TQQQ_30,Overbought trim active,6068.3,60.68,28.74,93.94
2011-01-21,TQQQ_30,0.3,15961.5,11333.86,11900.7907,0.0,2268.32,2212.25,1971.54,53.24,TQQQ_30,Overbought trim active,5961.5,59.61,27.74,89.51
2011-01-24,TQQQ_100,1.0,16156.81,0.0,39902.1658,0.0,2300.39,2214.5,1973.46,61.45,TQQQ_100,"Bull trend confirmed: Price > SMA50 & SMA250, RSI 61.5",6156.81,61.57,29.55,97.34
2011-01-25,TQQQ_100,1.0,16212.98,0.0,39902.1658,0.0,2304.03,2217.12,1975.59,62.26,TQQQ_100,"Bull trend confirmed: Price > SMA50 & SMA250, RSI 62.3",6212.98,62.13,29.75,98.03
2011-01-26,TQQQ_100,1.0,16464.38,0.0,39902.1658,0.0,2314.19,2220.65,1977.89,64.5,TQQQ_100,"Bull trend confirmed: Price > SMA50 & SMA250, RSI 64.5",6464.38,64.64,30.32,101.1
2011-01-27,TQQQ_100,1.0,16781.81,0.0,39902.1658,0.0,2330.07,2224.62,1980.16,67.73,TQQQ_100,"Bull trend confirmed: Price > SMA50 & SMA250, RSI 67.7",6781.81,67.82,31.22,104.97
2011-01-28,TQQQ_100,1.0,15516.02,0.0,39902.1658,0.0,2270.51,2228.16,1982.14,49.54,TQQQ_100,"Bull trend confirmed: Price > SMA50 & SMA250, RSI 49.5",5516.02,55.16,27.86,89.51
2011-01-31,TQQQ_100,1.0,15745.73,0.0,39902.1658,0.0,2281.91,2231.8,1984.13,52.18,TQQQ_100,"Bull trend confirmed: Price > SMA50 & SMA250, RSI 52.2",5745.73,57.46,28.5,92.32
2011-02-01,TQQQ_50,0.5,16620.13,8310.06,19951.0829,0.0,2324.95,2235.6,1986.5,60.59,TQQQ_50,Bearish RSI divergence,6620.13,66.2,30.93,103.0
2011-02-02,TQQQ_50,0.5,16583.69,8311.09,19951.0829,0.0,2321.09,2239.32,1988.79,59.58,TQQQ_50,Bearish RSI divergence,6583.69,65.84,30.71,102.08
2011-02-03,TQQQ_50,0.5,16616.76,8312.11,19951.0829,0.0,2323.07,2242.76,1991.15,59.95,TQQQ_50,Bearish RSI divergence,6616.76,66.17,30.82,102.87
2011-02-04,TQQQ_50,0.5,16767.64,8313.14,19951.0829,0.0,2338.2,2247.19,1993.49,62.75,TQQQ_50,Bearish RSI divergence,6767.64,67.68,31.67,106.53
2011-02-07,TQQQ_50,0.5,16893.44,8316.21,19951.0829,0.0,2349.2,2250.96,1995.88,64.69,TQQQ_50,Bearish RSI divergence,6893.44,68.93,32.29,109.52
2011-02-08,TQQQ_50,0.5,17077.35,8317.24,19951.0829,0.0,2363.61,2255.16,1998.23,67.1,TQQQ_50,Bearish RSI divergence,7077.35,70.77,33.11,113.99
2011-02-09,TQQQ_50,0.5,17025.13,8318.26,19951.0829,0.0,2360.95,2259.49,2000.56,66.2,TQQQ_50,Bearish RSI divergence,7025.13,70.25,32.96,112.69
2011-02-10,TQQQ_50,0.5,17068.55,8319.29,19951.0829,0.0,2364.35,2264.43,2002.81,66.81,TQQQ_50,Bearish RSI divergence,7068.55,70.69,33.15,113.73
2011-02-11,TQQQ_50,0.5,17249.0,8320.31,19951.0829,0.0,2379.15,2268.75,2005.08,69.4,TQQQ_50,Bearish RSI divergence,7249.0,72.49,33.98,118.11
2011-02-14,TQQQ_50,0.5,17308.27,8323.39,19951.0829,0.0,2385.6,2272.76,2007.33,70.49,TQQQ_50,Bearish RSI divergence,7308.27,73.08,34.34,119.48
2011-02-15,TQQQ_100,1.0,17286.13,0.0,38483.3808,0.0,2381.92,2276.57,2009.57,68.99,TQQQ_100,"Bull trend confirmed: Price > SMA50 & SMA250, RSI 69.0",7286.13,72.86,34.14,118.92
2011-02-16,TQQQ_100,1.0,17605.59,0.0,38483.3808,0.0,2397.94,2280.74,2011.89,71.8,TQQQ_100,"Bull trend confirmed: Price > SMA50 & SMA250, RSI 71.8",7605.59,76.06,35.04,122.96
2011-02-17,TQQQ_100,1.0,17590.37,0.0,38483.3808,0.0,2397.57,2284.9,2014.3,71.64,TQQQ_100,"Bull trend confirmed: Price > SMA50 & SMA250, RSI 71.6",7590.37,75.9,35.02,122.77
2011-02-18,TQQQ_100,1.0,17490.55,0.0,38483.3808,0.0,2392.47,2288.74,2016.62,69.32,TQQQ_100,"Bull trend confirmed: Price > SMA50 & SMA250, RSI 69.3",7490.55,74.91,34.73,121.51
2011-02-22,TQQQ_100,1.0,15950.27,0.0,38483.3808,0.0,2322.86,2291.16,2018.66,46.98,TQQQ_100,"Bull trend confirmed: Price > SMA50 & SMA250, RSI 47.0",5950.27,59.5,30.81,102.0
2011-02-23,TQQQ_100,1.0,15556.66,0.0,38483.3808,0.0,2300.94,2292.88,2020.59,42.36,TQQQ_100,"Bull trend confirmed: Price > SMA50 & SMA250, RSI 42.4",5556.66,55.57,29.58,97.01
2011-02-24,TQQQ_100,1.0,15778.16,0.0,38483.3808,0.0,2313.31,2294.99,2022.46,45.61,TQQQ_100,"Bull trend confirmed: Price > SMA50 & SMA250, RSI 45.6",5778.16,57.78,30.27,99.82
2011-02-25,TQQQ_100,1.0,16454.18,0.0,38483.3808,0.0,2346.29,2297.67,2024.44,53.2,TQQQ_100,"Bull trend confirmed: Price > SMA50 & SMA250, RSI 53.2",6454.18,64.54,32.13,108.38
2011-02-28,TQQQ_100,1.0,16573.97,0.0,38483.3808,0.0,2350.99,2300.64,2026.44,54.18,TQQQ_100,"Bull trend confirmed: Price > SMA50 & SMA250, RSI 54.2",6573.97,65.74,32.39,109.9
2011-03-01,TQQQ_100,1.0,15777.21,0.0,38483.3808,0.0,2315.26,2302.58,2028.26,46.24,TQQQ_100,"Bull trend confirmed: Price > SMA50 & SMA250, RSI 46.2",5777.21,57.77,30.38,99.81
2011-03-02,TQQQ_100,1.0,15999.7,0.0,38483.3808,0.0,2326.77,2304.75,2030.01,48.84,TQQQ_100,"Bull trend confirmed: Price > SMA50 & SMA250, RSI 48.8",5999.7,60.0,31.03,102.62
2011-03-03,TQQQ_100,1.0,16954.29,0.0,38483.3808,0.0,2371.76,2307.73,2031.94,57.5,TQQQ_100,"Bull trend confirmed: Price > SMA50 & SMA250, RSI 57.5",6954.29,69.54,33.56,114.71
2011-03-04,TQQQ_100,1.0,16703.29,0.0,38483.3808,0.0,2359.96,2310.23,2033.77,54.88,TQQQ_100,"Bull trend confirmed: Price > SMA50 & SMA250, RSI 54.9",6703.29,67.03,32.9,111.54
2011-03-07,TQQQ_100,1.0,16037.75,0.0,38483.3808,0.0,2328.07,2312.08,2035.41,48.45,TQQQ_100,"Bull trend confirmed: Price > SMA50 & SMA250, RSI 48.4",6037.75,60.38,31.1,103.11
2011-03-08,TQQQ_100,1.0,16205.07,0.0,38483.3808,0.0,2337.55,2314.22,2037.07,50.31,TQQQ_100,"Bull trend confirmed: Price > SMA50 & SMA250, RSI 50.3",6205.07,62.05,31.64,105.23
2011-03-09,TQQQ_100,1.0,15878.02,0.0,38483.3808,0.0,2322.69,2316.08,2038.66,47.42,TQQQ_100,"Bull trend confirmed: Price > SMA50 & SMA250, RSI 47.4",5878.02,58.78,30.8,101.08
2011-03-10,CASH,0.0,15151.61,15151.61,0.0,0.0,2284.29,2317.22,2040.12,40.87,CASH,Clean exit: NDX 2284.3 broke below SMA50 (2317.2),5151.61,51.52,28.64,91.88
2011-03-11,CASH,0.0,15153.48,15153.48,0.0,0.0,2299.26,2318.57,2041.59,44.11,CASH,Clean exit: NDX 2299.3 broke below SMA50 (2318.6),5153.48,51.53,29.48,95.09
2011-03-14,CASH,0.0,15159.09,15159.09,0.0,0.0,2290.72,2319.87,2043.0,42.68,CASH,Clean exit: NDX 2290.7 broke below SMA50 (2319.9),5159.09,51.59,29.0,93.19
2011-03-15,CASH,0.0,15160.96,15160.96,0.0,0.0,2259.62,2320.71,2044.27,37.84,CASH,Clean exit: NDX 2259.6 broke below SMA50 (2320.7),5160.96,51.61,27.25,85.29
2011-03-16,CASH,0.0,15162.83,15162.83,0.0,0.0,2202.97,2319.68,2045.35,30.97,CASH,Clean exit: NDX 2203.0 broke below SMA50 (2319.7),5162.83,51.63,24.06,71.68
2011-03-17,CASH,0.0,15164.69,15164.69,0.0,0.0,2225.24,2319.16,2046.45,35.9,CASH,Clean exit: NDX 2225.2 broke below SMA50 (2319.2),5164.69,51.65,25.31,76.16
2011-03-18,CASH,0.0,15166.56,15166.56,0.0,0.0,2221.07,2318.17,2047.48,35.39,CASH,Clean exit: NDX 2221.1 broke below SMA50 (2318.2),5166.56,51.67,25.08,75.2
2011-03-21,CASH,0.0,15172.17,15172.17,0.0,0.0,2262.7,2317.87,2048.73,43.95,CASH,Clean exit: NDX 2262.7 broke below SMA50 (2317.9),5172.17,51.72,27.42,84.97
2011-03-22,CASH,0.0,15174.04,15174.04,0.0,0.0,2257.96,2317.5,2049.96,43.24,CASH,Clean exit: NDX 2258.0 broke below SMA50 (2317.5),5174.04,51.74,27.16,84.47
2011-03-23,CASH,0.0,15175.92,15175.92,0.0,0.0,2270.5,2317.22,2051.23,45.72,CASH,Clean exit: NDX 2270.5 broke below SMA50 (2317.2),5175.92,51.76,27.86,87.26
2011-03-24,CASH,0.0,15177.79,15177.79,0.0,0.0,2312.09,2317.69,2052.64,53.02,CASH,Clean exit: NDX 2312.1 broke below SMA50 (2317.7),5177.79,51.78,30.2,97.45
2011-03-25,CASH,0.0,15179.66,15179.66,0.0,0.0,2316.36,2317.92,2054.03,53.71,CASH,Clean exit: NDX 2316.4 broke below SMA50 (2317.9),5179.66,51.8,30.44,98.89
2011-03-28,CASH,0.0,15185.27,15185.27,0.0,0.0,2303.1,2317.87,2055.41,51.2,CASH,Clean exit: NDX 2303.1 broke below SMA50 (2317.9),5185.27,51.85,29.7,95.52
2011-03-29,CASH,0.0,15187.14,15187.14,0.0,0.0,2325.54,2317.91,2056.87,55.03,CASH,1% confirmation buffer: NDX 2325.5 <= threshold (2341.1),5187.14,51.87,30.96,101.13
2011-03-30,CASH,0.0,15189.02,15189.02,0.0,0.0,2336.52,2318.07,2058.31,56.82,CASH,1% confirmation buffer: NDX 2336.5 <= threshold (2341.2),5189.02,51.89,31.58,104.09
2011-03-31,CASH,0.0,15190.89,15190.89,0.0,0.0,2338.99,2318.78,2059.74,57.23,CASH,1% confirmation buffer: NDX 2339.0 <= threshold (2342.0),5190.89,51.91,31.72,104.96
2011-04-01,CASH,0.0,15192.76,15192.76,0.0,0.0,2342.92,2319.92,2061.2,57.92,CASH,1% confirmation buffer: NDX 2342.9 <= threshold (2343.1),5192.76,51.93,31.94,105.27
2011-04-04,CASH,0.0,15198.38,15198.38,0.0,0.0,2334.54,2321.24,2062.61,55.86,CASH,1% confirmation buffer: NDX 2334.5 <= threshold (2344.5),5198.38,51.98,31.47,103.42
2011-04-05,CASH,0.0,15200.26,15200.26,0.0,0.0,2327.87,2321.79,2063.95,54.2,CASH,1% confirmation buffer: NDX 2327.9 <= threshold (2345.0),5200.26,52.0,31.09,101.11
2011-04-06,CASH,0.0,15202.13,15202.13,0.0,0.0,2332.34,2322.36,2065.29,55.16,CASH,1% confirmation buffer: NDX 2332.3 <= threshold (2345.6),5202.13,52.02,31.34,102.62
2011-04-07,CASH,0.0,15204.0,15204.0,0.0,0.0,2332.88,2322.73,2066.61,55.28,CASH,1% confirmation buffer: NDX 2332.9 <= threshold (2346.0),5204.0,52.04,31.38,102.58
2011-04-08,CASH,0.0,15205.88,15205.88,0.0,0.0,2321.18,2322.55,2067.78,51.99,CASH,Clean exit: NDX 2321.2 broke below SMA50 (2322.6),5205.88,52.06,30.72,99.54
2011-04-11,CASH,0.0,15211.5,15211.5,0.0,0.0,2314.5,2323.43,2068.88,50.15,CASH,Clean exit: NDX 2314.5 broke below SMA50 (2323.4),5211.5,52.12,30.34,97.74
2011-04-12,CASH,0.0,15213.38,15213.38,0.0,0.0,2298.3,2323.76,2070.03,45.92,CASH,Clean exit: NDX 2298.3 broke below SMA50 (2323.8),5213.38,52.13,29.43,93.84
2011-04-13,CASH,0.0,15215.25,15215.25,0.0,0.0,2316.63,2323.59,2071.24,50.96,CASH,Clean exit: NDX 2316.6 broke below SMA50 (2323.6),5215.25,52.15,30.46,98.46
2011-04-14,CASH,0.0,15217.13,15217.13,0.0,0.0,2311.25,2323.4,2072.39,49.5,CASH,Clean exit: NDX 2311.2 broke below SMA50 (2323.4),5217.13,52.17,30.16,97.38
2011-04-15,CASH,0.0,15219.0,15219.0,0.0,0.0,2307.58,2323.09,2073.48,48.48,CASH,Clean exit: NDX 2307.6 broke below SMA50 (2323.1),5219.0,52.19,29.95,96.1
2011-04-18,CASH,0.0,15224.63,15224.63,0.0,0.0,2292.34,2322.17,2074.47,44.39,CASH,Clean exit: NDX 2292.3 broke below SMA50 (2322.2),5224.63,52.25,29.09,92.32
2011-04-19,CASH,0.0,15226.51,15226.51,0.0,0.0,2306.77,2321.32,2075.48,48.8,CASH,Clean exit: NDX 2306.8 broke below SMA50 (2321.3),5226.51,52.27,29.9,95.79
2011-04-20,TQQQ_100,1.0,15228.39,0.0,35542.4924,0.0,2357.76,2321.2,2076.71,60.66,TQQQ_100,"Bull trend confirmed: Price > SMA50 & SMA250, RSI 60.7",5228.39,52.28,32.78,108.81
2011-04-21,TQQQ_100,1.0,15614.75,0.0,35542.4924,0.0,2377.3,2321.53,2078.19,64.09,TQQQ_100,"Bull trend confirmed: Price > SMA50 & SMA250, RSI 64.1",5614.75,56.15,33.88,114.11
2011-04-25,TQQQ_100,1.0,15730.64,0.0,35542.4924,0.0,2383.72,2321.92,2079.7,65.17,TQQQ_100,"Bull trend confirmed: Price > SMA50 & SMA250, RSI 65.2",5730.64,57.31,34.24,115.7
2011-04-26,TQQQ_100,1.0,16001.11,0.0,35542.4924,0.0,2396.03,2322.26,2081.11,67.2,TQQQ_100,"Bull trend confirmed: Price > SMA50 & SMA250, RSI 67.2",6001.11,60.01,34.93,119.41
2011-04-27,TQQQ_100,1.0,16333.05,0.0,35542.4924,0.0,2413.59,2322.82,2082.76,69.89,TQQQ_100,"Bull trend confirmed: Price > SMA50 & SMA250, RSI 69.9",6333.05,63.33,35.92,123.96
2011-04-28,TQQQ_100,1.0,16308.47,0.0,35542.4924,0.0,2409.9,2323.38,2084.28,68.62,TQQQ_100,"Bull trend confirmed: Price > SMA50 & SMA250, RSI 68.6",6308.47,63.08,35.71,123.62
2011-04-29,TQQQ_100,1.0,16229.43,0.0,35542.4924,0.0,2404.08,2323.5,2086.02,66.55,TQQQ_100,"Bull trend confirmed: Price > SMA50 & SMA250, RSI 66.6",6229.43,62.29,35.38,122.54
2011-05-02,TQQQ_100,1.0,16141.62,0.0,35542.4924,0.0,2404.24,2323.63,2087.8,66.58,TQQQ_100,"Bull trend confirmed: Price > SMA50 & SMA250, RSI 66.6",6141.62,61.42,35.39,121.34
2011-05-03,TQQQ_100,1.0,15899.24,0.0,35542.4924,0.0,2392.8,2323.64,2089.8,62.32,TQQQ_100,"Bull trend confirmed: Price > SMA50 & SMA250, RSI 62.3",5899.24,58.99,34.75,118.01
2011-05-04,TQQQ_100,1.0,15806.18,0.0,35542.4924,0.0,2387.51,2324.93,2091.95,60.39,TQQQ_100,"Bull trend confirmed: Price > SMA50 & SMA250, RSI 60.4",5806.18,58.06,34.45,116.74
2011-05-05,TQQQ_100,1.0,15569.09,0.0,35542.4924,0.0,2375.21,2326.42,2093.68,56.05,TQQQ_100,"Bull trend confirmed: Price > SMA50 & SMA250, RSI 56.0",5569.09,55.69,33.76,113.49
2011-05-06,TQQQ_100,1.0,15704.31,0.0,35542.4924,0.0,2383.18,2327.81,2095.45,58.15,TQQQ_100,"Bull trend confirmed: Price > SMA50 & SMA250, RSI 58.1",5704.31,57.04,34.21,115.34
2011-05-09,TQQQ_100,1.0,15874.66,0.0,35542.4924,0.0,2390.97,2328.71,2097.11,60.15,TQQQ_100,"Bull trend confirmed: Price > SMA50 & SMA250, RSI 60.2",5874.66,58.75,34.65,117.68
2011-05-10,TQQQ_100,1.0,16282.13,0.0,35542.4924,0.0,2411.35,2329.91,2098.98,64.89,TQQQ_100,"Bull trend confirmed: Price > SMA50 & SMA250, RSI 64.9",6282.13,62.82,35.79,123.26
2011-05-11,TQQQ_100,1.0,15930.87,0.0,35542.4924,0.0,2393.08,2331.47,2100.92,58.21,TQQQ_100,"Bull trend confirmed: Price > SMA50 & SMA250, RSI 58.2",5930.87,59.31,34.77,118.45
2011-05-12,TQQQ_100,1.0,16211.86,0.0,35542.4924,0.0,2407.89,2333.09,2102.89,61.65,TQQQ_100,"Bull trend confirmed: Price > SMA50 & SMA250, RSI 61.7",6211.86,62.12,35.6,122.3
2011-05-13,TQQQ_100,1.0,15637.58,0.0,35542.4924,0.0,2379.24,2333.24,2104.86,52.62,TQQQ_100,"Bull trend confirmed: Price > SMA50 & SMA250, RSI 52.6",5637.58,56.38,33.99,114.43
2011-05-16,TQQQ_100,1.0,14824.43,0.0,35542.4924,0.0,2337.85,2332.8,2106.72,42.85,TQQQ_100,"Bull trend confirmed: Price > SMA50 & SMA250, RSI 42.8",4824.43,48.24,31.65,103.28
2011-05-17,TQQQ_100,1.0,14945.61,0.0,35542.4924,0.0,2343.51,2333.11,2108.89,44.37,TQQQ_100,"Bull trend confirmed: Price > SMA50 & SMA250, RSI 44.4",4945.61,49.46,31.97,104.94
2011-05-18,TQQQ_100,1.0,15309.14,0.0,35542.4924,0.0,2362.95,2333.62,2111.05,49.35,TQQQ_100,"Bull trend confirmed: Price > SMA50 & SMA250, RSI 49.4",5309.14,53.09,33.07,109.92
2011-05-19,TQQQ_100,1.0,15440.89,0.0,35542.4924,0.0,2369.67,2334.56,2113.27,50.99,TQQQ_100,"Bull trend confirmed: Price > SMA50 & SMA250, RSI 51.0",5440.89,54.41,33.45,111.73
2011-05-20,TQQQ_100,1.0,15100.18,0.0,35542.4924,0.0,2351.43,2335.9,2115.41,46.59,TQQQ_100,"Bull trend confirmed: Price > SMA50 & SMA250, RSI 46.6",5100.18,51.0,32.42,107.06
2011-05-23,CASH,0.0,14445.07,14445.07,0.0,0.0,2316.78,2336.25,2117.49,39.6,CASH,Clean exit: NDX 2316.8 broke below SMA50 (2336.3),4445.07,44.45,30.47,98.07
2011-05-24,CASH,0.0,14446.86,14446.86,0.0,0.0,2303.55,2336.51,2119.25,37.3,CASH,Clean exit: NDX 2303.6 broke below SMA50 (2336.5),4446.86,44.47,29.72,94.34
2011-05-25,CASH,0.0,14448.64,14448.64,0.0,0.0,2310.95,2337.53,2121.09,39.42,CASH,Clean exit: NDX 2310.9 broke below SMA50 (2337.5),4448.64,44.49,30.14,96.51
2011-05-26,CASH,0.0,14450.42,14450.42,0.0,0.0,2325.93,2339.99,2123.05,43.58,CASH,Clean exit: NDX 2325.9 broke below SMA50 (2340.0),4450.42,44.5,30.98,100.19
2011-05-27,CASH,0.0,14452.2,14452.2,0.0,0.0,2336.09,2342.21,2124.88,46.27,CASH,Clean exit: NDX 2336.1 broke below SMA50 (2342.2),4452.2,44.52,31.56,103.18
2011-05-31,TQQQ_100,1.0,14459.33,0.0,33091.1541,0.0,2372.54,2345.24,2126.79,54.64,TQQQ_100,"Bull trend confirmed: Price > SMA50 & SMA250, RSI 54.6",4459.33,44.59,33.61,112.96
2011-06-01,CASH,0.0,13535.49,13535.49,0.0,0.0,2322.48,2346.43,2128.75,44.41,CASH,Clean exit: NDX 2322.5 broke below SMA50 (2346.4),3535.49,35.35,30.79,99.35
2011-06-02,CASH,0.0,13537.16,13537.16,0.0,0.0,2326.7,2347.81,2130.86,45.34,CASH,Clean exit: NDX 2326.7 broke below SMA50 (2347.8),3537.16,35.37,31.03,100.51
2011-06-03,CASH,0.0,13538.83,13538.83,0.0,0.0,2292.31,2348.25,2132.85,39.54,CASH,Clean exit: NDX 2292.3 broke below SMA50 (2348.2),3538.83,35.39,29.09,91.4
2011-06-06,CASH,0.0,13543.83,13543.83,0.0,0.0,2274.48,2347.49,2134.83,36.91,CASH,Clean exit: NDX 2274.5 broke below SMA50 (2347.5),3543.83,35.44,28.09,86.78
2011-06-07,CASH,0.0,13545.5,13545.5,0.0,0.0,2268.96,2346.55,2136.59,36.1,CASH,Clean exit: NDX 2269.0 broke below SMA50 (2346.5),3545.5,35.46,27.78,85.7
2011-06-08,CASH,0.0,13547.17,13547.17,0.0,0.0,2252.89,2345.54,2138.21,33.8,CASH,Clean exit: NDX 2252.9 broke below SMA50 (2345.5),3547.17,35.47,26.87,81.7
2011-06-09,CASH,0.0,13548.84,13548.84,0.0,0.0,2256.65,2344.16,2139.85,34.85,CASH,Clean exit: NDX 2256.6 broke below SMA50 (2344.2),3548.84,35.49,27.08,82.49
2011-06-10,CASH,0.0,13550.51,13550.51,0.0,0.0,2221.09,2341.86,2141.15,30.01,CASH,Clean exit: NDX 2221.1 broke below SMA50 (2341.9),3550.51,35.51,25.08,74.11
2011-06-13,CASH,0.0,13555.52,13555.52,0.0,0.0,2222.28,2339.52,2142.42,30.36,CASH,Clean exit: NDX 2222.3 broke below SMA50 (2339.5),3555.52,35.56,25.15,74.23
2011-06-14,CASH,0.0,13557.2,13557.2,0.0,0.0,2250.34,2337.67,2143.78,38.17,CASH,Clean exit: NDX 2250.3 broke below SMA50 (2337.7),3557.2,35.57,26.73,80.71
2011-06-15,CASH,0.0,13558.87,13558.87,0.0,0.0,2209.01,2335.16,2144.96,32.41,CASH,Clean exit: NDX 2209.0 broke below SMA50 (2335.2),3558.87,35.59,24.4,70.84
2011-06-16,CASH,0.0,13560.54,13560.54,0.0,0.0,2199.93,2332.6,2146.17,31.29,CASH,Clean exit: NDX 2199.9 broke below SMA50 (2332.6),3560.54,35.61,23.89,68.45
2011-06-17,CASH,0.0,13562.21,13562.21,0.0,0.0,2192.96,2329.81,2147.42,30.42,CASH,Clean exit: NDX 2193.0 broke below SMA50 (2329.8),3562.21,35.62,23.5,67.2
2011-06-20,CASH,0.0,13567.23,13567.23,0.0,0.0,2204.36,2327.24,2148.74,33.66,CASH,Clean exit: NDX 2204.4 broke below SMA50 (2327.2),3567.23,35.67,24.14,69.42
2011-06-21,CASH,0.0,13568.9,13568.9,0.0,0.0,2251.82,2325.85,2150.37,45.12,CASH,Clean exit: NDX 2251.8 broke below SMA50 (2325.9),3568.9,35.69,26.81,80.71
2011-06-22,CASH,0.0,13570.57,13570.57,0.0,0.0,2235.75,2324.28,2151.96,42.45,CASH,Clean exit: NDX 2235.8 broke below SMA50 (2324.3),3570.57,35.71,25.91,76.64
2011-06-23,CASH,0.0,13572.25,13572.25,0.0,0.0,2255.05,2323.41,2153.64,46.55,CASH,Clean exit: NDX 2255.1 broke below SMA50 (2323.4),3572.25,35.72,26.99,81.53
2011-06-24,CASH,0.0,13573.92,13573.92,0.0,0.0,2217.06,2321.42,2155.45,40.44,CASH,Clean exit: NDX 2217.1 broke below SMA50 (2321.4),3573.92,35.74,24.85,71.97
2011-06-27,CASH,0.0,13578.94,13578.94,0.0,0.0,2252.24,2320.24,2157.5,47.33,CASH,Clean exit: NDX 2252.2 broke below SMA50 (2320.2),3578.94,35.79,26.83,80.33
2011-06-28,CASH,0.0,13580.61,13580.61,0.0,0.0,2285.75,2319.81,2159.71,52.92,CASH,Clean exit: NDX 2285.8 broke below SMA50 (2319.8),3580.61,35.81,28.72,88.42
2011-06-29,CASH,0.0,13582.29,13582.29,0.0,0.0,2294.43,2319.85,2161.97,54.27,CASH,Clean exit: NDX 2294.4 broke below SMA50 (2319.8),3582.29,35.82,29.21,90.78
2011-06-30,CASH,0.0,13583.96,13583.96,0.0,0.0,2325.07,2320.21,2164.33,58.77,CASH,1% confirmation buffer: NDX 2325.1 <= threshold (2343.4),3583.96,35.84,30.94,98.03
2011-07-01,TQQQ_100,1.0,13585.64,0.0,31955.3233,0.0,2361.39,2320.29,2166.62,63.38,TQQQ_100,"Bull trend confirmed: Price > SMA50 & SMA250, RSI 63.4",3585.64,35.86,32.98,107.2
2011-07-05,TQQQ_100,1.0,13781.42,0.0,31955.3233,0.0,2371.21,2320.16,2168.91,64.53,TQQQ_100,"Bull trend confirmed: Price > SMA50 & SMA250, RSI 64.5",3781.42,37.81,33.53,110.19
2011-07-06,TQQQ_100,1.0,13928.28,0.0,31955.3233,0.0,2378.58,2320.06,2171.17,65.41,TQQQ_100,"Bull trend confirmed: Price > SMA50 & SMA250, RSI 65.4",3928.28,39.28,33.95,112.43
2011-07-07,TQQQ_100,1.0,14491.98,0.0,31955.3233,0.0,2412.89,2320.4,2173.53,69.24,TQQQ_100,"Bull trend confirmed: Price > SMA50 & SMA250, RSI 69.2",4491.98,44.92,35.88,121.02
2011-07-08,TQQQ_100,1.0,14371.99,0.0,31955.3233,0.0,2405.89,2320.25,2175.78,67.59,TQQQ_100,"Bull trend confirmed: Price > SMA50 & SMA250, RSI 67.6",4371.99,43.72,35.49,119.19
2011-07-11,TQQQ_100,1.0,13601.43,0.0,31955.3233,0.0,2362.0,2319.29,2177.81,58.26,TQQQ_100,"Bull trend confirmed: Price > SMA50 & SMA250, RSI 58.3",3601.43,36.01,33.01,107.44
2011-07-12,TQQQ_100,1.0,13269.83,0.0,31955.3233,0.0,2343.79,2318.08,2179.76,54.87,TQQQ_100,"Bull trend confirmed: Price > SMA50 & SMA250, RSI 54.9",3269.83,32.7,31.99,102.38
2011-07-13,TQQQ_100,1.0,13446.7,0.0,31955.3233,0.0,2352.43,2317.05,2181.96,56.17,TQQQ_100,"Bull trend confirmed: Price > SMA50 & SMA250, RSI 56.2",3446.7,34.47,32.48,105.08
2011-07-14,TQQQ_100,1.0,12984.03,0.0,31955.3233,0.0,2325.06,2315.69,2183.98,51.14,TQQQ_100,"Bull trend confirmed: Price > SMA50 & SMA250, RSI 51.1",2984.03,29.84,30.93,98.03
2011-07-15,TQQQ_100,1.0,13500.39,0.0,31955.3233,0.0,2356.67,2315.07,2186.04,56.04,TQQQ_100,"Bull trend confirmed: Price > SMA50 & SMA250, RSI 56.0",3500.39,35.0,32.71,105.9
2011-07-18,TQQQ_100,1.0,13277.74,0.0,31955.3233,0.0,2344.01,2314.45,2188.15,53.71,TQQQ_100,"Bull trend confirmed: Price > SMA50 & SMA250, RSI 53.7",3277.74,32.78,32.0,102.5
2011-07-19,TQQQ_100,1.0,14214.07,0.0,31955.3233,0.0,2398.17,2314.75,2190.29,61.14,TQQQ_100,"Bull trend confirmed: Price > SMA50 & SMA250, RSI 61.1",4214.07,42.14,35.05,116.79
2011-07-20,TQQQ_100,1.0,14015.13,0.0,31955.3233,0.0,2387.8,2314.69,2192.34,59.18,TQQQ_100,"Bull trend confirmed: Price > SMA50 & SMA250, RSI 59.2",4015.13,40.15,34.47,113.75
2011-07-21,TQQQ_100,1.0,14299.35,0.0,31955.3233,0.0,2404.24,2314.54,2194.4,61.3,TQQQ_100,"Bull trend confirmed: Price > SMA50 & SMA250, RSI 61.3",4299.35,42.99,35.39,118.09
2011-07-22,TQQQ_50,0.5,14743.03,7371.52,15977.6616,0.0,2429.5,2315.27,2196.56,64.35,TQQQ_50,Bearish RSI divergence,4743.03,47.43,36.82,124.85
2011-07-25,TQQQ_50,0.5,14702.35,7374.24,15977.6616,0.0,2424.15,2315.6,2198.77,63.21,TQQQ_50,Bearish RSI divergence,4702.35,47.02,36.51,123.53
2011-07-26,TQQQ_50,0.5,14743.52,7375.15,15977.6616,0.0,2429.45,2316.6,2201.04,63.89,TQQQ_50,Bearish RSI divergence,4743.52,47.44,36.81,124.76
2011-07-27,TQQQ_50,0.5,14185.46,7376.06,15977.6616,0.0,2367.16,2317.19,2203.05,51.76,TQQQ_50,Bearish RSI divergence,4185.46,41.85,33.31,107.71
2011-07-28,TQQQ_50,0.5,14222.69,7376.97,15977.6616,0.0,2371.77,2317.75,2204.95,52.48,TQQQ_50,Bearish RSI divergence,4222.69,42.23,33.57,108.81
2011-07-29,TQQQ_50,0.5,14157.28,7377.88,15977.6616,0.0,2362.81,2317.75,2206.83,50.89,TQQQ_50,Bearish RSI divergence,4157.28,41.57,33.06,106.79
2011-08-01,TQQQ_50,0.5,14068.43,7380.61,15977.6616,0.0,2354.05,2317.44,2208.61,49.32,TQQQ_50,Bearish RSI divergence,4068.43,40.68,32.57,104.0
2011-08-02,CASH,0.0,13561.68,13561.68,0.0,0.0,2292.85,2316.27,2210.16,40.02,CASH,Clean exit: NDX 2292.9 broke below SMA50 (2316.3),3561.68,35.62,29.12,88.51
2011-08-03,CASH,0.0,13563.36,13563.36,0.0,0.0,2312.78,2316.19,2211.8,43.74,CASH,Clean exit: NDX 2312.8 broke below SMA50 (2316.2),3563.36,35.63,30.24,93.4
2011-08-04,CASH,0.0,13565.03,13565.03,0.0,0.0,2207.2,2314.26,2212.97,32.31,CASH,Defensive cash in bear regime,3565.03,35.65,24.3,67.08
2011-08-05,CASH,0.0,13566.7,13566.7,0.0,0.0,2194.38,2311.93,2214.15,31.24,CASH,Defensive cash in bear regime,3566.7,35.67,23.58,63.4
2011-08-08,CASH,0.0,13571.72,13571.72,0.0,0.0,2060.29,2306.62,2215.01,22.76,CASH,Defensive cash in bear regime,3571.72,35.72,16.02,34.69
2011-08-09,SQQQ,0.0,13573.39,0.0,0.0,0.0039,2160.79,2303.11,2216.32,36.64,SQQQ,"Bear signal: Below SMAs, RSI 36.6 in SQQQ zone",3573.39,35.73,21.68,53.14
2011-08-10,CASH,0.0,15096.21,15096.21,0.0,0.0,2073.09,2297.12,2217.34,31.35,CASH,Defensive cash in bear regime,5096.21,50.96,16.75,35.08
2011-08-11,SQQQ,0.0,15098.07,0.0,0.0,0.0045,2167.07,2294.01,2218.72,41.15,SQQQ,"Bear signal: Below SMAs, RSI 41.2 in SQQQ zone",5098.07,50.98,22.04,52.41
2011-08-12,SQQQ,0.0,14698.48,0.0,0.0,0.0045,2182.05,2291.12,2220.07,42.56,SQQQ,"Bear signal: Below SMAs, RSI 42.6 in SQQQ zone",4698.48,46.98,22.88,56.29
2011-08-15,SQQQ,0.0,14055.9,0.0,0.0,0.0045,2214.12,2289.56,2221.52,45.57,SQQQ,"Bear signal: Below SMAs, RSI 45.6 in SQQQ zone",4055.9,40.56,24.69,63.03
2011-08-16,SQQQ,0.0,14423.08,0.0,0.0,0.0045,2194.27,2287.95,2223.01,44.03,SQQQ,"Bear signal: Below SMAs, RSI 44.0 in SQQQ zone",4423.08,44.23,23.57,58.84
2011-08-17,SQQQ,0.0,14671.48,0.0,0.0,0.0045,2181.62,2286.2,2224.43,43.04,SQQQ,"Bear signal: Below SMAs, RSI 43.0 in SQQQ zone",4671.48,46.71,22.86,56.27
2011-08-18,SQQQ,0.0,16782.83,0.0,0.0,0.0045,2073.03,2282.61,2225.49,35.6,SQQQ,"Bear signal: Below SMAs, RSI 35.6 in SQQQ zone",6782.83,67.83,16.74,33.61
2011-08-19,CASH,0.0,17706.21,17706.21,0.0,0.0,2038.22,2278.24,2226.54,33.6,CASH,Defensive cash in bear regime,7706.21,77.06,14.78,26.12
2011-08-22,CASH,0.0,17712.76,17712.76,0.0,0.0,2044.73,2274.71,2227.56,34.34,CASH,Defensive cash in bear regime,7712.76,77.13,15.15,27.25
2011-08-23,SQQQ,0.0,17714.95,0.0,0.0,0.0052,2129.27,2272.85,2229.0,43.24,SQQQ,"Bear signal: Below SMAs, RSI 43.2 in SQQQ zone",7714.95,77.15,19.91,43.0
2011-08-24,SQQQ,0.0,17273.63,0.0,0.0,0.0052,2145.04,2270.75,2230.41,44.74,SQQQ,"Bear signal: Below SMAs, RSI 44.7 in SQQQ zone",7273.63,72.74,20.8,46.37
2011-08-25,SQQQ,0.0,18100.32,0.0,0.0,0.0052,2108.21,2268.73,2231.76,41.95,SQQQ,"Bear signal: Below SMAs, RSI 41.9 in SQQQ zone",8100.32,81.0,18.72,39.34
2011-08-26,SQQQ,0.0,16763.93,0.0,0.0,0.0052,2161.97,2267.97,2233.33,47.14,SQQQ,"Bear signal: Below SMAs, RSI 47.1 in SQQQ zone",6763.93,67.64,21.75,49.4
2011-08-29,SQQQ,0.0,15346.74,0.0,0.0,0.0052,2223.96,2268.59,2234.95,52.43,SQQQ,"Bear signal: Below SMAs, RSI 52.4 in SQQQ zone",5346.74,53.47,25.24,62.12
2011-08-30,CASH,0.0,15067.02,15067.02,0.0,0.0,2237.69,2269.26,2236.54,53.53,CASH,Clean exit: NDX 2237.7 broke below SMA50 (2269.3),5067.02,50.67,26.01,65.42
2011-08-31,CASH,0.0,15068.88,15068.88,0.0,0.0,2241.01,2269.04,2238.02,53.81,CASH,Clean exit: NDX 2241.0 broke below SMA50 (2269.0),5068.88,50.69,26.2,66.38
2011-09-01,SQQQ,0.0,15070.74,0.0,0.0,0.0051,2219.05,2268.71,2239.47,51.6,SQQQ,"Bear signal: Below SMAs, RSI 51.6 in SQQQ zone",5070.74,50.71,24.96,61.69
2011-09-02,SQQQ,0.0,16099.82,0.0,0.0,0.0051,2167.83,2266.96,2240.62,46.76,SQQQ,"Bear signal: Below SMAs, RSI 46.8 in SQQQ zone",6099.82,61.0,22.08,50.37
2011-09-06,SQQQ,0.0,16099.82,0.0,0.0,0.0051,2167.6,2265.97,2241.75,46.74,SQQQ,"Bear signal: Below SMAs, RSI 46.7 in SQQQ zone",6099.82,61.0,22.07,50.34
2011-09-07,SQQQ,0.0,14869.8,0.0,0.0,0.0051,2223.75,2265.4,2243.07,52.41,SQQQ,"Bear signal: Below SMAs, RSI 52.4 in SQQQ zone",4869.8,48.7,25.23,61.71
2011-09-08,SQQQ,0.0,15076.83,0.0,0.0,0.0051,2214.29,2263.97,2244.25,51.42,SQQQ,"Bear signal: Below SMAs, RSI 51.4 in SQQQ zone",5076.83,50.77,24.7,59.47
2011-09-09,SQQQ,0.0,16063.28,0.0,0.0,0.0051,2163.66,2261.36,2245.19,46.35,SQQQ,"Bear signal: Below SMAs, RSI 46.4 in SQQQ zone",6063.28,60.63,21.85,48.97
2011-09-12,SQQQ,0.0,15442.18,0.0,0.0,0.0051,2191.84,2258.69,2246.19,49.34,SQQQ,"Bear signal: Below SMAs, RSI 49.3 in SQQQ zone",5442.18,54.42,23.43,54.56
2011-09-13,SQQQ,0.0,14845.44,0.0,0.0,0.0051,2220.58,2255.88,2247.28,52.27,SQQQ,"Bear signal: Below SMAs, RSI 52.3 in SQQQ zone",4845.44,48.45,25.05,60.55
2011-09-14,CASH,0.0,14224.34,14224.34,0.0,0.0,2252.75,2253.51,2248.47,55.37,CASH,Clean exit: NDX 2252.8 broke below SMA50 (2253.5),4224.34,42.24,26.86,67.49
2011-09-15,TQQQ_100,1.0,14226.09,0.0,39596.337,0.0,2286.56,2251.67,2249.66,58.43,TQQQ_100,"Bull trend confirmed: Price > SMA50 & SMA250, RSI 58.4",4226.09,42.26,28.77,75.1
2011-09-16,TQQQ_100,1.0,14597.85,0.0,39596.337,0.0,2306.09,2249.53,2250.93,60.13,TQQQ_100,"Bull trend confirmed: Price > SMA50 & SMA250, RSI 60.1",4597.85,45.98,29.87,79.68
2011-09-19,TQQQ_100,1.0,14635.0,0.0,39596.337,0.0,2308.76,2247.59,2252.23,60.37,TQQQ_100,"Bull trend confirmed: Price > SMA50 & SMA250, RSI 60.4",4635.0,46.35,30.02,80.13
2011-09-20,TQQQ_100,1.0,14427.64,0.0,39596.337,0.0,2295.89,2246.27,2253.49,58.55,TQQQ_100,"Bull trend confirmed: Price > SMA50 & SMA250, RSI 58.5",4427.64,44.28,29.29,77.58
2011-09-21,TQQQ_100,1.0,13693.9,0.0,39596.337,0.0,2258.3,2244.56,2254.43,53.48,TQQQ_100,"Bull trend confirmed: Price > SMA50 & SMA250, RSI 53.5",3693.9,36.94,27.18,68.55
2011-09-22,SQQQ,0.0,12361.52,0.0,0.0,0.0041,2184.59,2241.2,2255.12,45.21,SQQQ,"Bear signal: Below SMAs, RSI 45.2 in SQQQ zone",2361.52,23.62,23.02,52.15
2011-09-23,SQQQ,0.0,11965.59,0.0,0.0,0.0041,2206.86,2238.84,2255.9,47.84,SQQQ,"Bear signal: Below SMAs, RSI 47.8 in SQQQ zone",1965.59,19.66,24.28,56.89
2011-09-26,SQQQ,0.0,11559.9,0.0,0.0,0.0041,2234.28,2236.39,2256.8,50.95,SQQQ,"Bear signal: Below SMAs, RSI 51.0 in SQQQ zone",1559.9,15.6,25.82,62.22
2011-09-27,CASH,0.0,11217.75,11217.75,0.0,0.0,2253.55,2234.58,2257.82,53.07,CASH,1% confirmation buffer below SMA250,1217.75,12.18,26.91,67.18
2011-09-28,SQQQ,0.0,11219.13,0.0,0.0,0.0039,2220.84,2231.03,2258.72,49.18,SQQQ,"Bear signal: Below SMAs, RSI 49.2 in SQQQ zone",1219.13,12.19,25.07,59.3
2011-09-29,SQQQ,0.0,11579.53,0.0,0.0,0.0039,2197.68,2227.23,2259.61,46.58,SQQQ,"Bear signal: Below SMAs, RSI 46.6 in SQQQ zone",1579.53,15.8,23.76,54.58
2011-09-30,SQQQ,0.0,12468.82,0.0,0.0,0.0039,2139.18,2221.93,2260.06,40.73,SQQQ,"Bear signal: Below SMAs, RSI 40.7 in SQQQ zone",2468.82,24.69,20.47,42.56
2011-10-03,SQQQ,0.0,13465.76,0.0,0.0,0.0039,2085.04,2215.04,2260.38,36.19,SQQQ,"Bear signal: Below SMAs, RSI 36.2 in SQQQ zone",3465.76,34.66,17.42,31.39
2011-10-04,SQQQ,0.0,12613.91,0.0,0.0,0.0039,2129.21,2209.14,2260.85,41.88,SQQQ,"Bear signal: Below SMAs, RSI 41.9 in SQQQ zone",2613.91,26.14,19.91,39.39
2011-10-05,SQQQ,0.0,11663.77,0.0,0.0,0.0039,2182.77,2204.21,2261.47,47.94,SQQQ,"Bear signal: Below SMAs, RSI 47.9 in SQQQ zone",1663.77,16.64,22.92,49.98
2011-10-06,CASH,0.0,11074.03,11074.03,0.0,0.0,2217.99,2201.22,2262.24,51.52,CASH,1% confirmation buffer below SMA250,1074.03,10.74,24.91,57.69
2011-10-07,CASH,0.0,11075.4,11075.4,0.0,0.0,2202.76,2197.84,2262.88,49.92,CASH,1% confirmation buffer below SMA250,1075.4,10.75,24.05,54.44
2011-10-10,TQQQ_100,1.0,11079.49,0.0,31710.4888,0.0,2278.65,2196.16,2263.77,57.07,TQQQ_100,"Bull trend confirmed: Price > SMA50 & SMA250, RSI 57.1",1079.49,10.79,28.32,70.28
2011-10-11,TQQQ_100,1.0,11316.11,0.0,31710.4888,0.0,2294.92,2194.98,2264.73,58.44,TQQQ_100,"Bull trend confirmed: Price > SMA50 & SMA250, RSI 58.4",1316.11,13.16,29.24,73.92
2011-10-12,TQQQ_100,1.0,11497.88,0.0,31710.4888,0.0,2307.18,2195.26,2265.57,59.49,TQQQ_100,"Bull trend confirmed: Price > SMA50 & SMA250, RSI 59.5",1497.88,14.98,29.93,76.71
2011-10-13,TQQQ_100,1.0,11806.54,0.0,31710.4888,0.0,2326.88,2195.55,2266.46,61.18,TQQQ_100,"Bull trend confirmed: Price > SMA50 & SMA250, RSI 61.2",1806.54,18.07,31.04,81.46
2011-10-14,TQQQ_100,1.0,12456.81,0.0,31710.4888,0.0,2371.94,2198.84,2267.67,64.81,TQQQ_100,"Bull trend confirmed: Price > SMA50 & SMA250, RSI 64.8",2456.81,24.57,33.57,91.45
2011-10-17,TQQQ_100,1.0,11880.19,0.0,31710.4888,0.0,2334.38,2201.64,2268.66,59.79,TQQQ_100,"Bull trend confirmed: Price > SMA50 & SMA250, RSI 59.8",1880.19,18.8,31.46,82.59
2011-10-18,TQQQ_100,1.0,12311.09,0.0,31710.4888,0.0,2364.87,2207.73,2269.76,62.34,TQQQ_100,"Bull trend confirmed: Price > SMA50 & SMA250, RSI 62.3",2311.09,23.11,33.18,89.21
2011-10-19,TQQQ_100,1.0,11601.27,0.0,31710.4888,0.0,2316.81,2210.85,2270.61,56.29,TQQQ_100,"Bull trend confirmed: Price > SMA50 & SMA250, RSI 56.3",1601.27,16.01,30.47,78.3
2011-10-20,TQQQ_100,1.0,11453.98,0.0,31710.4888,0.0,2306.29,2215.52,2271.38,55.03,TQQQ_100,"Bull trend confirmed: Price > SMA50 & SMA250, RSI 55.0",1453.98,14.54,29.88,76.04
2011-10-21,TQQQ_100,1.0,11861.39,0.0,31710.4888,0.0,2335.93,2218.89,2272.25,57.89,TQQQ_100,"Bull trend confirmed: Price > SMA50 & SMA250, RSI 57.9",1861.39,18.61,31.55,82.3
2011-10-24,TQQQ_100,1.0,12602.51,0.0,31710.4888,0.0,2384.42,2222.94,2273.28,62.13,TQQQ_100,"Bull trend confirmed: Price > SMA50 & SMA250, RSI 62.1",2602.51,26.03,34.28,93.69
2011-10-25,TQQQ_100,1.0,11888.01,0.0,31710.4888,0.0,2335.87,2225.38,2274.11,56.04,TQQQ_100,"Bull trend confirmed: Price > SMA50 & SMA250, RSI 56.0",1888.01,18.88,31.54,82.71
2011-10-26,TQQQ_100,1.0,11841.02,0.0,31710.4888,0.0,2334.79,2228.19,2274.95,55.91,TQQQ_100,"Bull trend confirmed: Price > SMA50 & SMA250, RSI 55.9",1841.02,18.41,31.48,81.99
2011-10-27,TQQQ_100,1.0,12795.26,0.0,31710.4888,0.0,2399.83,2232.55,2276.03,61.72,TQQQ_100,"Bull trend confirmed: Price > SMA50 & SMA250, RSI 61.7",2795.26,27.95,35.15,96.65
2011-10-28,TQQQ_50,0.5,12837.56,6418.78,15855.2444,0.0,2401.29,2239.12,2277.03,61.85,TQQQ_50,Bearish RSI divergence,2837.56,28.38,35.23,97.3
2011-10-31,TQQQ_50,0.5,12521.86,6421.16,15855.2444,0.0,2360.08,2245.55,2277.84,56.4,TQQQ_50,Bearish RSI divergence,2521.86,25.22,32.91,87.53
2011-11-01,TQQQ_50,0.5,12050.23,6421.95,15855.2444,0.0,2298.37,2250.63,2278.28,49.38,TQQQ_50,Bearish RSI divergence,2050.23,20.5,29.43,73.0
2011-11-02,TQQQ_50,0.5,12189.68,6422.74,15855.2444,0.0,2318.32,2254.41,2278.81,51.48,TQQQ_50,Bearish RSI divergence,2189.68,21.9,30.56,77.27
2011-11-03,TQQQ_50,0.5,12541.47,6423.53,15855.2444,0.0,2367.71,2258.86,2279.52,56.32,TQQQ_50,Bearish RSI divergence,2541.47,25.41,33.34,88.06
2011-11-04,TQQQ_50,0.5,12447.46,6424.32,15855.2444,0.0,2356.32,2263.82,2280.24,54.96,TQQQ_50,Bearish RSI divergence,2447.46,24.47,32.7,85.14
2011-11-07,TQQQ_50,0.5,12583.81,6426.7,15855.2444,0.0,2371.04,2268.01,2280.97,56.42,TQQQ_50,Bearish RSI divergence,2583.81,25.84,33.52,89.26
2011-11-08,TQQQ_50,0.5,12789.87,6427.49,15855.2444,0.0,2400.01,2271.53,2281.88,59.23,TQQQ_50,Bearish RSI divergence,2789.87,27.9,35.16,95.57
2011-11-09,TQQQ_50,0.5,12132.56,6428.28,15855.2444,0.0,2314.1,2273.05,2282.59,49.12,TQQQ_50,Bearish RSI divergence,2132.56,21.33,30.32,75.34
2011-11-10,TQQQ_50,0.5,12109.84,6429.08,15855.2444,0.0,2312.07,2274.48,2283.31,48.91,TQQQ_50,Bearish RSI divergence,2109.84,21.1,30.2,74.62
2011-11-11,TQQQ_100,1.0,12429.5,0.0,32847.48,0.0,2355.78,2277.21,2284.36,53.56,TQQQ_100,"Bull trend confirmed: Price > SMA50 & SMA250, RSI 53.6",2429.5,24.3,32.66,84.42
2011-11-14,TQQQ_100,1.0,12218.49,0.0,32847.48,0.0,2341.32,2280.68,2285.32,51.88,TQQQ_100,"Bull trend confirmed: Price > SMA50 & SMA250, RSI 51.9",2218.49,22.18,31.85,81.29
2011-11-15,TQQQ_100,1.0,12611.31,0.0,32847.48,0.0,2366.24,2284.65,2286.25,54.53,TQQQ_100,"Bull trend confirmed: Price > SMA50 & SMA250, RSI 54.5",2611.31,26.11,33.25,87.12
2011-11-16,TQQQ_100,1.0,11989.67,0.0,32847.48,0.0,2324.37,2286.67,2287.0,49.58,TQQQ_100,"Bull trend confirmed: Price > SMA50 & SMA250, RSI 49.6",1989.67,19.9,30.9,77.89
2011-11-17,SQQQ,0.0,11165.12,0.0,0.0,0.0045,2272.09,2287.82,2287.49,44.19,SQQQ,"Bear signal: Below SMAs, RSI 44.2 in SQQQ zone",1165.12,11.65,27.95,65.66
2011-11-18,SQQQ,0.0,11440.2,0.0,0.0,0.0045,2253.95,2289.63,2288.04,42.47,SQQQ,"Bear signal: Below SMAs, RSI 42.5 in SQQQ zone",1440.2,14.4,26.93,61.69
2011-11-21,SQQQ,0.0,12082.06,0.0,0.0,0.0045,2211.14,2290.01,2288.24,38.63,SQQQ,"Bear signal: Below SMAs, RSI 38.6 in SQQQ zone",2082.06,20.82,24.52,52.29
2011-11-22,SQQQ,0.0,11974.19,0.0,0.0,0.0045,2216.33,2289.93,2288.49,39.35,SQQQ,"Bear signal: Below SMAs, RSI 39.3 in SQQQ zone",1974.19,19.74,24.81,53.62
2011-11-23,SQQQ,0.0,12783.25,0.0,0.0,0.0045,2166.54,2288.2,2288.58,35.12,SQQQ,"Bear signal: Below SMAs, RSI 35.1 in SQQQ zone",2783.25,27.83,22.01,43.41
2011-11-25,CASH,0.0,13079.91,13079.91,0.0,0.0,2150.88,2285.49,2288.71,33.89,CASH,Defensive cash in bear regime,3079.91,30.8,21.13,40.16
2011-11-28,SQQQ,0.0,13084.75,0.0,0.0,0.005,2224.22,2283.85,2288.96,43.83,SQQQ,"Bear signal: Below SMAs, RSI 43.8 in SQQQ zone",3084.75,30.85,25.26,54.63
2011-11-29,SQQQ,0.0,13344.03,0.0,0.0,0.005,2211.39,2281.91,2289.06,42.62,SQQQ,"Bear signal: Below SMAs, RSI 42.6 in SQQQ zone",3344.03,33.44,24.53,51.84
2011-11-30,CASH,0.0,11902.9,11902.9,0.0,0.0,2295.2,2281.89,2289.48,51.94,CASH,1% confirmation buffer: NDX 2295.2 <= threshold (2304.7),1902.9,19.03,29.25,68.5
2011-12-01,TQQQ_100,1.0,11904.37,0.0,33708.9948,0.0,2309.2,2282.91,2289.96,53.31,TQQQ_100,"Bull trend confirmed: Price > SMA50 & SMA250, RSI 53.3",1904.37,19.04,30.04,72.11
2011-12-02,TQQQ_100,1.0,11791.1,0.0,33708.9948,0.0,2302.04,2285.26,2290.41,52.49,TQQQ_100,"Bull trend confirmed: Price > SMA50 & SMA250, RSI 52.5",1791.1,17.91,29.64,70.48
2011-12-05,TQQQ_100,1.0,12177.52,0.0,33708.9948,0.0,2326.95,2287.66,2290.91,55.08,TQQQ_100,"Bull trend confirmed: Price > SMA50 & SMA250, RSI 55.1",2177.52,21.78,31.04,76.06
2011-12-06,TQQQ_100,1.0,12084.26,0.0,33708.9948,0.0,2321.49,2289.4,2291.39,54.38,TQQQ_100,"Bull trend confirmed: Price > SMA50 & SMA250, RSI 54.4",2084.26,20.84,30.73,74.71
2011-12-07,TQQQ_100,1.0,12102.58,0.0,33708.9948,0.0,2320.54,2290.74,2291.81,54.25,TQQQ_100,"Bull trend confirmed: Price > SMA50 & SMA250, RSI 54.2",2102.58,21.03,30.68,74.98
2011-12-08,SQQQ,0.0,11486.29,0.0,0.0,0.0048,2282.59,2291.98,2292.11,49.22,SQQQ,"Bear signal: Below SMAs, RSI 49.2 in SQQQ zone",1486.29,14.86,28.54,66.07
2011-12-09,TQQQ_100,1.0,10942.9,0.0,30660.4477,0.0,2318.68,2294.4,2292.54,53.62,TQQQ_100,"Bull trend confirmed: Price > SMA50 & SMA250, RSI 53.6",942.9,9.43,30.58,73.94
2011-12-12,SQQQ,0.0,10583.84,0.0,0.0,0.0045,2292.24,2297.46,2292.9,50.19,SQQQ,"Bear signal: Below SMAs, RSI 50.2 in SQQQ zone",583.84,5.84,29.09,68.24
2011-12-13,SQQQ,0.0,10952.54,0.0,0.0,0.0045,2268.37,2301.13,2293.1,47.25,SQQQ,"Bear signal: Below SMAs, RSI 47.2 in SQQQ zone",952.54,9.53,27.74,62.55
2011-12-14,SQQQ,0.0,11456.79,0.0,0.0,0.0045,2233.03,2303.2,2293.16,43.21,SQQQ,"Bear signal: Below SMAs, RSI 43.2 in SQQQ zone",1456.79,14.57,25.75,54.99
2011-12-15,SQQQ,0.0,11559.81,0.0,0.0,0.0045,2226.71,2304.08,2293.17,42.51,SQQQ,"Bear signal: Below SMAs, RSI 42.5 in SQQQ zone",1559.81,15.6,25.4,53.79
2011-12-16,SQQQ,0.0,11402.57,0.0,0.0,0.0045,2238.18,2304.49,2293.19,44.27,SQQQ,"Bear signal: Below SMAs, RSI 44.3 in SQQQ zone",1402.57,14.03,26.04,55.71
2011-12-19,SQQQ,0.0,11700.78,0.0,0.0,0.0045,2215.27,2304.74,2293.1,41.53,SQQQ,"Bear signal: Below SMAs, RSI 41.5 in SQQQ zone",1700.78,17.01,24.75,51.4
2011-12-20,SQQQ,0.0,10681.44,0.0,0.0,0.0045,2281.94,2304.8,2293.31,51.03,SQQQ,"Bear signal: Below SMAs, RSI 51.0 in SQQQ zone",681.44,6.81,28.51,64.84
2011-12-21,SQQQ,0.0,11109.78,0.0,0.0,0.0045,2249.03,2303.88,2293.39,46.97,SQQQ,"Bear signal: Below SMAs, RSI 47.0 in SQQQ zone",1109.78,11.1,26.65,57.98
2011-12-22,SQQQ,0.0,10849.52,0.0,0.0,0.0045,2266.77,2303.08,2293.55,49.31,SQQQ,"Bear signal: Below SMAs, RSI 49.3 in SQQQ zone",849.52,8.5,27.65,61.83
2011-12-23,SQQQ,0.0,10562.15,0.0,0.0,0.0045,2287.57,2302.29,2293.77,51.99,SQQQ,"Bear signal: Below SMAs, RSI 52.0 in SQQQ zone",562.15,5.62,28.82,66.02
2011-12-27,SQQQ,0.0,10480.82,0.0,0.0,0.0045,2293.12,2300.71,2294.04,52.71,SQQQ,"Bear signal: Below SMAs, RSI 52.7 in SQQQ zone",480.82,4.81,29.14,67.3
2011-12-28,SQQQ,0.0,10816.99,0.0,0.0,0.0045,2267.08,2299.37,2294.24,49.01,SQQQ,"Bear signal: Below SMAs, RSI 49.0 in SQQQ zone",816.99,8.17,27.67,61.93
2011-12-29,SQQQ,0.0,10594.69,0.0,0.0,0.0045,2285.07,2297.77,2294.36,51.54,SQQQ,"Bear signal: Below SMAs, RSI 51.5 in SQQQ zone",594.69,5.95,28.68,65.08
2011-12-30,SQQQ,0.0,10676.02,0.0,0.0,0.0045,2277.83,2296.99,2294.46,50.45,SQQQ,"Bear signal: Below SMAs, RSI 50.5 in SQQQ zone",676.02,6.76,28.27,63.73
2012-01-03,TQQQ_100,1.0,10079.59,0.0,28386.9758,0.0,2321.96,2297.31,2294.67,56.47,TQQQ_100,"Bull trend confirmed: Price > SMA50 & SMA250, RSI 56.5",79.59,0.8,30.76,73.05
2012-01-04,TQQQ_100,1.0,10200.22,0.0,28386.9758,0.0,2329.71,2297.18,2294.88,57.45,TQQQ_100,"Bull trend confirmed: Price > SMA50 & SMA250, RSI 57.4",200.22,2.0,31.2,75.12
2012-01-05,TQQQ_100,1.0,10451.3,0.0,28386.9758,0.0,2348.98,2296.47,2295.17,59.86,TQQQ_100,"Bull trend confirmed: Price > SMA50 & SMA250, RSI 59.9",451.3,4.51,32.28,79.43
2012-01-06,TQQQ_100,1.0,10559.29,0.0,28386.9758,0.0,2356.17,2296.88,2295.46,60.75,TQQQ_100,"Bull trend confirmed: Price > SMA50 & SMA250, RSI 60.8",559.29,5.59,32.69,81.29
2012-01-09,TQQQ_100,1.0,10470.93,0.0,28386.9758,0.0,2350.65,2297.2,2295.7,59.65,TQQQ_100,"Bull trend confirmed: Price > SMA50 & SMA250, RSI 59.7",470.93,4.71,32.38,79.77
2012-01-10,TQQQ_100,1.0,10685.55,0.0,28386.9758,0.0,2367.38,2296.55,2295.95,61.9,TQQQ_100,"Bull trend confirmed: Price > SMA50 & SMA250, RSI 61.9",685.55,6.86,33.32,83.46
2012-01-11,TQQQ_100,1.0,10759.88,0.0,28386.9758,0.0,2372.25,2295.97,2296.22,62.56,TQQQ_100,"Bull trend confirmed: Price > SMA50 & SMA250, RSI 62.6",759.88,7.6,33.59,84.73
2012-01-12,TQQQ_100,1.0,10887.53,0.0,28386.9758,0.0,2381.99,2296.4,2296.45,63.89,TQQQ_100,"Bull trend confirmed: Price > SMA50 & SMA250, RSI 63.9",887.53,8.88,34.14,86.92
2012-01-13,TQQQ_100,1.0,10762.68,0.0,28386.9758,0.0,2371.98,2297.88,2296.63,61.47,TQQQ_100,"Bull trend confirmed: Price > SMA50 & SMA250, RSI 61.5",762.68,7.63,33.58,84.78
2012-01-17,TQQQ_100,1.0,11051.65,0.0,28386.9758,0.0,2393.24,2299.37,2296.99,64.55,TQQQ_100,"Bull trend confirmed: Price > SMA50 & SMA250, RSI 64.5",1051.65,10.52,34.77,89.74
2012-01-18,TQQQ_100,1.0,11490.68,0.0,28386.9758,0.0,2425.96,2300.54,2297.55,68.69,TQQQ_100,"Bull trend confirmed: Price > SMA50 & SMA250, RSI 68.7",1490.68,14.91,36.62,97.28
2012-01-19,TQQQ_100,1.0,11720.7,0.0,28386.9758,0.0,2441.7,2302.25,2298.24,70.48,TQQQ_100,"Bull trend confirmed: Price > SMA50 & SMA250, RSI 70.5",1720.7,17.21,37.5,101.23
2012-01-20,TQQQ_100,1.0,11668.81,0.0,28386.9758,0.0,2437.02,2303.57,2298.79,69.22,TQQQ_100,"Bull trend confirmed: Price > SMA50 & SMA250, RSI 69.2",1668.81,16.69,37.24,100.34
2012-01-23,TQQQ_100,1.0,11667.4,0.0,28386.9758,0.0,2437.22,2304.31,2299.32,69.24,TQQQ_100,"Bull trend confirmed: Price > SMA50 & SMA250, RSI 69.2",1667.4,16.67,37.25,100.31
2012-01-24,TQQQ_100,1.0,11602.88,0.0,28386.9758,0.0,2433.96,2306.71,2299.8,68.25,TQQQ_100,"Bull trend confirmed: Price > SMA50 & SMA250, RSI 68.3",1602.88,16.03,37.07,99.21
2012-01-25,TQQQ_100,1.0,12046.14,0.0,28386.9758,0.0,2465.66,2309.78,2300.34,72.38,TQQQ_100,"Bull trend confirmed: Price > SMA50 & SMA250, RSI 72.4",2046.14,20.46,38.85,106.82
2012-01-26,TQQQ_100,1.0,11918.49,0.0,28386.9758,0.0,2454.63,2311.76,2301.08,69.02,TQQQ_100,"Bull trend confirmed: Price > SMA50 & SMA250, RSI 69.0",1918.49,19.18,38.23,104.62
2012-01-27,TQQQ_100,1.0,12036.31,0.0,28386.9758,0.0,2461.77,2314.17,2301.8,69.99,TQQQ_100,"Bull trend confirmed: Price > SMA50 & SMA250, RSI 70.0",2036.31,20.36,38.63,106.65
2012-01-30,TQQQ_100,1.0,12055.94,0.0,28386.9758,0.0,2465.32,2316.15,2302.36,70.49,TQQQ_100,"Bull trend confirmed: Price > SMA50 & SMA250, RSI 70.5",2055.94,20.56,38.83,106.98
2012-01-31,TQQQ_100,1.0,12098.04,0.0,28386.9758,0.0,2467.95,2319.02,2302.95,70.87,TQQQ_100,"Bull trend confirmed: Price > SMA50 & SMA250, RSI 70.9",2098.04,20.98,38.98,107.71
2012-02-01,TQQQ_100,1.0,12395.38,0.0,28386.9758,0.0,2488.18,2323.34,2303.61,73.71,TQQQ_100,"Bull trend confirmed: Price > SMA50 & SMA250, RSI 73.7",2395.38,23.95,40.12,112.81
2012-02-02,TQQQ_100,1.0,12523.04,0.0,28386.9758,0.0,2495.83,2328.18,2304.24,74.71,TQQQ_100,"Bull trend confirmed: Price > SMA50 & SMA250, RSI 74.7",2523.04,25.23,40.55,115.0
2012-02-03,TQQQ_30,0.3,13021.0,9114.7,8516.0927,0.0,2529.17,2334.54,2304.96,78.55,TQQQ_30,Overbought: RSI 78.6 >= 75,3021.0,30.21,42.43,123.55
2012-02-06,TQQQ_30,0.3,13020.58,9118.07,8516.0927,0.0,2528.3,2340.78,2305.61,78.22,TQQQ_30,Overbought: RSI 78.2 >= 75,3020.58,30.21,42.38,123.34
2012-02-07,TQQQ_30,0.3,13038.53,9119.19,8516.0927,0.0,2532.06,2348.09,2306.3,78.64,TQQQ_30,Overbought: RSI 78.6 >= 75,3038.53,30.39,42.59,124.3
2012-02-08,TQQQ_30,0.3,13104.88,9120.32,8516.0927,0.0,2545.72,2355.99,2307.02,80.15,TQQQ_30,Overbought: RSI 80.1 >= 75,3104.88,31.05,43.36,128.03
2012-02-09,TQQQ_30,0.3,13194.38,9121.44,8516.0927,0.0,2563.93,2362.78,2307.76,81.97,TQQQ_30,Overbought: RSI 82.0 >= 75,3194.38,31.94,44.39,133.09
2012-02-10,TQQQ_30,0.3,13108.39,9122.57,8516.0927,0.0,2547.32,2369.5,2308.41,75.18,TQQQ_30,Overbought: RSI 75.2 >= 75,3108.39,31.08,43.45,128.1
2012-02-13,TQQQ_30,0.3,13219.07,9125.94,8516.0927,0.0,2569.49,2374.98,2309.16,77.82,TQQQ_30,Overbought: RSI 77.8 >= 75,3219.07,32.19,44.7,134.24
2012-02-14,TQQQ_30,0.3,13255.97,9127.07,8516.0927,0.0,2575.24,2380.3,2309.87,78.46,TQQQ_30,Overbought: RSI 78.5 >= 75,3255.97,32.56,45.02,136.29
2012-02-15,TQQQ_30,0.3,13164.93,9128.19,8516.0927,0.0,2556.01,2385.38,2310.5,71.07,TQQQ_30,Overbought trim active,3164.93,31.65,43.94,131.02
2012-02-16,TQQQ_30,0.3,13334.8,9129.32,8516.0927,0.0,2592.29,2390.69,2311.3,75.72,TQQQ_30,Overbought: RSI 75.7 >= 75,3334.8,33.35,45.98,140.67
2012-02-17,TQQQ_30,0.3,13300.16,9130.44,8516.0927,0.0,2584.24,2395.95,2312.35,72.92,TQQQ_30,Overbought trim active,3300.16,33.0,45.53,138.63
2012-02-21,TQQQ_30,0.3,13340.01,9134.94,8516.0927,0.0,2590.24,2401.34,2313.51,73.7,TQQQ_30,Overbought trim active,3340.01,33.4,45.87,140.65
2012-02-22,TQQQ_30,0.3,13285.59,9136.07,8516.0927,0.0,2579.78,2407.28,2314.57,69.92,TQQQ_30,Overbought trim active,3285.59,32.86,45.28,137.47
2012-02-23,TQQQ_30,0.3,13365.4,9137.2,8516.0927,0.0,2594.93,2412.81,2315.57,72.15,TQQQ_30,Overbought trim active,3365.4,33.65,46.13,141.97
2012-02-24,TQQQ_30,0.3,13407.78,9138.32,8516.0927,0.0,2604.21,2419.05,2316.58,73.45,TQQQ_30,Overbought trim active,3407.78,34.08,46.65,144.33
2012-02-27,TQQQ_30,0.3,13431.77,9141.7,8516.0927,0.0,2606.76,2425.82,2317.75,73.81,TQQQ_30,Overbought trim active,3431.77,34.32,46.8,145.51
2012-02-28,TQQQ_30,0.3,13561.24,9142.83,8516.0927,0.0,2633.46,2433.82,2318.97,77.29,TQQQ_30,Overbought: RSI 77.3 >= 75,3561.24,35.61,48.3,152.86
2012-02-29,TQQQ_30,0.3,13504.3,9143.96,8516.0927,0.0,2623.1,2441.75,2319.98,73.22,TQQQ_30,Overbought trim active,3504.3,35.04,47.72,149.54
2012-03-01,TQQQ_30,0.3,13611.47,9145.09,8516.0927,0.0,2643.54,2449.86,2321.11,75.92,TQQQ_30,Overbought: RSI 75.9 >= 75,3611.47,36.11,48.87,155.61
2012-03-02,TQQQ_30,0.3,13599.13,9146.21,8516.0927,0.0,2641.58,2458.39,2322.37,75.14,TQQQ_30,Overbought: RSI 75.1 >= 75,3599.13,35.99,48.76,154.83
2012-03-05,TQQQ_30,0.3,13463.65,9149.6,8516.0927,0.0,2614.92,2465.05,2323.48,65.3,TQQQ_30,Overbought trim active,3463.65,34.64,47.26,146.89
2012-03-06,TQQQ_30,0.3,13341.06,9150.72,8516.0927,0.0,2588.95,2471.84,2324.54,57.42,TQQQ_30,Overbought trim active,3341.06,33.41,45.8,139.81
2012-03-07,TQQQ_50,0.5,13437.29,6718.65,13351.3954,0.0,2607.85,2478.67,2325.83,61.1,TQQQ_50,Bearish RSI divergence,3437.29,34.37,46.86,145.25
2012-03-08,TQQQ_50,0.5,13651.21,6719.47,13351.3954,0.0,2637.18,2485.66,2327.19,66.01,TQQQ_50,Bearish RSI divergence,3651.21,36.51,48.51,153.03
2012-03-09,TQQQ_50,0.5,13735.82,6720.3,13351.3954,0.0,2646.85,2492.73,2328.61,67.47,TQQQ_50,Bearish RSI divergence,3735.82,37.36,49.06,156.09
2012-03-12,TQQQ_50,0.5,13749.53,6722.79,13351.3954,0.0,2646.85,2500.33,2330.16,67.47,TQQQ_50,Bearish RSI divergence,3749.53,37.5,49.06,156.5
2012-03-13,TQQQ_50,0.5,14146.19,6723.62,13351.3954,0.0,2697.43,2508.57,2332.14,74.18,TQQQ_50,Bearish RSI divergence,4146.19,41.46,51.9,170.95
2012-03-14,TQQQ_30,0.3,14230.14,9961.1,7593.9249,0.0,2708.41,2517.19,2334.07,75.37,TQQQ_30,Overbought: RSI 75.4 >= 75,4230.14,42.3,52.52,173.98
2012-03-15,TQQQ_30,0.3,14264.01,9962.33,7593.9249,0.0,2714.79,2525.04,2336.05,76.06,TQQQ_30,Overbought: RSI 76.1 >= 75,4264.01,42.64,52.88,176.07
2012-03-16,TQQQ_30,0.3,14255.86,9963.55,7593.9249,0.0,2712.78,2532.7,2337.85,75.35,TQQQ_30,Overbought: RSI 75.3 >= 75,4255.86,42.56,52.77,175.47
2012-03-19,TQQQ_30,0.3,14352.98,9967.24,7593.9249,0.0,2733.26,2540.39,2339.75,77.66,TQQQ_30,Overbought: RSI 77.7 >= 75,4352.98,43.53,53.92,181.47
2012-03-20,TQQQ_30,0.3,14378.22,9968.47,7593.9249,0.0,2737.63,2548.02,2341.62,78.13,TQQQ_30,Overbought: RSI 78.1 >= 75,4378.22,43.78,54.17,183.01
2012-03-21,TQQQ_30,0.3,14377.95,9969.7,7593.9249,0.0,2736.88,2555.74,2343.31,77.82,TQQQ_30,Overbought: RSI 77.8 >= 75,4377.95,43.78,54.13,182.91
2012-03-22,TQQQ_30,0.3,14352.54,9970.93,7593.9249,0.0,2731.5,2563.03,2344.97,75.56,TQQQ_30,Overbought: RSI 75.6 >= 75,4352.54,43.53,53.82,181.2
2012-03-23,TQQQ_30,0.3,14347.77,9972.15,7593.9249,0.0,2728.55,2570.15,2346.68,74.28,TQQQ_30,Overbought trim active,4347.77,43.48,53.66,180.82
2012-03-26,TQQQ_30,0.3,14579.97,9975.84,7593.9249,0.0,2778.02,2578.07,2348.49,80.29,TQQQ_30,Overbought: RSI 80.3 >= 75,4579.97,45.8,56.44,195.48
2012-03-27,TQQQ_30,0.3,14598.83,9977.07,7593.9249,0.0,2782.12,2586.28,2350.27,80.7,TQQQ_30,Overbought: RSI 80.7 >= 75,4598.83,45.99,56.67,196.62
2012-03-28,TQQQ_30,0.3,14546.03,9978.3,7593.9249,0.0,2770.97,2593.83,2352.0,76.14,TQQQ_30,Overbought: RSI 76.1 >= 75,4546.03,45.46,56.05,193.15
2012-03-29,TQQQ_30,0.3,14500.36,9979.53,7593.9249,0.0,2762.05,2600.55,2353.67,72.61,TQQQ_30,Overbought trim active,4500.36,45.0,55.54,190.14
2012-03-30,TQQQ_30,0.3,14470.07,9980.76,7593.9249,0.0,2755.27,2606.82,2355.36,69.95,TQQQ_30,Overbought trim active,4470.07,44.7,55.16,188.12
2012-04-02,TQQQ_30,0.3,14610.72,9984.46,7593.9249,0.0,2784.42,2613.77,2357.18,74.3,TQQQ_30,Overbought trim active,4610.72,46.11,56.8,196.91
2012-04-03,TQQQ_30,0.3,14612.33,9985.69,7593.9249,0.0,2782.78,2620.68,2358.98,73.66,TQQQ_30,Overbought trim active,4612.33,46.12,56.71,196.93
2012-04-04,TQQQ_30,0.3,14424.82,9986.92,7593.9249,0.0,2745.0,2626.9,2360.63,60.58,TQQQ_30,Overbought trim active,4424.82,44.25,54.58,184.82
2012-04-05,TQQQ_30,0.3,14507.1,9988.15,7593.9249,0.0,2762.5,2632.84,2362.4,63.79,TQQQ_30,Overbought trim active,4507.1,45.07,55.57,190.02
2012-04-09,TQQQ_30,0.3,14408.09,9993.07,7593.9249,0.0,2739.98,2638.55,2364.1,57.33,TQQQ_30,Overbought trim active,4408.09,44.08,54.3,183.35
2012-04-10,TQQQ_30,0.3,14196.18,9994.31,7593.9249,0.0,2695.12,2643.21,2365.69,47.09,TQQQ_30,Overbought trim active,4196.18,41.96,51.77,169.67
2012-04-11,TQQQ_30,0.3,14258.21,9995.54,7593.9249,0.0,2708.13,2648.07,2367.25,49.89,TQQQ_30,Overbought trim active,4258.21,42.58,52.51,173.57
2012-04-12,TQQQ_30,0.3,14402.39,9996.77,7593.9249,0.0,2740.26,2653.52,2368.97,56.06,TQQQ_30,Overbought trim active,4402.39,44.02,54.32,182.75
2012-04-13,TQQQ_30,0.3,14204.38,9998.0,7593.9249,0.0,2698.99,2657.73,2370.53,47.9,TQQQ_30,Overbought trim active,4204.38,42.04,51.99,169.96
2012-04-16,TQQQ_30,0.3,14075.62,10001.7,7593.9249,0.0,2670.1,2661.22,2372.05,43.16,TQQQ_30,Overbought trim active,4075.62,40.76,50.37,161.46
2012-04-17,TQQQ_30,0.3,14317.0,10002.93,7593.9249,0.0,2723.58,2665.11,2373.71,52.52,TQQQ_30,Overbought trim active,4317.0,43.17,53.38,176.87
2012-04-18,TQQQ_30,0.3,14286.72,10004.17,7593.9249,0.0,2716.14,2668.86,2375.15,51.26,TQQQ_30,Overbought trim active,4286.72,42.87,52.96,174.85
2012-04-19,TQQQ_30,0.3,14149.49,10005.4,7593.9249,0.0,2686.82,2671.96,2376.38,46.51,TQQQ_30,Overbought trim active,4149.49,41.49,51.31,165.96
2012-04-20,TQQQ_30,0.3,14106.07,10006.63,7593.9249,0.0,2676.04,2674.56,2377.55,44.86,TQQQ_30,Overbought trim active,4106.07,41.06,50.7,163.09
2012-04-23,CASH,0.0,14006.59,14006.59,0.0,0.0,2653.5,2676.36,2378.58,41.55,CASH,Clean exit: NDX 2653.5 broke below SMA50 (2676.4),4006.59,40.07,49.43,156.47
2012-04-24,CASH,0.0,14008.31,14008.31,0.0,0.0,2638.73,2678.18,2379.48,39.49,CASH,Clean exit: NDX 2638.7 broke below SMA50 (2678.2),4008.31,40.08,48.6,151.94
2012-04-25,TQQQ_100,1.0,14010.04,0.0,25106.933,0.0,2709.62,2680.99,2380.68,51.82,TQQQ_100,"Bull trend confirmed: Price > SMA50 & SMA250, RSI 51.8",4010.04,40.1,52.59,171.96
2012-04-26,TQQQ_100,1.0,14260.64,0.0,25106.933,0.0,2725.23,2683.99,2381.97,54.04,TQQQ_100,"Bull trend confirmed: Price > SMA50 & SMA250, RSI 54.0",4260.64,42.61,53.47,176.82
2012-04-27,TQQQ_100,1.0,14505.03,0.0,25106.933,0.0,2741.34,2687.69,2383.32,56.28,TQQQ_100,"Bull trend confirmed: Price > SMA50 & SMA250, RSI 56.3",4505.03,45.05,54.38,181.57
2012-04-30,TQQQ_100,1.0,14203.57,0.0,25106.933,0.0,2723.68,2690.32,2384.64,53.22,TQQQ_100,"Bull trend confirmed: Price > SMA50 & SMA250, RSI 53.2",4203.57,42.04,53.38,175.71
2012-05-01,TQQQ_100,1.0,14284.22,0.0,25106.933,0.0,2726.92,2693.17,2386.0,53.72,TQQQ_100,"Bull trend confirmed: Price > SMA50 & SMA250, RSI 53.7",4284.22,42.84,53.57,177.28
2012-05-02,TQQQ_100,1.0,14378.5,0.0,25106.933,0.0,2734.77,2696.07,2387.44,54.97,TQQQ_100,"Bull trend confirmed: Price > SMA50 & SMA250, RSI 55.0",4378.5,43.78,54.01,179.11
2012-05-03,TQQQ_100,1.0,13931.89,0.0,25106.933,0.0,2704.59,2698.56,2388.72,49.44,TQQQ_100,"Bull trend confirmed: Price > SMA50 & SMA250, RSI 49.4",3931.89,39.32,52.31,170.44
2012-05-04,CASH,0.0,12909.63,12909.63,0.0,0.0,2637.92,2699.42,2389.71,39.9,CASH,Clean exit: NDX 2637.9 broke below SMA50 (2699.4),2909.63,29.1,48.55,150.6
2012-05-07,CASH,0.0,12914.4,12914.4,0.0,0.0,2639.28,2700.12,2390.62,40.15,CASH,Clean exit: NDX 2639.3 broke below SMA50 (2700.1),2914.4,29.14,48.63,150.96
2012-05-08,CASH,0.0,12916.0,12916.0,0.0,0.0,2629.87,2700.59,2391.57,38.92,CASH,Clean exit: NDX 2629.9 broke below SMA50 (2700.6),2916.0,29.16,48.1,148.19
2012-05-09,CASH,0.0,12917.59,12917.59,0.0,0.0,2621.35,2700.34,2392.42,37.8,CASH,Clean exit: NDX 2621.4 broke below SMA50 (2700.3),2917.59,29.18,47.62,146.82
2012-05-10,CASH,0.0,12919.18,12919.18,0.0,0.0,2616.24,2700.21,2393.37,37.11,CASH,Clean exit: NDX 2616.2 broke below SMA50 (2700.2),2919.18,29.19,47.33,144.29
2012-05-11,CASH,0.0,12920.77,12920.77,0.0,0.0,2615.98,2699.65,2394.48,37.07,CASH,Clean exit: NDX 2616.0 broke below SMA50 (2699.7),2920.77,29.21,47.32,144.05
2012-05-14,CASH,0.0,12925.55,12925.55,0.0,0.0,2590.28,2698.63,2395.47,33.5,CASH,Clean exit: NDX 2590.3 broke below SMA50 (2698.6),2925.55,29.26,45.87,137.3
2012-05-15,CASH,0.0,12927.15,12927.15,0.0,0.0,2580.75,2697.95,2396.34,32.25,CASH,Clean exit: NDX 2580.8 broke below SMA50 (2697.9),2927.15,29.27,45.33,135.23
2012-05-16,CASH,0.0,12928.74,12928.74,0.0,0.0,2561.56,2697.4,2397.11,29.85,CASH,Clean exit: NDX 2561.6 broke below SMA50 (2697.4),2928.74,29.29,44.25,130.13
2012-05-17,CASH,0.0,12930.33,12930.33,0.0,0.0,2509.05,2695.42,2397.74,24.48,CASH,Clean exit: NDX 2509.1 broke below SMA50 (2695.4),2930.33,29.3,41.3,115.97
2012-05-18,CASH,0.0,12931.93,12931.93,0.0,0.0,2478.53,2692.25,2398.39,22.01,CASH,Clean exit: NDX 2478.5 broke below SMA50 (2692.2),2931.93,29.32,39.58,107.3
2012-05-21,CASH,0.0,12936.71,12936.71,0.0,0.0,2545.43,2690.22,2399.35,37.04,CASH,Clean exit: NDX 2545.4 broke below SMA50 (2690.2),2936.71,29.37,43.34,124.73
2012-05-22,CASH,0.0,12938.31,12938.31,0.0,0.0,2539.2,2688.07,2400.27,36.34,CASH,Clean exit: NDX 2539.2 broke below SMA50 (2688.1),2938.31,29.38,42.99,123.91
2012-05-23,CASH,0.0,12939.9,12939.9,0.0,0.0,2547.08,2685.06,2401.15,37.95,CASH,Clean exit: NDX 2547.1 broke below SMA50 (2685.1),2939.9,29.4,43.44,125.17
2012-05-24,CASH,0.0,12941.5,12941.5,0.0,0.0,2531.35,2681.52,2401.93,36.0,CASH,Clean exit: NDX 2531.4 broke below SMA50 (2681.5),2941.5,29.41,42.55,121.12
2012-05-25,CASH,0.0,12943.09,12943.09,0.0,0.0,2527.05,2677.76,2402.55,35.46,CASH,Clean exit: NDX 2527.1 broke below SMA50 (2677.8),2943.09,29.43,42.31,119.87
2012-05-29,CASH,0.0,12949.47,12949.47,0.0,0.0,2558.97,2674.69,2403.5,42.33,CASH,Clean exit: NDX 2559.0 broke below SMA50 (2674.7),2949.47,29.49,44.11,128.06
2012-05-30,CASH,0.0,12951.07,12951.07,0.0,0.0,2537.4,2670.77,2404.34,39.29,CASH,Clean exit: NDX 2537.4 broke below SMA50 (2670.8),2951.07,29.51,42.89,122.52
2012-05-31,CASH,0.0,12952.67,12952.67,0.0,0.0,2524.87,2666.52,2405.27,37.6,CASH,Clean exit: NDX 2524.9 broke below SMA50 (2666.5),2952.67,29.53,42.19,119.34
2012-06-01,CASH,0.0,12954.26,12954.26,0.0,0.0,2458.83,2660.95,2406.01,30.22,CASH,Clean exit: NDX 2458.8 broke below SMA50 (2661.0),2954.26,29.54,38.47,102.09
2012-06-04,CASH,0.0,12959.06,12959.06,0.0,0.0,2478.13,2655.89,2406.84,34.28,CASH,Clean exit: NDX 2478.1 broke below SMA50 (2655.9),2959.06,29.59,39.55,106.43
2012-06-05,CASH,0.0,12960.65,12960.65,0.0,0.0,2487.5,2651.07,2407.78,36.22,CASH,Clean exit: NDX 2487.5 broke below SMA50 (2651.1),2960.65,29.61,40.08,109.27
2012-06-06,CASH,0.0,12962.25,12962.25,0.0,0.0,2546.32,2646.43,2408.94,46.83,CASH,Clean exit: NDX 2546.3 broke below SMA50 (2646.4),2962.25,29.62,43.39,123.58
2012-06-07,CASH,0.0,12963.85,12963.85,0.0,0.0,2535.41,2641.5,2410.2,45.32,CASH,Clean exit: NDX 2535.4 broke below SMA50 (2641.5),2963.85,29.64,42.78,121.07
2012-06-08,CASH,0.0,12965.45,12965.45,0.0,0.0,2559.21,2637.26,2411.55,49.16,CASH,Clean exit: NDX 2559.2 broke below SMA50 (2637.3),2965.45,29.65,44.12,127.57
2012-06-11,CASH,0.0,12970.24,12970.24,0.0,0.0,2517.18,2632.37,2412.61,43.37,CASH,Clean exit: NDX 2517.2 broke below SMA50 (2632.4),2970.24,29.7,41.75,116.69
2012-06-12,CASH,0.0,12971.84,12971.84,0.0,0.0,2546.2,2628.18,2413.96,47.93,CASH,Clean exit: NDX 2546.2 broke below SMA50 (2628.2),2971.84,29.72,43.39,123.53
2012-06-13,CASH,0.0,12973.44,12973.44,0.0,0.0,2527.44,2623.04,2415.27,45.39,CASH,Clean exit: NDX 2527.4 broke below SMA50 (2623.0),2973.44,29.73,42.33,119.14
2012-06-14,CASH,0.0,12975.04,12975.04,0.0,0.0,2539.97,2618.19,2416.66,47.4,CASH,Clean exit: NDX 2540.0 broke below SMA50 (2618.2),2975.04,29.75,43.04,121.6
2012-06-15,CASH,0.0,12976.64,12976.64,0.0,0.0,2571.23,2614.71,2418.13,52.13,CASH,Clean exit: NDX 2571.2 broke below SMA50 (2614.7),2976.64,29.77,44.8,129.79
2012-06-18,CASH,0.0,12981.44,12981.44,0.0,0.0,2592.52,2611.31,2419.49,55.09,CASH,Clean exit: NDX 2592.5 broke below SMA50 (2611.3),2981.44,29.81,46.0,135.71
2012-06-19,CASH,0.0,12983.04,12983.04,0.0,0.0,2620.83,2608.93,2421.03,58.75,CASH,1% confirmation buffer: NDX 2620.8 <= threshold (2635.0),2983.04,29.83,47.59,143.47
2012-06-20,CASH,0.0,12984.64,12984.64,0.0,0.0,2623.33,2607.49,2422.5,59.07,CASH,1% confirmation buffer: NDX 2623.3 <= threshold (2633.6),2984.64,29.85,47.73,144.33
2012-06-21,CASH,0.0,12986.24,12986.24,0.0,0.0,2556.96,2604.47,2423.86,48.43,CASH,Clean exit: NDX 2557.0 broke below SMA50 (2604.5),2986.24,29.86,43.99,126.03
2012-06-22,CASH,0.0,12987.84,12987.84,0.0,0.0,2585.53,2601.38,2425.2,52.4,CASH,Clean exit: NDX 2585.5 broke below SMA50 (2601.4),2987.84,29.88,45.6,133.06
2012-06-25,CASH,0.0,12992.65,12992.65,0.0,0.0,2533.54,2598.07,2426.19,45.53,CASH,Clean exit: NDX 2533.5 broke below SMA50 (2598.1),2992.65,29.93,42.68,119.24
2012-06-26,CASH,0.0,12994.25,12994.25,0.0,0.0,2549.84,2595.66,2427.21,47.84,CASH,Clean exit: NDX 2549.8 broke below SMA50 (2595.7),2994.25,29.94,43.59,123.48
2012-06-27,CASH,0.0,12995.85,12995.85,0.0,0.0,2565.53,2592.5,2428.17,50.03,CASH,Clean exit: NDX 2565.5 broke below SMA50 (2592.5),2995.85,29.96,44.48,127.57
2012-06-28,CASH,0.0,12997.45,12997.45,0.0,0.0,2536.65,2588.91,2428.87,46.18,CASH,Clean exit: NDX 2536.6 broke below SMA50 (2588.9),2997.45,29.97,42.85,119.39
2012-06-29,TQQQ_100,1.0,12999.06,0.0,26307.2624,0.0,2615.72,2587.49,2429.85,56.14,TQQQ_100,"Bull trend confirmed: Price > SMA50 & SMA250, RSI 56.1",2999.06,29.99,47.3,140.82
2012-07-02,TQQQ_100,1.0,13103.06,0.0,26307.2624,0.0,2625.03,2586.47,2430.84,57.15,TQQQ_100,"Bull trend confirmed: Price > SMA50 & SMA250, RSI 57.1",3103.06,31.03,47.83,142.75
2012-07-03,TQQQ_100,1.0,13415.04,0.0,26307.2624,0.0,2645.84,2586.32,2431.77,59.39,TQQQ_100,"Bull trend confirmed: Price > SMA50 & SMA250, RSI 59.4",3415.04,34.15,49.0,148.53
2012-07-05,TQQQ_100,1.0,13461.83,0.0,26307.2624,0.0,2647.47,2586.49,2432.73,59.57,TQQQ_100,"Bull trend confirmed: Price > SMA50 & SMA250, RSI 59.6",3461.83,34.62,49.09,149.39
2012-07-06,TQQQ_100,1.0,12931.47,0.0,26307.2624,0.0,2612.29,2584.54,2433.73,54.05,TQQQ_100,"Bull trend confirmed: Price > SMA50 & SMA250, RSI 54.0",2931.47,29.31,47.11,139.57
2012-07-09,TQQQ_100,1.0,12887.27,0.0,26307.2624,0.0,2610.31,2582.25,2434.8,53.75,TQQQ_100,"Bull trend confirmed: Price > SMA50 & SMA250, RSI 53.7",2887.27,28.87,47.0,138.75
2012-07-10,TQQQ_100,1.0,12492.11,0.0,26307.2624,0.0,2585.52,2579.13,2435.73,49.98,TQQQ_100,"Bull trend confirmed: Price > SMA50 & SMA250, RSI 50.0",2492.11,24.92,45.6,131.43
2012-07-11,CASH,0.0,12320.52,12320.52,0.0,0.0,2570.99,2576.08,2436.72,47.87,CASH,Clean exit: NDX 2571.0 broke below SMA50 (2576.1),2320.52,23.21,44.78,128.25
2012-07-12,CASH,0.0,12322.04,12322.04,0.0,0.0,2545.3,2572.44,2437.47,44.3,CASH,Clean exit: NDX 2545.3 broke below SMA50 (2572.4),2322.04,23.22,43.34,121.65
2012-07-13,CASH,0.0,12323.55,12323.55,0.0,0.0,2584.97,2569.45,2438.44,50.44,CASH,1% confirmation buffer: NDX 2585.0 <= threshold (2595.1),2323.55,23.24,45.57,131.28
2012-07-16,CASH,0.0,12328.11,12328.11,0.0,0.0,2577.05,2566.9,2439.15,49.27,CASH,1% confirmation buffer: NDX 2577.1 <= threshold (2592.6),2328.11,23.28,45.13,129.55
2012-07-17,TQQQ_100,1.0,12329.63,0.0,25782.6541,0.0,2591.65,2565.97,2439.97,51.51,TQQQ_100,"Bull trend confirmed: Price > SMA50 & SMA250, RSI 51.5",2329.63,23.3,45.95,133.06
2012-07-18,TQQQ_100,1.0,12831.56,0.0,25782.6541,0.0,2625.87,2565.7,2440.85,56.35,TQQQ_100,"Bull trend confirmed: Price > SMA50 & SMA250, RSI 56.4",2831.56,28.32,47.87,142.55
2012-07-19,TQQQ_100,1.0,13249.45,0.0,25782.6541,0.0,2655.81,2566.22,2441.76,60.11,TQQQ_100,"Bull trend confirmed: Price > SMA50 & SMA250, RSI 60.1",3249.45,32.49,49.56,150.45
2012-07-20,TQQQ_100,1.0,12739.83,0.0,25782.6541,0.0,2618.04,2566.16,2442.53,53.82,TQQQ_100,"Bull trend confirmed: Price > SMA50 & SMA250, RSI 53.8",2739.83,27.4,47.43,140.82
2012-07-23,TQQQ_100,1.0,12268.48,0.0,25782.6541,0.0,2589.93,2565.63,2443.18,49.65,TQQQ_100,"Bull trend confirmed: Price > SMA50 & SMA250, RSI 49.7",2268.48,22.68,45.85,131.91
2012-07-24,TQQQ_100,1.0,11988.19,0.0,25782.6541,0.0,2567.46,2564.66,2443.98,46.55,TQQQ_100,"Bull trend confirmed: Price > SMA50 & SMA250, RSI 46.5",1988.19,19.88,44.59,126.61
2012-07-25,CASH,0.0,11720.66,11720.66,0.0,0.0,2549.2,2563.84,2444.69,44.14,CASH,Clean exit: NDX 2549.2 broke below SMA50 (2563.8),1720.66,17.21,43.56,121.55
2012-07-26,CASH,0.0,11722.11,11722.11,0.0,0.0,2584.85,2563.92,2445.57,49.63,CASH,1% confirmation buffer: NDX 2584.9 <= threshold (2589.6),1722.11,17.22,45.56,130.22
2012-07-27,TQQQ_100,1.0,11723.55,0.0,23070.7089,0.0,2647.03,2565.63,2446.75,57.48,TQQQ_100,"Bull trend confirmed: Price > SMA50 & SMA250, RSI 57.5",1723.55,17.24,49.07,147.66
2012-07-30,TQQQ_100,1.0,11652.88,0.0,23070.7089,0.0,2642.12,2568.29,2448.14,56.72,TQQQ_100,"Bull trend confirmed: Price > SMA50 & SMA250, RSI 56.7",1652.88,16.53,48.79,146.17
2012-07-31,TQQQ_100,1.0,11659.71,0.0,23070.7089,0.0,2642.53,2571.57,2449.46,56.78,TQQQ_100,"Bull trend confirmed: Price > SMA50 & SMA250, RSI 56.8",1659.71,16.6,48.81,146.31
2012-08-01,TQQQ_100,1.0,11545.72,0.0,23070.7089,0.0,2635.13,2573.36,2451.17,55.51,TQQQ_100,"Bull trend confirmed: Price > SMA50 & SMA250, RSI 55.5",1545.72,15.46,48.4,143.9
2012-08-02,TQQQ_100,1.0,11424.88,0.0,23070.7089,0.0,2625.52,2575.09,2452.9,53.83,TQQQ_100,"Bull trend confirmed: Price > SMA50 & SMA250, RSI 53.8",1424.88,14.25,47.85,141.35
2012-08-03,TQQQ_100,1.0,12074.68,0.0,23070.7089,0.0,2676.0,2577.67,2455.36,60.58,TQQQ_100,"Bull trend confirmed: Price > SMA50 & SMA250, RSI 60.6",2074.68,20.75,50.7,155.08
2012-08-06,TQQQ_100,1.0,12346.0,0.0,23070.7089,0.0,2694.09,2580.92,2457.49,62.69,TQQQ_100,"Bull trend confirmed: Price > SMA50 & SMA250, RSI 62.7",2346.0,23.46,51.72,160.81
2012-08-07,TQQQ_100,1.0,12651.5,0.0,23070.7089,0.0,2717.16,2584.73,2460.07,65.24,TQQQ_100,"Bull trend confirmed: Price > SMA50 & SMA250, RSI 65.2",2651.5,26.52,53.02,167.26
2012-08-08,TQQQ_100,1.0,12630.97,0.0,23070.7089,0.0,2714.02,2587.83,2462.26,64.59,TQQQ_100,"Bull trend confirmed: Price > SMA50 & SMA250, RSI 64.6",2630.97,26.31,52.84,166.83
2012-08-09,TQQQ_100,1.0,12738.14,0.0,23070.7089,0.0,2719.61,2591.47,2464.41,65.25,TQQQ_100,"Bull trend confirmed: Price > SMA50 & SMA250, RSI 65.2",2738.14,27.38,53.15,169.09
2012-08-10,TQQQ_100,1.0,12790.58,0.0,23070.7089,0.0,2722.96,2595.43,2466.44,65.66,TQQQ_100,"Bull trend confirmed: Price > SMA50 & SMA250, RSI 65.7",2790.58,27.91,53.34,170.2
2012-08-13,TQQQ_100,1.0,12868.11,0.0,23070.7089,0.0,2728.68,2600.83,2468.58,66.4,TQQQ_100,"Bull trend confirmed: Price > SMA50 & SMA250, RSI 66.4",2868.11,28.68,53.66,171.84
2012-08-14,TQQQ_100,1.0,12886.34,0.0,23070.7089,0.0,2727.79,2605.82,2470.77,66.16,TQQQ_100,"Bull trend confirmed: Price > SMA50 & SMA250, RSI 66.2",2886.34,28.86,53.61,172.22
2012-08-15,TQQQ_100,1.0,12977.54,0.0,23070.7089,0.0,2735.47,2610.78,2473.42,67.25,TQQQ_100,"Bull trend confirmed: Price > SMA50 & SMA250, RSI 67.2",2977.54,29.78,54.05,174.15
2012-08-16,TQQQ_100,1.0,13442.65,0.0,23070.7089,0.0,2768.09,2615.22,2476.34,71.45,TQQQ_100,"Bull trend confirmed: Price > SMA50 & SMA250, RSI 71.4",3442.65,34.43,55.88,183.97
2012-08-17,TQQQ_100,1.0,13627.32,0.0,23070.7089,0.0,2780.3,2620.12,2479.28,72.85,TQQQ_100,"Bull trend confirmed: Price > SMA50 & SMA250, RSI 72.9",3627.32,36.27,56.57,187.87
2012-08-20,TQQQ_100,1.0,13679.76,0.0,23070.7089,0.0,2784.33,2624.62,2481.9,73.32,TQQQ_100,"Bull trend confirmed: Price > SMA50 & SMA250, RSI 73.3",3679.76,36.8,56.8,188.98
2012-08-21,TQQQ_100,1.0,13522.46,0.0,23070.7089,0.0,2772.2,2629.72,2484.41,69.45,TQQQ_100,"Bull trend confirmed: Price > SMA50 & SMA250, RSI 69.5",3522.46,35.22,56.12,185.66
2012-08-22,TQQQ_100,1.0,13668.36,0.0,23070.7089,0.0,2783.42,2634.46,2487.11,70.98,TQQQ_100,"Bull trend confirmed: Price > SMA50 & SMA250, RSI 71.0",3668.36,36.68,56.75,188.74
2012-08-23,TQQQ_100,1.0,13365.13,0.0,23070.7089,0.0,2762.02,2639.15,2489.51,64.38,TQQQ_100,"Bull trend confirmed: Price > SMA50 & SMA250, RSI 64.4",3365.13,33.65,55.54,182.34
2012-08-24,TQQQ_100,1.0,13602.24,0.0,23070.7089,0.0,2778.05,2643.92,2491.72,66.86,TQQQ_100,"Bull trend confirmed: Price > SMA50 & SMA250, RSI 66.9",3602.24,36.02,56.44,187.34
2012-08-27,TQQQ_100,1.0,13668.36,0.0,23070.7089,0.0,2782.55,2648.14,2493.9,67.55,TQQQ_100,"Bull trend confirmed: Price > SMA50 & SMA250, RSI 67.5",3668.36,36.68,56.7,188.74
2012-08-28,TQQQ_100,1.0,13666.08,0.0,23070.7089,0.0,2782.69,2651.95,2496.07,67.57,TQQQ_100,"Bull trend confirmed: Price > SMA50 & SMA250, RSI 67.6",3666.08,36.66,56.71,188.69
2012-08-29,TQQQ_100,1.0,13670.64,0.0,23070.7089,0.0,2784.0,2655.21,2498.33,67.8,TQQQ_100,"Bull trend confirmed: Price > SMA50 & SMA250, RSI 67.8",3670.64,36.71,56.78,188.79
2012-08-30,TQQQ_100,1.0,13253.42,0.0,23070.7089,0.0,2753.74,2657.82,2500.67,57.84,TQQQ_100,"Bull trend confirmed: Price > SMA50 & SMA250, RSI 57.8",3253.42,32.53,55.08,179.98
2012-08-31,TQQQ_100,1.0,13536.14,0.0,23070.7089,0.0,2772.24,2662.12,2503.09,61.56,TQQQ_100,"Bull trend confirmed: Price > SMA50 & SMA250, RSI 61.6",3536.14,35.36,56.12,185.95
2012-09-04,TQQQ_100,1.0,13479.12,0.0,23070.7089,0.0,2772.03,2665.85,2505.29,61.49,TQQQ_100,"Bull trend confirmed: Price > SMA50 & SMA250, RSI 61.5",3479.12,34.79,56.11,184.74
2012-09-05,TQQQ_100,1.0,13417.57,0.0,23070.7089,0.0,2766.95,2670.52,2507.5,59.81,TQQQ_100,"Bull trend confirmed: Price > SMA50 & SMA250, RSI 59.8",3417.57,34.18,55.82,183.44
2012-09-06,TQQQ_50,0.5,14304.48,7152.24,11535.3544,0.0,2829.71,2676.12,2510.16,70.51,TQQQ_50,Bearish RSI divergence,4304.48,43.04,59.35,202.18
2012-09-07,TQQQ_50,0.5,14274.58,7153.12,11535.3544,0.0,2825.11,2681.31,2512.69,69.06,TQQQ_50,Bearish RSI divergence,4274.58,42.75,59.09,200.88
2012-09-10,TQQQ_50,0.5,14015.03,7155.77,11535.3544,0.0,2788.35,2686.34,2514.96,58.67,TQQQ_50,Bearish RSI divergence,4015.03,40.15,57.02,189.8
2012-09-11,TQQQ_50,0.5,13986.28,7156.65,11535.3544,0.0,2784.89,2689.73,2517.09,57.79,TQQQ_50,Bearish RSI divergence,3986.28,39.86,56.83,188.55
2012-09-12,TQQQ_50,0.5,14046.43,7157.53,11535.3544,0.0,2791.68,2693.06,2519.11,59.09,TQQQ_50,Bearish RSI divergence,4046.43,40.46,57.21,191.05
2012-09-13,TQQQ_50,0.5,14322.05,7158.41,11535.3544,0.0,2831.35,2696.77,2521.21,65.72,TQQQ_50,Bearish RSI divergence,4322.05,43.22,59.45,202.66
2012-09-14,TQQQ_50,0.5,14506.47,7159.3,11535.3544,0.0,2855.23,2700.93,2523.4,68.99,TQQQ_50,Bearish RSI divergence,4506.47,45.06,60.79,210.42
2012-09-17,TQQQ_50,0.5,14522.8,7161.94,11535.3544,0.0,2856.44,2705.81,2525.64,69.15,TQQQ_50,Bearish RSI divergence,4522.8,45.23,60.86,210.99
2012-09-18,TQQQ_50,0.5,14537.36,7162.83,11535.3544,0.0,2857.38,2710.75,2528.04,69.28,TQQQ_50,Bearish RSI divergence,4537.36,45.37,60.91,211.57
2012-09-19,TQQQ_50,0.5,14587.26,7163.71,11535.3544,0.0,2864.03,2716.32,2530.76,70.25,TQQQ_50,Bearish RSI divergence,4587.26,45.87,61.29,213.64
2012-09-20,TQQQ_50,0.5,14571.05,7164.59,11535.3544,0.0,2861.7,2722.13,2533.38,69.42,TQQQ_50,Bearish RSI divergence,4571.05,45.71,61.16,212.92
2012-09-21,TQQQ_50,0.5,14571.93,7165.48,11535.3544,0.0,2861.64,2728.46,2535.89,69.4,TQQQ_50,Bearish RSI divergence,4571.93,45.72,61.15,212.92
2012-09-24,TQQQ_50,0.5,14437.78,7168.13,11535.3544,0.0,2843.98,2733.64,2538.25,62.86,TQQQ_50,Bearish RSI divergence,4437.78,44.38,60.16,207.14
2012-09-25,TQQQ_50,0.5,14146.83,7169.01,11535.3544,0.0,2804.53,2738.19,2540.58,51.25,TQQQ_50,Bearish RSI divergence,4146.83,41.47,57.94,194.81
2012-09-26,TQQQ_50,0.5,13964.17,7169.89,11535.3544,0.0,2781.63,2741.99,2542.92,45.94,TQQQ_50,Bearish RSI divergence,3964.17,39.64,56.65,187.06
2012-09-27,TQQQ_50,0.5,14253.48,7170.78,11535.3544,0.0,2821.6,2745.91,2545.65,54.75,TQQQ_50,Bearish RSI divergence,4253.48,42.53,58.9,199.24
2012-09-28,TQQQ_50,0.5,14084.51,7171.66,11535.3544,0.0,2799.19,2748.77,2548.5,49.84,TQQQ_50,Bearish RSI divergence,4084.51,40.85,57.64,192.07
2012-10-01,TQQQ_50,0.5,14057.51,7174.32,11535.3544,0.0,2794.28,2752.3,2551.16,48.81,TQQQ_50,Bearish RSI divergence,4057.51,40.58,57.36,190.81
2012-10-02,TQQQ_50,0.5,14102.86,7175.2,11535.3544,0.0,2799.29,2756.48,2553.63,49.95,TQQQ_50,Bearish RSI divergence,4102.86,41.03,57.64,192.69
2012-10-03,TQQQ_100,1.0,14234.84,0.0,23262.4426,0.0,2818.84,2761.51,2556.03,54.23,TQQQ_100,"Bull trend confirmed: Price > SMA50 & SMA250, RSI 54.2",4234.84,42.35,58.74,198.23
2012-10-04,TQQQ_100,1.0,14400.36,0.0,23262.4426,0.0,2828.6,2767.1,2558.54,56.24,TQQQ_100,"Bull trend confirmed: Price > SMA50 & SMA250, RSI 56.2",4400.36,44.0,59.29,201.7
2012-10-05,TQQQ_100,1.0,14152.08,0.0,23262.4426,0.0,2811.94,2771.64,2560.67,52.04,TQQQ_100,"Bull trend confirmed: Price > SMA50 & SMA250, RSI 52.0",4152.08,41.52,58.35,196.5
2012-10-08,TQQQ_100,1.0,13777.36,0.0,23262.4426,0.0,2786.92,2774.44,2562.64,46.43,TQQQ_100,"Bull trend confirmed: Price > SMA50 & SMA250, RSI 46.4",3777.36,37.77,56.94,188.65
2012-10-09,CASH,0.0,13069.31,13069.31,0.0,0.0,2741.92,2776.44,2564.38,38.41,CASH,Clean exit: NDX 2741.9 broke below SMA50 (2776.4),3069.31,30.69,54.41,173.81
2012-10-10,CASH,0.0,13070.92,13070.92,0.0,0.0,2728.54,2778.16,2565.98,36.39,CASH,Clean exit: NDX 2728.5 broke below SMA50 (2778.2),3070.92,30.71,53.66,170.49
2012-10-11,CASH,0.0,13072.53,13072.53,0.0,0.0,2719.21,2779.84,2567.37,35.01,CASH,Clean exit: NDX 2719.2 broke below SMA50 (2779.8),3072.53,30.73,53.13,168.08
2012-10-12,CASH,0.0,13074.14,13074.14,0.0,0.0,2720.14,2781.73,2568.92,35.28,CASH,Clean exit: NDX 2720.1 broke below SMA50 (2781.7),3074.14,30.74,53.18,168.03
2012-10-15,CASH,0.0,13078.98,13078.98,0.0,0.0,2739.87,2783.01,2570.42,40.76,CASH,Clean exit: NDX 2739.9 broke below SMA50 (2783.0),3078.98,30.79,54.29,173.38
2012-10-16,CASH,0.0,13080.59,13080.59,0.0,0.0,2778.38,2784.69,2572.26,49.71,CASH,Clean exit: NDX 2778.4 broke below SMA50 (2784.7),3080.59,30.81,56.46,185.27
2012-10-17,CASH,0.0,13082.2,13082.2,0.0,0.0,2775.62,2785.86,2574.14,49.14,CASH,Clean exit: NDX 2775.6 broke below SMA50 (2785.9),3082.2,30.82,56.31,184.41
2012-10-18,CASH,0.0,13083.82,13083.82,0.0,0.0,2744.17,2786.47,2575.77,43.05,CASH,Clean exit: NDX 2744.2 broke below SMA50 (2786.5),3083.82,30.84,54.54,174.68
2012-10-19,CASH,0.0,13085.43,13085.43,0.0,0.0,2678.32,2785.64,2576.95,33.65,CASH,Clean exit: NDX 2678.3 broke below SMA50 (2785.6),3085.43,30.85,50.83,154.83
2012-10-22,CASH,0.0,13090.27,13090.27,0.0,0.0,2694.56,2785.07,2578.38,37.28,CASH,Clean exit: NDX 2694.6 broke below SMA50 (2785.1),3090.27,30.9,51.74,158.83
2012-10-23,CASH,0.0,13091.88,13091.88,0.0,0.0,2666.02,2783.82,2579.71,33.78,CASH,Clean exit: NDX 2666.0 broke below SMA50 (2783.8),3091.88,30.92,50.14,151.17
2012-10-24,CASH,0.0,13093.5,13093.5,0.0,0.0,2655.55,2782.37,2580.73,32.57,CASH,Clean exit: NDX 2655.6 broke below SMA50 (2782.4),3093.5,30.93,49.55,148.67
2012-10-25,CASH,0.0,13095.11,13095.11,0.0,0.0,2657.66,2780.82,2581.76,33.09,CASH,Clean exit: NDX 2657.7 broke below SMA50 (2780.8),3095.11,30.95,49.66,148.67
2012-10-26,CASH,0.0,13096.73,13096.73,0.0,0.0,2665.83,2778.77,2582.98,35.17,CASH,Clean exit: NDX 2665.8 broke below SMA50 (2778.8),3096.73,30.97,50.13,151.27
2012-10-31,CASH,0.0,13104.8,13104.8,0.0,0.0,2647.92,2776.12,2584.38,32.76,CASH,Clean exit: NDX 2647.9 broke below SMA50 (2776.1),3104.8,31.05,49.12,146.41
2012-11-01,CASH,0.0,13106.41,13106.41,0.0,0.0,2687.52,2774.19,2585.85,42.19,CASH,Clean exit: NDX 2687.5 broke below SMA50 (2774.2),3106.41,31.06,51.35,156.86
2012-11-02,CASH,0.0,13108.03,13108.03,0.0,0.0,2656.28,2771.87,2587.01,37.7,CASH,Clean exit: NDX 2656.3 broke below SMA50 (2771.9),3108.03,31.08,49.59,147.47
2012-11-05,CASH,0.0,13112.88,13112.88,0.0,0.0,2672.91,2769.66,2588.28,41.29,CASH,Clean exit: NDX 2672.9 broke below SMA50 (2769.7),3112.88,31.13,50.52,153.53
2012-11-06,CASH,0.0,13114.49,13114.49,0.0,0.0,2681.05,2768.04,2589.52,43.01,CASH,Clean exit: NDX 2681.1 broke below SMA50 (2768.0),3114.49,31.14,50.98,155.08
2012-11-07,CASH,0.0,13116.11,13116.11,0.0,0.0,2612.69,2764.73,2590.37,33.97,CASH,Clean exit: NDX 2612.7 broke below SMA50 (2764.7),3116.11,31.16,47.13,136.77
2012-11-08,CASH,0.0,13117.73,13117.73,0.0,0.0,2572.57,2760.53,2591.4,29.99,CASH,Defensive cash in bear regime,3117.73,31.18,44.87,125.7
2012-11-09,CASH,0.0,13119.35,13119.35,0.0,0.0,2584.1,2756.56,2592.49,32.44,CASH,Defensive cash in bear regime,3119.35,31.19,45.52,128.15
2012-11-12,CASH,0.0,13124.2,13124.2,0.0,0.0,2582.77,2752.54,2593.4,32.3,CASH,Defensive cash in bear regime,3124.2,31.24,45.45,128.49
2012-11-13,CASH,0.0,13125.82,13125.82,0.0,0.0,2561.86,2748.7,2594.28,30.09,CASH,Defensive cash in bear regime,3125.82,31.26,44.27,123.53
2012-11-14,CASH,0.0,13127.43,13127.43,0.0,0.0,2531.87,2743.89,2594.94,27.22,CASH,Defensive cash in bear regime,3127.43,31.27,42.58,115.53
2012-11-15,CASH,0.0,13129.05,13129.05,0.0,0.0,2524.36,2738.94,2595.74,26.53,CASH,Defensive cash in bear regime,3129.05,31.29,42.16,113.61
2012-11-16,CASH,0.0,13130.67,13130.67,0.0,0.0,2534.16,2734.28,2596.79,29.04,CASH,Defensive cash in bear regime,3130.67,31.31,42.71,116.01
2012-11-19,SQQQ,0.0,13135.53,0.0,0.0,0.0098,2595.83,2729.61,2598.16,42.35,SQQQ,"Bear signal: Below SMAs, RSI 42.4 in SQQQ zone",3135.53,31.36,46.18,131.57
2012-11-20,SQQQ,0.0,13132.58,0.0,0.0,0.0098,2594.66,2725.0,2599.69,42.19,SQQQ,"Bear signal: Below SMAs, RSI 42.2 in SQQQ zone",3132.58,31.33,46.12,131.62
2012-11-21,SQQQ,0.0,13041.28,0.0,0.0,0.0098,2600.48,2721.24,2601.23,43.35,SQQQ,"Bear signal: Below SMAs, RSI 43.3 in SQQQ zone",3041.28,30.41,46.44,133.26
2012-11-23,CASH,0.0,12449.3,12449.3,0.0,0.0,2639.59,2718.33,2603.12,50.52,CASH,Clean exit: NDX 2639.6 broke below SMA50 (2718.3),2449.3,24.49,48.65,143.95
2012-11-26,CASH,0.0,12453.9,12453.9,0.0,0.0,2651.67,2715.53,2605.12,52.52,CASH,Clean exit: NDX 2651.7 broke below SMA50 (2715.5),2453.9,24.54,49.33,147.08
2012-11-27,CASH,0.0,12455.44,12455.44,0.0,0.0,2641.42,2711.73,2606.79,50.65,CASH,Clean exit: NDX 2641.4 broke below SMA50 (2711.7),2455.44,24.55,48.75,144.29
2012-11-28,CASH,0.0,12456.97,12456.97,0.0,0.0,2665.27,2707.94,2608.61,54.7,CASH,Clean exit: NDX 2665.3 broke below SMA50 (2707.9),2456.97,24.57,50.09,150.84
2012-11-29,CASH,0.0,12458.51,12458.51,0.0,0.0,2680.03,2704.41,2610.15,57.04,CASH,Clean exit: NDX 2680.0 broke below SMA50 (2704.4),2458.51,24.59,50.92,155.17
2012-11-30,CASH,0.0,12460.04,12460.04,0.0,0.0,2677.88,2700.82,2611.62,56.59,CASH,Clean exit: NDX 2677.9 broke below SMA50 (2700.8),2460.04,24.6,50.8,154.26
2012-12-03,CASH,0.0,12464.65,12464.65,0.0,0.0,2671.84,2696.97,2613.1,55.24,CASH,Clean exit: NDX 2671.8 broke below SMA50 (2697.0),2464.65,24.65,50.46,153.0
2012-12-04,CASH,0.0,12466.19,12466.19,0.0,0.0,2667.89,2693.1,2614.46,54.33,CASH,Clean exit: NDX 2667.9 broke below SMA50 (2693.1),2466.19,24.66,50.24,151.37
2012-12-05,CASH,0.0,12467.73,12467.73,0.0,0.0,2637.89,2688.62,2615.73,47.87,CASH,Clean exit: NDX 2637.9 broke below SMA50 (2688.6),2467.73,24.68,48.55,143.61
2012-12-06,CASH,0.0,12469.26,12469.26,0.0,0.0,2656.3,2684.87,2617.07,51.67,CASH,Clean exit: NDX 2656.3 broke below SMA50 (2684.9),2469.26,24.69,49.59,148.09
2012-12-07,CASH,0.0,12470.8,12470.8,0.0,0.0,2640.54,2681.59,2618.5,48.42,CASH,Clean exit: NDX 2640.5 broke below SMA50 (2681.6),2470.8,24.71,48.7,143.85
2012-12-10,CASH,0.0,12475.41,12475.41,0.0,0.0,2647.57,2678.91,2619.82,49.93,CASH,Clean exit: NDX 2647.6 broke below SMA50 (2678.9),2475.41,24.75,49.1,146.02
2012-12-11,CASH,0.0,12476.95,12476.95,0.0,0.0,2682.07,2676.12,2621.38,56.65,CASH,1% confirmation buffer: NDX 2682.1 <= threshold (2702.9),2476.95,24.77,51.04,155.51
2012-12-12,CASH,0.0,12478.49,12478.49,0.0,0.0,2674.57,2673.62,2623.0,54.92,CASH,1% confirmation buffer: NDX 2674.6 <= threshold (2700.4),2478.49,24.78,50.62,153.77
2012-12-13,CASH,0.0,12480.03,12480.03,0.0,0.0,2654.01,2670.82,2624.69,50.39,CASH,Clean exit: NDX 2654.0 broke below SMA50 (2670.8),2480.03,24.8,49.46,148.04
2012-12-14,CASH,0.0,12481.57,12481.57,0.0,0.0,2628.09,2667.4,2626.29,45.32,CASH,Clean exit: NDX 2628.1 broke below SMA50 (2667.4),2481.57,24.82,48.0,141.01
2012-12-17,CASH,0.0,12486.18,12486.18,0.0,0.0,2664.26,2664.3,2628.0,52.51,CASH,Clean exit: NDX 2664.3 broke below SMA50 (2664.3),2486.18,24.86,50.04,150.4
2012-12-18,TQQQ_100,1.0,12487.72,0.0,23228.3091,0.0,2705.39,2661.84,2629.96,59.09,TQQQ_100,"Bull trend confirmed: Price > SMA50 & SMA250, RSI 59.1",2487.72,24.88,52.35,162.01
2012-12-19,TQQQ_100,1.0,12308.67,0.0,23228.3091,0.0,2690.99,2659.42,2631.59,56.16,TQQQ_100,"Bull trend confirmed: Price > SMA50 & SMA250, RSI 56.2",2308.67,23.09,51.54,158.25
2012-12-20,TQQQ_100,1.0,12317.83,0.0,23228.3091,0.0,2693.55,2657.55,2633.37,56.57,TQQQ_100,"Bull trend confirmed: Price > SMA50 & SMA250, RSI 56.6",2317.83,23.18,51.69,158.45
2012-12-21,TQQQ_100,1.0,11934.5,0.0,23228.3091,0.0,2664.67,2656.01,2634.96,50.76,TQQQ_100,"Bull trend confirmed: Price > SMA50 & SMA250, RSI 50.8",1934.5,19.34,50.06,150.4
2012-12-24,TQQQ_100,1.0,11833.48,0.0,23228.3091,0.0,2658.05,2654.6,2636.45,49.5,TQQQ_100,"Bull trend confirmed: Price > SMA50 & SMA250, RSI 49.5",1833.48,18.33,49.69,148.28
2012-12-26,SQQQ,0.0,11553.44,0.0,0.0,0.0092,2637.18,2652.96,2637.82,45.67,SQQQ,"Bear signal: Below SMAs, RSI 45.7 in SQQQ zone",1553.44,15.53,48.51,142.41
2012-12-27,SQQQ,0.0,11603.02,0.0,0.0,0.0092,2632.94,2651.21,2639.29,44.91,SQQQ,"Bear signal: Below SMAs, RSI 44.9 in SQQQ zone",1603.02,16.03,48.27,141.06
2012-12-28,SQQQ,0.0,11939.1,0.0,0.0,0.0092,2606.36,2648.54,2640.57,40.36,SQQQ,"Bear signal: Below SMAs, RSI 40.4 in SQQQ zone",1939.1,19.39,46.78,134.08
2012-12-31,CASH,0.0,11170.52,11170.52,0.0,0.0,2660.93,2646.19,2642.1,51.26,CASH,1% confirmation buffer: NDX 2660.9 <= threshold (2672.7),1170.52,11.71,49.85,149.34
2013-01-02,TQQQ_100,1.0,11173.28,0.0,19975.5115,0.0,2746.47,2645.61,2643.8,62.75,TQQQ_100,"Bull trend confirmed: Price > SMA50 & SMA250, RSI 62.8",1173.28,11.73,54.67,172.61
2013-01-03,TQQQ_100,1.0,11011.41,0.0,19975.5115,0.0,2732.26,2645.37,2645.41,60.21,TQQQ_100,"Bull trend confirmed: Price > SMA50 & SMA250, RSI 60.2",1011.41,10.11,53.87,168.66
2013-01-04,TQQQ_100,1.0,10902.84,0.0,19975.5115,0.0,2724.49,2646.3,2646.91,58.81,TQQQ_100,"Bull trend confirmed: Price > SMA50 & SMA250, RSI 58.8",902.84,9.03,53.43,166.01
2013-01-07,TQQQ_100,1.0,10914.69,0.0,19975.5115,0.0,2724.22,2646.89,2648.39,58.76,TQQQ_100,"Bull trend confirmed: Price > SMA50 & SMA250, RSI 58.8",914.69,9.15,53.41,166.3
2013-01-08,TQQQ_100,1.0,10851.5,0.0,19975.5115,0.0,2718.72,2647.94,2649.86,57.66,TQQQ_100,"Bull trend confirmed: Price > SMA50 & SMA250, RSI 57.7",851.5,8.52,53.1,164.76
2013-01-09,TQQQ_100,1.0,10962.07,0.0,19975.5115,0.0,2727.65,2649.39,2651.3,59.0,TQQQ_100,"Bull trend confirmed: Price > SMA50 & SMA250, RSI 59.0",962.07,9.62,53.61,167.45
2013-01-10,TQQQ_100,1.0,11155.52,0.0,19975.5115,0.0,2744.18,2651.12,2652.79,61.44,TQQQ_100,"Bull trend confirmed: Price > SMA50 & SMA250, RSI 61.4",1155.52,11.56,54.54,172.17
2013-01-11,TQQQ_100,1.0,11196.96,0.0,19975.5115,0.0,2748.26,2652.76,2654.25,62.04,TQQQ_100,"Bull trend confirmed: Price > SMA50 & SMA250, RSI 62.0",1196.96,11.97,54.77,173.18
2013-01-14,TQQQ_100,1.0,11052.86,0.0,19975.5115,0.0,2735.7,2654.52,2655.71,59.0,TQQQ_100,"Bull trend confirmed: Price > SMA50 & SMA250, RSI 59.0",1052.86,10.53,54.06,169.67
2013-01-15,TQQQ_100,1.0,10889.01,0.0,19975.5115,0.0,2722.98,2655.23,2657.03,56.0,TQQQ_100,"Bull trend confirmed: Price > SMA50 & SMA250, RSI 56.0",889.01,8.89,53.34,165.67
2013-01-16,TQQQ_50,0.5,11011.41,5505.71,9987.7557,0.0,2734.73,2656.8,2658.26,58.12,TQQQ_50,Bearish RSI divergence,1011.41,10.11,54.01,168.66
2013-01-17,TQQQ_50,0.5,11096.97,5506.39,9987.7557,0.0,2747.15,2658.28,2659.48,60.29,TQQQ_50,Bearish RSI divergence,1096.97,10.97,54.7,172.8
2013-01-18,TQQQ_50,0.5,11066.07,5507.06,9987.7557,0.0,2743.24,2659.53,2660.71,59.25,TQQQ_50,Bearish RSI divergence,1066.07,10.66,54.48,171.26
2013-01-22,TQQQ_50,0.5,11091.49,5509.78,9987.7557,0.0,2746.19,2662.2,2661.94,59.81,TQQQ_50,Bearish RSI divergence,1091.49,10.91,54.65,172.37
2013-01-23,TQQQ_100,1.0,11182.98,0.0,19690.1767,0.0,2762.17,2665.99,2663.26,62.82,TQQQ_100,"Bull trend confirmed: Price > SMA50 & SMA250, RSI 62.8",1182.98,11.83,55.55,176.8
2013-01-24,TQQQ_100,1.0,10737.37,0.0,19690.1767,0.0,2723.53,2668.78,2664.29,52.58,TQQQ_100,"Bull trend confirmed: Price > SMA50 & SMA250, RSI 52.6",737.37,7.37,53.37,165.77
2013-01-25,TQQQ_100,1.0,10896.92,0.0,19690.1767,0.0,2736.73,2671.86,2665.42,55.26,TQQQ_100,"Bull trend confirmed: Price > SMA50 & SMA250, RSI 55.3",896.92,8.97,54.12,169.72
2013-01-28,TQQQ_100,1.0,10974.76,0.0,19690.1767,0.0,2742.43,2675.47,2666.54,56.41,TQQQ_100,"Bull trend confirmed: Price > SMA50 & SMA250, RSI 56.4",974.76,9.75,54.44,171.64
2013-01-29,TQQQ_100,1.0,10974.76,0.0,19690.1767,0.0,2743.58,2679.7,2667.65,56.65,TQQQ_100,"Bull trend confirmed: Price > SMA50 & SMA250, RSI 56.7",974.76,9.75,54.5,171.64
2013-01-30,TQQQ_100,1.0,10914.44,0.0,19690.1767,0.0,2738.71,2683.99,2668.73,55.25,TQQQ_100,"Bull trend confirmed: Price > SMA50 & SMA250, RSI 55.3",914.44,9.14,54.23,170.15
2013-01-31,TQQQ_100,1.0,10844.39,0.0,19690.1767,0.0,2731.53,2687.94,2669.71,53.17,TQQQ_100,"Bull trend confirmed: Price > SMA50 & SMA250, RSI 53.2",844.39,8.44,53.82,168.42
2013-02-01,TQQQ_100,1.0,11200.48,0.0,19690.1767,0.0,2763.96,2691.3,2670.78,60.42,TQQQ_100,"Bull trend confirmed: Price > SMA50 & SMA250, RSI 60.4",1200.48,12.0,55.65,177.23
2013-02-04,TQQQ_100,1.0,10630.35,0.0,19690.1767,0.0,2715.68,2693.72,2671.53,48.41,TQQQ_100,"Bull trend confirmed: Price > SMA50 & SMA250, RSI 48.4",630.35,6.3,52.93,163.12
2013-02-05,TQQQ_100,1.0,11097.36,0.0,19690.1767,0.0,2754.99,2696.81,2672.43,56.07,TQQQ_100,"Bull trend confirmed: Price > SMA50 & SMA250, RSI 56.1",1097.36,10.97,55.15,174.68
2013-02-06,TQQQ_50,0.5,10994.23,5497.11,9845.0884,0.0,2746.35,2698.95,2673.29,54.16,TQQQ_50,Bearish RSI divergence,994.23,9.94,54.66,172.13
2013-02-07,TQQQ_50,0.5,11008.52,5497.79,9845.0884,0.0,2746.5,2700.84,2674.09,54.19,TQQQ_50,Bearish RSI divergence,1008.52,10.09,54.67,172.8
2013-02-08,TQQQ_50,0.5,11176.55,5498.47,9845.0884,0.0,2775.56,2703.52,2674.94,59.55,TQQQ_50,Bearish RSI divergence,1176.55,11.77,56.3,181.08
2013-02-11,TQQQ_50,0.5,11176.63,5500.5,9845.0884,0.0,2774.64,2705.71,2675.85,59.31,TQQQ_50,Bearish RSI divergence,1176.63,11.77,56.25,180.99
2013-02-12,TQQQ_50,0.5,11111.15,5501.18,9845.0884,0.0,2762.62,2707.36,2676.62,56.17,TQQQ_50,Bearish RSI divergence,1111.15,11.11,55.58,177.71
2013-02-13,TQQQ_50,0.5,11177.02,5501.86,9845.0884,0.0,2773.77,2709.28,2677.42,58.37,TQQQ_50,Bearish RSI divergence,1177.02,11.77,56.2,180.94
2013-02-14,TQQQ_50,0.5,11166.02,5502.54,9845.0884,0.0,2771.43,2711.27,2678.28,57.72,TQQQ_50,Bearish RSI divergence,1166.02,11.66,56.07,180.36
2013-02-15,TQQQ_50,0.5,11118.05,5503.22,9845.0884,0.0,2764.67,2713.21,2678.97,55.77,TQQQ_50,Bearish RSI divergence,1118.05,11.18,55.69,177.95
2013-02-19,TQQQ_50,0.5,11243.36,5505.93,9845.0884,0.0,2782.86,2716.11,2679.76,59.71,TQQQ_50,Bearish RSI divergence,1243.36,12.43,56.72,184.02
2013-02-20,TQQQ_50,0.5,10982.32,5506.61,9845.0884,0.0,2739.99,2717.78,2680.36,48.71,TQQQ_50,Bearish RSI divergence,982.32,9.82,54.3,171.07
2013-02-21,CASH,0.0,10804.95,10804.95,0.0,0.0,2711.51,2719.2,2680.89,43.03,CASH,Clean exit: NDX 2711.5 broke below SMA50 (2719.2),804.95,8.05,52.7,162.25
2013-02-22,CASH,0.0,10806.28,10806.28,0.0,0.0,2737.28,2721.0,2681.46,48.84,CASH,1% confirmation buffer: NDX 2737.3 <= threshold (2748.2),806.28,8.06,54.15,169.96
2013-02-25,CASH,0.0,10810.28,10810.28,0.0,0.0,2700.97,2721.37,2681.84,42.3,CASH,Clean exit: NDX 2701.0 broke below SMA50 (2721.4),810.28,8.1,52.1,159.89
2013-02-26,CASH,0.0,10811.61,10811.61,0.0,0.0,2713.02,2722.14,2682.27,44.93,CASH,Clean exit: NDX 2713.0 broke below SMA50 (2722.1),811.61,8.12,52.78,163.02
2013-02-27,CASH,0.0,10812.94,10812.94,0.0,0.0,2741.26,2723.89,2682.7,50.63,CASH,1% confirmation buffer: NDX 2741.3 <= threshold (2751.1),812.94,8.13,54.37,171.02
2013-02-28,CASH,0.0,10814.28,10814.28,0.0,0.0,2738.58,2726.1,2683.16,50.1,CASH,1% confirmation buffer: NDX 2738.6 <= threshold (2753.4),814.28,8.14,54.22,170.01
2013-03-01,CASH,0.0,10815.61,10815.61,0.0,0.0,2747.75,2727.77,2683.58,51.95,CASH,1% confirmation buffer: NDX 2747.8 <= threshold (2755.0),815.61,8.16,54.74,172.8
2013-03-04,TQQQ_100,1.0,10819.61,0.0,19083.6049,0.0,2759.53,2728.85,2684.05,54.29,TQQQ_100,"Bull trend confirmed: Price > SMA50 & SMA250, RSI 54.3",819.61,8.2,55.4,176.32
2013-03-05,TQQQ_100,1.0,11294.87,0.0,19083.6049,0.0,2799.25,2731.02,2684.79,61.18,TQQQ_100,"Bull trend confirmed: Price > SMA50 & SMA250, RSI 61.2",1294.87,12.95,57.64,188.45
2013-03-06,TQQQ_100,1.0,11223.2,0.0,19083.6049,0.0,2792.56,2733.0,2685.6,59.55,TQQQ_100,"Bull trend confirmed: Price > SMA50 & SMA250, RSI 59.6",1223.2,12.23,57.26,186.62
2013-03-07,TQQQ_100,1.0,11321.28,0.0,19083.6049,0.0,2799.49,2735.69,2686.37,60.72,TQQQ_100,"Bull trend confirmed: Price > SMA50 & SMA250, RSI 60.7",1321.28,13.21,57.65,189.13
2013-03-08,TQQQ_100,1.0,11334.48,0.0,19083.6049,0.0,2804.11,2738.61,2687.04,61.51,TQQQ_100,"Bull trend confirmed: Price > SMA50 & SMA250, RSI 61.5",1334.48,13.34,57.91,189.46
2013-03-11,TQQQ_100,1.0,11451.4,0.0,19083.6049,0.0,2811.86,2742.11,2687.7,62.87,TQQQ_100,"Bull trend confirmed: Price > SMA50 & SMA250, RSI 62.9",1451.4,14.51,58.35,192.45
2013-03-12,TQQQ_100,1.0,11311.85,0.0,19083.6049,0.0,2800.81,2745.46,2688.31,59.64,TQQQ_100,"Bull trend confirmed: Price > SMA50 & SMA250, RSI 59.6",1311.85,13.12,57.73,188.89
2013-03-13,TQQQ_100,1.0,11276.02,0.0,19083.6049,0.0,2798.68,2749.31,2688.72,59.01,TQQQ_100,"Bull trend confirmed: Price > SMA50 & SMA250, RSI 59.0",1276.02,12.76,57.61,187.97
2013-03-14,TQQQ_100,1.0,11391.06,0.0,19083.6049,0.0,2807.3,2752.24,2689.11,60.81,TQQQ_100,"Bull trend confirmed: Price > SMA50 & SMA250, RSI 60.8",1391.06,13.91,58.09,190.91
2013-03-15,TQQQ_100,1.0,11283.55,0.0,19083.6049,0.0,2799.41,2753.3,2689.45,58.28,TQQQ_100,"Bull trend confirmed: Price > SMA50 & SMA250, RSI 58.3",1283.55,12.84,57.65,188.16
2013-03-18,TQQQ_100,1.0,11206.22,0.0,19083.6049,0.0,2792.3,2754.5,2689.77,56.02,TQQQ_100,"Bull trend confirmed: Price > SMA50 & SMA250, RSI 56.0",1206.22,12.06,57.25,186.19
2013-03-19,TQQQ_100,1.0,11160.96,0.0,19083.6049,0.0,2787.27,2755.75,2689.99,54.41,TQQQ_100,"Bull trend confirmed: Price > SMA50 & SMA250, RSI 54.4",1160.96,11.61,56.96,185.03
2013-03-20,TQQQ_100,1.0,11374.07,0.0,19083.6049,0.0,2805.91,2757.39,2690.26,59.1,TQQQ_100,"Bull trend confirmed: Price > SMA50 & SMA250, RSI 59.1",1374.07,13.74,58.01,190.48
2013-03-21,TQQQ_100,1.0,11010.09,0.0,19083.6049,0.0,2774.85,2758.51,2690.41,49.9,TQQQ_100,"Bull trend confirmed: Price > SMA50 & SMA250, RSI 49.9",1010.09,10.1,56.26,181.18
2013-03-22,TQQQ_100,1.0,11313.73,0.0,19083.6049,0.0,2800.81,2759.97,2690.69,56.06,TQQQ_100,"Bull trend confirmed: Price > SMA50 & SMA250, RSI 56.1",1313.73,13.14,57.73,188.93
2013-03-25,TQQQ_100,1.0,11198.69,0.0,19083.6049,0.0,2789.45,2760.88,2690.93,52.99,TQQQ_100,"Bull trend confirmed: Price > SMA50 & SMA250, RSI 53.0",1198.69,11.99,57.09,186.0
2013-03-26,TQQQ_100,1.0,11370.31,0.0,19083.6049,0.0,2806.5,2762.04,2691.05,56.81,TQQQ_100,"Bull trend confirmed: Price > SMA50 & SMA250, RSI 56.8",1370.31,13.7,58.05,190.38
2013-03-27,TQQQ_100,1.0,11430.65,0.0,19083.6049,0.0,2809.98,2763.53,2691.16,57.57,TQQQ_100,"Bull trend confirmed: Price > SMA50 & SMA250, RSI 57.6",1430.65,14.31,58.24,191.92
2013-03-28,TQQQ_50,0.5,11496.66,5748.33,9541.8025,0.0,2818.69,2765.44,2691.35,59.48,TQQQ_50,Bearish RSI divergence,1496.66,14.97,58.73,193.61
2013-04-01,TQQQ_50,0.5,11388.22,5751.17,9541.8025,0.0,2797.07,2766.69,2691.49,53.07,TQQQ_50,Bearish RSI divergence,1388.22,13.88,57.52,187.92
2013-04-02,TQQQ_50,0.5,11516.24,5751.88,9541.8025,0.0,2820.62,2768.16,2691.75,58.34,TQQQ_50,Bearish RSI divergence,1516.24,15.16,58.84,194.43
2013-04-03,TQQQ_50,0.5,11364.19,5752.58,9541.8025,0.0,2795.04,2769.2,2691.79,51.57,TQQQ_50,Bearish RSI divergence,1364.19,13.64,57.4,186.62
2013-04-04,TQQQ_50,0.5,11367.72,5753.29,9541.8025,0.0,2794.92,2770.17,2691.84,51.54,TQQQ_50,Bearish RSI divergence,1367.72,13.68,57.39,186.77
2013-04-05,TQQQ_50,0.5,11230.76,5754.0,9541.8025,0.0,2771.75,2770.36,2691.95,45.94,TQQQ_50,Bearish RSI divergence,1230.76,12.31,56.09,179.74
2013-04-08,TQQQ_50,0.5,11316.81,5756.13,9541.8025,0.0,2786.13,2771.61,2692.04,49.6,TQQQ_50,Bearish RSI divergence,1316.81,13.17,56.9,184.02
2013-04-09,TQQQ_50,0.5,11426.9,5756.84,9541.8025,0.0,2804.67,2772.97,2692.3,53.93,TQQQ_50,Bearish RSI divergence,1426.9,14.27,57.94,189.61
2013-04-10,TQQQ_100,1.0,11759.54,0.0,18694.9993,0.0,2859.21,2775.31,2692.96,63.78,TQQQ_100,"Bull trend confirmed: Price > SMA50 & SMA250, RSI 63.8",1759.54,17.6,61.02,206.56
2013-04-11,TQQQ_100,1.0,11739.22,0.0,18694.9993,0.0,2859.07,2777.62,2693.56,63.75,TQQQ_100,"Bull trend confirmed: Price > SMA50 & SMA250, RSI 63.7",1739.22,17.39,61.01,206.03
2013-04-12,TQQQ_100,1.0,11726.29,0.0,18694.9993,0.0,2856.48,2779.97,2694.03,63.01,TQQQ_100,"Bull trend confirmed: Price > SMA50 & SMA250, RSI 63.0",1726.29,17.26,60.86,205.7
2013-04-15,TQQQ_100,1.0,11013.14,0.0,18694.9993,0.0,2797.47,2781.29,2694.42,49.01,TQQQ_100,"Bull trend confirmed: Price > SMA50 & SMA250, RSI 49.0",1013.14,10.13,57.54,187.1
2013-04-16,TQQQ_100,1.0,11473.17,0.0,18694.9993,0.0,2838.41,2782.78,2695.09,56.27,TQQQ_100,"Bull trend confirmed: Price > SMA50 & SMA250, RSI 56.3",1473.17,14.73,59.84,199.1
2013-04-17,CASH,0.0,10802.53,10802.53,0.0,0.0,2781.98,2784.11,2695.33,46.45,CASH,Clean exit: NDX 2782.0 broke below SMA50 (2784.1),802.53,8.03,56.67,181.61
2013-04-18,CASH,0.0,10803.86,10803.86,0.0,0.0,2741.95,2783.85,2695.43,40.99,CASH,Clean exit: NDX 2741.9 broke below SMA50 (2783.8),803.86,8.04,54.41,169.43
2013-04-19,CASH,0.0,10805.19,10805.19,0.0,0.0,2780.46,2784.53,2695.8,47.4,CASH,Clean exit: NDX 2780.5 broke below SMA50 (2784.5),805.19,8.05,56.58,180.6
2013-04-22,CASH,0.0,10809.19,10809.19,0.0,0.0,2810.07,2785.8,2696.34,51.74,CASH,1% confirmation buffer: NDX 2810.1 <= threshold (2813.7),809.19,8.09,58.25,189.22
2013-04-23,TQQQ_100,1.0,10810.52,0.0,17695.0354,0.0,2835.37,2787.0,2697.07,55.14,TQQQ_100,"Bull trend confirmed: Price > SMA50 & SMA250, RSI 55.1",810.52,8.11,59.67,197.75
2013-04-24,TQQQ_100,1.0,10784.3,0.0,17695.0354,0.0,2834.12,2788.19,2697.85,54.94,TQQQ_100,"Bull trend confirmed: Price > SMA50 & SMA250, RSI 54.9",784.3,7.84,59.6,197.03
2013-04-25,TQQQ_100,1.0,10959.17,0.0,17695.0354,0.0,2848.66,2789.91,2698.41,56.95,TQQQ_100,"Bull trend confirmed: Price > SMA50 & SMA250, RSI 57.0",959.17,9.59,60.42,201.84
2013-04-26,TQQQ_100,1.0,10866.49,0.0,17695.0354,0.0,2840.55,2791.24,2698.87,55.46,TQQQ_100,"Bull trend confirmed: Price > SMA50 & SMA250, RSI 55.5",866.49,8.66,59.96,199.29
2013-04-29,TQQQ_50,0.5,11155.02,5577.51,8847.5177,0.0,2866.95,2793.15,2699.37,59.21,TQQQ_50,Bearish RSI divergence,1155.02,11.55,61.45,207.24
2013-04-30,TQQQ_50,0.5,11278.12,5578.2,8847.5177,0.0,2887.44,2795.61,2700.02,61.89,TQQQ_50,Bearish RSI divergence,1278.12,12.78,62.6,213.98
2013-05-01,TQQQ_50,0.5,11206.24,5578.88,8847.5177,0.0,2873.35,2797.42,2700.61,59.02,TQQQ_50,Bearish RSI divergence,1206.24,12.06,61.81,209.98
2013-05-02,TQQQ_100,1.0,11410.65,0.0,17313.4241,0.0,2911.14,2800.84,2701.32,63.86,TQQQ_100,"Bull trend confirmed: Price > SMA50 & SMA250, RSI 63.9",1410.65,14.11,63.94,221.2
2013-05-03,TQQQ_100,1.0,11809.3,0.0,17313.4241,0.0,2944.59,2805.5,2702.28,67.51,TQQQ_100,"Bull trend confirmed: Price > SMA50 & SMA250, RSI 67.5",1809.3,18.09,65.82,232.43
2013-05-06,TQQQ_100,1.0,11961.58,0.0,17313.4241,0.0,2955.36,2809.86,2703.55,68.61,TQQQ_100,"Bull trend confirmed: Price > SMA50 & SMA250, RSI 68.6",1961.58,19.62,66.43,236.71
2013-05-07,TQQQ_100,1.0,11932.49,0.0,17313.4241,0.0,2952.88,2814.9,2704.8,68.04,TQQQ_100,"Bull trend confirmed: Price > SMA50 & SMA250, RSI 68.0",1932.49,19.32,66.29,235.89
2013-05-08,TQQQ_100,1.0,12119.0,0.0,17313.4241,0.0,2968.24,2820.01,2706.15,69.73,TQQQ_100,"Bull trend confirmed: Price > SMA50 & SMA250, RSI 69.7",2119.0,21.19,67.16,241.14
2013-05-09,TQQQ_100,1.0,12076.21,0.0,17313.4241,0.0,2961.12,2824.4,2707.51,67.94,TQQQ_100,"Bull trend confirmed: Price > SMA50 & SMA250, RSI 67.9",2076.21,20.76,66.75,239.94
2013-05-10,TQQQ_100,1.0,12281.54,0.0,17313.4241,0.0,2981.02,2829.25,2708.97,70.23,TQQQ_100,"Bull trend confirmed: Price > SMA50 & SMA250, RSI 70.2",2281.54,22.82,67.87,245.72
2013-05-13,TQQQ_100,1.0,12329.45,0.0,17313.4241,0.0,2982.09,2833.94,2710.44,70.36,TQQQ_100,"Bull trend confirmed: Price > SMA50 & SMA250, RSI 70.4",2329.45,23.29,67.94,247.07
2013-05-14,TQQQ_100,1.0,12510.82,0.0,17313.4241,0.0,2996.05,2838.67,2712.06,71.98,TQQQ_100,"Bull trend confirmed: Price > SMA50 & SMA250, RSI 72.0",2510.82,25.11,68.72,252.17
2013-05-15,TQQQ_100,1.0,12603.21,0.0,17313.4241,0.0,3002.62,2842.74,2713.75,72.74,TQQQ_100,"Bull trend confirmed: Price > SMA50 & SMA250, RSI 72.7",2603.21,26.03,69.09,254.77
2013-05-16,TQQQ_100,1.0,12557.01,0.0,17313.4241,0.0,2999.34,2846.87,2715.5,71.7,TQQQ_100,"Bull trend confirmed: Price > SMA50 & SMA250, RSI 71.7",2557.01,25.57,68.91,253.47
2013-05-17,TQQQ_30,0.3,12911.19,9037.83,5194.0272,0.0,3028.96,2851.46,2717.58,75.16,TQQQ_30,Overbought: RSI 75.2 >= 75,2911.19,29.11,70.57,263.44
2013-05-20,TQQQ_30,0.3,12897.08,9041.18,5194.0272,0.0,3020.97,2855.8,2719.75,72.58,TQQQ_30,Overbought trim active,2897.08,28.97,70.12,261.81
2013-05-21,TQQQ_30,0.3,12912.57,9042.29,5194.0272,0.0,3026.45,2860.09,2721.67,73.26,TQQQ_30,Overbought trim active,2912.57,29.13,70.43,263.15
2013-05-22,TQQQ_30,0.3,12819.23,9043.41,5194.0272,0.0,2999.13,2864.06,2723.51,64.68,TQQQ_30,Overbought trim active,2819.23,28.19,68.89,254.29
2013-05-23,TQQQ_30,0.3,12779.29,9044.52,5194.0272,0.0,2991.45,2867.91,2725.29,62.46,TQQQ_30,Overbought trim active,2779.29,27.79,68.46,250.44
2013-05-24,TQQQ_30,0.3,12778.35,9045.64,5194.0272,0.0,2991.02,2871.59,2727.13,62.33,TQQQ_30,Overbought trim active,2778.35,27.78,68.44,250.25
2013-05-28,TQQQ_30,0.3,12859.8,9050.1,5194.0272,0.0,3011.94,2875.84,2729.07,66.0,TQQQ_30,Overbought trim active,2859.8,28.6,69.62,257.47
2013-05-29,TQQQ_30,0.3,12803.43,9051.21,5194.0272,0.0,2994.82,2879.89,2730.81,60.78,TQQQ_30,Overbought trim active,2803.43,28.03,68.65,252.08
2013-05-30,TQQQ_30,0.3,12865.63,9052.33,5194.0272,0.0,3011.83,2884.38,2732.71,63.84,TQQQ_30,Overbought trim active,2865.63,28.66,69.61,257.81
2013-05-31,TQQQ_30,0.3,12757.93,9053.44,5194.0272,0.0,2981.76,2887.9,2734.54,55.59,TQQQ_30,Overbought trim active,2757.93,27.58,67.92,247.6
2013-06-03,TQQQ_30,0.3,12782.83,9056.79,5194.0272,0.0,2990.79,2892.21,2736.66,57.37,TQQQ_30,Overbought trim active,2782.83,27.83,68.42,249.62
2013-06-04,TQQQ_30,0.3,12728.0,9057.91,5194.0272,0.0,2973.69,2895.67,2738.65,53.03,TQQQ_30,Overbought trim active,2728.0,27.28,67.46,244.37
2013-06-05,TQQQ_30,0.3,12588.47,9059.03,5194.0272,0.0,2937.14,2898.63,2740.44,45.16,TQQQ_30,Overbought trim active,2588.47,25.88,65.4,231.17
2013-06-06,TQQQ_30,0.3,12632.71,9060.14,5194.0272,0.0,2950.3,2901.5,2742.06,48.14,TQQQ_30,Overbought trim active,2632.71,26.33,66.14,235.22
2013-06-07,TQQQ_30,0.3,12783.19,9061.26,5194.0272,0.0,2990.87,2905.12,2743.88,56.08,TQQQ_30,Overbought trim active,2783.19,27.83,68.43,249.24
2013-06-10,TQQQ_30,0.3,12788.08,9064.61,5194.0272,0.0,2990.49,2908.56,2745.61,55.99,TQQQ_30,Overbought trim active,2788.08,27.88,68.41,249.38
2013-06-11,TQQQ_30,0.3,12681.41,9065.73,5194.0272,0.0,2959.84,2911.81,2747.38,49.38,TQQQ_30,Overbought trim active,2681.41,26.81,66.68,239.27
2013-06-12,TQQQ_30,0.3,12557.28,9066.85,5194.0272,0.0,2926.14,2913.92,2748.9,43.33,TQQQ_30,Overbought trim active,2557.28,25.57,64.78,227.51
2013-06-13,TQQQ_30,0.3,12683.64,9067.96,5194.0272,0.0,2962.9,2917.28,2750.64,50.46,TQQQ_30,Overbought trim active,2683.64,26.84,66.85,239.27
2013-06-14,TQQQ_30,0.3,12621.11,9069.08,5194.0272,0.0,2943.86,2920.26,2752.25,47.15,TQQQ_30,Overbought trim active,2621.11,26.21,65.78,233.29
2013-06-17,TQQQ_30,0.3,12723.02,9072.44,5194.0272,0.0,2971.26,2924.25,2753.85,52.03,TQQQ_30,Overbought trim active,2723.02,27.23,67.33,242.54
2013-06-18,TQQQ_30,0.3,12810.37,9073.55,5194.0272,0.0,2996.09,2928.45,2755.47,55.99,TQQQ_30,Overbought trim active,2810.37,28.1,68.72,250.63
2013-06-19,TQQQ_30,0.3,12693.95,9074.67,5194.0272,0.0,2959.5,2931.54,2756.82,49.5,TQQQ_30,Overbought trim active,2693.95,26.94,66.66,239.6
2013-06-20,CASH,0.0,12428.15,12428.15,0.0,0.0,2890.33,2932.17,2757.89,40.05,CASH,Clean exit: NDX 2890.3 broke below SMA50 (2932.2),2428.15,24.28,62.77,214.56
2013-06-21,CASH,0.0,12429.68,12429.68,0.0,0.0,2877.94,2932.54,2759.18,38.63,CASH,Clean exit: NDX 2877.9 broke below SMA50 (2932.5),2429.68,24.3,62.07,210.13
2013-06-24,CASH,0.0,12434.28,12434.28,0.0,0.0,2848.2,2932.38,2760.23,35.38,CASH,Clean exit: NDX 2848.2 broke below SMA50 (2932.4),2434.28,24.34,60.4,200.54
2013-06-25,CASH,0.0,12435.81,12435.81,0.0,0.0,2866.5,2933.76,2761.56,38.79,CASH,Clean exit: NDX 2866.5 broke below SMA50 (2933.8),2435.81,24.36,61.43,206.95
2013-06-26,CASH,0.0,12437.35,12437.35,0.0,0.0,2893.85,2934.87,2762.93,43.58,CASH,Clean exit: NDX 2893.9 broke below SMA50 (2934.9),2437.35,24.37,62.97,215.33
2013-06-27,CASH,0.0,12438.88,12438.88,0.0,0.0,2906.84,2937.36,2764.3,45.76,CASH,Clean exit: NDX 2906.8 broke below SMA50 (2937.4),2438.88,24.39,63.7,218.84
2013-06-28,CASH,0.0,12440.42,12440.42,0.0,0.0,2909.6,2940.72,2765.79,46.23,CASH,Clean exit: NDX 2909.6 broke below SMA50 (2940.7),2440.42,24.4,63.85,219.71
2013-07-01,CASH,0.0,12445.02,12445.02,0.0,0.0,2927.35,2943.66,2767.04,49.3,CASH,Clean exit: NDX 2927.4 broke below SMA50 (2943.7),2445.02,24.45,64.85,226.55
2013-07-02,CASH,0.0,12446.55,12446.55,0.0,0.0,2929.63,2946.05,2768.26,49.69,CASH,Clean exit: NDX 2929.6 broke below SMA50 (2946.0),2446.55,24.47,64.98,226.69
2013-07-03,CASH,0.0,12448.09,12448.09,0.0,0.0,2941.41,2948.17,2769.44,51.79,CASH,Clean exit: NDX 2941.4 broke below SMA50 (2948.2),2448.09,24.48,65.64,231.13
2013-07-05,CASH,0.0,12451.15,12451.15,0.0,0.0,2963.22,2950.75,2770.7,55.5,CASH,1% confirmation buffer: NDX 2963.2 <= threshold (2980.3),2451.15,24.51,66.87,238.45
2013-07-08,CASH,0.0,12455.76,12455.76,0.0,0.0,2966.13,2953.1,2772.12,55.99,CASH,1% confirmation buffer: NDX 2966.1 <= threshold (2982.6),2455.76,24.56,67.04,239.55
2013-07-09,CASH,0.0,12457.3,12457.3,0.0,0.0,2984.32,2955.97,2773.61,59.0,CASH,1% confirmation buffer: NDX 2984.3 <= threshold (2985.5),2457.3,24.57,68.06,245.77
2013-07-10,TQQQ_100,1.0,12458.83,0.0,17269.8239,0.0,3000.66,2958.65,2775.27,61.55,TQQQ_100,"Bull trend confirmed: Price > SMA50 & SMA250, RSI 61.5",2458.83,24.59,68.98,251.6
2013-07-11,TQQQ_100,1.0,13235.38,0.0,17269.8239,0.0,3059.46,2962.09,2777.23,69.01,TQQQ_100,"Bull trend confirmed: Price > SMA50 & SMA250, RSI 69.0",3235.38,32.35,72.29,273.51
2013-07-12,TQQQ_100,1.0,13373.61,0.0,17269.8239,0.0,3079.07,2966.2,2779.36,71.03,TQQQ_100,"Bull trend confirmed: Price > SMA50 & SMA250, RSI 71.0",3373.61,33.74,73.4,277.41
2013-07-15,TQQQ_100,1.0,13477.72,0.0,17269.8239,0.0,3079.85,2969.58,2781.34,71.11,TQQQ_100,"Bull trend confirmed: Price > SMA50 & SMA250, RSI 71.1",3477.72,34.78,73.44,280.35
2013-07-16,TQQQ_100,1.0,13424.82,0.0,17269.8239,0.0,3077.47,2972.24,2783.34,70.47,TQQQ_100,"Bull trend confirmed: Price > SMA50 & SMA250, RSI 70.5",3424.82,34.25,73.31,278.86
2013-07-17,TQQQ_100,1.0,13520.38,0.0,17269.8239,0.0,3085.28,2974.83,2785.32,71.38,TQQQ_100,"Bull trend confirmed: Price > SMA50 & SMA250, RSI 71.4",3520.38,35.2,73.75,281.55
2013-07-18,TQQQ_100,1.0,13421.41,0.0,17269.8239,0.0,3077.82,2977.33,2787.13,69.17,TQQQ_100,"Bull trend confirmed: Price > SMA50 & SMA250, RSI 69.2",3421.41,34.21,73.33,278.76
2013-07-19,TQQQ_100,1.0,13013.5,0.0,17269.8239,0.0,3044.93,2978.87,2788.68,60.31,TQQQ_100,"Bull trend confirmed: Price > SMA50 & SMA250, RSI 60.3",3013.5,30.14,71.47,267.25
2013-07-22,TQQQ_100,1.0,13107.37,0.0,17269.8239,0.0,3055.23,2980.75,2790.43,61.96,TQQQ_100,"Bull trend confirmed: Price > SMA50 & SMA250, RSI 62.0",3107.37,31.07,72.05,269.9
2013-07-23,TQQQ_100,1.0,12815.53,0.0,17269.8239,0.0,3031.4,2981.76,2792.2,56.16,TQQQ_100,"Bull trend confirmed: Price > SMA50 & SMA250, RSI 56.2",2815.53,28.16,70.71,261.66
2013-07-24,TQQQ_100,1.0,12936.69,0.0,17269.8239,0.0,3041.16,2982.94,2794.09,57.9,TQQQ_100,"Bull trend confirmed: Price > SMA50 & SMA250, RSI 57.9",2936.69,29.37,71.26,265.08
2013-07-25,TQQQ_100,1.0,13170.52,0.0,17269.8239,0.0,3061.67,2984.25,2796.14,61.36,TQQQ_100,"Bull trend confirmed: Price > SMA50 & SMA250, RSI 61.4",3170.52,31.71,72.42,271.68
2013-07-26,TQQQ_100,1.0,13388.98,0.0,17269.8239,0.0,3076.23,2985.72,2798.11,63.65,TQQQ_100,"Bull trend confirmed: Price > SMA50 & SMA250, RSI 63.7",3388.98,33.89,73.24,277.84
2013-07-29,TQQQ_100,1.0,13327.54,0.0,17269.8239,0.0,3068.95,2987.11,2799.79,61.68,TQQQ_100,"Bull trend confirmed: Price > SMA50 & SMA250, RSI 61.7",3327.54,33.28,72.83,276.11
2013-07-30,TQQQ_100,1.0,13525.51,0.0,17269.8239,0.0,3085.33,2988.24,2801.57,64.35,TQQQ_100,"Bull trend confirmed: Price > SMA50 & SMA250, RSI 64.4",3525.51,35.26,73.75,281.7
2013-07-31,TQQQ_50,0.5,13610.84,6805.42,8634.912,0.0,3090.19,2989.63,2803.36,65.13,TQQQ_50,Bearish RSI divergence,3610.84,36.11,74.02,284.11
2013-08-01,TQQQ_50,0.5,13819.05,6806.26,8634.912,0.0,3126.3,2991.62,2805.32,70.3,TQQQ_50,Bearish RSI divergence,3819.05,38.19,76.06,295.81
2013-08-02,TQQQ_100,1.0,13936.79,0.0,16879.1205,0.0,3143.52,2994.51,2807.4,72.4,TQQQ_100,"Bull trend confirmed: Price > SMA50 & SMA250, RSI 72.4",3936.79,39.37,77.03,302.41
2013-08-05,TQQQ_100,1.0,13966.82,0.0,16879.1205,0.0,3143.19,2997.55,2809.26,72.3,TQQQ_100,"Bull trend confirmed: Price > SMA50 & SMA250, RSI 72.3",3966.82,39.67,77.01,303.28
2013-08-06,TQQQ_100,1.0,13718.27,0.0,16879.1205,0.0,3122.2,3000.17,2810.98,65.73,TQQQ_100,"Bull trend confirmed: Price > SMA50 & SMA250, RSI 65.7",3718.27,37.18,75.83,296.1
2013-08-07,TQQQ_100,1.0,13639.87,0.0,16879.1205,0.0,3118.69,3002.3,2812.58,64.67,TQQQ_100,"Bull trend confirmed: Price > SMA50 & SMA250, RSI 64.7",3639.87,36.4,75.63,293.84
2013-08-08,TQQQ_100,1.0,13821.69,0.0,16879.1205,0.0,3130.13,3005.01,2814.25,66.56,TQQQ_100,"Bull trend confirmed: Price > SMA50 & SMA250, RSI 66.6",3821.69,38.22,76.27,299.08
2013-08-09,TQQQ_100,1.0,13673.23,0.0,16879.1205,0.0,3118.57,3007.14,2815.84,62.9,TQQQ_100,"Bull trend confirmed: Price > SMA50 & SMA250, RSI 62.9",3673.23,36.73,75.62,294.8
2013-08-12,TQQQ_100,1.0,13758.31,0.0,16879.1205,0.0,3125.93,3010.03,2817.45,64.25,TQQQ_100,"Bull trend confirmed: Price > SMA50 & SMA250, RSI 64.2",3758.31,37.58,76.04,297.25
2013-08-13,TQQQ_100,1.0,13986.84,0.0,16879.1205,0.0,3141.06,3013.03,2819.1,66.91,TQQQ_100,"Bull trend confirmed: Price > SMA50 & SMA250, RSI 66.9",3986.84,39.87,76.89,303.85
2013-08-14,TQQQ_100,1.0,13831.7,0.0,16879.1205,0.0,3129.45,3016.15,2820.71,63.03,TQQQ_100,"Bull trend confirmed: Price > SMA50 & SMA250, RSI 63.0",3831.7,38.32,76.23,299.37
2013-08-15,TQQQ_100,1.0,13137.78,0.0,16879.1205,0.0,3076.23,3018.93,2822.07,49.01,TQQQ_100,"Bull trend confirmed: Price > SMA50 & SMA250, RSI 49.0",3137.78,31.38,73.24,279.34
2013-08-16,TQQQ_100,1.0,13091.07,0.0,16879.1205,0.0,3073.91,3021.4,2823.3,48.5,TQQQ_100,"Bull trend confirmed: Price > SMA50 & SMA250, RSI 48.5",3091.07,30.91,73.11,277.99
2013-08-19,TQQQ_100,1.0,13039.36,0.0,16879.1205,0.0,3069.76,3022.98,2824.45,47.56,TQQQ_100,"Bull trend confirmed: Price > SMA50 & SMA250, RSI 47.6",3039.36,30.39,72.87,276.5
2013-08-20,TQQQ_100,1.0,13217.85,0.0,16879.1205,0.0,3082.17,3024.81,2825.65,50.66,TQQQ_100,"Bull trend confirmed: Price > SMA50 & SMA250, RSI 50.7",3217.85,32.18,73.57,281.65
2013-08-21,TQQQ_100,1.0,13086.07,0.0,16879.1205,0.0,3071.47,3027.05,2826.84,48.02,TQQQ_100,"Bull trend confirmed: Price > SMA50 & SMA250, RSI 48.0",3086.07,30.86,72.97,277.84
2013-08-22,TQQQ_100,1.0,13459.72,0.0,16879.1205,0.0,3101.82,3030.56,2828.12,55.15,TQQQ_100,"Bull trend confirmed: Price > SMA50 & SMA250, RSI 55.2",3459.72,34.6,74.68,288.63
2013-08-23,TQQQ_100,1.0,13743.29,0.0,16879.1205,0.0,3124.27,3033.79,2829.57,59.57,TQQQ_100,"Bull trend confirmed: Price > SMA50 & SMA250, RSI 59.6",3743.29,37.43,75.94,296.82
2013-08-26,TQQQ_100,1.0,13754.96,0.0,16879.1205,0.0,3122.67,3037.36,2830.94,59.13,TQQQ_100,"Bull trend confirmed: Price > SMA50 & SMA250, RSI 59.1",3754.96,37.55,75.85,297.16
2013-08-27,TQQQ_100,1.0,12889.24,0.0,16879.1205,0.0,3059.58,3039.13,2832.05,44.84,TQQQ_100,"Bull trend confirmed: Price > SMA50 & SMA250, RSI 44.8",2889.24,28.89,72.3,272.16
2013-08-28,TQQQ_100,1.0,13056.05,0.0,16879.1205,0.0,3072.17,3040.65,2833.21,47.56,TQQQ_100,"Bull trend confirmed: Price > SMA50 & SMA250, RSI 47.6",3056.05,30.56,73.01,276.98
2013-08-29,TQQQ_100,1.0,13326.28,0.0,16879.1205,0.0,3093.36,3043.33,2834.45,51.87,TQQQ_100,"Bull trend confirmed: Price > SMA50 & SMA250, RSI 51.9",3326.28,33.26,74.2,284.78
2013-08-30,TQQQ_100,1.0,13077.73,0.0,16879.1205,0.0,3073.81,3047.0,2835.73,47.95,TQQQ_100,"Bull trend confirmed: Price > SMA50 & SMA250, RSI 48.0",3077.73,30.78,73.1,277.6
2013-09-03,TQQQ_100,1.0,13292.91,0.0,16879.1205,0.0,3091.76,3051.28,2837.01,51.57,TQQQ_100,"Bull trend confirmed: Price > SMA50 & SMA250, RSI 51.6",3292.91,32.93,74.11,283.82
2013-09-04,TQQQ_100,1.0,13726.62,0.0,16879.1205,0.0,3124.54,3056.8,2838.42,57.39,TQQQ_100,"Bull trend confirmed: Price > SMA50 & SMA250, RSI 57.4",3726.62,37.27,75.96,296.34
2013-09-05,TQQQ_100,1.0,13786.67,0.0,16879.1205,0.0,3129.94,3062.07,2839.87,58.28,TQQQ_100,"Bull trend confirmed: Price > SMA50 & SMA250, RSI 58.3",3786.67,37.87,76.26,298.07
2013-09-06,TQQQ_100,1.0,13836.71,0.0,16879.1205,0.0,3133.38,3066.86,2841.08,58.86,TQQQ_100,"Bull trend confirmed: Price > SMA50 & SMA250, RSI 58.9",3836.71,38.37,76.45,299.52
2013-09-09,TQQQ_50,0.5,14323.78,7161.89,8439.5602,0.0,3169.93,3072.12,2842.46,64.58,TQQQ_50,Bearish RSI divergence,4323.78,43.24,78.51,313.58
2013-09-10,TQQQ_50,0.5,14433.09,7162.77,8439.5602,0.0,3185.07,3077.63,2844.05,66.65,TQQQ_50,Bearish RSI divergence,4433.09,44.33,79.37,319.84
2013-09-11,TQQQ_100,1.0,14397.28,0.0,16797.4896,0.0,3179.86,3082.68,2845.63,65.24,TQQQ_100,"Bull trend confirmed: Price > SMA50 & SMA250, RSI 65.2",4397.28,43.97,79.07,317.72
2013-09-12,TQQQ_100,1.0,14332.53,0.0,16797.4896,0.0,3175.57,3087.6,2847.16,64.04,TQQQ_100,"Bull trend confirmed: Price > SMA50 & SMA250, RSI 64.0",4332.53,43.33,78.83,315.85
2013-09-13,TQQQ_100,1.0,14379.01,0.0,16797.4896,0.0,3178.28,3092.34,2848.55,64.48,TQQQ_100,"Bull trend confirmed: Price > SMA50 & SMA250, RSI 64.5",4379.01,43.79,78.98,317.19
2013-09-16,TQQQ_100,1.0,14257.84,0.0,16797.4896,0.0,3168.69,3096.45,2849.81,61.58,TQQQ_100,"Bull trend confirmed: Price > SMA50 & SMA250, RSI 61.6",4257.84,42.58,78.44,313.68
2013-09-17,TQQQ_100,1.0,14543.35,0.0,16797.4896,0.0,3190.83,3100.94,2851.14,65.45,TQQQ_100,"Bull trend confirmed: Price > SMA50 & SMA250, RSI 65.4",4543.35,45.43,79.69,321.96
2013-09-18,TQQQ_100,1.0,15077.88,0.0,16797.4896,0.0,3231.31,3105.88,2852.64,71.17,TQQQ_100,"Bull trend confirmed: Price > SMA50 & SMA250, RSI 71.2",5077.88,50.78,81.97,337.47
2013-09-19,TQQQ_100,1.0,15170.83,0.0,16797.4896,0.0,3237.61,3110.62,2854.13,71.95,TQQQ_100,"Bull trend confirmed: Price > SMA50 & SMA250, RSI 71.9",5170.83,51.71,82.32,340.17
2013-09-20,TQQQ_100,1.0,15004.84,0.0,16797.4896,0.0,3224.73,3113.93,2855.59,67.91,TQQQ_100,"Bull trend confirmed: Price > SMA50 & SMA250, RSI 67.9",5004.84,50.05,81.6,335.35
2013-09-23,TQQQ_100,1.0,14920.17,0.0,16797.4896,0.0,3219.34,3116.73,2857.02,66.24,TQQQ_100,"Bull trend confirmed: Price > SMA50 & SMA250, RSI 66.2",4920.17,49.2,81.3,332.9
2013-09-24,TQQQ_100,1.0,14923.49,0.0,16797.4896,0.0,3218.66,3119.51,2858.52,66.01,TQQQ_100,"Bull trend confirmed: Price > SMA50 & SMA250, RSI 66.0",4923.49,49.23,81.26,332.99
2013-09-25,TQQQ_100,1.0,14782.39,0.0,16797.4896,0.0,3208.55,3122.13,2860.13,62.66,TQQQ_100,"Bull trend confirmed: Price > SMA50 & SMA250, RSI 62.7",4782.39,47.82,80.69,328.9
2013-09-26,TQQQ_100,1.0,15121.03,0.0,16797.4896,0.0,3234.04,3125.11,2861.94,67.19,TQQQ_100,"Bull trend confirmed: Price > SMA50 & SMA250, RSI 67.2",5121.03,51.21,82.12,338.72
2013-09-27,TQQQ_100,1.0,15049.65,0.0,16797.4896,0.0,3230.3,3128.15,2863.58,65.92,TQQQ_100,"Bull trend confirmed: Price > SMA50 & SMA250, RSI 65.9",5049.65,50.5,81.91,336.65
2013-09-30,TQQQ_100,1.0,14955.04,0.0,16797.4896,0.0,3218.2,3131.62,2865.25,61.87,TQQQ_100,"Bull trend confirmed: Price > SMA50 & SMA250, RSI 61.9",4955.04,49.55,81.23,333.91
2013-10-01,TQQQ_100,1.0,15403.24,0.0,16797.4896,0.0,3253.05,3135.58,2867.09,67.98,TQQQ_100,"Bull trend confirmed: Price > SMA50 & SMA250, RSI 68.0",5403.24,54.03,83.19,346.91
2013-10-02,TQQQ_100,1.0,15375.02,0.0,16797.4896,0.0,3253.26,3140.01,2868.9,68.01,TQQQ_100,"Bull trend confirmed: Price > SMA50 & SMA250, RSI 68.0",5375.02,53.75,83.21,346.09
2013-10-03,TQQQ_50,0.5,14840.49,7420.25,8398.7448,0.0,3213.83,3143.47,2870.48,56.22,TQQQ_50,Bearish RSI divergence,4840.49,48.4,80.99,330.58
2013-10-04,TQQQ_50,0.5,15032.31,7421.16,8398.7448,0.0,3242.57,3147.09,2872.14,61.46,TQQQ_50,Bearish RSI divergence,5032.31,50.32,82.6,341.66
2013-10-07,TQQQ_50,0.5,14846.65,7423.91,8398.7448,0.0,3215.69,3149.87,2873.75,54.84,TQQQ_50,Bearish RSI divergence,4846.65,48.47,81.09,330.73
2013-10-08,TQQQ_50,0.5,14427.57,7424.82,8398.7448,0.0,3153.87,3151.57,2875.22,43.3,TQQQ_50,Bearish RSI divergence,4427.57,44.28,77.61,306.36
2013-10-09,CASH,0.0,14351.3,14351.3,0.0,0.0,3142.54,3152.72,2876.82,41.57,CASH,Clean exit: NDX 3142.5 broke below SMA50 (3152.7),4351.3,43.51,76.97,301.88
2013-10-10,TQQQ_50,0.5,14353.07,7176.54,8183.3095,0.0,3210.84,3155.13,2878.75,53.59,TQQQ_50,Bearish RSI divergence,4353.07,43.53,80.82,327.41
2013-10-11,TQQQ_50,0.5,14515.7,7177.42,8183.3095,0.0,3233.83,3157.28,2880.81,56.81,TQQQ_50,Bearish RSI divergence,4515.7,45.16,82.11,337.04
2013-10-14,TQQQ_50,0.5,14670.39,7180.08,8183.3095,0.0,3256.02,3159.53,2882.96,59.72,TQQQ_50,Bearish RSI divergence,4670.39,46.7,83.36,346.09
2013-10-15,TQQQ_50,0.5,14591.21,7180.96,8183.3095,0.0,3244.66,3161.56,2884.97,57.58,TQQQ_50,Bearish RSI divergence,4591.21,45.91,82.72,341.32
2013-10-16,TQQQ_50,0.5,14845.23,7181.85,8183.3095,0.0,3281.67,3164.75,2886.99,62.31,TQQQ_50,Bearish RSI divergence,4845.23,48.45,84.81,356.4
2013-10-17,TQQQ_50,0.5,14969.85,7182.73,8183.3095,0.0,3301.28,3168.4,2889.09,64.57,TQQQ_50,Bearish RSI divergence,4969.85,49.7,85.91,363.77
2013-10-18,TQQQ_100,1.0,15355.68,0.0,15376.8153,0.0,3353.88,3172.88,2891.53,69.79,TQQQ_100,"Bull trend confirmed: Price > SMA50 & SMA250, RSI 69.8",5355.68,53.56,88.87,386.69
2013-10-21,TQQQ_100,1.0,15443.82,0.0,15376.8153,0.0,3361.18,3177.73,2894.26,70.44,TQQQ_100,"Bull trend confirmed: Price > SMA50 & SMA250, RSI 70.4",5443.82,54.44,89.28,389.49
2013-10-22,TQQQ_100,1.0,15497.01,0.0,15376.8153,0.0,3366.93,3182.55,2896.95,70.97,TQQQ_100,"Bull trend confirmed: Price > SMA50 & SMA250, RSI 71.0",5497.01,54.97,89.61,391.17
2013-10-23,TQQQ_100,1.0,15247.78,0.0,15376.8153,0.0,3346.05,3186.65,2899.67,66.31,TQQQ_100,"Bull trend confirmed: Price > SMA50 & SMA250, RSI 66.3",5247.78,52.48,88.43,383.27
2013-10-24,TQQQ_100,1.0,15437.74,0.0,15376.8153,0.0,3362.38,3191.31,2902.5,68.08,TQQQ_100,"Bull trend confirmed: Price > SMA50 & SMA250, RSI 68.1",5437.74,54.38,89.35,389.3
2013-10-25,TQQQ_100,1.0,15746.22,0.0,15376.8153,0.0,3383.83,3197.46,2905.4,70.28,TQQQ_100,"Bull trend confirmed: Price > SMA50 & SMA250, RSI 70.3",5746.22,57.46,90.56,399.07
2013-10-28,TQQQ_100,1.0,15778.14,0.0,15376.8153,0.0,3382.68,3203.63,2908.27,70.0,TQQQ_100,"Bull trend confirmed: Price > SMA50 & SMA250, RSI 70.0",5778.14,57.78,90.49,400.08
2013-10-29,TQQQ_100,1.0,15854.12,0.0,15376.8153,0.0,3391.75,3210.07,2911.24,70.98,TQQQ_100,"Bull trend confirmed: Price > SMA50 & SMA250, RSI 71.0",5854.12,58.54,91.0,402.49
2013-10-30,TQQQ_100,1.0,15803.97,0.0,15376.8153,0.0,3385.38,3216.14,2914.04,69.27,TQQQ_100,"Bull trend confirmed: Price > SMA50 & SMA250, RSI 69.3",5803.97,58.04,90.65,400.9
2013-10-31,TQQQ_100,1.0,15702.16,0.0,15376.8153,0.0,3377.73,3222.26,2916.92,67.18,TQQQ_100,"Bull trend confirmed: Price > SMA50 & SMA250, RSI 67.2",5702.16,57.02,90.22,397.68
2013-11-01,TQQQ_100,1.0,15694.55,0.0,15376.8153,0.0,3379.76,3227.82,2919.75,67.46,TQQQ_100,"Bull trend confirmed: Price > SMA50 & SMA250, RSI 67.5",5694.55,56.95,90.33,397.44
2013-11-04,TQQQ_100,1.0,15770.54,0.0,15376.8153,0.0,3384.75,3233.03,2922.56,68.18,TQQQ_100,"Bull trend confirmed: Price > SMA50 & SMA250, RSI 68.2",5770.54,57.71,90.61,399.84
2013-11-05,TQQQ_100,1.0,15837.4,0.0,15376.8153,0.0,3388.82,3238.35,2925.67,68.79,TQQQ_100,"Bull trend confirmed: Price > SMA50 & SMA250, RSI 68.8",5837.4,58.37,90.84,401.96
2013-11-06,TQQQ_100,1.0,15810.04,0.0,15376.8153,0.0,3385.38,3244.87,2928.92,67.61,TQQQ_100,"Bull trend confirmed: Price > SMA50 & SMA250, RSI 67.6",5810.04,58.1,90.65,401.1
2013-11-07,TQQQ_100,1.0,14933.23,0.0,15376.8153,0.0,3321.41,3249.86,2931.87,50.4,TQQQ_100,"Bull trend confirmed: Price > SMA50 & SMA250, RSI 50.4",4933.23,49.33,87.04,373.31
2013-11-08,TQQQ_100,1.0,15522.85,0.0,15376.8153,0.0,3366.84,3255.33,2935.01,58.48,TQQQ_100,"Bull trend confirmed: Price > SMA50 & SMA250, RSI 58.5",5522.85,55.23,89.6,391.99
2013-11-11,TQQQ_100,1.0,15448.38,0.0,15376.8153,0.0,3362.98,3261.11,2938.21,57.62,TQQQ_100,"Bull trend confirmed: Price > SMA50 & SMA250, RSI 57.6",5448.38,54.48,89.38,389.63
2013-11-12,TQQQ_100,1.0,15524.37,0.0,15376.8153,0.0,3365.23,3266.58,2941.54,58.01,TQQQ_100,"Bull trend confirmed: Price > SMA50 & SMA250, RSI 58.0",5524.37,55.24,89.51,392.04
2013-11-13,TQQQ_50,0.5,16080.54,8040.27,7688.4077,0.0,3405.56,3272.2,2945.07,64.31,TQQQ_50,Bearish RSI divergence,6080.54,60.81,91.78,409.67
2013-11-14,TQQQ_50,0.5,16143.83,8041.26,7688.4077,0.0,3415.14,3277.9,2948.59,65.63,TQQQ_50,Bearish RSI divergence,6143.83,61.44,92.32,413.62
2013-11-15,TQQQ_50,0.5,16201.05,8042.25,7688.4077,0.0,3422.58,3283.69,2951.9,66.66,TQQQ_50,Bearish RSI divergence,6201.05,62.01,92.74,417.18
2013-11-18,TQQQ_50,0.5,15978.36,8045.23,7688.4077,0.0,3388.87,3288.07,2955.08,58.15,TQQQ_50,Bearish RSI divergence,5978.36,59.78,90.84,402.88
2013-11-19,TQQQ_50,0.5,15901.1,8046.22,7688.4077,0.0,3378.13,3291.93,2958.19,55.71,TQQQ_50,Bearish RSI divergence,5901.1,59.01,90.24,397.92
2013-11-20,TQQQ_50,0.5,15847.38,8047.21,7688.4077,0.0,3367.17,3295.67,2961.1,53.26,TQQQ_50,Bearish RSI divergence,5847.38,58.47,89.62,394.45
2013-11-21,TQQQ_50,0.5,16086.95,8048.2,7688.4077,0.0,3402.74,3300.22,2964.1,59.5,TQQQ_50,Bearish RSI divergence,6086.95,60.87,91.62,409.57
2013-11-22,TQQQ_50,0.5,16214.83,8049.2,7688.4077,0.0,3422.02,3305.09,2967.22,62.42,TQQQ_50,Bearish RSI divergence,6214.83,62.15,92.71,417.62
2013-11-25,TQQQ_50,0.5,16271.76,8052.17,7688.4077,0.0,3427.49,3310.27,2970.27,63.24,TQQQ_50,Bearish RSI divergence,6271.76,62.72,93.02,421.04
2013-11-26,TQQQ_50,0.5,16408.75,8053.17,7688.4077,0.0,3445.76,3315.37,2973.34,65.89,TQQQ_50,Bearish RSI divergence,6408.75,64.09,94.05,429.66
2013-11-27,TQQQ_100,1.0,16576.91,0.0,14954.0963,0.0,3470.48,3320.15,2976.51,69.13,TQQQ_100,"Bull trend confirmed: Price > SMA50 & SMA250, RSI 69.1",6576.91,65.77,95.44,440.25
2013-11-29,TQQQ_100,1.0,16848.82,0.0,14954.0963,0.0,3487.82,3325.15,2979.77,71.2,TQQQ_100,"Bull trend confirmed: Price > SMA50 & SMA250, RSI 71.2",6848.82,68.49,96.42,449.11
2013-12-02,TQQQ_100,1.0,16743.89,0.0,14954.0963,0.0,3481.15,3330.28,2983.02,69.28,TQQQ_100,"Bull trend confirmed: Price > SMA50 & SMA250, RSI 69.3",6743.89,67.44,96.04,445.7
2013-12-03,TQQQ_100,1.0,16695.13,0.0,14954.0963,0.0,3479.34,3335.48,2986.39,68.73,TQQQ_100,"Bull trend confirmed: Price > SMA50 & SMA250, RSI 68.7",6695.13,66.95,95.94,444.11
2013-12-04,TQQQ_100,1.0,16737.99,0.0,14954.0963,0.0,3483.01,3340.77,2989.7,69.26,TQQQ_100,"Bull trend confirmed: Price > SMA50 & SMA250, RSI 69.3",6737.99,67.38,96.14,445.5
2013-12-05,TQQQ_100,1.0,16686.27,0.0,14954.0963,0.0,3477.73,3346.15,2993.04,67.5,TQQQ_100,"Bull trend confirmed: Price > SMA50 & SMA250, RSI 67.5",6686.27,66.86,95.85,443.82
2013-12-06,TQQQ_100,1.0,17030.6,0.0,14954.0963,0.0,3504.26,3351.56,2996.47,71.43,TQQQ_100,"Bull trend confirmed: Price > SMA50 & SMA250, RSI 71.4",7030.6,70.31,97.34,455.04
2013-12-09,TQQQ_100,1.0,17234.54,0.0,14954.0963,0.0,3516.17,3357.27,2999.81,73.0,TQQQ_100,"Bull trend confirmed: Price > SMA50 & SMA250, RSI 73.0",7234.54,72.35,98.01,461.69
2013-12-10,TQQQ_100,1.0,17203.5,0.0,14954.0963,0.0,3514.2,3363.19,3003.17,72.29,TQQQ_100,"Bull trend confirmed: Price > SMA50 & SMA250, RSI 72.3",7203.5,72.04,97.9,460.67
2013-12-11,TQQQ_100,1.0,16560.65,0.0,14954.0963,0.0,3468.99,3367.51,3006.43,58.27,TQQQ_100,"Bull trend confirmed: Price > SMA50 & SMA250, RSI 58.3",6560.65,65.61,95.35,439.72
2013-12-12,TQQQ_100,1.0,16426.17,0.0,14954.0963,0.0,3460.29,3371.65,3009.75,56.02,TQQQ_100,"Bull trend confirmed: Price > SMA50 & SMA250, RSI 56.0",6426.17,64.26,94.86,435.34
2013-12-13,TQQQ_100,1.0,16347.84,0.0,14954.0963,0.0,3456.4,3376.5,3012.92,55.0,TQQQ_100,"Bull trend confirmed: Price > SMA50 & SMA250, RSI 55.0",6347.84,63.48,94.65,432.79
2013-12-16,TQQQ_100,1.0,16628.62,0.0,14954.0963,0.0,3475.79,3381.17,3016.0,59.02,TQQQ_100,"Bull trend confirmed: Price > SMA50 & SMA250, RSI 59.0",6628.62,66.29,95.74,441.94
2013-12-17,TQQQ_100,1.0,16523.7,0.0,14954.0963,0.0,3469.32,3386.24,3019.12,57.18,TQQQ_100,"Bull trend confirmed: Price > SMA50 & SMA250, RSI 57.2",6523.7,65.24,95.37,438.52
2013-12-18,TQQQ_100,1.0,17094.15,0.0,14954.0963,0.0,3509.63,3393.36,3022.38,64.57,TQQQ_100,"Bull trend confirmed: Price > SMA50 & SMA250, RSI 64.6",7094.15,70.94,97.64,457.11
2013-12-19,TQQQ_100,1.0,16940.45,0.0,14954.0963,0.0,3498.63,3400.48,3025.72,61.46,TQQQ_100,"Bull trend confirmed: Price > SMA50 & SMA250, RSI 61.5",6940.45,69.4,97.02,452.1
2013-12-20,TQQQ_100,1.0,17450.3,0.0,14954.0963,0.0,3531.19,3406.89,3029.21,66.6,TQQQ_100,"Bull trend confirmed: Price > SMA50 & SMA250, RSI 66.6",7450.3,74.5,98.86,468.72
2013-12-23,TQQQ_50,0.5,18014.84,9007.42,7477.0482,0.0,3569.4,3413.6,3032.94,71.41,TQQQ_50,Bearish RSI divergence,8014.84,80.15,101.01,487.12
2013-12-24,TQQQ_50,0.5,18028.51,9008.53,7477.0482,0.0,3572.8,3419.93,3036.7,71.8,TQQQ_50,Bearish RSI divergence,8028.51,80.29,101.2,487.94
2013-12-26,TQQQ_100,1.0,18118.66,0.0,14874.3361,0.0,3584.58,3426.73,3040.61,73.17,TQQQ_100,"Bull trend confirmed: Price > SMA50 & SMA250, RSI 73.2",8118.66,81.19,101.86,493.67
2013-12-27,TQQQ_100,1.0,17986.36,0.0,14874.3361,0.0,3574.02,3432.58,3044.26,69.9,TQQQ_100,"Bull trend confirmed: Price > SMA50 & SMA250, RSI 69.9",7986.36,79.86,101.27,489.33
2013-12-30,TQQQ_100,1.0,17892.3,0.0,14874.3361,0.0,3570.08,3437.95,3047.56,68.67,TQQQ_100,"Bull trend confirmed: Price > SMA50 & SMA250, RSI 68.7",7892.3,78.92,101.05,486.25
2013-12-31,TQQQ_100,1.0,18243.62,0.0,14874.3361,0.0,3592.0,3442.72,3051.0,71.66,TQQQ_100,"Bull trend confirmed: Price > SMA50 & SMA250, RSI 71.7",8243.62,82.44,102.28,497.76
2014-01-02,TQQQ_100,1.0,17817.32,0.0,14874.3361,0.0,3563.57,3446.76,3054.35,63.23,TQQQ_100,"Bull trend confirmed: Price > SMA50 & SMA250, RSI 63.2",7817.32,78.17,100.68,483.79
2014-01-03,TQQQ_100,1.0,17429.26,0.0,14874.3361,0.0,3538.73,3450.2,3057.61,56.92,TQQQ_100,"Bull trend confirmed: Price > SMA50 & SMA250, RSI 56.9",7429.26,74.29,99.28,471.08
2014-01-06,TQQQ_100,1.0,17244.04,0.0,14874.3361,0.0,3526.96,3453.82,3060.84,54.17,TQQQ_100,"Bull trend confirmed: Price > SMA50 & SMA250, RSI 54.2",7244.04,72.44,98.62,465.01
2014-01-07,TQQQ_100,1.0,17690.91,0.0,14874.3361,0.0,3557.85,3457.73,3064.17,59.69,TQQQ_100,"Bull trend confirmed: Price > SMA50 & SMA250, RSI 59.7",7690.91,76.91,100.36,479.65
2014-01-08,TQQQ_100,1.0,17823.21,0.0,14874.3361,0.0,3567.54,3461.4,3067.46,61.26,TQQQ_100,"Bull trend confirmed: Price > SMA50 & SMA250, RSI 61.3",7823.21,78.23,100.9,483.99
2014-01-09,TQQQ_100,1.0,17639.46,0.0,14874.3361,0.0,3552.58,3464.8,3070.68,57.52,TQQQ_100,"Bull trend confirmed: Price > SMA50 & SMA250, RSI 57.5",7639.46,76.39,100.06,477.97
2014-01-10,TQQQ_50,0.5,17815.85,8907.93,7437.1681,0.0,3565.08,3468.27,3073.99,59.73,TQQQ_50,Bearish RSI divergence,7815.85,78.16,100.77,483.74
2014-01-13,TQQQ_50,0.5,17422.99,8911.22,7437.1681,0.0,3512.8,3470.82,3077.15,48.39,TQQQ_50,Bearish RSI divergence,7422.99,74.23,97.82,457.78
2014-01-14,TQQQ_50,0.5,17911.39,8912.32,7437.1681,0.0,3580.65,3474.87,3080.54,59.22,TQQQ_50,Bearish RSI divergence,7911.39,79.11,101.64,489.72
2014-01-15,TQQQ_50,0.5,18122.68,8913.42,7437.1681,0.0,3609.84,3479.47,3083.99,62.83,TQQQ_50,Bearish RSI divergence,8122.68,81.23,103.29,503.49
2014-01-16,TQQQ_50,0.5,18142.9,8914.52,7437.1681,0.0,3611.29,3484.01,3087.46,63.0,TQQQ_50,Bearish RSI divergence,8142.9,81.43,103.37,504.74
2014-01-17,TQQQ_50,0.5,17980.1,8915.62,7437.1681,0.0,3591.25,3488.05,3090.84,58.87,TQQQ_50,Bearish RSI divergence,7980.1,79.8,102.24,494.0
2014-01-21,TQQQ_50,0.5,18187.35,8920.01,7437.1681,0.0,3617.7,3492.7,3094.26,62.38,TQQQ_50,Bearish RSI divergence,8187.35,81.87,103.73,507.3
2014-01-22,TQQQ_50,0.5,18274.44,8921.11,7437.1681,0.0,3627.72,3498.83,3097.88,63.64,TQQQ_50,Bearish RSI divergence,8274.44,82.74,104.29,512.93
2014-01-23,TQQQ_50,0.5,18163.09,8922.21,7437.1681,0.0,3613.76,3503.77,3101.39,60.59,TQQQ_50,Bearish RSI divergence,8163.09,81.63,103.51,505.56
2014-01-24,TQQQ_50,0.5,17616.62,8923.31,7437.1681,0.0,3541.48,3507.34,3104.58,47.79,TQQQ_50,Bearish RSI divergence,7616.62,76.17,99.44,469.68
2014-01-27,CASH,0.0,17367.1,17367.1,0.0,0.0,3509.02,3510.21,3107.65,43.36,CASH,Clean exit: NDX 3509.0 broke below SMA50 (3510.2),7367.1,73.67,97.61,453.11
2014-01-28,CASH,0.0,17369.24,17369.24,0.0,0.0,3505.72,3512.21,3110.71,42.93,CASH,Clean exit: NDX 3505.7 broke below SMA50 (3512.2),7369.24,73.69,97.42,452.92
2014-01-29,CASH,0.0,17371.38,17371.38,0.0,0.0,3467.82,3513.27,3113.66,38.18,CASH,Clean exit: NDX 3467.8 broke below SMA50 (3513.3),7371.38,73.71,95.29,435.48
2014-01-30,CASH,0.0,17373.52,17373.52,0.0,0.0,3532.41,3515.46,3116.73,48.61,CASH,1% confirmation buffer: NDX 3532.4 <= threshold (3550.6),7373.52,73.74,98.93,463.71
2014-01-31,CASH,0.0,17375.66,17375.66,0.0,0.0,3521.92,3518.13,3119.96,47.21,CASH,1% confirmation buffer: NDX 3521.9 <= threshold (3553.3),7375.66,73.76,98.34,459.76
2014-02-03,CASH,0.0,17382.09,17382.09,0.0,0.0,3440.5,3519.37,3122.7,38.09,CASH,Clean exit: NDX 3440.5 broke below SMA50 (3519.4),7382.09,73.82,93.75,422.67
2014-02-04,CASH,0.0,17384.23,17384.23,0.0,0.0,3470.2,3521.43,3125.59,42.46,CASH,Clean exit: NDX 3470.2 broke below SMA50 (3521.4),7384.23,73.84,95.42,432.88
2014-02-05,CASH,0.0,17386.38,17386.38,0.0,0.0,3454.9,3522.48,3128.43,40.86,CASH,Clean exit: NDX 3454.9 broke below SMA50 (3522.5),7386.38,73.86,94.56,427.97
2014-02-06,CASH,0.0,17388.52,17388.52,0.0,0.0,3497.6,3523.99,3131.32,46.87,CASH,Clean exit: NDX 3497.6 broke below SMA50 (3524.0),7388.52,73.89,96.97,448.2
2014-02-07,CASH,0.0,17390.66,17390.66,0.0,0.0,3561.91,3526.68,3134.47,54.39,CASH,1% confirmation buffer: NDX 3561.9 <= threshold (3561.9),7390.66,73.91,100.59,477.29
2014-02-10,TQQQ_100,1.0,17397.1,0.0,14422.386,0.0,3582.11,3529.4,3137.74,56.48,TQQQ_100,"Bull trend confirmed: Price > SMA50 & SMA250, RSI 56.5",7397.1,73.97,101.72,487.89
2014-02-11,TQQQ_100,1.0,17992.88,0.0,14422.386,0.0,3621.72,3532.43,3141.14,60.31,TQQQ_100,"Bull trend confirmed: Price > SMA50 & SMA250, RSI 60.3",7992.88,79.93,103.96,508.02
2014-02-12,TQQQ_100,1.0,18078.39,0.0,14422.386,0.0,3627.36,3535.22,3144.56,60.84,TQQQ_100,"Bull trend confirmed: Price > SMA50 & SMA250, RSI 60.8",8078.39,80.78,104.27,510.91
2014-02-13,TQQQ_100,1.0,18543.03,0.0,14422.386,0.0,3659.56,3538.79,3148.14,63.8,TQQQ_100,"Bull trend confirmed: Price > SMA50 & SMA250, RSI 63.8",8543.03,85.43,106.09,526.61
2014-02-14,TQQQ_100,1.0,18597.2,0.0,14422.386,0.0,3663.88,3542.48,3151.66,64.19,TQQQ_100,"Bull trend confirmed: Price > SMA50 & SMA250, RSI 64.2",8597.2,85.97,106.33,528.44
2014-02-18,TQQQ_100,1.0,18887.96,0.0,14422.386,0.0,3679.43,3546.41,3155.42,65.63,TQQQ_100,"Bull trend confirmed: Price > SMA50 & SMA250, RSI 65.6",8887.96,88.88,107.21,538.27
2014-02-19,TQQQ_100,1.0,18474.61,0.0,14422.386,0.0,3652.85,3549.91,3159.19,61.11,TQQQ_100,"Bull trend confirmed: Price > SMA50 & SMA250, RSI 61.1",8474.61,84.75,105.71,524.3
2014-02-20,TQQQ_100,1.0,18742.57,0.0,14422.386,0.0,3671.93,3553.26,3162.92,63.08,TQQQ_100,"Bull trend confirmed: Price > SMA50 & SMA250, RSI 63.1",8742.57,87.43,106.78,533.35
2014-02-21,TQQQ_100,1.0,18645.65,0.0,14422.386,0.0,3662.6,3556.19,3166.77,61.44,TQQQ_100,"Bull trend confirmed: Price > SMA50 & SMA250, RSI 61.4",8645.65,86.46,106.26,530.08
2014-02-24,TQQQ_100,1.0,18973.48,0.0,14422.386,0.0,3685.81,3559.62,3170.66,63.95,TQQQ_100,"Bull trend confirmed: Price > SMA50 & SMA250, RSI 63.9",8973.48,89.73,107.56,541.16
2014-02-25,TQQQ_100,1.0,18905.06,0.0,14422.386,0.0,3679.14,3563.83,3174.41,62.68,TQQQ_100,"Bull trend confirmed: Price > SMA50 & SMA250, RSI 62.7",8905.06,89.05,107.19,538.84
2014-02-26,TQQQ_100,1.0,18842.34,0.0,14422.386,0.0,3676.6,3568.15,3178.17,62.18,TQQQ_100,"Bull trend confirmed: Price > SMA50 & SMA250, RSI 62.2",8842.34,88.42,107.05,536.72
2014-02-27,TQQQ_100,1.0,19212.93,0.0,14422.386,0.0,3699.8,3573.02,3181.97,64.95,TQQQ_100,"Bull trend confirmed: Price > SMA50 & SMA250, RSI 64.9",9212.93,92.13,108.35,549.25
2014-02-28,TQQQ_100,1.0,19116.0,0.0,14422.386,0.0,3696.1,3577.43,3185.72,64.14,TQQQ_100,"Bull trend confirmed: Price > SMA50 & SMA250, RSI 64.1",9116.0,91.16,108.14,545.97
2014-03-03,TQQQ_100,1.0,18696.96,0.0,14422.386,0.0,3668.37,3581.41,3189.2,58.3,TQQQ_100,"Bull trend confirmed: Price > SMA50 & SMA250, RSI 58.3",8696.96,86.97,106.58,531.81
2014-03-04,TQQQ_50,0.5,19449.52,9724.76,7211.193,0.0,3719.93,3585.61,3192.91,64.73,TQQQ_50,Bearish RSI divergence,9449.52,94.5,109.49,557.24
2014-03-05,TQQQ_50,0.5,19530.53,9725.96,7211.193,0.0,3727.19,3590.19,3196.62,65.54,TQQQ_50,Bearish RSI divergence,9530.53,95.31,109.9,562.64
2014-03-06,TQQQ_50,0.5,19494.67,9727.16,7211.193,0.0,3720.93,3593.98,3200.28,64.18,TQQQ_50,Bearish RSI divergence,9494.67,94.95,109.54,560.13
2014-03-07,TQQQ_50,0.5,19356.2,9728.36,7211.193,0.0,3703.4,3596.66,3203.85,60.39,TQQQ_50,Bearish RSI divergence,9356.2,93.56,108.56,550.69
2014-03-10,TQQQ_50,0.5,19379.75,9731.95,7211.193,0.0,3706.34,3599.33,3207.47,60.81,TQQQ_50,Bearish RSI divergence,9379.75,93.8,108.72,552.04
2014-03-11,TQQQ_50,0.5,19261.22,9733.15,7211.193,0.0,3691.5,3601.47,3211.04,57.52,TQQQ_50,Bearish RSI divergence,9261.22,92.61,107.89,543.95
2014-03-12,TQQQ_50,0.5,19369.32,9734.35,7211.193,0.0,3707.06,3604.13,3214.64,59.96,TQQQ_50,Bearish RSI divergence,9369.32,93.69,108.76,551.17
2014-03-13,TQQQ_50,0.5,18961.46,9735.55,7211.193,0.0,3651.49,3605.76,3218.05,49.08,TQQQ_50,Bearish RSI divergence,8961.46,89.61,105.63,523.53
2014-03-14,TQQQ_50,0.5,18773.1,9736.75,7211.193,0.0,3627.87,3606.48,3221.39,45.32,TQQQ_50,Bearish RSI divergence,8773.1,87.73,104.3,510.72
2014-03-17,TQQQ_50,0.5,19017.58,9740.36,7211.193,0.0,3662.51,3608.45,3224.89,51.23,TQQQ_50,Bearish RSI divergence,9017.58,90.18,106.25,527.0
2014-03-18,TQQQ_100,1.0,19352.29,0.0,14520.5428,0.0,3706.62,3611.81,3228.5,57.52,TQQQ_100,"Bull trend confirmed: Price > SMA50 & SMA250, RSI 57.5",9352.29,93.52,108.74,549.54
2014-03-19,TQQQ_100,1.0,19033.73,0.0,14520.5428,0.0,3682.74,3614.93,3232.13,53.5,TQQQ_100,"Bull trend confirmed: Price > SMA50 & SMA250, RSI 53.5",9033.73,90.34,107.39,538.84
2014-03-20,TQQQ_100,1.0,19182.96,0.0,14520.5428,0.0,3693.97,3617.65,3235.7,55.09,TQQQ_100,"Bull trend confirmed: Price > SMA50 & SMA250, RSI 55.1",9182.96,91.83,108.02,543.85
2014-03-21,TQQQ_100,1.0,18479.81,0.0,14520.5428,0.0,3653.07,3619.36,3239.16,48.57,TQQQ_100,"Bull trend confirmed: Price > SMA50 & SMA250, RSI 48.6",8479.81,84.8,105.72,520.25
2014-03-24,CASH,0.0,18014.88,18014.88,0.0,0.0,3617.39,3620.66,3242.4,43.71,CASH,Clean exit: NDX 3617.4 broke below SMA50 (3620.7),8014.88,80.15,103.71,504.65
2014-03-25,CASH,0.0,18017.1,18017.1,0.0,0.0,3629.73,3621.95,3245.68,45.73,CASH,1% confirmation buffer: NDX 3629.7 <= threshold (3658.2),8017.1,80.17,104.41,510.24
2014-03-26,CASH,0.0,18019.32,18019.32,0.0,0.0,3582.89,3623.35,3248.74,39.87,CASH,Clean exit: NDX 3582.9 broke below SMA50 (3623.4),8019.32,80.19,101.77,487.02
2014-03-27,CASH,0.0,18021.54,18021.54,0.0,0.0,3563.13,3623.0,3251.8,37.68,CASH,Clean exit: NDX 3563.1 broke below SMA50 (3623.0),8021.54,80.22,100.66,476.62
2014-03-28,CASH,0.0,18023.76,18023.76,0.0,0.0,3571.49,3622.23,3254.8,39.2,CASH,Clean exit: NDX 3571.5 broke below SMA50 (3622.2),8023.76,80.24,101.13,480.37
2014-03-31,CASH,0.0,18030.43,18030.43,0.0,0.0,3595.74,3621.92,3258.01,43.52,CASH,Clean exit: NDX 3595.7 broke below SMA50 (3621.9),8030.43,80.3,102.49,491.93
2014-04-01,CASH,0.0,18032.65,18032.65,0.0,0.0,3658.4,3623.27,3261.46,52.83,CASH,1% confirmation buffer: NDX 3658.4 <= threshold (3659.5),8032.65,80.33,106.02,524.01
2014-04-02,TQQQ_100,1.0,18034.88,0.0,13975.5883,0.0,3665.99,3624.23,3265.04,53.82,TQQQ_100,"Bull trend confirmed: Price > SMA50 & SMA250, RSI 53.8",8034.88,80.35,106.45,528.92
2014-04-03,TQQQ_100,1.0,17609.49,0.0,13975.5883,0.0,3637.58,3624.43,3268.44,49.61,TQQQ_100,"Bull trend confirmed: Price > SMA50 & SMA250, RSI 49.6",7609.49,76.09,104.85,514.09
2014-04-04,CASH,0.0,16211.77,16211.77,0.0,0.0,3539.38,3622.94,3271.38,38.42,CASH,Clean exit: NDX 3539.4 broke below SMA50 (3622.9),6211.77,62.12,99.32,465.35
2014-04-07,CASH,0.0,16217.77,16217.77,0.0,0.0,3507.75,3622.27,3273.98,35.64,CASH,Clean exit: NDX 3507.8 broke below SMA50 (3622.3),6217.77,62.18,97.54,448.39
2014-04-08,CASH,0.0,16219.77,16219.77,0.0,0.0,3538.23,3622.85,3276.69,40.14,CASH,Clean exit: NDX 3538.2 broke below SMA50 (3622.9),6219.77,62.2,99.25,463.71
2014-04-09,CASH,0.0,16221.77,16221.77,0.0,0.0,3600.44,3624.75,3279.67,48.13,CASH,Clean exit: NDX 3600.4 broke below SMA50 (3624.7),6221.77,62.22,102.76,492.61
2014-04-10,CASH,0.0,16223.77,16223.77,0.0,0.0,3487.76,3625.14,3282.43,38.19,CASH,Clean exit: NDX 3487.8 broke below SMA50 (3625.1),6223.77,62.24,96.41,437.89
2014-04-11,CASH,0.0,16225.77,16225.77,0.0,0.0,3446.85,3623.43,3284.86,35.34,CASH,Clean exit: NDX 3446.9 broke below SMA50 (3623.4),6225.77,62.26,94.11,419.11
2014-04-14,CASH,0.0,16231.77,16231.77,0.0,0.0,3474.63,3622.49,3287.63,38.69,CASH,Clean exit: NDX 3474.6 broke below SMA50 (3622.5),6231.77,62.32,95.67,430.76
2014-04-15,CASH,0.0,16233.77,16233.77,0.0,0.0,3487.85,3623.43,3290.62,40.27,CASH,Clean exit: NDX 3487.9 broke below SMA50 (3623.4),6233.77,62.34,96.42,436.06
2014-04-16,CASH,0.0,16235.77,16235.77,0.0,0.0,3533.09,3624.69,3293.63,45.47,CASH,Clean exit: NDX 3533.1 broke below SMA50 (3624.7),6235.77,62.36,98.96,456.87
2014-04-17,CASH,0.0,16237.77,16237.77,0.0,0.0,3534.53,3626.28,3296.53,45.63,CASH,Clean exit: NDX 3534.5 broke below SMA50 (3626.3),6237.77,62.38,99.05,457.16
2014-04-21,CASH,0.0,16245.78,16245.78,0.0,0.0,3559.95,3627.53,3299.42,48.54,CASH,Clean exit: NDX 3559.9 broke below SMA50 (3627.5),6245.78,62.46,100.48,469.78
2014-04-22,CASH,0.0,16247.78,16247.78,0.0,0.0,3588.81,3628.07,3302.44,51.7,CASH,Clean exit: NDX 3588.8 broke below SMA50 (3628.1),6247.78,62.48,102.1,483.74
2014-04-23,CASH,0.0,16249.78,16249.78,0.0,0.0,3557.04,3627.57,3305.28,48.19,CASH,Clean exit: NDX 3557.0 broke below SMA50 (3627.6),6249.78,62.5,100.31,467.85
2014-04-24,CASH,0.0,16251.79,16251.79,0.0,0.0,3591.03,3626.95,3308.28,51.95,CASH,Clean exit: NDX 3591.0 broke below SMA50 (3627.0),6251.79,62.52,102.23,484.61
2014-04-25,CASH,0.0,16253.79,16253.79,0.0,0.0,3533.1,3625.07,3310.94,45.85,CASH,Clean exit: NDX 3533.1 broke below SMA50 (3625.1),6253.79,62.54,98.96,456.39
2014-04-28,CASH,0.0,16259.8,16259.8,0.0,0.0,3545.03,3622.78,3313.57,47.22,CASH,Clean exit: NDX 3545.0 broke below SMA50 (3622.8),6259.8,62.6,99.64,462.36
2014-04-29,CASH,0.0,16261.81,16261.81,0.0,0.0,3573.99,3620.98,3316.38,50.51,CASH,Clean exit: NDX 3574.0 broke below SMA50 (3621.0),6261.81,62.62,101.27,474.79
2014-04-30,CASH,0.0,16263.81,16263.81,0.0,0.0,3582.02,3619.03,3319.06,51.41,CASH,Clean exit: NDX 3582.0 broke below SMA50 (3619.0),6263.81,62.64,101.72,479.89
2014-05-01,CASH,0.0,16265.82,16265.82,0.0,0.0,3594.36,3617.86,3321.66,52.83,CASH,Clean exit: NDX 3594.4 broke below SMA50 (3617.9),6265.82,62.66,102.41,485.09
2014-05-02,CASH,0.0,16267.82,16267.82,0.0,0.0,3587.64,3616.18,3324.19,51.94,CASH,Clean exit: NDX 3587.6 broke below SMA50 (3616.2),6267.82,62.68,102.04,482.2
2014-05-05,CASH,0.0,16273.84,16273.84,0.0,0.0,3605.09,3615.03,3326.8,54.11,CASH,Clean exit: NDX 3605.1 broke below SMA50 (3615.0),6273.84,62.74,103.02,490.49
2014-05-06,CASH,0.0,16275.85,16275.85,0.0,0.0,3556.51,3612.44,3329.15,47.66,CASH,Clean exit: NDX 3556.5 broke below SMA50 (3612.4),6275.85,62.76,100.28,467.66
2014-05-07,CASH,0.0,16277.85,16277.85,0.0,0.0,3546.47,3609.79,3331.49,46.43,CASH,Clean exit: NDX 3546.5 broke below SMA50 (3609.8),6277.85,62.78,99.72,462.55
2014-05-08,CASH,0.0,16279.86,16279.86,0.0,0.0,3540.42,3607.06,3333.73,45.66,CASH,Clean exit: NDX 3540.4 broke below SMA50 (3607.1),6279.86,62.8,99.38,460.63
2014-05-09,CASH,0.0,16281.87,16281.87,0.0,0.0,3555.7,3604.18,3336.02,48.0,CASH,Clean exit: NDX 3555.7 broke below SMA50 (3604.2),6281.87,62.82,100.24,467.18
2014-05-12,CASH,0.0,16287.89,16287.89,0.0,0.0,3612.73,3602.51,3338.49,55.65,CASH,1% confirmation buffer: NDX 3612.7 <= threshold (3638.5),6287.89,62.88,103.45,494.82
2014-05-13,CASH,0.0,16289.9,16289.9,0.0,0.0,3611.13,3601.37,3340.92,55.4,CASH,1% confirmation buffer: NDX 3611.1 <= threshold (3637.4),6289.9,62.9,103.36,496.07
2014-05-14,CASH,0.0,16291.91,16291.91,0.0,0.0,3593.25,3598.84,3343.3,52.6,CASH,Clean exit: NDX 3593.2 broke below SMA50 (3598.8),6291.91,62.92,102.35,487.21
2014-05-15,CASH,0.0,16293.91,16293.91,0.0,0.0,3565.17,3595.6,3345.44,48.46,CASH,Clean exit: NDX 3565.2 broke below SMA50 (3595.6),6293.91,62.94,100.77,473.63
2014-05-16,CASH,0.0,16295.92,16295.92,0.0,0.0,3587.2,3592.92,3347.71,51.67,CASH,Clean exit: NDX 3587.2 broke below SMA50 (3592.9),6295.92,62.96,102.01,484.32
2014-05-19,CASH,0.0,16301.95,16301.95,0.0,0.0,3615.62,3591.17,3350.07,55.53,CASH,1% confirmation buffer: NDX 3615.6 <= threshold (3627.1),6301.95,63.02,103.61,496.85
2014-05-20,CASH,0.0,16303.96,16303.96,0.0,0.0,3600.31,3589.05,3352.47,53.07,CASH,1% confirmation buffer: NDX 3600.3 <= threshold (3624.9),6303.96,63.04,102.75,490.3
2014-05-21,TQQQ_100,1.0,16305.97,0.0,13093.0518,0.0,3635.61,3587.93,3355.05,57.72,TQQQ_100,"Bull trend confirmed: Price > SMA50 & SMA250, RSI 57.7",6305.97,63.06,104.74,506.96
2014-05-22,TQQQ_100,1.0,16507.82,0.0,13093.0518,0.0,3650.86,3586.8,3357.69,59.58,TQQQ_100,"Bull trend confirmed: Price > SMA50 & SMA250, RSI 59.6",6507.82,65.08,105.6,514.47
2014-05-23,TQQQ_100,1.0,16877.89,0.0,13093.0518,0.0,3677.33,3587.32,3360.35,62.65,TQQQ_100,"Bull trend confirmed: Price > SMA50 & SMA250, RSI 62.7",6877.89,68.78,107.09,528.25
2014-05-27,TQQQ_100,1.0,17511.91,0.0,13093.0518,0.0,3723.07,3589.22,3363.26,67.28,TQQQ_100,"Bull trend confirmed: Price > SMA50 & SMA250, RSI 67.3",7511.91,75.12,109.66,551.85
2014-05-28,TQQQ_100,1.0,17346.28,0.0,13093.0518,0.0,3712.26,3590.22,3366.06,65.22,TQQQ_100,"Bull trend confirmed: Price > SMA50 & SMA250, RSI 65.2",7346.28,73.46,109.05,545.68
2014-05-29,TQQQ_100,1.0,17698.24,0.0,13093.0518,0.0,3735.72,3590.8,3369.08,67.54,TQQQ_100,"Bull trend confirmed: Price > SMA50 & SMA250, RSI 67.5",7698.24,76.98,110.38,558.78
2014-05-30,TQQQ_100,1.0,17682.71,0.0,13093.0518,0.0,3736.82,3591.88,3372.06,67.65,TQQQ_100,"Bull trend confirmed: Price > SMA50 & SMA250, RSI 67.7",7682.71,76.83,110.44,558.21
2014-06-02,TQQQ_100,1.0,17638.71,0.0,13093.0518,0.0,3732.96,3592.66,3375.1,66.81,TQQQ_100,"Bull trend confirmed: Price > SMA50 & SMA250, RSI 66.8",7638.71,76.39,110.22,556.57
2014-06-03,TQQQ_100,1.0,17612.84,0.0,13093.0518,0.0,3730.07,3594.2,3378.27,66.14,TQQQ_100,"Bull trend confirmed: Price > SMA50 & SMA250, RSI 66.1",7612.84,76.13,110.06,555.61
2014-06-04,TQQQ_100,1.0,17799.16,0.0,13093.0518,0.0,3743.59,3596.73,3381.44,67.76,TQQQ_100,"Bull trend confirmed: Price > SMA50 & SMA250, RSI 67.8",7799.16,77.99,110.82,562.54
2014-06-05,TQQQ_100,1.0,18262.38,0.0,13093.0518,0.0,3776.95,3599.67,3384.59,71.41,TQQQ_100,"Bull trend confirmed: Price > SMA50 & SMA250, RSI 71.4",8262.38,82.62,112.7,579.78
2014-06-06,TQQQ_100,1.0,18557.4,0.0,13093.0518,0.0,3794.57,3603.9,3387.8,73.13,TQQQ_100,"Bull trend confirmed: Price > SMA50 & SMA250, RSI 73.1",8557.4,85.57,113.69,590.76
2014-06-09,TQQQ_100,1.0,18523.75,0.0,13093.0518,0.0,3795.74,3608.56,3391.15,73.25,TQQQ_100,"Bull trend confirmed: Price > SMA50 & SMA250, RSI 73.2",8523.75,85.24,113.76,589.51
2014-06-10,TQQQ_100,1.0,18629.86,0.0,13093.0518,0.0,3800.86,3613.14,3394.65,73.78,TQQQ_100,"Bull trend confirmed: Price > SMA50 & SMA250, RSI 73.8",8629.86,86.3,114.04,593.46
2014-06-11,TQQQ_100,1.0,18601.39,0.0,13093.0518,0.0,3797.85,3617.19,3397.99,72.86,TQQQ_100,"Bull trend confirmed: Price > SMA50 & SMA250, RSI 72.9",8601.39,86.01,113.87,592.4
2014-06-12,TQQQ_100,1.0,18114.87,0.0,13093.0518,0.0,3763.8,3619.29,3401.27,63.29,TQQQ_100,"Bull trend confirmed: Price > SMA50 & SMA250, RSI 63.3",8114.87,81.15,111.96,574.29
2014-06-13,TQQQ_100,1.0,18239.09,0.0,13093.0518,0.0,3775.56,3621.49,3404.48,65.0,TQQQ_100,"Bull trend confirmed: Price > SMA50 & SMA250, RSI 65.0",8239.09,82.39,112.62,578.92
2014-06-16,TQQQ_100,1.0,18306.37,0.0,13093.0518,0.0,3779.93,3624.33,3407.62,65.64,TQQQ_100,"Bull trend confirmed: Price > SMA50 & SMA250, RSI 65.6",8306.37,83.06,112.87,581.42
2014-06-17,TQQQ_100,1.0,18332.25,0.0,13093.0518,0.0,3781.32,3629.17,3410.91,65.85,TQQQ_100,"Bull trend confirmed: Price > SMA50 & SMA250, RSI 65.9",8332.25,83.32,112.94,582.38
2014-06-18,TQQQ_100,1.0,18666.08,0.0,13093.0518,0.0,3804.61,3635.11,3414.56,69.31,TQQQ_100,"Bull trend confirmed: Price > SMA50 & SMA250, RSI 69.3",8666.08,86.66,114.25,594.81
2014-06-19,TQQQ_100,1.0,18593.63,0.0,13093.0518,0.0,3800.8,3640.36,3418.26,68.09,TQQQ_100,"Bull trend confirmed: Price > SMA50 & SMA250, RSI 68.1",8593.63,85.94,114.04,592.11
2014-06-20,TQQQ_100,1.0,18660.92,0.0,13093.0518,0.0,3802.64,3644.4,3422.07,68.38,TQQQ_100,"Bull trend confirmed: Price > SMA50 & SMA250, RSI 68.4",8660.92,86.61,114.14,594.62
2014-06-23,TQQQ_100,1.0,18681.61,0.0,13093.0518,0.0,3805.31,3650.76,3425.83,68.82,TQQQ_100,"Bull trend confirmed: Price > SMA50 & SMA250, RSI 68.8",8681.61,86.82,114.29,595.39
2014-06-24,TQQQ_50,0.5,18629.86,9314.93,6546.5259,0.0,3799.53,3657.81,3429.45,66.66,TQQQ_50,Bearish RSI divergence,8629.86,86.3,113.97,593.46
2014-06-25,TQQQ_50,0.5,18802.09,9316.08,6546.5259,0.0,3827.33,3664.86,3433.13,71.32,TQQQ_50,Bearish RSI divergence,8802.09,88.02,115.53,606.2
2014-06-26,TQQQ_50,0.5,18829.12,9317.23,6546.5259,0.0,3826.91,3671.64,3436.8,71.16,TQQQ_50,Bearish RSI divergence,8829.12,88.29,115.51,608.13
2014-06-27,TQQQ_100,1.0,18924.74,0.0,12896.7929,0.0,3844.44,3677.87,3440.47,73.83,TQQQ_100,"Bull trend confirmed: Price > SMA50 & SMA250, RSI 73.8",8924.74,89.25,116.5,615.16
2014-06-30,TQQQ_100,1.0,19064.97,0.0,12896.7929,0.0,3849.48,3684.17,3444.15,74.56,TQQQ_100,"Bull trend confirmed: Price > SMA50 & SMA250, RSI 74.6",9064.97,90.65,116.78,620.46
2014-07-01,TQQQ_30,0.3,19704.88,13793.42,3869.0379,0.0,3894.33,3690.86,3447.96,79.92,TQQQ_30,Overbought: RSI 79.9 >= 75,9704.88,97.05,119.31,644.64
2014-07-02,TQQQ_30,0.3,19729.53,13795.12,3869.0379,0.0,3899.27,3697.07,3451.71,80.41,TQQQ_30,Overbought: RSI 80.4 >= 75,9729.53,97.3,119.59,647.53
2014-07-03,TQQQ_30,0.3,19845.19,13796.82,3869.0379,0.0,3923.01,3704.39,3455.53,82.61,TQQQ_30,Overbought: RSI 82.6 >= 75,9845.19,98.45,120.92,661.89
2014-07-07,TQQQ_30,0.3,19793.87,13803.62,3869.0379,0.0,3910.71,3710.78,3459.24,77.75,TQQQ_30,Overbought: RSI 77.7 >= 75,9793.87,97.94,120.23,654.56
2014-07-08,TQQQ_30,0.3,19586.77,13805.32,3869.0379,0.0,3864.07,3717.4,3462.69,62.68,TQQQ_30,Overbought trim active,9586.77,95.87,117.6,628.26
2014-07-09,TQQQ_30,0.3,19719.26,13807.03,3869.0379,0.0,3892.91,3724.36,3466.03,66.94,TQQQ_30,Overbought trim active,9719.26,97.19,119.23,644.74
2014-07-10,TQQQ_30,0.3,19665.12,13808.73,3869.0379,0.0,3880.04,3730.48,3469.23,63.46,TQQQ_30,Overbought trim active,9665.12,96.65,118.5,637.7
2014-07-11,TQQQ_30,0.3,19768.55,13810.43,3869.0379,0.0,3904.58,3736.93,3472.53,66.99,TQQQ_30,Overbought trim active,9768.55,97.69,119.88,650.52
2014-07-14,TQQQ_30,0.3,19887.62,13815.54,3869.0379,0.0,3929.46,3743.63,3475.94,70.14,TQQQ_30,Overbought trim active,9887.62,98.88,121.29,664.87
2014-07-15,TQQQ_30,0.3,19825.84,13817.24,3869.0379,0.0,3914.46,3750.17,3479.25,66.05,TQQQ_30,Overbought trim active,9825.84,98.26,120.44,656.88
2014-07-16,TQQQ_30,0.3,19895.62,13818.95,3869.0379,0.0,3932.33,3756.71,3482.67,68.41,TQQQ_30,Overbought trim active,9895.62,98.96,121.45,665.45
2014-07-17,TQQQ_30,0.3,19654.87,13820.65,3869.0379,0.0,3878.01,3763.14,3486.0,55.71,TQQQ_30,Overbought trim active,9654.87,96.55,118.39,634.91
2014-07-18,TQQQ_50,0.5,19932.68,9966.34,6310.6541,0.0,3939.89,3771.01,3489.54,63.93,TQQQ_50,Bearish RSI divergence,9932.68,99.33,121.87,669.69
2014-07-21,TQQQ_50,0.5,19900.18,9970.03,6310.6541,0.0,3934.14,3778.88,3493.15,62.76,TQQQ_50,Bearish RSI divergence,9900.18,99.0,121.55,666.89
2014-07-22,TQQQ_50,0.5,20098.52,9971.25,6310.6541,0.0,3961.62,3787.0,3496.84,65.96,TQQQ_50,Bearish RSI divergence,10098.52,100.99,123.1,682.12
2014-07-23,TQQQ_50,0.5,20289.37,9972.48,6310.6541,0.0,3986.19,3794.47,3500.53,68.55,TQQQ_50,Bearish RSI divergence,10289.37,102.89,124.48,696.76
2014-07-24,TQQQ_50,0.5,20254.42,9973.71,6310.6541,0.0,3983.19,3801.91,3504.16,67.87,TQQQ_50,Bearish RSI divergence,10254.42,102.54,124.31,693.97
2014-07-25,TQQQ_50,0.5,20129.65,9974.94,6310.6541,0.0,3965.17,3809.35,3507.75,63.77,TQQQ_50,Bearish RSI divergence,10129.65,101.3,123.3,684.24
2014-07-28,TQQQ_50,0.5,20145.82,9978.63,6310.6541,0.0,3967.24,3817.39,3511.27,64.04,TQQQ_50,Bearish RSI divergence,10145.82,101.46,123.41,685.2
2014-07-29,TQQQ_50,0.5,20095.9,9979.86,6310.6541,0.0,3959.03,3824.83,3514.75,62.08,TQQQ_50,Bearish RSI divergence,10095.9,100.96,122.95,681.25
2014-07-30,TQQQ_50,0.5,20218.14,9981.09,6310.6541,0.0,3976.07,3832.04,3518.15,64.51,TQQQ_50,Bearish RSI divergence,10218.14,102.18,123.91,690.6
2014-07-31,TQQQ_50,0.5,19595.62,9982.32,6310.6541,0.0,3892.5,3837.88,3521.14,48.18,TQQQ_50,Bearish RSI divergence,9595.62,95.96,119.2,642.42
2014-08-01,TQQQ_50,0.5,19485.82,9983.55,6310.6541,0.0,3879.67,3842.76,3524.09,46.25,TQQQ_50,Bearish RSI divergence,9485.82,94.86,118.48,633.85
2014-08-04,TQQQ_50,0.5,19684.12,9987.25,6310.6541,0.0,3908.77,3847.92,3527.24,51.05,TQQQ_50,Bearish RSI divergence,9684.12,96.84,120.12,648.88
2014-08-05,TQQQ_50,0.5,19458.31,9988.48,6310.6541,0.0,3874.94,3851.87,3530.26,45.91,TQQQ_50,Bearish RSI divergence,9458.31,94.58,118.22,631.34
2014-08-06,TQQQ_100,1.0,19443.32,0.0,12979.1734,0.0,3874.27,3854.9,3533.24,45.81,TQQQ_100,"Bull trend confirmed: Price > SMA50 & SMA250, RSI 45.8",9443.32,94.43,118.18,630.09
2014-08-07,TQQQ_100,1.0,19256.03,0.0,12979.1734,0.0,3857.94,3857.81,3536.2,43.38,TQQQ_100,"Bull trend confirmed: Price > SMA50 & SMA250, RSI 43.4",9256.03,92.56,117.26,623.06
2014-08-08,TQQQ_100,1.0,19666.54,0.0,12979.1734,0.0,3888.09,3860.86,3539.24,48.79,TQQQ_100,"Bull trend confirmed: Price > SMA50 & SMA250, RSI 48.8",9666.54,96.67,118.96,638.47
2014-08-11,TQQQ_100,1.0,20023.18,0.0,12979.1734,0.0,3910.46,3864.33,3542.32,52.43,TQQQ_100,"Bull trend confirmed: Price > SMA50 & SMA250, RSI 52.4",10023.18,100.23,120.22,651.87
2014-08-12,TQQQ_100,1.0,19976.99,0.0,12979.1734,0.0,3905.23,3867.78,3545.42,51.51,TQQQ_100,"Bull trend confirmed: Price > SMA50 & SMA250, RSI 51.5",9976.99,99.77,119.92,650.13
2014-08-13,TQQQ_100,1.0,20626.14,0.0,12979.1734,0.0,3949.2,3872.16,3548.92,58.16,TQQQ_100,"Bull trend confirmed: Price > SMA50 & SMA250, RSI 58.2",10626.14,106.26,122.4,674.51
2014-08-14,TQQQ_100,1.0,20944.29,0.0,12979.1734,0.0,3969.11,3876.67,3552.5,60.79,TQQQ_100,"Bull trend confirmed: Price > SMA50 & SMA250, RSI 60.8",10944.29,109.44,123.52,686.45
2014-08-15,TQQQ_50,0.5,21229.09,10614.54,6489.5867,0.0,3987.51,3880.88,3556.17,63.09,TQQQ_50,Bearish RSI divergence,11229.09,112.29,124.55,697.15
2014-08-18,TQQQ_50,0.5,21489.59,10618.47,6489.5867,0.0,4020.5,3885.4,3559.92,66.85,TQQQ_50,Bearish RSI divergence,11489.59,114.9,126.41,716.42
2014-08-19,TQQQ_100,1.0,21678.2,0.0,12721.7591,0.0,4040.13,3890.29,3563.8,68.88,TQQQ_100,"Bull trend confirmed: Price > SMA50 & SMA250, RSI 68.9",11678.2,116.78,127.52,730.48
2014-08-20,TQQQ_100,1.0,21678.2,0.0,12721.7591,0.0,4040.71,3895.09,3567.55,68.95,TQQQ_100,"Bull trend confirmed: Price > SMA50 & SMA250, RSI 68.9",11678.2,116.78,127.55,730.48
2014-08-21,TQQQ_100,1.0,21801.43,0.0,12721.7591,0.0,4047.03,3900.07,3571.24,69.64,TQQQ_100,"Bull trend confirmed: Price > SMA50 & SMA250, RSI 69.6",11801.43,118.01,127.91,735.2
2014-08-22,TQQQ_100,1.0,21886.94,0.0,12721.7591,0.0,4052.75,3905.85,3574.96,70.29,TQQQ_100,"Bull trend confirmed: Price > SMA50 & SMA250, RSI 70.3",11886.94,118.87,128.23,738.48
2014-08-25,TQQQ_100,1.0,22130.88,0.0,12721.7591,0.0,4067.48,3911.69,3579.0,71.94,TQQQ_100,"Bull trend confirmed: Price > SMA50 & SMA250, RSI 71.9",12130.88,121.31,129.06,747.82
2014-08-26,TQQQ_100,1.0,22206.32,0.0,12721.7591,0.0,4071.67,3917.52,3582.99,72.41,TQQQ_100,"Bull trend confirmed: Price > SMA50 & SMA250, RSI 72.4",12206.32,122.06,129.29,750.71
2014-08-27,TQQQ_100,1.0,22208.85,0.0,12721.7591,0.0,4073.18,3923.36,3586.91,72.59,TQQQ_100,"Bull trend confirmed: Price > SMA50 & SMA250, RSI 72.6",12208.85,122.09,129.38,750.81
2014-08-28,TQQQ_100,1.0,22118.31,0.0,12721.7591,0.0,4066.27,3928.59,3590.88,70.35,TQQQ_100,"Bull trend confirmed: Price > SMA50 & SMA250, RSI 70.3",12118.31,121.18,128.99,747.34
2014-08-29,TQQQ_100,1.0,22377.34,0.0,12721.7591,0.0,4082.56,3934.23,3594.85,72.51,TQQQ_100,"Bull trend confirmed: Price > SMA50 & SMA250, RSI 72.5",12377.34,123.77,129.91,757.27
2014-09-02,TQQQ_100,1.0,22563.44,0.0,12721.7591,0.0,4095.81,3940.09,3598.73,74.16,TQQQ_100,"Bull trend confirmed: Price > SMA50 & SMA250, RSI 74.2",12563.44,125.63,130.65,764.39
2014-09-03,TQQQ_100,1.0,22176.14,0.0,12721.7591,0.0,4070.96,3945.4,3602.49,66.14,TQQQ_100,"Bull trend confirmed: Price > SMA50 & SMA250, RSI 66.1",12176.14,121.76,129.25,749.56
2014-09-04,TQQQ_100,1.0,22105.73,0.0,12721.7591,0.0,4066.13,3950.73,3606.23,64.68,TQQQ_100,"Bull trend confirmed: Price > SMA50 & SMA250, RSI 64.7",12105.73,121.06,128.98,746.86
2014-09-05,TQQQ_100,1.0,22447.75,0.0,12721.7591,0.0,4089.92,3955.99,3609.91,68.39,TQQQ_100,"Bull trend confirmed: Price > SMA50 & SMA250, RSI 68.4",12447.75,124.48,130.32,759.96
2014-09-08,TQQQ_100,1.0,22560.92,0.0,12721.7591,0.0,4095.47,3961.36,3613.55,69.2,TQQQ_100,"Bull trend confirmed: Price > SMA50 & SMA250, RSI 69.2",12560.92,125.61,130.63,764.3
2014-09-09,TQQQ_100,1.0,22012.69,0.0,12721.7591,0.0,4061.88,3965.71,3617.08,59.27,TQQQ_100,"Bull trend confirmed: Price > SMA50 & SMA250, RSI 59.3",12012.69,120.13,128.74,743.3
2014-09-10,TQQQ_100,1.0,22523.19,0.0,12721.7591,0.0,4094.97,3970.62,3620.75,64.65,TQQQ_100,"Bull trend confirmed: Price > SMA50 & SMA250, RSI 64.7",12523.19,125.23,130.61,762.85
2014-09-11,TQQQ_100,1.0,22505.6,0.0,12721.7591,0.0,4092.65,3974.58,3624.41,64.02,TQQQ_100,"Bull trend confirmed: Price > SMA50 & SMA250, RSI 64.0",12505.6,125.06,130.48,762.18
2014-09-12,TQQQ_100,1.0,22150.99,0.0,12721.7591,0.0,4069.23,3977.98,3628.01,57.81,TQQQ_100,"Bull trend confirmed: Price > SMA50 & SMA250, RSI 57.8",12150.99,121.51,129.16,748.59
2014-09-15,TQQQ_100,1.0,21484.56,0.0,12721.7591,0.0,4029.89,3980.12,3631.37,49.18,TQQQ_100,"Bull trend confirmed: Price > SMA50 & SMA250, RSI 49.2",11484.56,114.85,126.94,723.06
2014-09-16,TQQQ_100,1.0,22065.5,0.0,12721.7591,0.0,4067.27,3983.25,3634.71,55.91,TQQQ_100,"Bull trend confirmed: Price > SMA50 & SMA250, RSI 55.9",12065.5,120.65,129.05,745.32
2014-09-17,TQQQ_100,1.0,22173.63,0.0,12721.7591,0.0,4073.57,3987.44,3638.06,56.95,TQQQ_100,"Bull trend confirmed: Price > SMA50 & SMA250, RSI 56.9",12173.63,121.74,129.4,749.46
2014-09-18,TQQQ_50,0.5,22651.45,11325.72,6360.8796,0.0,4103.08,3991.64,3641.57,61.51,TQQQ_50,Bearish RSI divergence,12651.45,126.51,131.06,767.77
2014-09-19,TQQQ_50,0.5,22627.7,11327.12,6360.8796,0.0,4100.09,3996.05,3645.09,60.81,TQQQ_50,Bearish RSI divergence,12627.7,126.28,130.89,765.84
2014-09-22,TQQQ_50,0.5,22325.07,11331.31,6360.8796,0.0,4061.23,3999.18,3648.46,52.42,TQQQ_50,Bearish RSI divergence,12325.07,123.25,128.71,742.33
2014-09-23,TQQQ_50,0.5,22230.91,11332.71,6360.8796,0.0,4051.57,4001.62,3651.84,50.56,TQQQ_50,Bearish RSI divergence,12230.91,122.31,128.16,735.01
2014-09-24,TQQQ_50,0.5,22585.65,11334.1,6360.8796,0.0,4094.31,4005.22,3655.28,57.73,TQQQ_50,Bearish RSI divergence,12585.65,125.86,130.57,762.08
2014-09-25,TQQQ_50,0.5,21872.82,11335.5,6360.8796,0.0,4007.82,4006.73,3658.39,43.87,TQQQ_50,Bearish RSI divergence,11872.82,118.73,125.7,707.36
2014-09-26,TQQQ_50,0.5,22211.21,11336.9,6360.8796,0.0,4053.72,4010.24,3661.73,50.64,TQQQ_50,Bearish RSI divergence,12211.21,122.11,128.28,733.18
2014-09-29,TQQQ_50,0.5,22178.94,11341.09,6360.8796,0.0,4047.18,4012.39,3664.9,49.72,TQQQ_50,Bearish RSI divergence,12178.94,121.79,127.92,730.39
2014-09-30,TQQQ_50,0.5,22220.57,11342.49,6360.8796,0.0,4049.45,4014.69,3668.09,50.06,TQQQ_50,Bearish RSI divergence,12220.57,122.21,128.04,733.47
2014-10-01,CASH,0.0,21701.39,21701.39,0.0,0.0,3984.74,4015.16,3671.17,41.47,CASH,Clean exit: NDX 3984.7 broke below SMA50 (4015.2),11701.39,117.01,124.4,693.58
2014-10-02,CASH,0.0,21704.07,21704.07,0.0,0.0,3985.87,4015.15,3674.15,41.66,CASH,Clean exit: NDX 3985.9 broke below SMA50 (4015.1),11704.07,117.04,124.46,693.2
2014-10-03,CASH,0.0,21706.74,21706.74,0.0,0.0,4027.31,4016.03,3677.39,48.23,CASH,1% confirmation buffer: NDX 4027.3 <= threshold (4056.2),11706.74,117.07,126.8,717.09
2014-10-06,CASH,0.0,21714.77,21714.77,0.0,0.0,4016.27,4017.05,3680.84,46.72,CASH,Clean exit: NDX 4016.3 broke below SMA50 (4017.1),11714.77,117.15,126.17,711.5
2014-10-07,CASH,0.0,21717.45,21717.45,0.0,0.0,3958.59,4016.88,3684.11,39.72,CASH,Clean exit: NDX 3958.6 broke below SMA50 (4016.9),11717.45,117.17,122.93,677.2
2014-10-08,CASH,0.0,21720.13,21720.13,0.0,0.0,4041.12,4018.52,3687.43,51.03,CASH,1% confirmation buffer: NDX 4041.1 <= threshold (4058.7),11720.13,117.2,127.57,722.1
2014-10-09,CASH,0.0,21722.81,21722.81,0.0,0.0,3969.32,4018.39,3690.37,43.4,CASH,Clean exit: NDX 3969.3 broke below SMA50 (4018.4),11722.81,117.23,123.53,681.15
2014-10-10,CASH,0.0,21725.48,21725.48,0.0,0.0,3870.86,4017.95,3692.83,35.55,CASH,Clean exit: NDX 3870.9 broke below SMA50 (4018.0),11725.48,117.25,117.99,622.67
2014-10-13,CASH,0.0,21733.52,21733.52,0.0,0.0,3808.0,4016.52,3695.08,31.62,CASH,Clean exit: NDX 3808.0 broke below SMA50 (4016.5),11733.52,117.34,114.45,588.86
2014-10-14,CASH,0.0,21736.2,21736.2,0.0,0.0,3810.45,4014.56,3697.2,31.94,CASH,Clean exit: NDX 3810.4 broke below SMA50 (4014.6),11736.2,117.36,114.58,590.11
2014-10-15,CASH,0.0,21738.88,21738.88,0.0,0.0,3785.97,4012.78,3699.14,30.42,CASH,Clean exit: NDX 3786.0 broke below SMA50 (4012.8),11738.88,117.39,113.21,575.37
2014-10-16,CASH,0.0,21741.56,21741.56,0.0,0.0,3765.28,4010.6,3700.78,29.17,CASH,Clean exit: NDX 3765.3 broke below SMA50 (4010.6),11741.56,117.42,112.04,564.87
2014-10-17,CASH,0.0,21744.24,21744.24,0.0,0.0,3815.47,4009.75,3702.6,36.07,CASH,Clean exit: NDX 3815.5 broke below SMA50 (4009.7),11744.24,117.44,114.87,590.88
2014-10-20,CASH,0.0,21752.28,21752.28,0.0,0.0,3870.08,4009.39,3704.61,42.62,CASH,Clean exit: NDX 3870.1 broke below SMA50 (4009.4),11752.28,117.52,117.94,620.65
2014-10-21,CASH,0.0,21754.96,21754.96,0.0,0.0,3971.39,4010.6,3707.11,52.37,CASH,Clean exit: NDX 3971.4 broke below SMA50 (4010.6),11754.96,117.55,123.65,677.01
2014-10-22,CASH,0.0,21757.65,21757.65,0.0,0.0,3949.59,4011.49,3709.46,50.39,CASH,Clean exit: NDX 3949.6 broke below SMA50 (4011.5),11757.65,117.58,122.42,664.97
2014-10-23,CASH,0.0,21760.33,21760.33,0.0,0.0,4012.27,4012.75,3711.98,55.6,CASH,Clean exit: NDX 4012.3 broke below SMA50 (4012.8),11760.33,117.6,125.95,699.94
2014-10-24,CASH,0.0,21763.01,21763.01,0.0,0.0,4042.02,4014.21,3714.61,57.86,CASH,1% confirmation buffer: NDX 4042.0 <= threshold (4054.4),11763.01,117.63,127.62,718.34
2014-10-27,CASH,0.0,21771.06,21771.06,0.0,0.0,4046.02,4015.38,3717.23,58.17,CASH,1% confirmation buffer: NDX 4046.0 <= threshold (4055.5),11771.06,117.71,127.85,721.43
2014-10-28,TQQQ_100,1.0,21773.74,0.0,12366.1034,0.0,4106.63,4017.1,3720.12,62.63,TQQQ_100,"Bull trend confirmed: Price > SMA50 & SMA250, RSI 62.6",11773.74,117.74,131.26,758.13
2014-10-29,TQQQ_100,1.0,21512.17,0.0,12366.1034,0.0,4090.55,4018.11,3722.97,60.78,TQQQ_100,"Bull trend confirmed: Price > SMA50 & SMA250, RSI 60.8",11512.17,115.12,130.36,747.82
2014-10-30,TQQQ_100,1.0,21646.63,0.0,12366.1034,0.0,4100.64,4019.31,3725.85,61.55,TQQQ_100,"Bull trend confirmed: Price > SMA50 & SMA250, RSI 61.5",11646.63,116.47,130.93,753.12
2014-10-31,TQQQ_100,1.0,22538.89,0.0,12366.1034,0.0,4158.21,4021.54,3728.94,65.68,TQQQ_100,"Bull trend confirmed: Price > SMA50 & SMA250, RSI 65.7",12538.89,125.39,134.17,788.29
2014-11-03,TQQQ_100,1.0,22771.13,0.0,12366.1034,0.0,4169.28,4023.87,3732.07,66.43,TQQQ_100,"Bull trend confirmed: Price > SMA50 & SMA250, RSI 66.4",12771.13,127.71,134.79,797.44
2014-11-04,TQQQ_100,1.0,22529.12,0.0,12366.1034,0.0,4156.23,4025.64,3735.15,64.64,TQQQ_100,"Bull trend confirmed: Price > SMA50 & SMA250, RSI 64.6",12529.12,125.29,134.06,787.9
2014-11-05,TQQQ_100,1.0,22526.68,0.0,12366.1034,0.0,4153.27,4027.27,3738.48,64.22,TQQQ_100,"Bull trend confirmed: Price > SMA50 & SMA250, RSI 64.2",12526.68,125.27,133.89,787.81
2014-11-06,TQQQ_100,1.0,22719.79,0.0,12366.1034,0.0,4164.08,4029.09,3741.67,65.11,TQQQ_100,"Bull trend confirmed: Price > SMA50 & SMA250, RSI 65.1",12719.79,127.2,134.5,795.42
2014-11-07,TQQQ_100,1.0,22663.56,0.0,12366.1034,0.0,4160.5,4030.98,3744.86,64.54,TQQQ_100,"Bull trend confirmed: Price > SMA50 & SMA250, RSI 64.5",12663.56,126.64,134.3,793.2
2014-11-10,TQQQ_100,1.0,22895.8,0.0,12366.1034,0.0,4175.95,4032.84,3748.1,65.94,TQQQ_100,"Bull trend confirmed: Price > SMA50 & SMA250, RSI 65.9",12895.8,128.96,135.17,802.35
2014-11-11,TQQQ_100,1.0,23113.37,0.0,12366.1034,0.0,4187.16,4034.67,3751.22,66.96,TQQQ_100,"Bull trend confirmed: Price > SMA50 & SMA250, RSI 67.0",13113.37,131.13,135.8,810.93
2014-11-12,TQQQ_100,1.0,23240.48,0.0,12366.1034,0.0,4195.4,4037.16,3754.35,67.72,TQQQ_100,"Bull trend confirmed: Price > SMA50 & SMA250, RSI 67.7",13240.48,132.4,136.26,815.94
2014-11-13,TQQQ_100,1.0,23538.73,0.0,12366.1034,0.0,4213.48,4040.11,3757.51,69.4,TQQQ_100,"Bull trend confirmed: Price > SMA50 & SMA250, RSI 69.4",13538.73,135.39,137.28,827.69
2014-11-14,TQQQ_100,1.0,23756.29,0.0,12366.1034,0.0,4224.99,4042.81,3760.85,70.45,TQQQ_100,"Bull trend confirmed: Price > SMA50 & SMA250, RSI 70.4",13756.29,137.56,137.93,836.27
2014-11-17,TQQQ_100,1.0,23533.83,0.0,12366.1034,0.0,4213.79,4045.17,3764.2,68.0,TQQQ_100,"Bull trend confirmed: Price > SMA50 & SMA250, RSI 68.0",13533.83,135.34,137.3,827.5
2014-11-18,TQQQ_100,1.0,24061.86,0.0,12366.1034,0.0,4242.19,4048.78,3767.7,70.77,TQQQ_100,"Bull trend confirmed: Price > SMA50 & SMA250, RSI 70.8",14061.86,140.62,138.9,848.31
2014-11-19,TQQQ_100,1.0,23756.29,0.0,12366.1034,0.0,4222.66,4051.33,3770.98,66.51,TQQQ_100,"Bull trend confirmed: Price > SMA50 & SMA250, RSI 66.5",13756.29,137.56,137.8,836.27
2014-11-20,TQQQ_100,1.0,24071.63,0.0,12366.1034,0.0,4242.09,4054.32,3774.26,68.54,TQQQ_100,"Bull trend confirmed: Price > SMA50 & SMA250, RSI 68.5",14071.63,140.72,138.89,848.7
2014-11-21,TQQQ_100,1.0,24245.2,0.0,12366.1034,0.0,4251.32,4057.96,3777.55,69.49,TQQQ_100,"Bull trend confirmed: Price > SMA50 & SMA250, RSI 69.5",14245.2,142.45,139.41,855.54
2014-11-24,TQQQ_100,1.0,24792.79,0.0,12366.1034,0.0,4284.32,4063.05,3780.91,72.66,TQQQ_100,"Bull trend confirmed: Price > SMA50 & SMA250, RSI 72.7",14792.79,147.93,141.27,877.12
2014-11-25,TQQQ_100,1.0,24873.46,0.0,12366.1034,0.0,4288.23,4067.47,3784.18,73.01,TQQQ_100,"Bull trend confirmed: Price > SMA50 & SMA250, RSI 73.0",14873.46,148.73,141.49,880.3
2014-11-26,TQQQ_30,0.3,25381.93,17767.35,3709.831,0.0,4317.99,4072.36,3787.5,75.63,TQQQ_30,Overbought: RSI 75.6 >= 75,15381.93,153.82,143.17,900.34
2014-11-28,TQQQ_30,0.3,25499.98,17771.73,3709.831,0.0,4337.79,4077.05,3790.92,77.21,TQQQ_30,Overbought: RSI 77.2 >= 75,15499.98,155.0,144.28,915.27
2014-12-01,TQQQ_30,0.3,25221.27,17778.3,3709.831,0.0,4287.81,4080.81,3794.16,65.63,TQQQ_30,Overbought trim active,15221.27,152.21,141.47,877.79
2014-12-02,TQQQ_30,0.3,25303.4,17780.49,3709.831,0.0,4305.96,4085.7,3797.45,67.54,TQQQ_30,Overbought trim active,15303.4,153.03,142.49,888.29
2014-12-03,TQQQ_30,0.3,25373.8,17782.69,3709.831,0.0,4312.93,4090.93,3800.79,68.26,TQQQ_30,Overbought trim active,15373.8,153.74,142.88,897.25
2014-12-04,TQQQ_30,0.3,25353.25,17784.88,3709.831,0.0,4311.93,4095.28,3804.02,68.03,TQQQ_30,Overbought trim active,15353.25,153.53,142.82,894.27
2014-12-05,TQQQ_30,0.3,25360.58,17787.07,3709.831,0.0,4311.57,4101.36,3807.2,67.94,TQQQ_30,Overbought trim active,15360.58,153.61,142.8,894.94
2014-12-08,TQQQ_30,0.3,25203.62,17793.65,3709.831,0.0,4278.34,4105.85,3810.26,59.98,TQQQ_30,Overbought trim active,15203.62,152.04,140.93,873.46
2014-12-09,TQQQ_100,1.0,25277.68,0.0,12533.8084,0.0,4294.67,4110.8,3813.56,62.31,TQQQ_100,"Bull trend confirmed: Price > SMA50 & SMA250, RSI 62.3",15277.68,152.78,141.85,882.9
2014-12-10,TQQQ_100,1.0,24053.69,0.0,12533.8084,0.0,4224.87,4114.31,3816.62,49.11,TQQQ_100,"Bull trend confirmed: Price > SMA50 & SMA250, RSI 49.1",14053.69,140.54,137.92,835.3
2014-12-11,TQQQ_100,1.0,24430.3,0.0,12533.8084,0.0,4246.48,4119.54,3819.78,52.47,TQQQ_100,"Bull trend confirmed: Price > SMA50 & SMA250, RSI 52.5",14430.3,144.3,139.14,849.95
2014-12-12,TQQQ_100,1.0,23622.56,0.0,12533.8084,0.0,4199.28,4123.81,3822.68,45.42,TQQQ_100,"Bull trend confirmed: Price > SMA50 & SMA250, RSI 45.4",13622.56,136.23,136.48,818.54
2014-12-15,TQQQ_100,1.0,22913.94,0.0,12533.8084,0.0,4157.41,4126.41,3825.43,40.26,TQQQ_100,"Bull trend confirmed: Price > SMA50 & SMA250, RSI 40.3",12913.94,129.14,134.12,790.99
2014-12-16,CASH,0.0,21776.67,21776.67,0.0,0.0,4089.6,4127.88,3827.75,33.59,CASH,Clean exit: NDX 4089.6 broke below SMA50 (4127.9),11776.67,117.77,130.3,746.76
2014-12-17,CASH,0.0,21779.35,21779.35,0.0,0.0,4165.1,4132.01,3830.41,44.59,CASH,1% confirmation buffer: NDX 4165.1 <= threshold (4173.3),11779.35,117.79,134.56,792.24
2014-12-18,TQQQ_100,1.0,21782.04,0.0,11085.1955,0.0,4267.77,4136.54,3833.36,55.41,TQQQ_100,"Bull trend confirmed: Price > SMA50 & SMA250, RSI 55.4",11782.04,117.82,140.34,857.66
2014-12-19,TQQQ_100,1.0,22025.28,0.0,11085.1955,0.0,4281.78,4142.79,3836.21,56.65,TQQQ_100,"Bull trend confirmed: Price > SMA50 & SMA250, RSI 56.6",12025.28,120.25,141.13,868.35
2014-12-22,TQQQ_100,1.0,22228.46,0.0,11085.1955,0.0,4293.67,4151.25,3839.09,57.73,TQQQ_100,"Bull trend confirmed: Price > SMA50 & SMA250, RSI 57.7",12228.46,122.28,141.8,877.28
2014-12-23,TQQQ_100,1.0,22015.85,0.0,11085.1955,0.0,4279.3,4160.68,3841.87,55.92,TQQQ_100,"Bull trend confirmed: Price > SMA50 & SMA250, RSI 55.9",12015.85,120.16,140.99,867.93
2014-12-24,TQQQ_100,1.0,22061.88,0.0,11085.1955,0.0,4283.1,4170.13,3844.71,56.31,TQQQ_100,"Bull trend confirmed: Price > SMA50 & SMA250, RSI 56.3",12061.88,120.62,141.2,869.96
2014-12-26,TQQQ_100,1.0,22508.98,0.0,11085.1955,0.0,4314.09,4180.69,3847.68,59.46,TQQQ_100,"Bull trend confirmed: Price > SMA50 & SMA250, RSI 59.5",12508.98,125.09,142.95,889.62
2014-12-29,TQQQ_50,0.5,22513.38,11256.69,5542.5977,0.0,4312.64,4191.64,3850.57,59.24,TQQQ_50,Bearish RSI divergence,12513.38,125.13,142.86,889.81
2014-12-30,TQQQ_50,0.5,22282.44,11258.08,5542.5977,0.0,4282.35,4200.98,3853.44,54.78,TQQQ_50,Bearish RSI divergence,12282.44,122.82,141.16,869.38
2014-12-31,TQQQ_50,0.5,21938.63,11259.46,5542.5977,0.0,4236.28,4208.3,3856.23,48.77,TQQQ_50,Bearish RSI divergence,11938.63,119.39,138.56,839.03
2015-01-02,TQQQ_50,0.5,21853.74,11262.24,5542.5977,0.0,4230.24,4213.48,3859.04,48.02,TQQQ_50,Bearish RSI divergence,11853.74,118.54,138.22,831.32
2015-01-05,CASH,0.0,21381.21,21381.21,0.0,0.0,4160.96,4217.7,3861.46,40.41,CASH,Clean exit: NDX 4161.0 broke below SMA50 (4217.7),11381.21,113.81,134.32,789.4
2015-01-06,CASH,0.0,21383.84,21383.84,0.0,0.0,4110.83,4219.68,3863.63,35.96,CASH,Clean exit: NDX 4110.8 broke below SMA50 (4219.7),11383.84,113.84,131.5,754.13
2015-01-07,CASH,0.0,21386.48,21386.48,0.0,0.0,4160.0,4222.03,3866.06,42.63,CASH,Clean exit: NDX 4160.0 broke below SMA50 (4222.0),11386.48,113.86,134.27,786.99
2015-01-08,CASH,0.0,21389.12,21389.12,0.0,0.0,4240.55,4225.93,3868.76,51.53,CASH,1% confirmation buffer: NDX 4240.5 <= threshold (4268.2),11389.12,113.89,138.8,837.58
2015-01-09,CASH,0.0,21391.75,21391.75,0.0,0.0,4213.28,4228.06,3871.56,48.77,CASH,Clean exit: NDX 4213.3 broke below SMA50 (4228.1),11391.75,113.92,137.27,818.6
2015-01-12,CASH,0.0,21399.67,21399.67,0.0,0.0,4169.97,4229.65,3873.92,44.68,CASH,Clean exit: NDX 4170.0 broke below SMA50 (4229.6),11399.67,114.0,134.83,790.37
2015-01-13,CASH,0.0,21402.3,21402.3,0.0,0.0,4166.2,4230.96,3876.15,44.33,CASH,Clean exit: NDX 4166.2 broke below SMA50 (4231.0),11402.3,114.02,134.62,789.59
2015-01-14,CASH,0.0,21404.94,21404.94,0.0,0.0,4145.84,4230.71,3878.28,42.41,CASH,Clean exit: NDX 4145.8 broke below SMA50 (4230.7),11404.94,114.05,133.47,775.91
2015-01-15,CASH,0.0,21407.58,21407.58,0.0,0.0,4089.65,4229.12,3880.28,37.56,CASH,Clean exit: NDX 4089.6 broke below SMA50 (4229.1),11407.58,114.08,130.31,741.13
2015-01-16,CASH,0.0,21410.22,21410.22,0.0,0.0,4142.14,4228.84,3882.38,44.0,CASH,Clean exit: NDX 4142.1 broke below SMA50 (4228.8),11410.22,114.1,133.26,771.09
2015-01-20,CASH,0.0,21420.78,21420.78,0.0,0.0,4171.21,4229.19,3884.55,47.24,CASH,Clean exit: NDX 4171.2 broke below SMA50 (4229.2),11420.78,114.21,134.9,790.37
2015-01-21,CASH,0.0,21423.42,21423.42,0.0,0.0,4192.09,4229.76,3886.86,49.51,CASH,Clean exit: NDX 4192.1 broke below SMA50 (4229.8),11423.42,114.23,136.08,804.05
2015-01-22,CASH,0.0,21426.06,21426.06,0.0,0.0,4270.36,4231.95,3889.78,56.96,CASH,1% confirmation buffer: NDX 4270.4 <= threshold (4274.3),11426.06,114.26,140.48,854.35
2015-01-23,TQQQ_100,1.0,21428.7,0.0,10870.7266,0.0,4278.14,4234.0,3892.86,57.63,TQQQ_100,"Bull trend confirmed: Price > SMA50 & SMA250, RSI 57.6",11428.7,114.29,140.92,860.71
2015-01-26,TQQQ_100,1.0,21381.42,0.0,10870.7266,0.0,4275.72,4235.77,3895.94,57.33,TQQQ_100,"Bull trend confirmed: Price > SMA50 & SMA250, RSI 57.3",11381.42,113.81,140.79,858.59
2015-01-27,CASH,0.0,19726.44,19726.44,0.0,0.0,4165.5,4235.17,3898.73,45.71,CASH,Clean exit: NDX 4165.5 broke below SMA50 (4235.2),9726.44,97.26,134.58,784.39
2015-01-28,CASH,0.0,19728.88,19728.88,0.0,0.0,4140.38,4233.71,3901.16,43.54,CASH,Clean exit: NDX 4140.4 broke below SMA50 (4233.7),9728.88,97.29,133.16,769.17
2015-01-29,CASH,0.0,19731.31,19731.31,0.0,0.0,4181.35,4232.83,3903.8,47.88,CASH,Clean exit: NDX 4181.4 broke below SMA50 (4232.8),9731.31,97.31,135.47,794.32
2015-01-30,CASH,0.0,19733.74,19733.74,0.0,0.0,4148.43,4231.53,3906.63,44.9,CASH,Clean exit: NDX 4148.4 broke below SMA50 (4231.5),9733.74,97.34,133.62,773.79
2015-02-02,CASH,0.0,19741.04,19741.04,0.0,0.0,4188.59,4230.46,3909.5,49.07,CASH,Clean exit: NDX 4188.6 broke below SMA50 (4230.5),9741.04,97.41,135.88,796.73
2015-02-03,CASH,0.0,19743.47,19743.47,0.0,0.0,4229.15,4230.58,3912.6,52.94,CASH,Clean exit: NDX 4229.1 broke below SMA50 (4230.6),9743.47,97.43,138.16,821.2
2015-02-04,CASH,0.0,19745.91,19745.91,0.0,0.0,4221.2,4230.17,3915.49,52.11,CASH,Clean exit: NDX 4221.2 broke below SMA50 (4230.2),9745.91,97.46,137.71,818.79
2015-02-05,CASH,0.0,19748.34,19748.34,0.0,0.0,4256.18,4230.26,3918.27,55.44,CASH,1% confirmation buffer: NDX 4256.2 <= threshold (4272.6),9748.34,97.48,139.68,843.17
2015-02-06,CASH,0.0,19750.78,19750.78,0.0,0.0,4228.68,4229.15,3920.86,52.35,CASH,Clean exit: NDX 4228.7 broke below SMA50 (4229.2),9750.78,97.51,138.14,826.02
2015-02-09,CASH,0.0,19758.08,19758.08,0.0,0.0,4216.09,4227.71,3923.23,50.96,CASH,Clean exit: NDX 4216.1 broke below SMA50 (4227.7),9758.08,97.58,137.43,815.8
2015-02-10,TQQQ_50,0.5,19760.52,9880.26,5017.7643,0.0,4281.16,4226.97,3925.85,57.31,TQQQ_50,Bearish RSI divergence,9760.52,97.61,141.09,859.65
2015-02-11,TQQQ_100,1.0,19872.85,0.0,9980.3374,0.0,4297.28,4226.16,3928.4,58.73,TQQQ_100,"Bull trend confirmed: Price > SMA50 & SMA250, RSI 58.7",9872.85,98.73,142.0,870.44
2015-02-12,TQQQ_100,1.0,20567.43,0.0,9980.3374,0.0,4347.97,4227.37,3931.14,62.93,TQQQ_100,"Bull trend confirmed: Price > SMA50 & SMA250, RSI 62.9",10567.43,105.67,144.85,904.36
2015-02-13,TQQQ_100,1.0,21086.41,0.0,9980.3374,0.0,4384.03,4228.93,3933.95,65.6,TQQQ_100,"Bull trend confirmed: Price > SMA50 & SMA250, RSI 65.6",11086.41,110.86,146.88,929.7
2015-02-17,TQQQ_100,1.0,21143.64,0.0,9980.3374,0.0,4385.34,4230.37,3936.88,65.7,TQQQ_100,"Bull trend confirmed: Price > SMA50 & SMA250, RSI 65.7",11143.64,111.44,146.96,932.5
2015-02-18,TQQQ_100,1.0,21234.4,0.0,9980.3374,0.0,4390.91,4231.95,3939.76,66.14,TQQQ_100,"Bull trend confirmed: Price > SMA50 & SMA250, RSI 66.1",11234.4,112.34,147.27,936.93
2015-02-19,TQQQ_100,1.0,21554.08,0.0,9980.3374,0.0,4411.86,4233.96,3942.76,67.8,TQQQ_100,"Bull trend confirmed: Price > SMA50 & SMA250, RSI 67.8",11554.08,115.54,148.45,952.54
2015-02-20,TQQQ_100,1.0,21968.47,0.0,9980.3374,0.0,4443.05,4237.25,3945.79,70.15,TQQQ_100,"Bull trend confirmed: Price > SMA50 & SMA250, RSI 70.1",11968.47,119.68,150.21,972.77
2015-02-23,TQQQ_100,1.0,22055.29,0.0,9980.3374,0.0,4449.49,4240.35,3948.87,70.62,TQQQ_100,"Bull trend confirmed: Price > SMA50 & SMA250, RSI 70.6",12055.29,120.55,150.57,977.01
2015-02-24,TQQQ_100,1.0,22100.67,0.0,9980.3374,0.0,4451.03,4244.87,3951.97,70.74,TQQQ_100,"Bull trend confirmed: Price > SMA50 & SMA250, RSI 70.7",12100.67,121.01,150.66,979.23
2015-02-25,TQQQ_100,1.0,21923.08,0.0,9980.3374,0.0,4440.59,4248.76,3954.93,68.69,TQQQ_100,"Bull trend confirmed: Price > SMA50 & SMA250, RSI 68.7",11923.08,119.23,150.07,970.56
2015-02-26,TQQQ_100,1.0,22256.56,0.0,9980.3374,0.0,4462.27,4254.02,3957.99,70.6,TQQQ_100,"Bull trend confirmed: Price > SMA50 & SMA250, RSI 70.6",12256.56,122.57,151.29,986.84
2015-02-27,TQQQ_100,1.0,21962.54,0.0,9980.3374,0.0,4440.67,4259.68,3961.08,66.27,TQQQ_100,"Bull trend confirmed: Price > SMA50 & SMA250, RSI 66.3",11962.54,119.63,150.07,972.49
2015-03-02,TQQQ_100,1.0,22554.52,0.0,9980.3374,0.0,4483.05,4267.55,3964.13,70.14,TQQQ_100,"Bull trend confirmed: Price > SMA50 & SMA250, RSI 70.1",12554.52,125.55,152.46,1001.39
2015-03-03,TQQQ_100,1.0,22230.91,0.0,9980.3374,0.0,4458.78,4273.42,3967.06,65.5,TQQQ_100,"Bull trend confirmed: Price > SMA50 & SMA250, RSI 65.5",12230.91,122.31,151.09,985.59
2015-03-04,TQQQ_100,1.0,21984.25,0.0,9980.3374,0.0,4445.36,4276.98,3969.96,63.02,TQQQ_100,"Bull trend confirmed: Price > SMA50 & SMA250, RSI 63.0",11984.25,119.84,150.34,973.55
2015-03-05,TQQQ_100,1.0,22080.94,0.0,9980.3374,0.0,4452.06,4280.38,3972.95,63.76,TQQQ_100,"Bull trend confirmed: Price > SMA50 & SMA250, RSI 63.8",12080.94,120.81,150.72,978.27
2015-03-06,TQQQ_100,1.0,21321.23,0.0,9980.3374,0.0,4399.23,4282.49,3975.72,54.52,TQQQ_100,"Bull trend confirmed: Price > SMA50 & SMA250, RSI 54.5",11321.23,113.21,147.74,941.17
2015-03-09,TQQQ_100,1.0,21526.45,0.0,9980.3374,0.0,4412.99,4285.17,3978.61,56.3,TQQQ_100,"Bull trend confirmed: Price > SMA50 & SMA250, RSI 56.3",11526.45,115.26,148.52,951.19
2015-03-10,TQQQ_50,0.5,20334.59,10167.29,4990.1687,0.0,4329.08,4286.09,3981.1,44.8,TQQQ_50,Bearish RSI divergence,10334.59,103.35,143.79,892.99
2015-03-11,TQQQ_50,0.5,20157.27,10168.55,4990.1687,0.0,4305.38,4285.91,3983.71,42.19,TQQQ_50,Bearish RSI divergence,10157.27,101.57,142.46,875.55
2015-03-12,TQQQ_50,0.5,20349.92,10169.8,4990.1687,0.0,4336.23,4286.38,3986.55,46.56,TQQQ_50,Bearish RSI divergence,10349.92,103.5,144.19,894.24
2015-03-13,TQQQ_50,0.5,20219.95,10171.06,4990.1687,0.0,4314.9,4287.03,3989.16,44.08,TQQQ_50,Bearish RSI divergence,10219.95,102.2,142.99,881.43
2015-03-16,TQQQ_100,1.0,20608.5,0.0,9856.5268,0.0,4370.47,4289.72,3991.81,51.36,TQQQ_100,"Bull trend confirmed: Price > SMA50 & SMA250, RSI 51.4",10608.5,106.09,146.12,919.01
2015-03-17,TQQQ_100,1.0,20723.49,0.0,9856.5268,0.0,4375.63,4292.63,3994.58,51.99,TQQQ_100,"Bull trend confirmed: Price > SMA50 & SMA250, RSI 52.0",10723.49,107.23,146.41,924.69
2015-03-18,TQQQ_100,1.0,21319.81,0.0,9856.5268,0.0,4422.5,4297.86,3997.5,57.35,TQQQ_100,"Bull trend confirmed: Price > SMA50 & SMA250, RSI 57.4",11319.81,113.2,149.05,954.18
2015-03-19,TQQQ_100,1.0,21423.1,0.0,9856.5268,0.0,4426.82,4304.18,4000.59,57.82,TQQQ_100,"Bull trend confirmed: Price > SMA50 & SMA250, RSI 57.8",11423.1,114.23,149.29,959.28
2015-03-20,TQQQ_100,1.0,21867.42,0.0,9856.5268,0.0,4458.54,4310.15,4003.96,61.19,TQQQ_100,"Bull trend confirmed: Price > SMA50 & SMA250, RSI 61.2",11867.42,118.67,151.08,981.25
2015-03-23,TQQQ_100,1.0,21684.24,0.0,9856.5268,0.0,4445.54,4314.25,4007.22,59.11,TQQQ_100,"Bull trend confirmed: Price > SMA50 & SMA250, RSI 59.1",11684.24,116.84,150.35,972.2
2015-03-24,TQQQ_100,1.0,21464.02,0.0,9856.5268,0.0,4430.99,4318.6,4010.61,56.78,TQQQ_100,"Bull trend confirmed: Price > SMA50 & SMA250, RSI 56.8",11464.02,114.64,149.53,961.31
2015-03-25,TQQQ_100,1.0,19967.4,0.0,9856.5268,0.0,4329.29,4321.79,4013.68,43.79,TQQQ_100,"Bull trend confirmed: Price > SMA50 & SMA250, RSI 43.8",9967.4,99.67,143.8,887.31
2015-03-26,CASH,0.0,19803.69,19803.69,0.0,0.0,4315.26,4324.77,4016.65,42.35,CASH,Clean exit: NDX 4315.3 broke below SMA50 (4324.8),9803.69,98.04,143.01,879.21
2015-03-27,CASH,0.0,19806.13,19806.13,0.0,0.0,4332.86,4328.51,4019.6,44.8,CASH,1% confirmation buffer: NDX 4332.9 <= threshold (4371.8),9806.13,98.06,144.0,888.65
2015-03-30,TQQQ_100,1.0,19813.45,0.0,9428.0737,0.0,4382.82,4334.37,4022.5,51.15,TQQQ_100,"Bull trend confirmed: Price > SMA50 & SMA250, RSI 51.2",9813.45,98.13,146.82,924.22
2015-03-31,CASH,0.0,19200.1,19200.1,0.0,0.0,4333.69,4338.2,4025.17,45.6,CASH,Clean exit: NDX 4333.7 broke below SMA50 (4338.2),9200.1,92.0,144.05,892.51
2015-04-01,CASH,0.0,19202.47,19202.47,0.0,0.0,4311.26,4341.0,4027.87,43.29,CASH,Clean exit: NDX 4311.3 broke below SMA50 (4341.0),9202.47,92.02,142.79,875.74
2015-04-02,CASH,0.0,19204.84,19204.84,0.0,0.0,4316.01,4343.48,4030.97,43.93,CASH,Clean exit: NDX 4316.0 broke below SMA50 (4343.5),9204.84,92.05,143.05,877.38
2015-04-06,CASH,0.0,19214.31,19214.31,0.0,0.0,4350.98,4345.1,4034.34,48.59,CASH,1% confirmation buffer: NDX 4351.0 <= threshold (4388.5),9214.31,92.14,145.02,900.89
2015-04-07,CASH,0.0,19216.68,19216.68,0.0,0.0,4344.08,4346.41,4037.57,47.75,CASH,Clean exit: NDX 4344.1 broke below SMA50 (4346.4),9216.68,92.17,144.63,896.27
2015-04-08,CASH,0.0,19219.05,19219.05,0.0,0.0,4375.96,4348.42,4040.67,51.9,CASH,1% confirmation buffer: NDX 4376.0 <= threshold (4391.9),9219.05,92.19,146.43,919.97
2015-04-09,TQQQ_100,1.0,19221.42,0.0,9016.5571,0.0,4403.95,4353.19,4044.33,55.26,TQQQ_100,"Bull trend confirmed: Price > SMA50 & SMA250, RSI 55.3",9221.42,92.21,148.01,938.96
2015-04-10,TQQQ_100,1.0,19451.42,0.0,9016.5571,0.0,4422.02,4358.82,4048.24,57.33,TQQQ_100,"Bull trend confirmed: Price > SMA50 & SMA250, RSI 57.3",9451.42,94.51,149.02,951.39
2015-04-13,TQQQ_100,1.0,19307.0,0.0,9016.5571,0.0,4409.21,4363.38,4051.97,55.37,TQQQ_100,"Bull trend confirmed: Price > SMA50 & SMA250, RSI 55.4",9307.0,93.07,148.3,943.59
2015-04-14,TQQQ_100,1.0,19141.19,0.0,9016.5571,0.0,4397.64,4368.36,4055.61,53.59,TQQQ_100,"Bull trend confirmed: Price > SMA50 & SMA250, RSI 53.6",9141.19,91.41,147.65,934.62
2015-04-15,TQQQ_100,1.0,19479.94,0.0,9016.5571,0.0,4424.53,4373.08,4059.18,57.05,TQQQ_100,"Bull trend confirmed: Price > SMA50 & SMA250, RSI 57.0",9479.94,94.8,149.17,952.93
2015-04-16,TQQQ_100,1.0,19412.18,0.0,9016.5571,0.0,4418.83,4376.87,4062.72,56.1,TQQQ_100,"Bull trend confirmed: Price > SMA50 & SMA250, RSI 56.1",9412.18,94.12,148.84,949.27
2015-04-17,CASH,0.0,18504.69,18504.69,0.0,0.0,4351.8,4379.49,4065.88,46.29,CASH,Clean exit: NDX 4351.8 broke below SMA50 (4379.5),8504.69,85.05,145.07,900.22
2015-04-20,CASH,0.0,18511.54,18511.54,0.0,0.0,4417.4,4382.71,4069.2,54.65,CASH,1% confirmation buffer: NDX 4417.4 <= threshold (4426.5),8511.54,85.12,148.76,944.93
2015-04-21,TQQQ_100,1.0,18513.82,0.0,8525.6774,0.0,4435.98,4386.86,4072.71,56.7,TQQQ_100,"Bull trend confirmed: Price > SMA50 & SMA250, RSI 56.7",8513.82,85.14,149.81,958.33
2015-04-22,TQQQ_100,1.0,18813.89,0.0,8525.6774,0.0,4460.81,4391.75,4076.19,59.35,TQQQ_100,"Bull trend confirmed: Price > SMA50 & SMA250, RSI 59.4",8813.89,88.14,151.21,975.48
2015-04-23,TQQQ_100,1.0,19039.79,0.0,8525.6774,0.0,4477.07,4395.67,4079.97,61.03,TQQQ_100,"Bull trend confirmed: Price > SMA50 & SMA250, RSI 61.0",9039.79,90.4,152.12,988.4
2015-04-24,TQQQ_100,1.0,19784.93,0.0,8525.6774,0.0,4536.78,4400.46,4083.94,66.51,TQQQ_100,"Bull trend confirmed: Price > SMA50 & SMA250, RSI 66.5",9784.93,97.85,155.49,1030.99
2015-04-27,TQQQ_100,1.0,19658.5,0.0,8525.6774,0.0,4525.04,4404.0,4087.74,64.59,TQQQ_100,"Bull trend confirmed: Price > SMA50 & SMA250, RSI 64.6",9658.5,96.58,154.83,1023.76
2015-04-28,TQQQ_100,1.0,19530.37,0.0,8525.6774,0.0,4515.27,4406.63,4091.47,62.96,TQQQ_100,"Bull trend confirmed: Price > SMA50 & SMA250, RSI 63.0",9530.37,95.3,154.28,1016.44
2015-04-29,TQQQ_100,1.0,19157.8,0.0,8525.6774,0.0,4488.15,4408.68,4095.05,58.54,TQQQ_100,"Bull trend confirmed: Price > SMA50 & SMA250, RSI 58.5",9157.8,91.58,152.75,995.14
2015-04-30,TQQQ_100,1.0,18257.57,0.0,8525.6774,0.0,4414.25,4409.15,4098.35,48.54,TQQQ_100,"Bull trend confirmed: Price > SMA50 & SMA250, RSI 48.5",8257.57,82.58,148.59,943.68
2015-05-01,TQQQ_100,1.0,18995.96,0.0,8525.6774,0.0,4479.06,4410.49,4101.85,55.69,TQQQ_100,"Bull trend confirmed: Price > SMA50 & SMA250, RSI 55.7",8995.96,89.96,152.24,985.89
2015-05-04,TQQQ_100,1.0,19063.39,0.0,8525.6774,0.0,4482.61,4411.28,4105.55,56.05,TQQQ_100,"Bull trend confirmed: Price > SMA50 & SMA250, RSI 56.0",9063.39,90.63,152.44,989.75
2015-05-05,CASH,0.0,18159.8,18159.8,0.0,0.0,4409.39,4410.48,4109.01,47.48,CASH,Clean exit: NDX 4409.4 broke below SMA50 (4410.5),8159.8,81.6,148.31,938.09
2015-05-06,CASH,0.0,18162.03,18162.03,0.0,0.0,4379.75,4409.06,4112.36,44.51,CASH,Clean exit: NDX 4379.8 broke below SMA50 (4409.1),8162.03,81.62,146.64,915.93
2015-05-07,CASH,0.0,18164.27,18164.27,0.0,0.0,4401.55,4408.28,4115.75,47.13,CASH,Clean exit: NDX 4401.5 broke below SMA50 (4408.3),8164.27,81.64,147.87,933.37
2015-05-08,TQQQ_100,1.0,18166.51,0.0,8264.8987,0.0,4458.65,4408.2,4119.13,53.34,TQQQ_100,"Bull trend confirmed: Price > SMA50 & SMA250, RSI 53.3",8166.51,81.67,151.09,971.24
2015-05-11,TQQQ_100,1.0,17967.14,0.0,8264.8987,0.0,4438.64,4408.16,4122.44,51.07,TQQQ_100,"Bull trend confirmed: Price > SMA50 & SMA250, RSI 51.1",7967.14,79.67,149.96,959.49
2015-05-12,TQQQ_100,1.0,17735.06,0.0,8264.8987,0.0,4420.65,4406.91,4125.75,49.06,TQQQ_100,"Bull trend confirmed: Price > SMA50 & SMA250, RSI 49.1",7735.06,77.35,148.95,945.8
2015-05-13,TQQQ_100,1.0,17826.58,0.0,8264.8987,0.0,4426.56,4406.27,4129.2,49.76,TQQQ_100,"Bull trend confirmed: Price > SMA50 & SMA250, RSI 49.8",7826.58,78.27,149.28,951.2
2015-05-14,TQQQ_100,1.0,18615.94,0.0,8264.8987,0.0,4495.04,4407.26,4132.83,57.13,TQQQ_100,"Bull trend confirmed: Price > SMA50 & SMA250, RSI 57.1",8615.94,86.16,153.14,997.74
2015-05-15,TQQQ_100,1.0,18614.31,0.0,8264.8987,0.0,4494.29,4408.11,4136.34,57.03,TQQQ_100,"Bull trend confirmed: Price > SMA50 & SMA250, RSI 57.0",8614.31,86.14,153.09,997.65
2015-05-18,TQQQ_100,1.0,18843.1,0.0,8264.8987,0.0,4512.95,4410.38,4139.99,58.93,TQQQ_100,"Bull trend confirmed: Price > SMA50 & SMA250, RSI 58.9",8843.1,88.43,154.14,1011.14
2015-05-19,TQQQ_100,1.0,18789.17,0.0,8264.8987,0.0,4503.72,4412.2,4143.46,57.57,TQQQ_100,"Bull trend confirmed: Price > SMA50 & SMA250, RSI 57.6",8789.17,87.89,153.62,1007.96
2015-05-20,TQQQ_100,1.0,18820.23,0.0,8264.8987,0.0,4505.3,4415.72,4146.88,57.75,TQQQ_100,"Bull trend confirmed: Price > SMA50 & SMA250, RSI 57.7",8820.23,88.2,153.71,1009.79
2015-05-21,TQQQ_100,1.0,19116.03,0.0,8264.8987,0.0,4529.47,4420.2,4150.29,60.5,TQQQ_100,"Bull trend confirmed: Price > SMA50 & SMA250, RSI 60.5",9116.03,91.16,155.08,1027.23
2015-05-22,TQQQ_50,0.5,19063.72,9531.86,4132.4494,0.0,4527.16,4424.02,4153.51,60.1,TQQQ_50,Bearish RSI divergence,9063.72,90.64,154.94,1024.15
2015-05-26,TQQQ_50,0.5,18738.31,9536.56,4132.4494,0.0,4472.96,4427.18,4156.55,51.45,TQQQ_50,Bearish RSI divergence,8738.31,87.38,151.89,985.22
2015-05-27,TQQQ_100,1.0,19182.37,0.0,8219.0991,0.0,4546.06,4430.7,4159.79,59.84,TQQQ_100,"Bull trend confirmed: Price > SMA50 & SMA250, RSI 59.8",9182.37,91.82,156.01,1037.45
2015-05-28,TQQQ_100,1.0,19040.97,0.0,8219.0991,0.0,4535.66,4433.9,4162.99,58.3,TQQQ_100,"Bull trend confirmed: Price > SMA50 & SMA250, RSI 58.3",9040.97,90.41,155.42,1029.06
2015-05-29,TQQQ_100,1.0,18719.18,0.0,8219.0991,0.0,4508.25,4435.61,4166.09,54.32,TQQQ_100,"Bull trend confirmed: Price > SMA50 & SMA250, RSI 54.3",8719.18,87.19,153.88,1009.98
2015-06-01,TQQQ_100,1.0,18883.33,0.0,8219.0991,0.0,4521.85,4437.51,4169.26,55.93,TQQQ_100,"Bull trend confirmed: Price > SMA50 & SMA250, RSI 55.9",8883.33,88.83,154.65,1019.72
2015-06-02,TQQQ_100,1.0,18711.06,0.0,8219.0991,0.0,4508.89,4438.52,4172.32,53.98,TQQQ_100,"Bull trend confirmed: Price > SMA50 & SMA250, RSI 54.0",8711.06,87.11,153.92,1009.5
2015-06-03,TQQQ_100,1.0,18875.2,0.0,8219.0991,0.0,4519.86,4440.0,4175.29,55.39,TQQQ_100,"Bull trend confirmed: Price > SMA50 & SMA250, RSI 55.4",8875.2,88.75,154.53,1019.24
2015-06-04,TQQQ_100,1.0,18464.02,0.0,8219.0991,0.0,4487.03,4441.13,4178.06,50.39,TQQQ_100,"Bull trend confirmed: Price > SMA50 & SMA250, RSI 50.4",8464.02,84.64,152.69,994.85
2015-06-05,TQQQ_50,0.5,18324.26,9162.13,4109.5495,0.0,4477.19,4444.08,4180.78,48.97,TQQQ_50,Bearish RSI divergence,8324.26,83.24,152.13,986.57
2015-06-08,CASH,0.0,18047.29,18047.29,0.0,0.0,4431.51,4446.41,4183.31,42.9,CASH,Clean exit: NDX 4431.5 broke below SMA50 (4446.4),8047.29,80.47,149.56,953.32
2015-06-09,CASH,0.0,18049.52,18049.52,0.0,0.0,4427.61,4448.3,4185.83,42.41,CASH,Clean exit: NDX 4427.6 broke below SMA50 (4448.3),8049.52,80.5,149.34,948.11
2015-06-10,CASH,0.0,18051.74,18051.74,0.0,0.0,4485.46,4450.36,4188.71,51.2,CASH,1% confirmation buffer: NDX 4485.5 <= threshold (4494.9),8051.74,80.52,152.6,989.65
2015-06-11,CASH,0.0,18053.97,18053.97,0.0,0.0,4488.47,4453.45,4191.56,51.61,CASH,1% confirmation buffer: NDX 4488.5 <= threshold (4498.0),8053.97,80.54,152.77,995.62
2015-06-12,CASH,0.0,18056.2,18056.2,0.0,0.0,4453.79,4456.3,4194.26,46.7,CASH,Clean exit: NDX 4453.8 broke below SMA50 (4456.3),8056.2,80.56,150.81,967.77
2015-06-15,CASH,0.0,18062.87,18062.87,0.0,0.0,4432.92,4458.64,4196.87,43.99,CASH,Clean exit: NDX 4432.9 broke below SMA50 (4458.6),8062.87,80.63,149.64,953.03
2015-06-16,CASH,0.0,18065.1,18065.1,0.0,0.0,4455.9,4460.74,4199.47,47.6,CASH,Clean exit: NDX 4455.9 broke below SMA50 (4460.7),8065.1,80.65,150.93,969.12
2015-06-17,CASH,0.0,18067.33,18067.33,0.0,0.0,4468.98,4463.24,4202.14,49.59,CASH,1% confirmation buffer: NDX 4469.0 <= threshold (4507.9),8067.33,80.67,151.67,978.09
2015-06-18,TQQQ_100,1.0,18069.56,0.0,7837.2428,0.0,4531.85,4466.36,4205.06,57.88,TQQQ_100,"Bull trend confirmed: Price > SMA50 & SMA250, RSI 57.9",8069.56,80.7,155.21,1023.67
2015-06-19,TQQQ_100,1.0,17793.71,0.0,7837.2428,0.0,4513.42,4468.54,4207.89,55.02,TQQQ_100,"Bull trend confirmed: Price > SMA50 & SMA250, RSI 55.0",7793.71,77.94,154.17,1006.51
2015-06-22,TQQQ_100,1.0,18222.97,0.0,7837.2428,0.0,4544.04,4470.98,4210.87,58.67,TQQQ_100,"Bull trend confirmed: Price > SMA50 & SMA250, RSI 58.7",8222.97,82.23,155.9,1033.21
2015-06-23,TQQQ_50,0.5,18267.91,9133.96,3918.6214,0.0,4548.74,4473.78,4213.76,59.22,TQQQ_50,Bearish RSI divergence,8267.91,82.68,156.16,1036.0
2015-06-24,TQQQ_100,1.0,18128.79,0.0,7898.8398,0.0,4524.6,4476.31,4216.55,55.18,TQQQ_100,"Bull trend confirmed: Price > SMA50 & SMA250, RSI 55.2",8128.79,81.29,154.8,1018.56
2015-06-25,TQQQ_100,1.0,18010.09,0.0,7898.8398,0.0,4514.01,4478.1,4219.23,53.46,TQQQ_100,"Bull trend confirmed: Price > SMA50 & SMA250, RSI 53.5",8010.09,80.1,154.2,1011.24
2015-06-26,TQQQ_100,1.0,17675.84,0.0,7898.8398,0.0,4484.28,4479.41,4221.76,48.85,TQQQ_100,"Bull trend confirmed: Price > SMA50 & SMA250, RSI 48.8",7675.84,76.76,152.53,990.61
2015-06-29,CASH,0.0,16426.34,16426.34,0.0,0.0,4379.87,4479.97,4223.71,36.83,CASH,Clean exit: NDX 4379.9 broke below SMA50 (4480.0),6426.34,64.26,146.65,913.52
2015-06-30,CASH,0.0,16428.36,16428.36,0.0,0.0,4396.76,4479.56,4225.7,39.43,CASH,Clean exit: NDX 4396.8 broke below SMA50 (4479.6),6428.36,64.28,147.6,925.08
2015-07-01,CASH,0.0,16430.39,16430.39,0.0,0.0,4429.23,4479.43,4227.72,44.18,CASH,Clean exit: NDX 4429.2 broke below SMA50 (4479.4),6430.39,64.3,149.43,946.09
2015-07-02,CASH,0.0,16432.42,16432.42,0.0,0.0,4433.39,4478.88,4229.81,44.77,CASH,Clean exit: NDX 4433.4 broke below SMA50 (4478.9),6432.42,64.32,149.66,950.04
2015-07-06,CASH,0.0,16440.52,16440.52,0.0,0.0,4418.66,4477.71,4232.03,43.02,CASH,Clean exit: NDX 4418.7 broke below SMA50 (4477.7),6440.52,64.41,148.83,941.18
2015-07-07,CASH,0.0,16442.55,16442.55,0.0,0.0,4429.06,4475.56,4234.18,44.67,CASH,Clean exit: NDX 4429.1 broke below SMA50 (4475.6),6442.55,64.43,149.42,946.48
2015-07-08,CASH,0.0,16444.57,16444.57,0.0,0.0,4351.58,4472.09,4236.06,36.25,CASH,Clean exit: NDX 4351.6 broke below SMA50 (4472.1),6444.57,64.45,145.06,894.05
2015-07-09,CASH,0.0,16446.6,16446.6,0.0,0.0,4352.03,4468.82,4237.85,36.33,CASH,Clean exit: NDX 4352.0 broke below SMA50 (4468.8),6446.6,64.47,145.08,891.16
2015-07-10,CASH,0.0,16448.63,16448.63,0.0,0.0,4420.15,4467.46,4239.81,46.58,CASH,Clean exit: NDX 4420.1 broke below SMA50 (4467.5),6448.63,64.49,148.92,937.23
2015-07-13,CASH,0.0,16454.71,16454.71,0.0,0.0,4494.47,4469.07,4242.13,55.08,CASH,1% confirmation buffer: NDX 4494.5 <= threshold (4513.8),6454.71,64.55,153.1,990.23
2015-07-14,TQQQ_100,1.0,16456.74,0.0,7211.9443,0.0,4523.47,4469.95,4244.5,57.89,TQQQ_100,"Bull trend confirmed: Price > SMA50 & SMA250, RSI 57.9",6456.74,64.57,154.74,1012.1
2015-07-15,TQQQ_100,1.0,16535.17,0.0,7211.9443,0.0,4528.36,4470.87,4247.1,58.37,TQQQ_100,"Bull trend confirmed: Price > SMA50 & SMA250, RSI 58.4",6535.17,65.35,155.01,1017.4
2015-07-16,TQQQ_100,1.0,17181.18,0.0,7211.9443,0.0,4594.9,4474.58,4249.72,64.26,TQQQ_100,"Bull trend confirmed: Price > SMA50 & SMA250, RSI 64.3",7181.18,71.81,158.76,1061.06
2015-07-17,TQQQ_100,1.0,17966.94,0.0,7211.9443,0.0,4661.6,4480.22,4252.63,69.0,TQQQ_100,"Bull trend confirmed: Price > SMA50 & SMA250, RSI 69.0",7966.94,79.67,162.52,1114.16
2015-07-20,TQQQ_100,1.0,18168.01,0.0,7211.9443,0.0,4679.68,4485.78,4255.5,70.15,TQQQ_100,"Bull trend confirmed: Price > SMA50 & SMA250, RSI 70.2",8168.01,81.68,163.53,1127.75
2015-07-21,TQQQ_100,1.0,18118.09,0.0,7211.9443,0.0,4674.41,4490.09,4258.26,69.34,TQQQ_100,"Bull trend confirmed: Price > SMA50 & SMA250, RSI 69.3",8118.09,81.18,163.24,1124.37
2015-07-22,TQQQ_100,1.0,17523.43,0.0,7211.9443,0.0,4623.24,4493.79,4260.82,61.86,TQQQ_100,"Bull trend confirmed: Price > SMA50 & SMA250, RSI 61.9",7523.43,75.23,160.36,1084.19
2015-07-23,TQQQ_100,1.0,17313.8,0.0,7211.9443,0.0,4602.83,4497.43,4263.37,59.13,TQQQ_100,"Bull trend confirmed: Price > SMA50 & SMA250, RSI 59.1",7313.8,73.14,159.21,1070.02
2015-07-24,TQQQ_100,1.0,16821.81,0.0,7211.9443,0.0,4557.37,4500.05,4265.73,53.45,TQQQ_100,"Bull trend confirmed: Price > SMA50 & SMA250, RSI 53.5",6821.81,68.22,156.65,1036.77
2015-07-27,TQQQ_100,1.0,16389.72,0.0,7211.9443,0.0,4519.09,4500.53,4267.97,49.17,TQQQ_100,"Bull trend confirmed: Price > SMA50 & SMA250, RSI 49.2",6389.72,63.9,154.49,1007.57
2015-07-28,TQQQ_100,1.0,16821.81,0.0,7211.9443,0.0,4560.23,4501.85,4270.3,53.48,TQQQ_100,"Bull trend confirmed: Price > SMA50 & SMA250, RSI 53.5",6821.81,68.22,156.81,1036.77
2015-07-29,TQQQ_100,1.0,17010.05,0.0,7211.9443,0.0,4581.6,4503.22,4273.06,55.59,TQQQ_100,"Bull trend confirmed: Price > SMA50 & SMA250, RSI 55.6",7010.05,70.1,158.01,1049.5
2015-07-30,TQQQ_100,1.0,17246.77,0.0,7211.9443,0.0,4598.59,4505.12,4275.94,57.25,TQQQ_100,"Bull trend confirmed: Price > SMA50 & SMA250, RSI 57.2",7246.77,72.47,158.97,1065.49
2015-07-31,TQQQ_100,1.0,17194.01,0.0,7211.9443,0.0,4588.91,4506.79,4278.66,55.96,TQQQ_100,"Bull trend confirmed: Price > SMA50 & SMA250, RSI 56.0",7194.01,71.94,158.42,1061.93
2015-08-03,TQQQ_100,1.0,17035.72,0.0,7211.9443,0.0,4580.46,4507.81,4281.48,54.81,TQQQ_100,"Bull trend confirmed: Price > SMA50 & SMA250, RSI 54.8",7035.72,70.36,157.95,1051.23
2015-08-04,TQQQ_100,1.0,16925.91,0.0,7211.9443,0.0,4567.47,4508.61,4284.25,53.0,TQQQ_100,"Bull trend confirmed: Price > SMA50 & SMA250, RSI 53.0",6925.91,69.26,157.22,1043.81
2015-08-05,TQQQ_100,1.0,17322.36,0.0,7211.9443,0.0,4602.24,4511.2,4287.23,57.08,TQQQ_100,"Bull trend confirmed: Price > SMA50 & SMA250, RSI 57.1",7322.36,73.22,159.17,1070.6
2015-08-06,TQQQ_100,1.0,16490.97,0.0,7211.9443,0.0,4528.51,4510.85,4289.79,47.63,TQQQ_100,"Bull trend confirmed: Price > SMA50 & SMA250, RSI 47.6",6490.97,64.91,155.02,1014.42
2015-08-07,TQQQ_100,1.0,16425.37,0.0,7211.9443,0.0,4520.08,4510.54,4292.23,46.68,TQQQ_100,"Bull trend confirmed: Price > SMA50 & SMA250, RSI 46.7",6425.37,64.25,154.55,1009.98
2015-08-10,TQQQ_100,1.0,16980.1,0.0,7211.9443,0.0,4573.11,4511.84,4294.9,53.04,TQQQ_100,"Bull trend confirmed: Price > SMA50 & SMA250, RSI 53.0",6980.1,69.8,157.53,1047.47
2015-08-11,TQQQ_100,1.0,16332.67,0.0,7211.9443,0.0,4513.99,4511.68,4297.16,46.4,TQQQ_100,"Bull trend confirmed: Price > SMA50 & SMA250, RSI 46.4",6332.67,63.33,154.2,1003.72
2015-08-12,TQQQ_100,1.0,16476.7,0.0,7211.9443,0.0,4528.19,4512.06,4299.4,48.08,TQQQ_100,"Bull trend confirmed: Price > SMA50 & SMA250, RSI 48.1",6476.7,64.77,155.0,1013.45
2015-08-13,TQQQ_100,1.0,16402.54,0.0,7211.9443,0.0,4519.32,4512.05,4301.52,47.09,TQQQ_100,"Bull trend confirmed: Price > SMA50 & SMA250, RSI 47.1",6402.54,64.03,154.5,1008.44
2015-08-14,TQQQ_100,1.0,16490.97,0.0,7211.9443,0.0,4530.74,4512.93,4303.56,48.56,TQQQ_100,"Bull trend confirmed: Price > SMA50 & SMA250, RSI 48.6",6490.97,64.91,155.15,1014.42
2015-08-17,TQQQ_100,1.0,16895.96,0.0,7211.9443,0.0,4566.37,4514.71,4305.67,52.96,TQQQ_100,"Bull trend confirmed: Price > SMA50 & SMA250, RSI 53.0",6895.96,68.96,157.15,1041.79
2015-08-18,TQQQ_100,1.0,16626.43,0.0,7211.9443,0.0,4542.07,4516.92,4307.67,49.83,TQQQ_100,"Bull trend confirmed: Price > SMA50 & SMA250, RSI 49.8",6626.43,66.26,155.78,1023.57
2015-08-19,CASH,0.0,16314.13,16314.13,0.0,0.0,4510.9,4518.59,4309.53,46.07,CASH,Clean exit: NDX 4510.9 broke below SMA50 (4518.6),6314.13,63.14,154.03,1002.47
2015-08-20,CASH,0.0,16316.14,16316.14,0.0,0.0,4385.13,4516.58,4310.86,34.68,CASH,Clean exit: NDX 4385.1 broke below SMA50 (4516.6),6316.14,63.16,146.95,911.69
2015-08-21,CASH,0.0,16318.16,16318.16,0.0,0.0,4197.27,4510.76,4311.38,24.82,CASH,Defensive cash in bear regime,6318.16,63.18,136.37,785.83
2015-08-24,CASH,0.0,16324.19,16324.19,0.0,0.0,4038.6,4502.45,4311.25,19.72,CASH,Defensive cash in bear regime,6324.19,63.24,127.43,680.88
2015-08-25,CASH,0.0,16326.2,16326.2,0.0,0.0,4016.32,4494.12,4311.02,19.12,CASH,Defensive cash in bear regime,6326.2,63.26,126.18,670.57
2015-08-26,SQQQ,0.0,16328.22,0.0,0.0,0.0823,4219.6,4489.4,4311.63,37.6,SQQQ,"Bear signal: Below SMAs, RSI 37.6 in SQQQ zone",6328.22,63.28,137.62,781.78
2015-08-27,CASH,0.0,15077.91,15077.91,0.0,0.0,4324.82,4486.51,4312.6,44.65,CASH,Clean exit: NDX 4324.8 broke below SMA50 (4486.5),5077.91,50.78,143.55,850.68
2015-08-28,CASH,0.0,15079.77,15079.77,0.0,0.0,4329.12,4482.46,4313.53,44.93,CASH,Clean exit: NDX 4329.1 broke below SMA50 (4482.5),5079.77,50.8,143.79,849.91
2015-08-31,SQQQ,0.0,15085.35,0.0,0.0,0.0793,4274.58,4477.68,4314.35,42.08,SQQQ,"Bear signal: Below SMAs, RSI 42.1 in SQQQ zone",5085.35,50.85,140.72,814.64
2015-09-01,SQQQ,0.0,16486.55,0.0,0.0,0.0793,4142.63,4469.65,4314.65,36.12,SQQQ,"Bear signal: Below SMAs, RSI 36.1 in SQQQ zone",6486.55,64.87,133.29,731.67
2015-09-02,SQQQ,0.0,15127.08,0.0,0.0,0.0793,4256.23,4463.8,4315.32,43.54,SQQQ,"Bear signal: Below SMAs, RSI 43.5 in SQQQ zone",5127.08,51.27,139.69,799.32
2015-09-03,SQQQ,0.0,15341.73,0.0,0.0,0.0793,4234.65,4458.0,4315.88,42.53,SQQQ,"Bear signal: Below SMAs, RSI 42.5 in SQQQ zone",5341.73,53.42,138.47,784.48
2015-09-04,SQQQ,0.0,15848.56,0.0,0.0,0.0793,4184.72,4451.42,4316.37,40.2,SQQQ,"Bear signal: Below SMAs, RSI 40.2 in SQQQ zone",5848.56,58.49,135.66,754.89
2015-09-08,SQQQ,0.0,14512.94,0.0,0.0,0.0793,4303.53,4447.8,4317.2,47.55,SQQQ,"Bear signal: Below SMAs, RSI 47.5 in SQQQ zone",4512.94,45.13,142.35,827.46
2015-09-09,SQQQ,0.0,15019.76,0.0,0.0,0.0793,4253.45,4445.27,4317.85,45.04,SQQQ,"Bear signal: Below SMAs, RSI 45.0 in SQQQ zone",5019.76,50.2,139.53,795.18
2015-09-10,SQQQ,0.0,14542.75,0.0,0.0,0.0793,4296.3,4443.27,4318.75,47.59,SQQQ,"Bear signal: Below SMAs, RSI 47.6 in SQQQ zone",4542.75,45.43,141.94,823.8
2015-09-11,CASH,0.0,14274.44,14274.44,0.0,0.0,4323.23,4441.15,4319.93,49.18,CASH,Clean exit: NDX 4323.2 broke below SMA50 (4441.1),4274.44,42.74,143.46,838.74
2015-09-14,SQQQ,0.0,14279.71,0.0,0.0,0.0786,4308.76,4438.65,4320.89,48.33,SQQQ,"Bear signal: Below SMAs, RSI 48.3 in SQQQ zone",4279.71,42.8,142.65,830.35
2015-09-15,CASH,0.0,13754.12,13754.12,0.0,0.0,4360.28,4437.48,4322.04,51.55,CASH,Clean exit: NDX 4360.3 broke below SMA50 (4437.5),3754.12,37.54,145.55,862.83
2015-09-16,CASH,0.0,13755.81,13755.81,0.0,0.0,4383.67,4436.58,4323.16,52.98,CASH,Clean exit: NDX 4383.7 broke below SMA50 (4436.6),3755.81,37.56,146.86,878.92
2015-09-17,CASH,0.0,13757.51,13757.51,0.0,0.0,4384.96,4437.24,4324.3,53.06,CASH,Clean exit: NDX 4385.0 broke below SMA50 (4437.2),3757.51,37.58,146.94,881.62
2015-09-18,SQQQ,0.0,13759.2,0.0,0.0,0.0769,4323.86,4436.68,4325.35,48.71,SQQQ,"Bear signal: Below SMAs, RSI 48.7 in SQQQ zone",3759.2,37.59,143.5,840.08
2015-09-21,CASH,0.0,13655.23,13655.23,0.0,0.0,4336.13,4435.0,4326.49,49.6,CASH,Clean exit: NDX 4336.1 broke below SMA50 (4435.0),3655.23,36.55,144.19,848.08
2015-09-22,SQQQ,0.0,13656.91,0.0,0.0,0.0737,4274.1,4430.59,4327.21,45.31,SQQQ,"Bear signal: Below SMAs, RSI 45.3 in SQQQ zone",3656.91,36.57,140.69,806.26
2015-09-23,SQQQ,0.0,13667.99,0.0,0.0,0.0737,4273.53,4425.59,4328.27,45.27,SQQQ,"Bear signal: Below SMAs, RSI 45.3 in SQQQ zone",3667.99,36.68,140.66,807.7
2015-09-24,SQQQ,0.0,13762.09,0.0,0.0,0.0737,4261.1,4420.25,4329.1,44.37,SQQQ,"Bear signal: Below SMAs, RSI 44.4 in SQQQ zone",3762.09,37.62,139.96,797.2
2015-09-25,SQQQ,0.0,14138.53,0.0,0.0,0.0737,4224.74,4412.85,4329.81,41.78,SQQQ,"Bear signal: Below SMAs, RSI 41.8 in SQQQ zone",4138.53,41.39,137.91,775.42
2015-09-28,CASH,0.0,15373.02,15373.02,0.0,0.0,4103.47,4401.68,4330.03,34.52,CASH,Defensive cash in bear regime,5373.02,53.73,131.09,699.96
2015-09-29,CASH,0.0,15374.92,15374.92,0.0,0.0,4083.37,4389.76,4330.42,33.49,CASH,Defensive cash in bear regime,5374.92,53.75,129.95,688.11
2015-09-30,SQQQ,0.0,15376.81,0.0,0.0,0.0779,4181.06,4379.89,4331.2,42.53,SQQQ,"Bear signal: Below SMAs, RSI 42.5 in SQQQ zone",5376.81,53.77,135.45,740.25
2015-10-01,SQQQ,0.0,15160.24,0.0,0.0,0.0779,4192.96,4371.28,4331.87,43.54,SQQQ,"Bear signal: Below SMAs, RSI 43.5 in SQQQ zone",5160.24,51.6,136.12,752.0
2015-10-02,SQQQ,0.0,14329.06,0.0,0.0,0.0779,4267.45,4364.58,4332.87,49.5,SQQQ,"Bear signal: Below SMAs, RSI 49.5 in SQQQ zone",4329.06,43.29,140.32,796.24
2015-10-05,SQQQ,0.0,13714.45,0.0,0.0,0.0779,4331.43,4360.06,4334.36,54.0,SQQQ,"Bear signal: Below SMAs, RSI 54.0 in SQQQ zone",3714.45,37.14,143.92,837.1
2015-10-06,SQQQ,0.0,13884.2,0.0,0.0,0.0779,4306.7,4355.81,4335.42,52.07,SQQQ,"Bear signal: Below SMAs, RSI 52.1 in SQQQ zone",3884.2,38.84,142.53,823.7
2015-10-07,SQQQ,0.0,13673.48,0.0,0.0,0.0779,4333.46,4351.28,4336.88,53.98,SQQQ,"Bear signal: Below SMAs, RSI 54.0 in SQQQ zone",3673.48,36.73,144.04,838.54
2015-10-08,CASH,0.0,13503.73,13503.73,0.0,0.0,4350.15,4346.65,4338.8,55.19,CASH,1% confirmation buffer: NDX 4350.1 <= threshold (4390.1),3503.73,35.04,144.98,850.01
2015-10-09,CASH,0.0,13505.4,13505.4,0.0,0.0,4370.01,4342.07,4341.05,56.64,CASH,1% confirmation buffer: NDX 4370.0 <= threshold (4385.5),3505.4,35.05,146.1,861.57
2015-10-12,TQQQ_100,1.0,13510.39,0.0,6790.4429,0.0,4382.56,4337.95,4343.33,57.57,TQQQ_100,"Bull trend confirmed: Price > SMA50 & SMA250, RSI 57.6",3510.39,35.1,146.8,869.67
2015-10-13,TQQQ_100,1.0,13245.88,0.0,6790.4429,0.0,4352.94,4333.4,4345.6,54.58,TQQQ_100,"Bull trend confirmed: Price > SMA50 & SMA250, RSI 54.6",3245.88,32.46,145.13,850.68
2015-10-14,TQQQ_30,0.3,13189.48,9232.64,2037.1329,0.0,4346.92,4328.99,4347.93,53.97,TQQQ_30,Counter-trend rally below SMA250,3189.48,31.89,144.79,846.64
2015-10-15,TQQQ_100,1.0,13383.97,0.0,6569.5521,0.0,4418.22,4325.31,4350.34,59.74,TQQQ_100,"Bull trend confirmed: Price > SMA50 & SMA250, RSI 59.7",3383.97,33.84,148.81,892.89
2015-10-16,TQQQ_100,1.0,13550.25,0.0,6569.5521,0.0,4438.62,4323.51,4352.61,61.24,TQQQ_100,"Bull trend confirmed: Price > SMA50 & SMA250, RSI 61.2",3550.25,35.5,149.96,905.23
2015-10-19,TQQQ_100,1.0,13793.17,0.0,6569.5521,0.0,4462.07,4322.35,4354.58,62.95,TQQQ_100,"Bull trend confirmed: Price > SMA50 & SMA250, RSI 63.0",3793.17,37.93,151.28,923.25
2015-10-20,TQQQ_100,1.0,13564.54,0.0,6569.5521,0.0,4438.18,4319.65,4356.53,60.05,TQQQ_100,"Bull trend confirmed: Price > SMA50 & SMA250, RSI 60.0",3564.54,35.65,149.93,906.29
2015-10-21,TQQQ_100,1.0,13346.3,0.0,6569.5521,0.0,4413.52,4317.64,4358.14,57.12,TQQQ_100,"Bull trend confirmed: Price > SMA50 & SMA250, RSI 57.1",3346.3,33.46,148.55,890.1
2015-10-22,TQQQ_100,1.0,14137.42,0.0,6569.5521,0.0,4503.22,4317.14,4359.98,64.0,TQQQ_100,"Bull trend confirmed: Price > SMA50 & SMA250, RSI 64.0",4137.42,41.37,153.6,948.79
2015-10-23,TQQQ_100,1.0,15313.04,0.0,6569.5521,0.0,4624.09,4319.24,4362.29,70.8,TQQQ_100,"Bull trend confirmed: Price > SMA50 & SMA250, RSI 70.8",5313.04,53.13,160.4,1036.0
2015-10-26,TQQQ_100,1.0,15358.51,0.0,6569.5521,0.0,4630.85,4321.24,4364.39,71.12,TQQQ_100,"Bull trend confirmed: Price > SMA50 & SMA250, RSI 71.1",5358.51,53.59,160.78,1039.38
2015-10-27,TQQQ_100,1.0,15458.53,0.0,6569.5521,0.0,4639.23,4322.7,4366.58,71.55,TQQQ_100,"Bull trend confirmed: Price > SMA50 & SMA250, RSI 71.6",5458.53,54.59,161.26,1046.8
2015-10-28,TQQQ_100,1.0,15817.07,0.0,6569.5521,0.0,4678.58,4325.43,4368.9,73.53,TQQQ_100,"Bull trend confirmed: Price > SMA50 & SMA250, RSI 73.5",5817.07,58.17,163.47,1073.39
2015-10-29,TQQQ_100,1.0,15758.61,0.0,6569.5521,0.0,4670.76,4328.62,4370.95,72.45,TQQQ_100,"Bull trend confirmed: Price > SMA50 & SMA250, RSI 72.5",5758.61,57.59,163.03,1069.06
2015-10-30,TQQQ_100,1.0,15542.97,0.0,6569.5521,0.0,4648.83,4333.9,4372.86,69.38,TQQQ_100,"Bull trend confirmed: Price > SMA50 & SMA250, RSI 69.4",5542.97,55.43,161.8,1053.06
2015-11-02,TQQQ_100,1.0,16072.98,0.0,6569.5521,0.0,4703.92,4344.03,4375.06,72.53,TQQQ_100,"Bull trend confirmed: Price > SMA50 & SMA250, RSI 72.5",6072.98,60.73,164.9,1092.38
2015-11-03,TQQQ_100,1.0,16226.26,0.0,6569.5521,0.0,4719.05,4357.64,4377.32,73.34,TQQQ_100,"Bull trend confirmed: Price > SMA50 & SMA250, RSI 73.3",6226.26,62.26,165.75,1103.75
2015-11-04,TQQQ_100,1.0,16232.76,0.0,6569.5521,0.0,4717.55,4371.66,4379.53,73.11,TQQQ_100,"Bull trend confirmed: Price > SMA50 & SMA250, RSI 73.1",6232.76,62.33,165.67,1104.23
2015-11-05,TQQQ_100,1.0,16089.87,0.0,6569.5521,0.0,4702.9,4381.33,4381.7,70.77,TQQQ_100,"Bull trend confirmed: Price > SMA50 & SMA250, RSI 70.8",6089.87,60.9,164.84,1093.63
2015-11-06,TQQQ_100,1.0,16143.13,0.0,6569.5521,0.0,4707.23,4388.98,4383.83,71.07,TQQQ_100,"Bull trend confirmed: Price > SMA50 & SMA250, RSI 71.1",6143.13,61.43,165.09,1097.58
2015-11-09,TQQQ_100,1.0,15623.51,0.0,6569.5521,0.0,4655.52,4395.51,4385.7,62.9,TQQQ_100,"Bull trend confirmed: Price > SMA50 & SMA250, RSI 62.9",5623.51,56.24,162.17,1059.04
2015-11-10,TQQQ_100,1.0,15513.1,0.0,6569.5521,0.0,4641.73,4402.85,4387.49,60.89,TQQQ_100,"Bull trend confirmed: Price > SMA50 & SMA250, RSI 60.9",5513.1,55.13,161.4,1050.84
2015-11-11,TQQQ_50,0.5,15444.25,7722.12,3284.776,0.0,4636.94,4412.73,4389.18,60.17,TQQQ_50,Bearish RSI divergence,5444.25,54.44,161.13,1045.74
2015-11-12,TQQQ_50,0.5,15221.11,7723.08,3284.776,0.0,4588.93,4419.39,4390.64,53.37,TQQQ_50,Bearish RSI divergence,5221.11,52.21,158.42,1012.49
2015-11-13,TQQQ_50,0.5,14781.04,7724.03,3284.776,0.0,4502.14,4424.74,4391.79,43.75,TQQQ_50,Bearish RSI divergence,4781.04,47.81,153.54,947.05
2015-11-16,TQQQ_50,0.5,15078.13,7726.88,3284.776,0.0,4565.47,4432.35,4393.08,50.73,TQQQ_50,Bearish RSI divergence,5078.13,50.78,157.1,990.71
2015-11-17,TQQQ_100,1.0,15104.42,0.0,6725.9659,0.0,4565.82,4437.6,4394.45,50.77,TQQQ_100,"Bull trend confirmed: Price > SMA50 & SMA250, RSI 50.8",5104.42,51.04,157.12,994.47
2015-11-18,TQQQ_100,1.0,15970.22,0.0,6725.9659,0.0,4653.44,4445.6,4396.1,58.94,TQQQ_100,"Bull trend confirmed: Price > SMA50 & SMA250, RSI 58.9",5970.22,59.7,162.06,1057.21
2015-11-19,TQQQ_100,1.0,15994.16,0.0,6725.9659,0.0,4655.35,4452.78,4397.72,59.1,TQQQ_100,"Bull trend confirmed: Price > SMA50 & SMA250, RSI 59.1",5994.16,59.94,162.16,1058.94
2015-11-20,TQQQ_100,1.0,16312.02,0.0,6725.9659,0.0,4686.36,4460.04,4399.32,61.7,TQQQ_100,"Bull trend confirmed: Price > SMA50 & SMA250, RSI 61.7",6312.02,63.12,163.91,1081.97
2015-11-23,TQQQ_100,1.0,16180.35,0.0,6725.9659,0.0,4674.79,4467.36,4400.87,60.16,TQQQ_100,"Bull trend confirmed: Price > SMA50 & SMA250, RSI 60.2",6180.35,61.8,163.26,1072.43
2015-11-24,TQQQ_100,1.0,16129.82,0.0,6725.9659,0.0,4669.41,4473.55,4402.28,59.42,TQQQ_100,"Bull trend confirmed: Price > SMA50 & SMA250, RSI 59.4",6129.82,61.3,162.96,1068.77
2015-11-25,TQQQ_100,1.0,16165.73,0.0,6725.9659,0.0,4672.88,4479.33,4403.62,59.76,TQQQ_100,"Bull trend confirmed: Price > SMA50 & SMA250, RSI 59.8",6165.73,61.66,163.15,1071.37
2015-11-27,TQQQ_100,1.0,16224.24,0.0,6725.9659,0.0,4680.47,4485.24,4405.19,60.55,TQQQ_100,"Bull trend confirmed: Price > SMA50 & SMA250, RSI 60.6",6224.24,62.24,163.58,1075.61
2015-11-30,TQQQ_100,1.0,16121.84,0.0,6725.9659,0.0,4664.51,4492.05,4406.62,57.98,TQQQ_100,"Bull trend confirmed: Price > SMA50 & SMA250, RSI 58.0",6121.84,61.22,162.68,1068.19
2015-12-01,TQQQ_100,1.0,16600.63,0.0,6725.9659,0.0,4716.16,4499.65,4408.23,63.4,TQQQ_100,"Bull trend confirmed: Price > SMA50 & SMA250, RSI 63.4",6600.63,66.01,165.59,1102.88
2015-12-02,TQQQ_100,1.0,16298.72,0.0,6725.9659,0.0,4686.22,4507.9,4409.73,58.68,TQQQ_100,"Bull trend confirmed: Price > SMA50 & SMA250, RSI 58.7",6298.72,62.99,163.9,1081.01
2015-12-03,TQQQ_50,0.5,15467.49,7733.75,3362.983,0.0,4606.75,4514.56,4410.91,48.37,TQQQ_50,Bearish RSI divergence,5467.49,54.67,159.43,1020.78
2015-12-04,TQQQ_50,0.5,15999.77,7734.7,3362.983,0.0,4716.12,4523.66,4412.66,59.03,TQQQ_50,Bearish RSI divergence,5999.77,60.0,165.59,1097.78
2015-12-07,TQQQ_100,1.0,15901.55,0.0,6550.3073,0.0,4693.62,4533.04,4414.26,56.45,TQQQ_100,"Bull trend confirmed: Price > SMA50 & SMA250, RSI 56.5",5901.55,59.02,164.32,1083.13
2015-12-08,TQQQ_100,1.0,15902.85,0.0,6550.3073,0.0,4694.77,4544.86,4416.14,56.56,TQQQ_100,"Bull trend confirmed: Price > SMA50 & SMA250, RSI 56.6",5902.85,59.03,164.38,1083.22
2015-12-09,TQQQ_100,1.0,15161.98,0.0,6550.3073,0.0,4622.14,4555.64,4417.64,48.61,TQQQ_100,"Bull trend confirmed: Price > SMA50 & SMA250, RSI 48.6",5161.98,51.62,160.29,1028.1
2015-12-10,TQQQ_100,1.0,15376.98,0.0,6550.3073,0.0,4643.05,4564.88,4419.42,50.76,TQQQ_100,"Bull trend confirmed: Price > SMA50 & SMA250, RSI 50.8",5376.98,53.77,161.47,1044.1
2015-12-11,CASH,0.0,14322.66,14322.66,0.0,0.0,4537.56,4571.77,4420.94,41.38,CASH,Clean exit: NDX 4537.6 broke below SMA50 (4571.8),4322.66,43.23,155.53,965.65
2015-12-14,CASH,0.0,14327.96,14327.96,0.0,0.0,4570.16,4577.83,4422.86,44.77,CASH,Clean exit: NDX 4570.2 broke below SMA50 (4577.8),4327.96,43.28,157.37,989.55
2015-12-15,CASH,0.0,14329.73,14329.73,0.0,0.0,4597.33,4583.14,4424.59,47.5,CASH,1% confirmation buffer: NDX 4597.3 <= threshold (4629.0),4329.73,43.3,158.9,1008.06
2015-12-16,TQQQ_100,1.0,14331.49,0.0,6036.8092,0.0,4664.56,4590.3,4426.18,53.61,TQQQ_100,"Bull trend confirmed: Price > SMA50 & SMA250, RSI 53.6",4331.49,43.31,162.68,1057.01
2015-12-17,TQQQ_100,1.0,13734.64,0.0,6036.8092,0.0,4598.14,4595.59,4427.44,47.71,TQQQ_100,"Bull trend confirmed: Price > SMA50 & SMA250, RSI 47.7",3734.64,37.35,158.94,1008.83
2015-12-18,CASH,0.0,12980.23,12980.23,0.0,0.0,4514.83,4598.89,4428.33,41.53,CASH,Clean exit: NDX 4514.8 broke below SMA50 (4598.9),2980.23,29.8,154.25,947.92
2015-12-21,CASH,0.0,12985.03,12985.03,0.0,0.0,4560.55,4602.7,4429.45,45.68,CASH,Clean exit: NDX 4560.5 broke below SMA50 (4602.7),2985.03,29.85,156.83,979.05
2015-12-22,CASH,0.0,12986.63,12986.63,0.0,0.0,4589.26,4606.83,4430.68,48.18,CASH,Clean exit: NDX 4589.3 broke below SMA50 (4606.8),2986.63,29.87,158.44,999.48
2015-12-23,CASH,0.0,12988.23,12988.23,0.0,0.0,4624.59,4612.27,4431.92,51.15,CASH,1% confirmation buffer: NDX 4624.6 <= threshold (4658.4),2988.23,29.88,160.43,1024.63
2015-12-24,CASH,0.0,12989.84,12989.84,0.0,0.0,4622.77,4617.78,4433.16,50.99,CASH,1% confirmation buffer: NDX 4622.8 <= threshold (4664.0),2989.84,29.9,160.33,1022.32
2015-12-28,CASH,0.0,12996.24,12996.24,0.0,0.0,4621.35,4621.85,4434.51,50.85,CASH,Clean exit: NDX 4621.4 broke below SMA50 (4621.8),2996.24,29.96,160.25,1022.03
2015-12-29,TQQQ_100,1.0,12997.84,0.0,5399.4875,0.0,4691.08,4626.9,4436.33,56.91,TQQQ_100,"Bull trend confirmed: Price > SMA50 & SMA250, RSI 56.9",2997.84,29.98,164.18,1073.2
2015-12-30,TQQQ_100,1.0,12665.8,0.0,5399.4875,0.0,4652.01,4630.69,4438.02,52.97,TQQQ_100,"Bull trend confirmed: Price > SMA50 & SMA250, RSI 53.0",2665.8,26.66,161.98,1043.23
2015-12-31,CASH,0.0,12196.03,12196.03,0.0,0.0,4593.27,4633.8,4439.75,47.63,CASH,Clean exit: NDX 4593.3 broke below SMA50 (4633.8),2196.03,21.96,158.67,1000.83
2016-01-04,CASH,0.0,12202.04,12202.04,0.0,0.0,4497.86,4635.48,4441.3,40.5,CASH,Clean exit: NDX 4497.9 broke below SMA50 (4635.5),2202.04,22.02,153.29,933.56
2016-01-05,CASH,0.0,12203.54,12203.54,0.0,0.0,4484.18,4635.1,4442.59,39.58,CASH,Clean exit: NDX 4484.2 broke below SMA50 (4635.1),2203.54,22.04,152.52,924.31
2016-01-06,CASH,0.0,12205.05,12205.05,0.0,0.0,4443.99,4631.5,4443.41,36.94,CASH,Clean exit: NDX 4444.0 broke below SMA50 (4631.5),2205.05,22.05,150.26,896.85
2016-01-07,CASH,0.0,12206.55,12206.55,0.0,0.0,4305.72,4625.0,4443.78,29.61,CASH,Defensive cash in bear regime,2206.55,22.07,142.47,802.02
2016-01-08,CASH,0.0,12208.06,12208.06,0.0,0.0,4270.78,4617.63,4444.18,28.1,CASH,Defensive cash in bear regime,2208.06,22.08,140.51,780.72
2016-01-11,CASH,0.0,12212.57,12212.57,0.0,0.0,4283.55,4609.73,4444.65,29.52,CASH,Defensive cash in bear regime,2212.57,22.13,141.23,788.43
2016-01-12,CASH,0.0,12214.08,12214.08,0.0,0.0,4333.72,4602.99,4445.4,34.95,CASH,Defensive cash in bear regime,2214.08,22.14,144.05,818.4
2016-01-13,CASH,0.0,12215.59,12215.59,0.0,0.0,4183.12,4593.67,4445.78,27.98,CASH,Defensive cash in bear regime,2215.59,22.16,135.57,722.32
2016-01-14,SQQQ,0.0,12217.09,0.0,0.0,0.0714,4272.97,4585.05,4446.3,36.16,SQQQ,"Bear signal: Below SMAs, RSI 36.2 in SQQQ zone",2217.09,22.17,140.63,775.52
2016-01-15,CASH,0.0,13355.56,13355.56,0.0,0.0,4141.08,4573.49,4446.18,30.66,CASH,Defensive cash in bear regime,3355.56,33.56,133.2,695.05
2016-01-19,CASH,0.0,13362.15,13362.15,0.0,0.0,4147.07,4562.08,4446.0,31.17,CASH,Defensive cash in bear regime,3362.15,33.62,133.54,698.42
2016-01-20,CASH,0.0,13363.8,13363.8,0.0,0.0,4136.28,4550.75,4445.46,30.73,CASH,Defensive cash in bear regime,3363.8,33.64,132.93,691.19
2016-01-21,CASH,0.0,13365.45,13365.45,0.0,0.0,4142.6,4539.46,4444.92,31.34,CASH,Defensive cash in bear regime,3365.45,33.65,133.29,694.08
2016-01-22,SQQQ,0.0,13367.09,0.0,0.0,0.0783,4259.77,4531.54,4444.86,41.64,SQQQ,"Bear signal: Below SMAs, RSI 41.6 in SQQQ zone",3367.09,33.67,139.89,762.51
2016-01-25,SQQQ,0.0,13961.32,0.0,0.0,0.0783,4196.53,4522.64,4444.98,38.3,SQQQ,"Bear signal: Below SMAs, RSI 38.3 in SQQQ zone",3961.32,39.61,136.33,723.67
2016-01-26,SQQQ,0.0,13590.66,0.0,0.0,0.0783,4233.85,4514.58,4445.35,41.29,SQQQ,"Bear signal: Below SMAs, RSI 41.3 in SQQQ zone",3590.66,35.91,138.43,747.18
2016-01-27,SQQQ,0.0,14608.49,0.0,0.0,0.0783,4128.86,4505.38,4445.14,36.0,SQQQ,"Bear signal: Below SMAs, RSI 36.0 in SQQQ zone",4608.49,46.08,132.51,684.16
2016-01-28,SQQQ,0.0,14008.38,0.0,0.0,0.0783,4186.06,4499.06,4445.29,40.48,SQQQ,"Bear signal: Below SMAs, RSI 40.5 in SQQQ zone",4008.38,40.08,135.74,715.09
2016-01-29,SQQQ,0.0,13108.22,0.0,0.0,0.0783,4279.17,4493.33,4445.66,46.98,SQQQ,"Bear signal: Below SMAs, RSI 47.0 in SQQQ zone",3108.22,31.08,140.98,768.19
2016-02-01,SQQQ,0.0,13019.98,0.0,0.0,0.0783,4286.56,4487.74,4445.89,47.47,SQQQ,"Bear signal: Below SMAs, RSI 47.5 in SQQQ zone",3019.98,30.2,141.4,773.11
2016-02-02,SQQQ,0.0,13826.0,0.0,0.0,0.0783,4193.1,4478.54,4445.77,42.16,SQQQ,"Bear signal: Below SMAs, RSI 42.2 in SQQQ zone",3826.0,38.26,136.13,717.69
2016-02-03,SQQQ,0.0,14043.69,0.0,0.0,0.0783,4171.97,4468.87,4445.44,41.04,SQQQ,"Bear signal: Below SMAs, RSI 41.0 in SQQQ zone",4043.69,40.44,134.94,706.13
2016-02-04,SQQQ,0.0,14049.57,0.0,0.0,0.0783,4167.77,4458.5,4445.19,40.81,SQQQ,"Bear signal: Below SMAs, RSI 40.8 in SQQQ zone",4049.57,40.5,134.71,704.69
2016-02-05,CASH,0.0,15508.65,15508.65,0.0,0.0,4024.47,4445.49,4444.43,33.8,CASH,Defensive cash in bear regime,5508.65,55.09,126.64,621.9
2016-02-08,CASH,0.0,15514.39,15514.39,0.0,0.0,3960.67,4431.32,4443.15,31.23,CASH,Defensive cash in bear regime,5514.39,55.14,123.04,588.95
2016-02-09,CASH,0.0,15516.3,15516.3,0.0,0.0,3947.8,4416.82,4441.75,30.72,CASH,Defensive cash in bear regime,5516.3,55.16,122.32,580.95
2016-02-10,CASH,0.0,15518.22,15518.22,0.0,0.0,3966.28,4402.53,4440.22,32.42,CASH,Defensive cash in bear regime,5518.22,55.18,123.36,589.04
2016-02-11,CASH,0.0,15520.13,15520.13,0.0,0.0,3962.22,4388.49,4438.53,32.23,CASH,Defensive cash in bear regime,5520.13,55.2,123.13,587.4
2016-02-12,SQQQ,0.0,15522.04,0.0,0.0,0.0783,4019.19,4374.55,4437.07,37.67,SQQQ,"Bear signal: Below SMAs, RSI 37.7 in SQQQ zone",5522.04,55.22,126.34,616.7
2016-02-16,SQQQ,0.0,14516.26,0.0,0.0,0.0783,4104.33,4362.91,4435.92,44.79,SQQQ,"Bear signal: Below SMAs, RSI 44.8 in SQQQ zone",4516.26,45.16,131.13,664.4
2016-02-17,SQQQ,0.0,13498.71,0.0,0.0,0.0783,4199.1,4354.76,4435.07,51.44,SQQQ,"Bear signal: Below SMAs, RSI 51.4 in SQQQ zone",3498.71,34.99,136.47,717.21
2016-02-18,SQQQ,0.0,13945.72,0.0,0.0,0.0783,4151.49,4343.46,4433.91,48.3,SQQQ,"Bear signal: Below SMAs, RSI 48.3 in SQQQ zone",3945.72,39.46,133.79,689.46
2016-02-19,SQQQ,0.0,13810.44,0.0,0.0,0.0783,4164.09,4332.87,4432.76,49.18,SQQQ,"Bear signal: Below SMAs, RSI 49.2 in SQQQ zone",3810.44,38.1,134.5,697.65
2016-02-22,SQQQ,0.0,13151.68,0.0,0.0,0.0783,4231.27,4323.6,4431.88,53.74,SQQQ,"Bear signal: Below SMAs, RSI 53.7 in SQQQ zone",3151.68,31.52,138.28,735.33
2016-02-23,SQQQ,0.0,13786.92,0.0,0.0,0.0783,4162.54,4314.41,4430.77,48.91,SQQQ,"Bear signal: Below SMAs, RSI 48.9 in SQQQ zone",3786.92,37.87,134.41,693.7
2016-02-24,SQQQ,0.0,13398.72,0.0,0.0,0.0783,4200.66,4305.56,4429.73,51.51,SQQQ,"Bear signal: Below SMAs, RSI 51.5 in SQQQ zone",3398.72,33.99,136.56,717.31
2016-02-25,SQQQ,0.0,13022.28,0.0,0.0,0.0783,4241.06,4299.63,4428.93,54.17,SQQQ,"Bear signal: Below SMAs, RSI 54.2 in SQQQ zone",3022.28,30.22,138.83,739.86
2016-02-26,SQQQ,0.0,13063.46,0.0,0.0,0.0783,4235.62,4292.94,4427.94,53.75,SQQQ,"Bear signal: Below SMAs, RSI 53.7 in SQQQ zone",3063.46,30.63,138.53,737.93
2016-02-29,SQQQ,0.0,13422.24,0.0,0.0,0.0783,4201.12,4285.02,4426.91,50.99,SQQQ,"Bear signal: Below SMAs, RSI 51.0 in SQQQ zone",3422.24,34.22,136.58,715.77
2016-03-01,TQQQ_30,0.3,12122.37,8485.66,1982.9382,0.0,4333.61,4278.4,4426.46,59.56,TQQQ_30,Counter-trend rally below SMA250,2122.37,21.22,144.05,793.83
2016-03-02,TQQQ_30,0.3,12127.33,8486.7,1982.9382,0.0,4334.39,4273.12,4425.99,59.61,TQQQ_30,Counter-trend rally below SMA250,2127.33,21.27,144.09,794.79
2016-03-03,TQQQ_30,0.3,12107.99,8487.75,1982.9382,0.0,4325.86,4269.34,4425.7,58.84,TQQQ_30,Counter-trend rally below SMA250,2107.99,21.08,143.61,789.78
2016-03-04,TQQQ_30,0.3,12115.31,8488.8,1982.9382,0.0,4329.0,4264.71,4425.36,59.05,TQQQ_30,Counter-trend rally below SMA250,2115.31,21.15,143.79,791.32
2016-03-07,TQQQ_30,0.3,12051.01,8491.94,1982.9382,0.0,4303.33,4258.99,4425.26,56.52,TQQQ_30,Counter-trend rally below SMA250,2051.01,20.51,142.34,774.75
2016-03-08,TQQQ_30,0.3,11957.95,8492.98,1982.9382,0.0,4265.51,4251.81,4425.1,52.93,TQQQ_30,Counter-trend rally below SMA250,1957.95,19.58,140.21,751.62
2016-03-09,TQQQ_30,0.3,12025.27,8494.03,1982.9382,0.0,4293.23,4245.22,4424.93,55.18,TQQQ_30,Counter-trend rally below SMA250,2025.27,20.25,141.77,767.9
2016-03-10,TQQQ_30,0.3,12012.98,8495.08,1982.9382,0.0,4286.97,4238.53,4424.81,54.54,TQQQ_30,Counter-trend rally below SMA250,2012.98,20.13,141.42,764.63
2016-03-11,TQQQ_30,0.3,12196.36,8496.12,1982.9382,0.0,4361.83,4231.95,4424.78,60.4,TQQQ_30,Counter-trend rally below SMA250,2196.36,21.96,145.63,809.44
2016-03-14,TQQQ_30,0.3,12221.06,8499.27,1982.9382,0.0,4367.33,4226.26,4424.75,60.8,TQQQ_30,Counter-trend rally below SMA250,2221.06,22.21,145.94,814.74
2016-03-15,TQQQ_30,0.3,12219.76,8500.32,1982.9382,0.0,4367.08,4221.73,4424.52,60.77,TQQQ_30,Counter-trend rally below SMA250,2219.76,22.2,145.93,814.16
2016-03-16,TQQQ_30,0.3,12315.7,8501.36,1982.9382,0.0,4404.2,4219.86,4424.43,63.64,TQQQ_30,Counter-trend rally below SMA250,2315.7,23.16,148.02,837.48
2016-03-17,TQQQ_30,0.3,12305.76,8502.41,1982.9382,0.0,4400.26,4218.18,4424.2,63.11,TQQQ_30,Counter-trend rally below SMA250,2305.76,23.06,147.8,834.78
2016-03-18,TQQQ_30,0.3,12328.77,8503.46,1982.9382,0.0,4410.83,4217.52,4424.06,63.98,TQQQ_30,Counter-trend rally below SMA250,2328.77,23.29,148.39,840.18
2016-03-21,TQQQ_100,1.0,12377.4,0.0,6340.7202,0.0,4426.98,4219.94,4424.05,65.31,TQQQ_100,"Bull trend confirmed: Price > SMA50 & SMA250, RSI 65.3",2377.4,23.77,149.3,851.36
2016-03-22,TQQQ_100,1.0,12487.73,0.0,6340.7202,0.0,4437.62,4223.28,4424.48,66.2,TQQQ_100,"Bull trend confirmed: Price > SMA50 & SMA250, RSI 66.2",2487.73,24.88,149.9,859.84
2016-03-23,TQQQ_30,0.3,12190.58,8533.41,1902.2161,0.0,4402.56,4225.66,4424.83,60.68,TQQQ_30,Counter-trend rally below SMA250,2190.58,21.91,147.93,837.0
2016-03-24,TQQQ_30,0.3,12190.51,8534.46,1902.2161,0.0,4405.53,4227.1,4425.12,60.98,TQQQ_30,Counter-trend rally below SMA250,2190.51,21.91,148.1,836.71
2016-03-28,TQQQ_30,0.3,12181.55,8538.67,1902.2161,0.0,4398.07,4231.39,4425.18,59.76,TQQQ_30,Counter-trend rally below SMA250,2181.55,21.82,147.68,833.34
2016-03-29,TQQQ_100,1.0,12356.76,0.0,6157.981,0.0,4467.72,4235.29,4425.72,66.5,TQQQ_100,"Bull trend confirmed: Price > SMA50 & SMA250, RSI 66.5",2356.76,23.57,151.6,877.96
2016-03-30,TQQQ_100,1.0,12541.83,0.0,6157.981,0.0,4490.88,4242.29,4426.43,68.4,TQQQ_100,"Bull trend confirmed: Price > SMA50 & SMA250, RSI 68.4",2541.83,25.42,152.9,892.61
2016-03-31,TQQQ_100,1.0,12468.78,0.0,6157.981,0.0,4483.66,4249.02,4427.11,67.12,TQQQ_100,"Bull trend confirmed: Price > SMA50 & SMA250, RSI 67.1",2468.78,24.69,152.5,886.82
2016-04-01,TQQQ_100,1.0,12884.0,0.0,6157.981,0.0,4532.08,4256.93,4427.83,71.02,TQQQ_100,"Bull trend confirmed: Price > SMA50 & SMA250, RSI 71.0",2884.0,28.84,155.22,919.69
2016-04-04,TQQQ_100,1.0,12724.48,0.0,6157.981,0.0,4511.7,4264.32,4428.5,67.4,TQQQ_100,"Bull trend confirmed: Price > SMA50 & SMA250, RSI 67.4",2724.48,27.24,154.07,907.06
2016-04-05,TQQQ_100,1.0,12382.33,0.0,6157.981,0.0,4470.75,4268.54,4428.88,60.69,TQQQ_100,"Bull trend confirmed: Price > SMA50 & SMA250, RSI 60.7",2382.33,23.82,151.77,879.98
2016-04-06,TQQQ_100,1.0,12975.32,0.0,6157.981,0.0,4543.78,4275.48,4429.44,67.0,TQQQ_100,"Bull trend confirmed: Price > SMA50 & SMA250, RSI 67.0",2975.32,29.75,155.88,926.91
2016-04-07,TQQQ_100,1.0,12415.2,0.0,6157.981,0.0,4475.29,4280.31,4429.65,57.66,TQQQ_100,"Bull trend confirmed: Price > SMA50 & SMA250, RSI 57.7",2415.2,24.15,152.02,882.58
2016-04-08,TQQQ_100,1.0,12385.98,0.0,6157.981,0.0,4474.93,4287.23,4429.91,57.61,TQQQ_100,"Bull trend confirmed: Price > SMA50 & SMA250, RSI 57.6",2385.98,23.86,152.0,880.27
2016-04-11,TQQQ_100,1.0,12253.25,0.0,6157.981,0.0,4458.71,4292.68,4430.16,55.49,TQQQ_100,"Bull trend confirmed: Price > SMA50 & SMA250, RSI 55.5",2253.25,22.53,151.09,869.77
2016-04-12,TQQQ_100,1.0,12539.4,0.0,6157.981,0.0,4496.04,4297.02,4430.45,59.21,TQQQ_100,"Bull trend confirmed: Price > SMA50 & SMA250, RSI 59.2",2539.4,25.39,153.19,892.41
2016-04-13,TQQQ_100,1.0,13028.9,0.0,6157.981,0.0,4554.72,4302.38,4430.99,64.28,TQQQ_100,"Bull trend confirmed: Price > SMA50 & SMA250, RSI 64.3",3028.9,30.29,156.5,931.15
2016-04-14,TQQQ_100,1.0,13037.42,0.0,6157.981,0.0,4554.63,4309.61,4431.8,64.26,TQQQ_100,"Bull trend confirmed: Price > SMA50 & SMA250, RSI 64.3",3037.42,30.37,156.49,931.83
2016-04-15,TQQQ_50,0.5,12937.58,6468.79,3078.9905,0.0,4543.16,4317.04,4432.3,62.5,TQQQ_50,Bearish RSI divergence,2937.58,29.38,155.85,923.93
2016-04-18,TQQQ_50,0.5,13035.55,6471.18,3078.9905,0.0,4569.31,4325.07,4432.84,64.86,TQQQ_50,Bearish RSI divergence,3035.55,30.36,157.32,939.06
2016-04-19,TQQQ_50,0.5,12923.11,6471.98,3078.9905,0.0,4537.09,4335.32,4433.14,59.86,TQQQ_50,Bearish RSI divergence,2923.11,29.23,155.5,921.13
2016-04-20,TQQQ_50,0.5,12939.74,6472.78,3078.9905,0.0,4540.44,4346.92,4433.4,60.21,TQQQ_50,Bearish RSI divergence,2939.74,29.4,155.69,923.64
2016-04-21,TQQQ_50,0.5,12942.36,6473.58,3078.9905,0.0,4540.8,4358.78,4433.41,60.25,TQQQ_50,Bearish RSI divergence,2942.36,29.42,155.71,923.93
2016-04-22,TQQQ_50,0.5,12650.31,6474.37,3078.9905,0.0,4474.19,4368.94,4433.21,50.33,TQQQ_50,Bearish RSI divergence,2650.31,26.5,151.96,877.57
2016-04-25,TQQQ_50,0.5,12647.84,6476.77,3078.9905,0.0,4474.13,4379.17,4433.04,50.32,TQQQ_50,Bearish RSI divergence,2647.84,26.48,151.96,876.8
2016-04-26,TQQQ_50,0.5,12564.01,6477.57,3078.9905,0.0,4452.97,4387.85,4432.9,47.44,TQQQ_50,Bearish RSI divergence,2564.01,25.64,150.77,863.41
2016-04-27,CASH,0.0,12418.69,12418.69,0.0,0.0,4416.63,4394.1,4432.91,42.9,CASH,"Below SMA250, insufficient momentum",2418.69,24.19,148.72,840.28
2016-04-28,SQQQ,0.0,12420.22,0.0,0.0,0.0833,4363.99,4397.39,4432.45,37.33,SQQQ,"Bear signal: Below SMAs, RSI 37.3 in SQQQ zone",2420.22,24.2,145.76,806.93
2016-04-29,SQQQ,0.0,12620.64,0.0,0.0,0.0833,4341.3,4401.19,4431.89,35.21,SQQQ,"Bear signal: Below SMAs, RSI 35.2 in SQQQ zone",2620.64,26.21,144.48,792.48
2016-05-02,SQQQ,0.0,12276.16,0.0,0.0,0.0833,4381.3,4405.53,4431.77,41.52,SQQQ,"Bear signal: Below SMAs, RSI 41.5 in SQQQ zone",2276.16,22.76,146.73,816.09
2016-05-03,SQQQ,0.0,12614.38,0.0,0.0,0.0833,4341.39,4407.74,4431.62,37.59,SQQQ,"Bear signal: Below SMAs, RSI 37.6 in SQQQ zone",2614.38,26.14,144.48,791.71
2016-05-04,CASH,0.0,12852.39,12852.39,0.0,0.0,4312.01,4410.73,4431.26,34.96,CASH,Defensive cash in bear regime,2852.39,28.52,142.83,774.07
2016-05-05,CASH,0.0,12853.98,12853.98,0.0,0.0,4309.48,4412.9,4430.67,34.74,CASH,Defensive cash in bear regime,2853.98,28.54,142.69,773.59
2016-05-06,SQQQ,0.0,12855.56,0.0,0.0,0.0846,4330.17,4414.68,4430.23,38.24,SQQQ,"Bear signal: Below SMAs, RSI 38.2 in SQQQ zone",2855.56,28.56,143.85,786.21
2016-05-09,SQQQ,0.0,12760.19,0.0,0.0,0.0846,4341.23,4416.8,4429.91,40.09,SQQQ,"Bear signal: Below SMAs, RSI 40.1 in SQQQ zone",2760.19,27.6,144.47,794.02
2016-05-10,SQQQ,0.0,12219.78,0.0,0.0,0.0846,4402.04,4420.81,4429.82,49.12,SQQQ,"Bear signal: Below SMAs, RSI 49.1 in SQQQ zone",2219.78,22.2,147.9,831.51
2016-05-11,SQQQ,0.0,12550.39,0.0,0.0,0.0846,4361.03,4421.36,4429.28,44.27,SQQQ,"Bear signal: Below SMAs, RSI 44.3 in SQQQ zone",2550.39,25.5,145.59,806.07
2016-05-12,SQQQ,0.0,12722.05,0.0,0.0,0.0846,4342.81,4421.53,4428.67,42.28,SQQQ,"Bear signal: Below SMAs, RSI 42.3 in SQQQ zone",2722.05,27.22,144.56,793.35
2016-05-13,SQQQ,0.0,12855.56,0.0,0.0,0.0846,4326.53,4421.54,4427.93,40.52,SQQQ,"Bear signal: Below SMAs, RSI 40.5 in SQQQ zone",2855.56,28.56,143.65,782.55
2016-05-16,SQQQ,0.0,12385.08,0.0,0.0,0.0846,4380.48,4422.57,4427.44,48.2,SQQQ,"Bear signal: Below SMAs, RSI 48.2 in SQQQ zone",2385.08,23.85,146.68,816.57
2016-05-17,SQQQ,0.0,12849.2,0.0,0.0,0.0846,4322.56,4422.96,4426.7,41.94,SQQQ,"Bear signal: Below SMAs, RSI 41.9 in SQQQ zone",2849.2,28.49,143.42,781.4
2016-05-18,SQQQ,0.0,12702.97,0.0,0.0,0.0846,4338.23,4424.41,4425.94,44.06,SQQQ,"Bear signal: Below SMAs, RSI 44.1 in SQQQ zone",2702.97,27.03,144.31,791.42
2016-05-19,SQQQ,0.0,12906.42,0.0,0.0,0.0846,4315.58,4424.86,4425.09,41.69,SQQQ,"Bear signal: Below SMAs, RSI 41.7 in SQQQ zone",2906.42,29.06,143.03,777.35
2016-05-20,SQQQ,0.0,12480.45,0.0,0.0,0.0846,4362.9,4426.38,4424.65,47.98,SQQQ,"Bear signal: Below SMAs, RSI 48.0 in SQQQ zone",2480.45,24.8,145.69,806.64
2016-05-23,SQQQ,0.0,12544.02,0.0,0.0,0.0846,4355.1,4426.24,4423.89,47.08,SQQQ,"Bear signal: Below SMAs, RSI 47.1 in SQQQ zone",2544.02,25.44,145.26,802.21
2016-05-24,CASH,0.0,11774.73,11774.73,0.0,0.0,4444.3,4427.78,4423.52,57.02,CASH,1% confirmation buffer: NDX 4444.3 <= threshold (4472.1),1774.73,17.75,150.28,857.43
2016-05-25,TQQQ_100,1.0,11776.18,0.0,5868.0747,0.0,4476.43,4429.97,4423.4,59.94,TQQQ_100,"Bull trend confirmed: Price > SMA50 & SMA250, RSI 59.9",1776.18,17.76,152.09,878.05
2016-05-26,TQQQ_100,1.0,11874.81,0.0,5868.0747,0.0,4487.96,4431.65,4423.26,60.96,TQQQ_100,"Bull trend confirmed: Price > SMA50 & SMA250, RSI 61.0",1874.81,18.75,152.74,886.25
2016-05-27,TQQQ_100,1.0,12053.5,0.0,5868.0747,0.0,4512.54,4433.89,4423.28,63.13,TQQQ_100,"Bull trend confirmed: Price > SMA50 & SMA250, RSI 63.1",2053.5,20.54,154.12,901.09
2016-05-31,TQQQ_100,1.0,12125.44,0.0,5868.0747,0.0,4523.89,4436.15,4423.29,64.12,TQQQ_100,"Bull trend confirmed: Price > SMA50 & SMA250, RSI 64.1",2125.44,21.25,154.76,907.06
2016-06-01,TQQQ_100,1.0,12130.08,0.0,5868.0747,0.0,4520.07,4438.01,4423.42,63.5,TQQQ_100,"Bull trend confirmed: Price > SMA50 & SMA250, RSI 63.5",2130.08,21.3,154.55,907.45
2016-06-02,TQQQ_100,1.0,12198.54,0.0,5868.0747,0.0,4531.35,4439.89,4423.64,64.59,TQQQ_100,"Bull trend confirmed: Price > SMA50 & SMA250, RSI 64.6",2198.54,21.99,155.18,913.13
2016-06-03,TQQQ_100,1.0,12031.45,0.0,5868.0747,0.0,4509.79,4442.03,4423.95,60.86,TQQQ_100,"Bull trend confirmed: Price > SMA50 & SMA250, RSI 60.9",2031.45,20.31,153.97,899.25
2016-06-06,TQQQ_100,1.0,12160.25,0.0,5868.0747,0.0,4523.63,4444.4,4424.34,62.36,TQQQ_100,"Bull trend confirmed: Price > SMA50 & SMA250, RSI 62.4",2160.25,21.6,154.75,909.95
2016-06-07,TQQQ_100,1.0,12074.39,0.0,5868.0747,0.0,4513.09,4446.7,4424.45,60.46,TQQQ_100,"Bull trend confirmed: Price > SMA50 & SMA250, RSI 60.5",2074.39,20.74,154.15,902.82
2016-06-08,TQQQ_100,1.0,12127.76,0.0,5868.0747,0.0,4520.63,4447.75,4424.58,61.37,TQQQ_100,"Bull trend confirmed: Price > SMA50 & SMA250, RSI 61.4",2127.76,21.28,154.58,907.25
2016-06-09,TQQQ_100,1.0,12074.39,0.0,5868.0747,0.0,4512.69,4448.19,4424.81,59.81,TQQQ_100,"Bull trend confirmed: Price > SMA50 & SMA250, RSI 59.8",2074.39,20.74,154.13,902.82
2016-06-10,TQQQ_100,1.0,11668.27,0.0,5868.0747,0.0,4461.05,4447.74,4424.92,50.79,TQQQ_100,"Bull trend confirmed: Price > SMA50 & SMA250, RSI 50.8",1668.27,16.68,151.22,869.09
2016-06-13,SQQQ,0.0,11368.9,0.0,0.0,0.0809,4422.76,4445.55,4424.79,45.33,SQQQ,"Bear signal: Below SMAs, RSI 45.3 in SQQQ zone",1368.9,13.69,149.07,844.23
2016-06-14,CASH,0.0,11362.82,11362.82,0.0,0.0,4424.91,4443.82,4424.62,45.68,CASH,Clean exit: NDX 4424.9 broke below SMA50 (4443.8),1362.82,13.63,149.19,844.71
2016-06-15,SQQQ,0.0,11364.22,0.0,0.0,0.0803,4409.51,4442.59,4424.13,43.52,SQQQ,"Bear signal: Below SMAs, RSI 43.5 in SQQQ zone",1364.22,13.64,148.32,836.23
2016-06-16,CASH,0.0,11279.78,11279.78,0.0,0.0,4424.23,4440.2,4423.77,46.15,CASH,Clean exit: NDX 4424.2 broke below SMA50 (4440.2),1279.78,12.8,149.15,842.98
2016-06-17,SQQQ,0.0,11281.17,0.0,0.0,0.0777,4374.38,4438.18,4423.09,39.45,SQQQ,"Bear signal: Below SMAs, RSI 39.4 in SQQQ zone",1281.17,12.81,146.34,810.69
2016-06-20,SQQQ,0.0,11088.48,0.0,0.0,0.0777,4400.16,4436.69,4422.5,43.98,SQQQ,"Bear signal: Below SMAs, RSI 44.0 in SQQQ zone",1088.48,10.88,147.79,827.07
2016-06-21,SQQQ,0.0,10989.22,0.0,0.0,0.0777,4413.4,4435.78,4422.05,46.2,SQQQ,"Bear signal: Below SMAs, RSI 46.2 in SQQQ zone",989.22,9.89,148.54,836.33
2016-06-22,SQQQ,0.0,11041.77,0.0,0.0,0.0777,4404.73,4433.95,4421.62,44.94,SQQQ,"Bear signal: Below SMAs, RSI 44.9 in SQQQ zone",1041.77,10.42,148.05,830.25
2016-06-23,CASH,0.0,10592.15,10592.15,0.0,0.0,4467.48,4432.21,4421.55,54.59,CASH,1% confirmation buffer: NDX 4467.5 <= threshold (4476.5),592.15,5.92,151.58,869.48
2016-06-24,SQQQ,0.0,10593.46,0.0,0.0,0.0693,4285.7,4426.83,4421.17,35.3,SQQQ,"Bear signal: Below SMAs, RSI 35.3 in SQQQ zone",593.46,5.93,141.35,750.75
2016-06-27,CASH,0.0,11212.93,11212.93,0.0,0.0,4201.05,4419.99,4420.39,29.98,CASH,Defensive cash in bear regime,1212.93,12.13,136.58,701.22
2016-06-28,SQQQ,0.0,11214.31,0.0,0.0,0.074,4290.47,4414.41,4419.83,40.22,SQQQ,"Bear signal: Below SMAs, RSI 40.2 in SQQQ zone",1214.31,12.14,141.62,751.42
2016-06-29,SQQQ,0.0,10624.96,0.0,0.0,0.074,4364.74,4410.96,4419.56,47.14,SQQQ,"Bear signal: Below SMAs, RSI 47.1 in SQQQ zone",624.96,6.25,145.8,795.66
2016-06-30,CASH,0.0,10263.57,10263.57,0.0,0.0,4417.7,4408.51,4419.55,51.45,CASH,1% confirmation buffer below SMA250,263.57,2.64,148.78,828.23
2016-07-01,CASH,0.0,10264.83,10264.83,0.0,0.0,4437.45,4406.44,4419.59,52.99,CASH,1% confirmation buffer: NDX 4437.5 <= threshold (4450.5),264.83,2.65,149.89,840.95
2016-07-05,CASH,0.0,10269.89,10269.89,0.0,0.0,4410.75,4405.17,4419.83,50.65,CASH,1% confirmation buffer below SMA250,269.89,2.7,148.39,824.28
2016-07-06,CASH,0.0,10271.16,10271.16,0.0,0.0,4444.7,4404.59,4420.2,53.46,CASH,1% confirmation buffer: NDX 4444.7 <= threshold (4448.6),271.16,2.71,150.3,846.06
2016-07-07,TQQQ_100,1.0,10272.43,0.0,5242.2032,0.0,4459.58,4404.72,4420.35,54.68,TQQQ_100,"Bull trend confirmed: Price > SMA50 & SMA250, RSI 54.7",272.43,2.72,151.14,855.02
2016-07-08,TQQQ_100,1.0,10747.18,0.0,5242.2032,0.0,4528.36,4406.95,4420.49,59.91,TQQQ_100,"Bull trend confirmed: Price > SMA50 & SMA250, RSI 59.9",747.18,7.47,155.01,899.16
2016-07-11,TQQQ_100,1.0,10930.65,0.0,5242.2032,0.0,4554.71,4410.77,4420.61,61.73,TQQQ_100,"Bull trend confirmed: Price > SMA50 & SMA250, RSI 61.7",930.65,9.31,156.5,916.22
2016-07-12,TQQQ_100,1.0,11102.72,0.0,5242.2032,0.0,4577.61,4415.49,4420.81,63.29,TQQQ_100,"Bull trend confirmed: Price > SMA50 & SMA250, RSI 63.3",1102.72,11.03,157.79,932.21
2016-07-13,TQQQ_100,1.0,11024.98,0.0,5242.2032,0.0,4565.77,4419.18,4420.69,61.89,TQQQ_100,"Bull trend confirmed: Price > SMA50 & SMA250, RSI 61.9",1024.98,10.25,157.12,924.99
2016-07-14,TQQQ_100,1.0,11248.88,0.0,5242.2032,0.0,4596.49,4424.28,4420.43,64.11,TQQQ_100,"Bull trend confirmed: Price > SMA50 & SMA250, RSI 64.1",1248.88,12.49,158.85,945.8
2016-07-15,TQQQ_100,1.0,11185.65,0.0,5242.2032,0.0,4589.83,4429.84,4420.07,63.25,TQQQ_100,"Bull trend confirmed: Price > SMA50 & SMA250, RSI 63.3",1185.65,11.86,158.47,939.92
2016-07-18,TQQQ_100,1.0,11408.51,0.0,5242.2032,0.0,4619.68,4436.04,4419.86,65.49,TQQQ_100,"Bull trend confirmed: Price > SMA50 & SMA250, RSI 65.5",1408.51,14.09,160.16,960.64
2016-07-19,TQQQ_100,1.0,11290.34,0.0,5242.2032,0.0,4603.28,4441.51,4419.78,63.21,TQQQ_100,"Bull trend confirmed: Price > SMA50 & SMA250, RSI 63.2",1290.34,12.9,159.23,949.66
2016-07-20,TQQQ_100,1.0,11676.98,0.0,5242.2032,0.0,4657.2,4447.83,4419.99,67.25,TQQQ_100,"Bull trend confirmed: Price > SMA50 & SMA250, RSI 67.3",1676.98,16.77,162.27,985.6
2016-07-21,TQQQ_100,1.0,11607.53,0.0,5242.2032,0.0,4647.02,4452.73,4420.35,65.78,TQQQ_100,"Bull trend confirmed: Price > SMA50 & SMA250, RSI 65.8",1607.53,16.08,161.69,979.15
2016-07-22,TQQQ_100,1.0,11742.29,0.0,5242.2032,0.0,4666.07,4458.83,4420.94,67.23,TQQQ_100,"Bull trend confirmed: Price > SMA50 & SMA250, RSI 67.2",1742.29,17.42,162.77,991.67
2016-07-25,TQQQ_100,1.0,11752.65,0.0,5242.2032,0.0,4665.93,4465.29,4421.36,67.2,TQQQ_100,"Bull trend confirmed: Price > SMA50 & SMA250, RSI 67.2",1752.65,17.53,162.76,992.64
2016-07-26,TQQQ_100,1.0,11792.04,0.0,5242.2032,0.0,4672.11,4472.2,4421.72,67.71,TQQQ_100,"Bull trend confirmed: Price > SMA50 & SMA250, RSI 67.7",1792.04,17.92,163.11,996.3
2016-07-27,TQQQ_100,1.0,12022.16,0.0,5242.2032,0.0,4702.88,4478.65,4422.14,70.21,TQQQ_100,"Bull trend confirmed: Price > SMA50 & SMA250, RSI 70.2",2022.16,20.22,164.84,1017.69
2016-07-28,TQQQ_100,1.0,12152.77,0.0,5242.2032,0.0,4721.41,4486.63,4422.67,71.63,TQQQ_100,"Bull trend confirmed: Price > SMA50 & SMA250, RSI 71.6",2152.77,21.53,165.88,1029.84
2016-07-29,TQQQ_100,1.0,12232.59,0.0,5242.2032,0.0,4730.23,4494.47,4423.27,72.31,TQQQ_100,"Bull trend confirmed: Price > SMA50 & SMA250, RSI 72.3",2232.59,22.33,166.38,1037.26
2016-08-01,TQQQ_100,1.0,12424.35,0.0,5242.2032,0.0,4756.04,4503.27,4424.03,74.24,TQQQ_100,"Bull trend confirmed: Price > SMA50 & SMA250, RSI 74.2",2424.35,24.24,167.83,1055.08
2016-08-02,TQQQ_100,1.0,12144.47,0.0,5242.2032,0.0,4719.21,4510.4,4424.49,67.04,TQQQ_100,"Bull trend confirmed: Price > SMA50 & SMA250, RSI 67.0",2144.47,21.44,165.76,1029.06
2016-08-03,TQQQ_100,1.0,12259.54,0.0,5242.2032,0.0,4734.33,4517.99,4425.32,68.39,TQQQ_100,"Bull trend confirmed: Price > SMA50 & SMA250, RSI 68.4",2259.54,22.6,166.61,1039.76
2016-08-04,TQQQ_100,1.0,12369.41,0.0,5242.2032,0.0,4743.81,4523.98,4426.21,69.25,TQQQ_100,"Bull trend confirmed: Price > SMA50 & SMA250, RSI 69.2",2369.41,23.69,167.15,1049.98
2016-08-05,TQQQ_100,1.0,12727.03,0.0,5242.2032,0.0,4791.21,4530.27,4427.08,73.15,TQQQ_100,"Bull trend confirmed: Price > SMA50 & SMA250, RSI 73.2",2727.03,27.27,169.81,1083.22
2016-08-08,TQQQ_100,1.0,12686.61,0.0,5242.2032,0.0,4784.74,4536.21,4428.17,71.81,TQQQ_100,"Bull trend confirmed: Price > SMA50 & SMA250, RSI 71.8",2686.61,26.87,169.45,1079.47
2016-08-09,TQQQ_100,1.0,12770.57,0.0,5242.2032,0.0,4795.75,4541.87,4429.24,72.73,TQQQ_100,"Bull trend confirmed: Price > SMA50 & SMA250, RSI 72.7",2770.57,27.71,170.07,1087.27
2016-08-10,TQQQ_100,1.0,12672.09,0.0,5242.2032,0.0,4783.39,4547.06,4430.29,69.98,TQQQ_100,"Bull trend confirmed: Price > SMA50 & SMA250, RSI 70.0",2672.09,26.72,169.37,1078.12
2016-08-11,TQQQ_100,1.0,12835.87,0.0,5242.2032,0.0,4803.31,4552.73,4431.38,71.83,TQQQ_100,"Bull trend confirmed: Price > SMA50 & SMA250, RSI 71.8",2835.87,28.36,170.5,1093.34
2016-08-12,TQQQ_100,1.0,12859.71,0.0,5242.2032,0.0,4807.08,4558.24,4432.35,72.18,TQQQ_100,"Bull trend confirmed: Price > SMA50 & SMA250, RSI 72.2",2859.71,28.6,170.71,1095.56
2016-08-15,TQQQ_50,0.5,13021.42,6510.71,2621.1016,0.0,4827.12,4564.59,4433.49,74.02,TQQQ_50,Bearish RSI divergence,3021.42,30.21,171.84,1110.59
2016-08-16,TQQQ_50,0.5,12919.6,6511.51,2621.1016,0.0,4797.19,4570.06,4434.63,66.89,TQQQ_50,Bearish RSI divergence,2919.6,29.2,170.15,1091.51
2016-08-17,TQQQ_50,0.5,12950.46,6512.31,2621.1016,0.0,4805.45,4575.91,4436.31,67.81,TQQQ_50,Bearish RSI divergence,2950.46,29.5,170.62,1097.1
2016-08-18,TQQQ_50,0.5,12957.48,6513.12,2621.1016,0.0,4808.68,4581.67,4438.76,68.19,TQQQ_50,Bearish RSI divergence,2957.48,29.57,170.8,1098.26
2016-08-19,TQQQ_50,0.5,12949.47,6513.92,2621.1016,0.0,4806.14,4587.54,4441.83,67.52,TQQQ_50,Bearish RSI divergence,2949.47,29.49,170.66,1096.62
2016-08-22,TQQQ_50,0.5,12958.1,6516.33,2621.1016,0.0,4808.56,4594.49,4445.0,67.84,TQQQ_50,Bearish RSI divergence,2958.1,29.58,170.79,1097.78
2016-08-23,TQQQ_50,0.5,12997.26,6517.13,2621.1016,0.0,4818.48,4602.4,4447.39,69.19,TQQQ_50,Bearish RSI divergence,2997.26,29.97,171.35,1104.91
2016-08-24,TQQQ_50,0.5,12873.16,6517.94,2621.1016,0.0,4783.49,4609.57,4449.23,59.72,TQQQ_50,Bearish RSI divergence,2873.16,28.73,169.38,1081.68
2016-08-25,TQQQ_50,0.5,12843.9,6518.74,2621.1016,0.0,4775.43,4616.89,4451.01,57.76,TQQQ_50,Bearish RSI divergence,2843.9,28.44,168.93,1076.09
2016-08-26,TQQQ_50,0.5,12875.28,6519.54,2621.1016,0.0,4783.69,4624.08,4453.05,59.23,TQQQ_50,Bearish RSI divergence,2875.28,28.75,169.39,1081.78
2016-08-29,TQQQ_100,1.0,12895.32,0.0,5303.3133,0.0,4791.09,4632.41,4455.64,60.56,TQQQ_100,"Bull trend confirmed: Price > SMA50 & SMA250, RSI 60.6",2895.32,28.95,169.81,1085.06
2016-08-30,TQQQ_100,1.0,12778.92,0.0,5303.3133,0.0,4775.99,4639.93,4457.72,56.51,TQQQ_100,"Bull trend confirmed: Price > SMA50 & SMA250, RSI 56.5",2778.92,27.79,168.96,1074.36
2016-08-31,TQQQ_100,1.0,12745.36,0.0,5303.3133,0.0,4771.05,4647.08,4459.87,55.21,TQQQ_100,"Bull trend confirmed: Price > SMA50 & SMA250, RSI 55.2",2745.36,27.45,168.68,1071.27
2016-09-01,TQQQ_100,1.0,12801.98,0.0,5303.3133,0.0,4783.94,4654.67,4462.27,57.93,TQQQ_100,"Bull trend confirmed: Price > SMA50 & SMA250, RSI 57.9",2801.98,28.02,169.41,1076.48
2016-09-02,TQQQ_100,1.0,12951.94,0.0,5303.3133,0.0,4798.74,4661.29,4464.25,60.87,TQQQ_100,"Bull trend confirmed: Price > SMA50 & SMA250, RSI 60.9",2951.94,29.52,170.24,1090.26
2016-09-06,TQQQ_50,0.5,13192.08,6596.04,2651.6566,0.0,4829.51,4672.17,4466.55,66.17,TQQQ_50,Bearish RSI divergence,3192.08,31.92,171.97,1112.33
2016-09-07,TQQQ_50,0.5,13204.96,6596.86,2651.6566,0.0,4831.86,4684.79,4468.69,66.54,TQQQ_50,Bearish RSI divergence,3204.96,32.05,172.1,1114.54
2016-09-08,TQQQ_50,0.5,13092.52,6597.67,2651.6566,0.0,4804.0,4695.06,4470.62,58.34,TQQQ_50,Bearish RSI divergence,3092.52,30.93,170.54,1093.73
2016-09-09,CASH,0.0,12600.99,12600.99,0.0,0.0,4681.54,4701.39,4472.11,36.84,CASH,Clean exit: NDX 4681.5 broke below SMA50 (4701.4),2600.99,26.01,163.64,1003.24
2016-09-12,TQQQ_50,0.5,12605.65,6302.82,2648.5212,0.0,4764.65,4708.33,4473.72,50.24,TQQQ_50,Bearish RSI divergence,2605.65,26.06,168.32,1059.81
2016-09-13,TQQQ_50,0.5,12457.69,6303.6,2648.5212,0.0,4722.85,4714.04,4475.08,45.07,TQQQ_50,Bearish RSI divergence,2457.69,24.58,165.97,1032.44
2016-09-14,TQQQ_50,0.5,12537.55,6304.38,2648.5212,0.0,4746.06,4720.74,4476.53,48.25,TQQQ_50,Bearish RSI divergence,2537.55,25.38,167.27,1046.99
2016-09-15,TQQQ_50,0.5,12827.41,6305.16,2648.5212,0.0,4819.9,4728.25,4478.51,56.84,TQQQ_50,Bearish RSI divergence,2827.41,28.27,171.43,1100.19
2016-09-16,TQQQ_50,0.5,12820.86,6305.93,2648.5212,0.0,4818.05,4735.42,4480.44,56.59,TQQQ_50,Bearish RSI divergence,2820.86,28.21,171.33,1098.84
2016-09-19,TQQQ_50,0.5,12737.83,6308.27,2648.5212,0.0,4796.07,4740.77,4482.52,53.53,TQQQ_50,Bearish RSI divergence,2737.83,27.38,170.09,1083.13
2016-09-20,TQQQ_50,0.5,12774.22,6309.04,2648.5212,0.0,4805.22,4745.78,4484.65,54.63,TQQQ_50,Bearish RSI divergence,2774.22,27.74,170.6,1089.68
2016-09-21,TQQQ_50,0.5,12963.0,6309.82,2648.5212,0.0,4853.75,4751.31,4487.02,60.02,TQQQ_50,Bearish RSI divergence,2963.0,29.63,173.34,1124.28
2016-09-22,TQQQ_50,0.5,13119.33,6310.6,2648.5212,0.0,4891.36,4757.82,4489.69,63.63,TQQQ_50,Bearish RSI divergence,3119.33,31.19,175.45,1152.9
2016-09-23,TQQQ_50,0.5,12997.56,6311.38,2648.5212,0.0,4858.91,4763.07,4492.71,58.71,TQQQ_50,Bearish RSI divergence,2997.56,29.98,173.63,1130.35
2016-09-26,TQQQ_50,0.5,12833.87,6313.71,2648.5212,0.0,4817.17,4767.61,4495.65,53.03,TQQQ_50,Bearish RSI divergence,2833.87,28.34,171.28,1099.8
2016-09-27,TQQQ_50,0.5,13019.52,6314.49,2648.5212,0.0,4866.71,4772.55,4498.39,58.2,TQQQ_50,Bearish RSI divergence,3019.52,30.2,174.07,1133.82
2016-09-28,TQQQ_50,0.5,13056.96,6315.27,2648.5212,0.0,4875.27,4777.99,4501.12,59.04,TQQQ_50,Bearish RSI divergence,3056.96,30.57,174.55,1140.56
2016-09-29,TQQQ_50,0.5,12914.77,6316.05,2648.5212,0.0,4838.3,4781.61,4503.4,53.99,TQQQ_50,Bearish RSI divergence,2914.77,29.15,172.47,1114.26
2016-09-30,TQQQ_50,0.5,13051.18,6316.83,2648.5212,0.0,4875.7,4786.19,4505.58,57.91,TQQQ_50,Bearish RSI divergence,3051.18,30.51,174.57,1139.22
2016-10-03,TQQQ_50,0.5,13038.33,6319.16,2648.5212,0.0,4866.63,4790.2,4507.82,56.65,TQQQ_50,Bearish RSI divergence,3038.33,30.38,174.06,1136.42
2016-10-04,TQQQ_50,0.5,13000.88,6319.94,2648.5212,0.0,4859.47,4794.07,4509.92,55.62,TQQQ_50,Bearish RSI divergence,3000.88,30.01,173.66,1129.39
2016-10-05,TQQQ_100,1.0,13071.31,0.0,5128.3864,0.0,4877.75,4798.18,4512.03,57.73,TQQQ_100,"Bull trend confirmed: Price > SMA50 & SMA250, RSI 57.7",3071.31,30.71,174.69,1142.2
2016-10-06,TQQQ_100,1.0,13051.03,0.0,5128.3864,0.0,4873.92,4801.6,4514.05,57.12,TQQQ_100,"Bull trend confirmed: Price > SMA50 & SMA250, RSI 57.1",3051.03,30.51,174.47,1140.28
2016-10-07,TQQQ_100,1.0,12965.85,0.0,5128.3864,0.0,4864.52,4804.47,4515.98,55.56,TQQQ_100,"Bull trend confirmed: Price > SMA50 & SMA250, RSI 55.6",2965.85,29.66,173.94,1132.18
2016-10-10,TQQQ_50,0.5,13198.07,6599.04,2564.1932,0.0,4893.77,4807.74,4518.14,59.28,TQQQ_50,Bearish RSI divergence,3198.07,31.98,175.59,1154.25
2016-10-11,TQQQ_50,0.5,12926.1,6599.85,2564.1932,0.0,4821.91,4809.05,4520.04,48.53,TQQQ_50,Bearish RSI divergence,2926.1,29.26,171.54,1102.4
2016-10-12,TQQQ_50,0.5,12913.73,6600.66,2564.1932,0.0,4819.64,4811.06,4521.64,48.23,TQQQ_50,Bearish RSI divergence,2913.73,29.14,171.42,1099.9
2016-10-13,CASH,0.0,12840.52,12840.52,0.0,0.0,4803.1,4812.44,4523.1,46.02,CASH,Clean exit: NDX 4803.1 broke below SMA50 (4812.4),2840.52,28.41,170.48,1085.83
2016-10-14,CASH,0.0,12842.1,12842.1,0.0,0.0,4808.48,4813.73,4524.49,46.87,CASH,Clean exit: NDX 4808.5 broke below SMA50 (4813.7),2842.1,28.42,170.79,1088.52
2016-10-17,CASH,0.0,12846.85,12846.85,0.0,0.0,4796.17,4813.83,4525.92,45.11,CASH,Clean exit: NDX 4796.2 broke below SMA50 (4813.8),2846.85,28.47,170.09,1080.33
2016-10-18,CASH,0.0,12848.44,12848.44,0.0,0.0,4839.72,4814.93,4527.62,51.98,CASH,1% confirmation buffer: NDX 4839.7 <= threshold (4863.1),2848.44,28.48,172.55,1110.59
2016-10-19,CASH,0.0,12850.02,12850.02,0.0,0.0,4836.61,4815.75,4528.96,51.48,CASH,1% confirmation buffer: NDX 4836.6 <= threshold (4863.9),2850.02,28.5,172.37,1111.08
2016-10-20,CASH,0.0,12851.61,12851.61,0.0,0.0,4832.71,4816.73,4529.79,50.83,CASH,1% confirmation buffer: NDX 4832.7 <= threshold (4864.9),2851.61,28.52,172.15,1105.97
2016-10-21,CASH,0.0,12853.19,12853.19,0.0,0.0,4851.86,4817.71,4530.68,53.93,CASH,1% confirmation buffer: NDX 4851.9 <= threshold (4865.9),2853.19,28.53,173.23,1119.07
2016-10-24,TQQQ_100,1.0,12857.94,0.0,4959.6403,0.0,4909.97,4819.76,4531.76,61.79,TQQQ_100,"Bull trend confirmed: Price > SMA50 & SMA250, RSI 61.8",2857.94,28.58,176.5,1163.5
2016-10-25,TQQQ_100,1.0,12729.47,0.0,4959.6403,0.0,4891.45,4821.05,4532.61,58.37,TQQQ_100,"Bull trend confirmed: Price > SMA50 & SMA250, RSI 58.4",2729.47,27.29,175.46,1150.88
2016-10-26,TQQQ_100,1.0,12485.28,0.0,4959.6403,0.0,4860.59,4822.32,4533.37,53.1,TQQQ_100,"Bull trend confirmed: Price > SMA50 & SMA250, RSI 53.1",2485.28,24.85,173.72,1126.88
2016-10-27,TQQQ_100,1.0,12310.71,0.0,4959.6403,0.0,4836.45,4822.94,4534.12,49.34,TQQQ_100,"Bull trend confirmed: Price > SMA50 & SMA250, RSI 49.3",2310.71,23.11,172.36,1109.73
2016-10-28,CASH,0.0,12097.9,12097.9,0.0,0.0,4805.59,4822.88,4534.53,44.97,CASH,Clean exit: NDX 4805.6 broke below SMA50 (4822.9),2097.9,20.98,170.62,1088.81
2016-10-31,CASH,0.0,12102.38,12102.38,0.0,0.0,4801.27,4822.78,4534.86,44.37,CASH,Clean exit: NDX 4801.3 broke below SMA50 (4822.8),2102.38,21.02,170.38,1082.07
2016-11-01,CASH,0.0,12103.87,12103.87,0.0,0.0,4766.94,4821.95,4535.05,39.87,CASH,Clean exit: NDX 4766.9 broke below SMA50 (4821.9),2103.87,21.04,168.45,1057.78
2016-11-02,CASH,0.0,12105.36,12105.36,0.0,0.0,4726.91,4820.11,4535.15,35.36,CASH,Clean exit: NDX 4726.9 broke below SMA50 (4820.1),2105.36,21.05,166.19,1027.62
2016-11-03,CASH,0.0,12106.85,12106.85,0.0,0.0,4679.1,4818.03,4535.04,30.87,CASH,Clean exit: NDX 4679.1 broke below SMA50 (4818.0),2106.85,21.07,163.5,995.14
2016-11-04,CASH,0.0,12108.35,12108.35,0.0,0.0,4660.46,4815.73,4535.06,29.31,CASH,Clean exit: NDX 4660.5 broke below SMA50 (4815.7),2108.35,21.08,162.45,982.71
2016-11-07,CASH,0.0,12112.83,12112.83,0.0,0.0,4773.73,4815.53,4535.59,46.9,CASH,Clean exit: NDX 4773.7 broke below SMA50 (4815.5),2112.83,21.13,168.83,1060.29
2016-11-08,CASH,0.0,12114.32,12114.32,0.0,0.0,4804.92,4815.8,4536.26,50.54,CASH,Clean exit: NDX 4804.9 broke below SMA50 (4815.8),2114.32,21.14,170.59,1083.03
2016-11-09,CASH,0.0,12115.81,12115.81,0.0,0.0,4825.18,4816.79,4537.2,52.81,CASH,1% confirmation buffer: NDX 4825.2 <= threshold (4865.0),2115.81,21.16,171.73,1099.61
2016-11-10,CASH,0.0,12117.31,12117.31,0.0,0.0,4747.03,4816.31,4538.18,44.36,CASH,Clean exit: NDX 4747.0 broke below SMA50 (4816.3),2117.31,21.17,167.33,1042.56
2016-11-11,CASH,0.0,12118.8,12118.8,0.0,0.0,4751.95,4815.67,4538.93,44.96,CASH,Clean exit: NDX 4752.0 broke below SMA50 (4815.7),2118.8,21.19,167.6,1041.59
2016-11-14,CASH,0.0,12123.28,12123.28,0.0,0.0,4702.04,4813.73,4539.47,40.24,CASH,Clean exit: NDX 4702.0 broke below SMA50 (4813.7),2123.28,21.23,164.79,1003.05
2016-11-15,CASH,0.0,12124.78,12124.78,0.0,0.0,4764.47,4812.43,4539.92,47.64,CASH,Clean exit: NDX 4764.5 broke below SMA50 (4812.4),2124.78,21.25,168.31,1054.12
2016-11-16,CASH,0.0,12126.27,12126.27,0.0,0.0,4792.27,4811.64,4540.46,50.58,CASH,Clean exit: NDX 4792.3 broke below SMA50 (4811.6),2126.27,21.26,169.87,1072.91
2016-11-17,CASH,0.0,12127.77,12127.77,0.0,0.0,4826.59,4812.09,4541.03,54.01,CASH,1% confirmation buffer: NDX 4826.6 <= threshold (4860.2),2127.77,21.28,171.81,1100.09
2016-11-18,CASH,0.0,12129.26,12129.26,0.0,0.0,4808.04,4814.62,4541.56,51.91,CASH,Clean exit: NDX 4808.0 broke below SMA50 (4814.6),2129.26,21.29,170.76,1086.6
2016-11-21,CASH,0.0,12133.75,12133.75,0.0,0.0,4859.0,4816.51,4542.32,56.86,CASH,1% confirmation buffer: NDX 4859.0 <= threshold (4864.7),2133.75,21.34,173.63,1122.25
2016-11-22,TQQQ_100,1.0,12135.24,0.0,4795.7298,0.0,4873.84,4819.53,4543.12,58.21,TQQQ_100,"Bull trend confirmed: Price > SMA50 & SMA250, RSI 58.2",2135.24,21.35,174.47,1133.24
2016-11-23,TQQQ_100,1.0,11989.2,0.0,4795.7298,0.0,4853.86,4821.69,4543.81,55.69,TQQQ_100,"Bull trend confirmed: Price > SMA50 & SMA250, RSI 55.7",1989.2,19.89,173.34,1118.4
2016-11-25,TQQQ_100,1.0,12104.9,0.0,4795.7298,0.0,4870.02,4822.69,4544.64,57.3,TQQQ_100,"Bull trend confirmed: Price > SMA50 & SMA250, RSI 57.3",2104.9,21.05,174.25,1130.16
2016-11-28,TQQQ_100,1.0,12037.57,0.0,4795.7298,0.0,4857.02,4823.47,4545.2,55.55,TQQQ_100,"Bull trend confirmed: Price > SMA50 & SMA250, RSI 55.5",2037.57,20.38,173.52,1123.31
2016-11-29,TQQQ_100,1.0,12153.26,0.0,4795.7298,0.0,4873.21,4825.01,4545.95,57.3,TQQQ_100,"Bull trend confirmed: Price > SMA50 & SMA250, RSI 57.3",2153.26,21.53,174.43,1135.07
2016-11-30,CASH,0.0,11759.72,11759.72,0.0,0.0,4810.81,4825.12,4546.76,49.24,CASH,Clean exit: NDX 4810.8 broke below SMA50 (4825.1),1759.72,17.6,170.92,1095.08
2016-12-01,CASH,0.0,11761.17,11761.17,0.0,0.0,4734.1,4822.73,4546.84,41.52,CASH,Clean exit: NDX 4734.1 broke below SMA50 (4822.7),1761.17,17.61,166.6,1029.45
2016-12-02,CASH,0.0,11762.62,11762.62,0.0,0.0,4739.37,4819.69,4547.02,42.19,CASH,Clean exit: NDX 4739.4 broke below SMA50 (4819.7),1762.62,17.63,166.9,1033.98
2016-12-05,CASH,0.0,11766.97,11766.97,0.0,0.0,4778.14,4818.07,4547.35,47.01,CASH,Clean exit: NDX 4778.1 broke below SMA50 (4818.1),1766.97,17.67,169.08,1060.19
2016-12-06,CASH,0.0,11768.42,11768.42,0.0,0.0,4788.67,4817.5,4548.02,48.27,CASH,Clean exit: NDX 4788.7 broke below SMA50 (4817.5),1768.42,17.68,169.67,1068.58
2016-12-07,CASH,0.0,11769.87,11769.87,0.0,0.0,4851.94,4817.21,4548.85,55.17,CASH,1% confirmation buffer: NDX 4851.9 <= threshold (4865.4),1769.87,17.7,173.23,1111.94
2016-12-08,CASH,0.0,11771.33,11771.33,0.0,0.0,4859.19,4816.89,4550.14,55.9,CASH,1% confirmation buffer: NDX 4859.2 <= threshold (4865.1),1771.33,17.71,173.64,1119.36
2016-12-09,TQQQ_100,1.0,11772.78,0.0,4597.8756,0.0,4895.9,4818.04,4551.44,59.48,TQQQ_100,"Bull trend confirmed: Price > SMA50 & SMA250, RSI 59.5",1772.78,17.73,175.71,1147.89
2016-12-12,TQQQ_100,1.0,11609.13,0.0,4597.8756,0.0,4874.3,4818.01,4552.55,56.57,TQQQ_100,"Bull trend confirmed: Price > SMA50 & SMA250, RSI 56.6",1609.13,16.09,174.49,1130.54
2016-12-13,TQQQ_100,1.0,12062.81,0.0,4597.8756,0.0,4935.84,4819.4,4553.64,62.23,TQQQ_100,"Bull trend confirmed: Price > SMA50 & SMA250, RSI 62.2",2062.81,20.63,177.96,1178.63
2016-12-14,TQQQ_100,1.0,11974.61,0.0,4597.8756,0.0,4921.22,4820.63,4554.93,60.22,TQQQ_100,"Bull trend confirmed: Price > SMA50 & SMA250, RSI 60.2",1974.61,19.75,177.14,1169.28
2016-12-15,TQQQ_100,1.0,12047.35,0.0,4597.8756,0.0,4933.41,4821.74,4556.6,61.35,TQQQ_100,"Bull trend confirmed: Price > SMA50 & SMA250, RSI 61.3",2047.35,20.47,177.82,1176.99
2016-12-16,TQQQ_100,1.0,11900.97,0.0,4597.8756,0.0,4914.86,4822.56,4558.02,58.64,TQQQ_100,"Bull trend confirmed: Price > SMA50 & SMA250, RSI 58.6",1900.97,19.01,176.78,1161.48
2016-12-19,TQQQ_100,1.0,12046.44,0.0,4597.8756,0.0,4934.85,4823.97,4559.4,60.65,TQQQ_100,"Bull trend confirmed: Price > SMA50 & SMA250, RSI 60.7",2046.44,20.46,177.9,1176.9
2016-12-20,TQQQ_100,1.0,12191.91,0.0,4597.8756,0.0,4953.8,4825.17,4560.72,62.52,TQQQ_100,"Bull trend confirmed: Price > SMA50 & SMA250, RSI 62.5",2191.91,21.92,178.97,1192.31
2016-12-21,TQQQ_100,1.0,12149.17,0.0,4597.8756,0.0,4948.91,4827.71,4562.02,61.71,TQQQ_100,"Bull trend confirmed: Price > SMA50 & SMA250, RSI 61.7",2149.17,21.49,178.7,1187.79
2016-12-22,TQQQ_100,1.0,12043.71,0.0,4597.8756,0.0,4934.39,4830.01,4563.28,59.24,TQQQ_100,"Bull trend confirmed: Price > SMA50 & SMA250, RSI 59.2",2043.71,20.44,177.88,1176.61
2016-12-23,TQQQ_100,1.0,12080.99,0.0,4597.8756,0.0,4940.02,4832.74,4564.27,59.91,TQQQ_100,"Bull trend confirmed: Price > SMA50 & SMA250, RSI 59.9",2080.99,20.81,178.2,1180.56
2016-12-27,TQQQ_100,1.0,12257.37,0.0,4597.8756,0.0,4965.81,4835.89,4565.53,62.91,TQQQ_100,"Bull trend confirmed: Price > SMA50 & SMA250, RSI 62.9",2257.37,22.57,179.65,1199.25
2016-12-28,TQQQ_100,1.0,11973.71,0.0,4597.8756,0.0,4926.29,4838.49,4566.86,56.0,TQQQ_100,"Bull trend confirmed: Price > SMA50 & SMA250, RSI 56.0",1973.71,19.74,177.42,1169.19
2016-12-29,TQQQ_100,1.0,11915.52,0.0,4597.8756,0.0,4918.28,4840.06,4568.54,54.68,TQQQ_100,"Bull trend confirmed: Price > SMA50 & SMA250, RSI 54.7",1915.52,19.16,176.97,1163.02
2016-12-30,TQQQ_100,1.0,11567.31,0.0,4597.8756,0.0,4863.62,4840.6,4570.06,46.65,TQQQ_100,"Bull trend confirmed: Price > SMA50 & SMA250, RSI 46.7",1567.31,15.67,173.89,1126.11
2017-01-03,TQQQ_100,1.0,11847.33,0.0,4597.8756,0.0,4911.33,4842.18,4571.93,53.12,TQQQ_100,"Bull trend confirmed: Price > SMA50 & SMA250, RSI 53.1",1847.33,18.47,176.58,1155.79
2017-01-04,TQQQ_100,1.0,12049.17,0.0,4597.8756,0.0,4937.21,4843.88,4574.45,56.23,TQQQ_100,"Bull trend confirmed: Price > SMA50 & SMA250, RSI 56.2",2049.17,20.49,178.04,1177.19
2017-01-05,TQQQ_100,1.0,12262.82,0.0,4597.8756,0.0,4964.95,4844.98,4577.23,59.33,TQQQ_100,"Bull trend confirmed: Price > SMA50 & SMA250, RSI 59.3",2262.82,22.63,179.6,1199.83
2017-01-06,TQQQ_100,1.0,12573.76,0.0,4597.8756,0.0,5007.08,4847.3,4580.13,63.56,TQQQ_100,"Bull trend confirmed: Price > SMA50 & SMA250, RSI 63.6",2573.76,25.74,181.97,1232.79
2017-01-09,TQQQ_100,1.0,12701.04,0.0,4597.8756,0.0,5024.9,4850.58,4582.89,65.21,TQQQ_100,"Bull trend confirmed: Price > SMA50 & SMA250, RSI 65.2",2701.04,27.01,182.97,1246.28
2017-01-10,TQQQ_100,1.0,12773.77,0.0,4597.8756,0.0,5035.17,4854.56,4586.3,66.16,TQQQ_100,"Bull trend confirmed: Price > SMA50 & SMA250, RSI 66.2",2773.77,27.74,183.55,1253.99
2017-01-11,TQQQ_100,1.0,12871.96,0.0,4597.8756,0.0,5050.21,4859.45,4589.41,67.56,TQQQ_100,"Bull trend confirmed: Price > SMA50 & SMA250, RSI 67.6",2871.96,28.72,184.4,1264.4
2017-01-12,TQQQ_100,1.0,12806.5,0.0,4597.8756,0.0,5041.43,4864.25,4593.01,65.85,TQQQ_100,"Bull trend confirmed: Price > SMA50 & SMA250, RSI 65.8",2806.5,28.06,183.91,1257.46
2017-01-13,TQQQ_100,1.0,12953.78,0.0,4597.8756,0.0,5059.51,4870.1,4596.66,67.66,TQQQ_100,"Bull trend confirmed: Price > SMA50 & SMA250, RSI 67.7",2953.78,29.54,184.92,1273.07
2017-01-17,TQQQ_100,1.0,12831.96,0.0,4597.8756,0.0,5044.65,4876.46,4600.29,64.62,TQQQ_100,"Bull trend confirmed: Price > SMA50 & SMA250, RSI 64.6",2831.96,28.32,184.09,1260.16
2017-01-18,TQQQ_100,1.0,12919.24,0.0,4597.8756,0.0,5055.85,4883.99,4603.94,65.87,TQQQ_100,"Bull trend confirmed: Price > SMA50 & SMA250, RSI 65.9",2919.24,29.19,184.72,1269.41
2017-01-19,TQQQ_100,1.0,12884.69,0.0,4597.8756,0.0,5051.17,4891.81,4607.11,64.84,TQQQ_100,"Bull trend confirmed: Price > SMA50 & SMA250, RSI 64.8",2884.69,28.85,184.45,1265.75
2017-01-20,TQQQ_100,1.0,12968.34,0.0,4597.8756,0.0,5063.2,4897.6,4610.58,66.3,TQQQ_100,"Bull trend confirmed: Price > SMA50 & SMA250, RSI 66.3",2968.34,29.68,185.13,1274.61
2017-01-23,TQQQ_100,1.0,12997.42,0.0,4597.8756,0.0,5065.7,4902.81,4613.9,66.61,TQQQ_100,"Bull trend confirmed: Price > SMA50 & SMA250, RSI 66.6",2997.42,29.97,185.27,1277.7
2017-01-24,TQQQ_100,1.0,13268.36,0.0,4597.8756,0.0,5101.06,4908.33,4617.79,70.7,TQQQ_100,"Bull trend confirmed: Price > SMA50 & SMA250, RSI 70.7",3268.36,32.68,187.26,1306.42
2017-01-25,TQQQ_30,0.3,13655.66,9558.96,1379.3627,0.0,5151.47,4916.42,4621.65,75.34,TQQQ_30,Overbought: RSI 75.3 >= 75,3655.66,36.56,190.1,1347.47
2017-01-26,TQQQ_30,0.3,13673.75,9560.14,1379.3627,0.0,5156.92,4924.52,4625.17,75.78,TQQQ_30,Overbought: RSI 75.8 >= 75,3673.75,36.74,190.41,1353.44
2017-01-27,TQQQ_30,0.3,13694.56,9561.32,1379.3627,0.0,5168.06,4933.84,4628.69,76.71,TQQQ_30,Overbought: RSI 76.7 >= 75,3694.56,36.95,191.04,1360.38
2017-01-30,TQQQ_30,0.3,13604.28,9564.86,1379.3627,0.0,5129.33,4941.14,4632.44,67.09,TQQQ_30,Overbought trim active,3604.28,36.04,188.86,1327.23
2017-01-31,TQQQ_30,0.3,13583.09,9566.03,1379.3627,0.0,5116.77,4947.63,4636.22,64.27,TQQQ_30,Overbought trim active,3583.09,35.83,188.15,1319.33
2017-02-01,TQQQ_30,0.3,13660.64,9567.21,1379.3627,0.0,5152.69,4954.15,4640.16,68.36,TQQQ_30,Overbought trim active,3660.64,36.61,190.17,1346.31
2017-02-02,TQQQ_30,0.3,13651.45,9568.39,1379.3627,0.0,5147.7,4960.94,4644.65,67.21,TQQQ_30,Overbought trim active,3651.45,36.51,189.89,1342.65
2017-02-03,TQQQ_30,0.3,13688.09,9569.57,1379.3627,0.0,5161.6,4966.99,4649.45,68.79,TQQQ_30,Overbought trim active,3688.09,36.88,190.67,1355.18
2017-02-06,TQQQ_30,0.3,13706.9,9573.11,1379.3627,0.0,5167.96,4972.88,4654.33,69.51,TQQQ_30,Overbought trim active,3706.9,37.07,191.03,1360.58
2017-02-07,TQQQ_30,0.3,13750.63,9574.29,1379.3627,0.0,5185.88,4979.52,4659.21,71.51,TQQQ_30,Overbought trim active,3750.63,37.51,192.04,1375.61
2017-02-08,TQQQ_30,0.3,13775.27,9575.47,1379.3627,0.0,5196.58,4986.05,4664.15,72.66,TQQQ_30,Overbought trim active,3775.27,37.75,192.64,1383.9
2017-02-09,TQQQ_30,0.3,13820.09,9576.65,1379.3627,0.0,5212.16,4993.15,4668.92,74.3,TQQQ_30,Overbought trim active,3820.09,38.2,193.52,1399.32
2017-02-10,TQQQ_30,0.3,13863.27,9577.83,1379.3627,0.0,5226.69,5000.22,4673.41,75.75,TQQQ_30,Overbought: RSI 75.8 >= 75,3863.27,38.63,194.34,1414.16
2017-02-13,TQQQ_30,0.3,13942.1,9581.38,1379.3627,0.0,5256.82,5009.14,4677.64,78.47,TQQQ_30,Overbought: RSI 78.5 >= 75,3942.1,39.42,196.04,1440.76
2017-02-14,TQQQ_30,0.3,13984.19,9582.56,1379.3627,0.0,5271.07,5019.88,4682.12,79.63,TQQQ_30,Overbought: RSI 79.6 >= 75,3984.19,39.84,196.84,1455.21
2017-02-15,TQQQ_30,0.3,14061.2,9583.74,1379.3627,0.0,5302.39,5031.14,4686.67,81.94,TQQQ_30,Overbought: RSI 81.9 >= 75,4061.2,40.61,198.6,1482.0
2017-02-16,TQQQ_30,0.3,14058.56,9584.92,1379.3627,0.0,5300.64,5041.59,4690.95,81.39,TQQQ_30,Overbought: RSI 81.4 >= 75,4058.56,40.59,198.5,1480.65
2017-02-17,TQQQ_30,0.3,14115.93,9586.1,1379.3627,0.0,5324.72,5052.31,4695.6,83.09,TQQQ_30,Overbought: RSI 83.1 >= 75,4115.93,41.16,199.86,1500.5
2017-02-21,TQQQ_30,0.3,14192.66,9590.83,1379.3627,0.0,5350.73,5062.29,4700.2,84.71,TQQQ_30,Overbought: RSI 84.7 >= 75,4192.66,41.93,201.32,1525.95
2017-02-22,TQQQ_30,0.3,14194.39,9592.01,1379.3627,0.0,5352.13,5072.14,4704.64,84.79,TQQQ_30,Overbought: RSI 84.8 >= 75,4194.39,41.94,201.4,1526.14
2017-02-23,TQQQ_30,0.3,14145.93,9593.2,1379.3627,0.0,5332.37,5080.87,4709.03,78.22,TQQQ_30,Overbought: RSI 78.2 >= 75,4145.93,41.46,200.29,1508.6
2017-02-24,TQQQ_30,0.3,14171.66,9594.38,1379.3627,0.0,5343.31,5090.25,4713.6,79.18,TQQQ_30,Overbought: RSI 79.2 >= 75,4171.66,41.72,200.91,1517.27
2017-02-27,TQQQ_30,0.3,14188.85,9597.93,1379.3627,0.0,5347.55,5098.49,4717.65,79.56,TQQQ_30,Overbought: RSI 79.6 >= 75,4188.85,41.89,201.14,1522.09
2017-02-28,TQQQ_30,0.3,14154.03,9599.11,1379.3627,0.0,5330.31,5106.67,4721.64,73.71,TQQQ_30,Overbought trim active,4154.03,41.54,200.17,1509.37
2017-03-01,TQQQ_30,0.3,14302.5,9600.29,1379.3627,0.0,5390.99,5115.82,4725.9,79.44,TQQQ_30,Overbought: RSI 79.4 >= 75,4302.5,43.02,203.59,1561.41
2017-03-02,TQQQ_30,0.3,14229.49,9601.48,1379.3627,0.0,5363.26,5124.79,4730.04,71.74,TQQQ_30,Overbought trim active,4229.49,42.29,202.03,1535.2
2017-03-03,TQQQ_30,0.3,14254.68,9602.66,1379.3627,0.0,5373.48,5133.56,4734.32,72.79,TQQQ_30,Overbought trim active,4254.68,42.55,202.61,1543.68
2017-03-06,TQQQ_30,0.3,14226.05,9606.21,1379.3627,0.0,5360.31,5141.69,4738.7,69.23,TQQQ_30,Overbought trim active,4226.05,42.26,201.86,1532.31
2017-03-07,TQQQ_30,0.3,14204.32,9607.4,1379.3627,0.0,5351.28,5149.74,4742.93,66.82,TQQQ_30,Overbought trim active,4204.32,42.04,201.35,1524.21
2017-03-08,TQQQ_30,0.3,14228.96,9608.58,1379.3627,0.0,5359.81,5158.25,4747.22,67.96,TQQQ_30,Overbought trim active,4228.96,42.29,201.84,1532.5
2017-03-09,TQQQ_30,0.3,14244.33,9609.77,1379.3627,0.0,5363.98,5166.73,4751.23,68.52,TQQQ_30,Overbought trim active,4244.33,42.44,202.07,1537.51
2017-03-10,TQQQ_30,0.3,14296.24,9610.95,1379.3627,0.0,5385.9,5175.13,4755.3,71.39,TQQQ_30,Overbought trim active,4296.24,42.96,203.3,1555.44
2017-03-13,TQQQ_30,0.3,14327.07,9614.51,1379.3627,0.0,5394.57,5184.5,4759.41,72.46,TQQQ_30,Overbought trim active,4327.07,43.27,203.79,1565.07
2017-03-14,TQQQ_30,0.3,14293.35,9615.69,1379.3627,0.0,5382.17,5193.77,4763.32,68.52,TQQQ_30,Overbought trim active,4293.35,42.93,203.09,1552.74
2017-03-15,TQQQ_30,0.3,14376.36,9616.88,1379.3627,0.0,5416.25,5204.83,4767.39,72.88,TQQQ_30,Overbought trim active,4376.36,43.76,205.01,1581.65
2017-03-16,TQQQ_30,0.3,14374.81,9618.06,1379.3627,0.0,5412.08,5214.84,4771.39,71.58,TQQQ_30,Overbought trim active,4374.81,43.75,204.78,1580.68
2017-03-17,TQQQ_30,0.3,14364.54,9619.25,1379.3627,0.0,5408.76,5224.27,4775.32,70.49,TQQQ_30,Overbought trim active,4364.54,43.65,204.59,1576.64
2017-03-20,TQQQ_30,0.3,14382.29,9622.81,1379.3627,0.0,5413.31,5233.24,4779.22,71.14,TQQQ_30,Overbought trim active,4382.29,43.82,204.85,1581.65
2017-03-21,TQQQ_30,0.3,14171.27,9623.99,1379.3627,0.0,5332.53,5239.75,4782.94,50.16,TQQQ_30,Overbought trim active,4171.27,41.71,200.3,1506.67
2017-03-22,TQQQ_30,0.3,14261.92,9625.18,1379.3627,0.0,5367.55,5246.6,4786.79,56.19,TQQQ_30,Overbought trim active,4261.92,42.62,202.27,1538.28
2017-03-23,TQQQ_30,0.3,14226.01,9626.37,1379.3627,0.0,5355.14,5253.0,4790.62,53.71,TQQQ_30,Overbought trim active,4226.01,42.26,201.57,1525.17
2017-03-24,TQQQ_30,0.3,14252.29,9627.55,1379.3627,0.0,5364.0,5259.28,4794.2,55.23,TQQQ_30,Overbought trim active,4252.29,42.52,202.07,1534.04
2017-03-27,TQQQ_30,0.3,14280.4,9631.11,1379.3627,0.0,5374.27,5265.93,4797.74,56.99,TQQQ_30,Overbought trim active,4280.4,42.8,202.65,1542.71
2017-03-28,TQQQ_50,0.5,14368.87,7184.43,2092.2192,0.0,5407.21,5272.89,4801.43,62.14,TQQQ_50,Bearish RSI divergence,4368.87,43.69,204.5,1573.55
2017-03-29,TQQQ_50,0.5,14464.91,7185.32,2092.2192,0.0,5430.27,5280.6,4805.02,65.27,TQQQ_50,Bearish RSI divergence,4464.91,44.65,205.8,1595.72
2017-03-30,TQQQ_50,0.5,14502.2,7186.21,2092.2192,0.0,5439.74,5288.28,4808.74,66.5,TQQQ_50,Bearish RSI divergence,4502.2,45.02,206.34,1604.2
2017-03-31,TQQQ_50,0.5,14485.71,7187.09,2092.2192,0.0,5436.23,5295.98,4812.6,65.58,TQQQ_50,Bearish RSI divergence,4485.71,44.86,206.14,1600.15
2017-04-03,TQQQ_50,0.5,14472.65,7189.75,2092.2192,0.0,5432.2,5303.36,4816.15,64.47,TQQQ_50,Bearish RSI divergence,4472.65,44.73,205.91,1596.49
2017-04-04,TQQQ_50,0.5,14506.63,7190.64,2092.2192,0.0,5440.41,5310.85,4820.01,65.74,TQQQ_50,Bearish RSI divergence,4506.63,45.07,206.37,1604.2
2017-04-05,TQQQ_50,0.5,14423.95,7191.52,2092.2192,0.0,5418.52,5317.2,4823.79,59.62,TQQQ_50,Bearish RSI divergence,4423.95,44.24,205.14,1584.73
2017-04-06,TQQQ_50,0.5,14430.63,7192.41,2092.2192,0.0,5420.88,5322.59,4827.64,60.05,TQQQ_50,Bearish RSI divergence,4430.63,44.31,205.27,1586.08
2017-04-07,TQQQ_50,0.5,14423.24,7193.3,2092.2192,0.0,5418.37,5327.82,4831.33,59.33,TQQQ_50,Bearish RSI divergence,4423.24,44.23,205.13,1584.15
2017-04-10,TQQQ_50,0.5,14434.17,7195.96,2092.2192,0.0,5421.68,5332.89,4834.79,60.01,TQQQ_50,Bearish RSI divergence,4434.17,44.34,205.32,1586.08
2017-04-11,TQQQ_50,0.5,14344.05,7196.84,2092.2192,0.0,5398.4,5338.27,4838.17,53.21,TQQQ_50,Bearish RSI divergence,4344.05,43.44,204.01,1564.88
2017-04-12,TQQQ_50,0.5,14250.61,7197.73,2092.2192,0.0,5377.03,5343.48,4841.5,47.84,TQQQ_50,Bearish RSI divergence,4250.61,42.51,202.81,1542.91
2017-04-13,TQQQ_50,0.5,14167.92,7198.62,2092.2192,0.0,5353.59,5347.5,4844.64,42.75,TQQQ_50,Bearish RSI divergence,4167.92,41.68,201.49,1523.44
2017-04-17,TQQQ_50,0.5,14336.96,7202.17,2092.2192,0.0,5399.2,5352.53,4848.09,53.19,TQQQ_50,Bearish RSI divergence,4336.96,43.37,204.05,1561.99
2017-04-18,TQQQ_50,0.5,14317.16,7203.06,2092.2192,0.0,5391.66,5357.13,4851.49,51.52,TQQQ_50,Bearish RSI divergence,4317.16,43.17,203.63,1557.17
2017-04-19,TQQQ_100,1.0,14342.87,0.0,4203.4935,0.0,5399.64,5361.76,4854.93,53.19,TQQQ_100,"Bull trend confirmed: Price > SMA50 & SMA250, RSI 53.2",4342.87,43.43,204.08,1562.95
2017-04-20,TQQQ_50,0.5,14690.3,7345.15,2101.7468,0.0,5443.53,5366.91,4858.81,61.15,TQQQ_50,Bearish RSI divergence,4690.3,46.9,206.55,1603.23
2017-04-21,TQQQ_50,0.5,14687.89,7346.06,2101.7468,0.0,5442.05,5371.82,4862.68,60.78,TQQQ_50,Bearish RSI divergence,4687.89,46.88,206.47,1602.46
2017-04-24,TQQQ_100,1.0,14957.41,0.0,4131.7111,0.0,5508.03,5377.74,4866.9,69.71,TQQQ_100,"Bull trend confirmed: Price > SMA50 & SMA250, RSI 69.7",4957.41,49.57,210.18,1664.33
2017-04-25,TQQQ_100,1.0,15289.11,0.0,4131.7111,0.0,5548.19,5384.17,4871.42,73.64,TQQQ_100,"Bull trend confirmed: Price > SMA50 & SMA250, RSI 73.6",5289.11,52.89,212.44,1703.46
2017-04-26,TQQQ_100,1.0,15222.12,0.0,4131.7111,0.0,5541.09,5389.86,4876.13,71.86,TQQQ_100,"Bull trend confirmed: Price > SMA50 & SMA250, RSI 71.9",5222.12,52.22,212.04,1695.56
2017-04-27,TQQQ_100,1.0,15488.45,0.0,4131.7111,0.0,5571.28,5395.86,4881.05,74.66,TQQQ_100,"Bull trend confirmed: Price > SMA50 & SMA250, RSI 74.7",5488.45,54.88,213.74,1726.97
2017-04-28,TQQQ_30,0.3,15576.68,10903.68,1239.5133,0.0,5583.53,5401.48,4885.86,75.72,TQQQ_30,Overbought: RSI 75.7 >= 75,5576.68,55.77,214.43,1737.38
2017-05-01,TQQQ_30,0.3,15698.36,10907.71,1239.5133,0.0,5629.63,5408.06,4891.02,79.22,TQQQ_30,Overbought: RSI 79.2 >= 75,5698.36,56.98,217.03,1783.64
2017-05-02,TQQQ_30,0.3,15728.14,10909.06,1239.5133,0.0,5644.07,5414.45,4896.34,80.19,TQQQ_30,Overbought: RSI 80.2 >= 75,5728.14,57.28,217.84,1794.82
2017-05-03,TQQQ_30,0.3,15681.94,10910.4,1239.5133,0.0,5625.16,5419.94,4901.61,75.26,TQQQ_30,Overbought: RSI 75.3 >= 75,5681.94,56.82,216.78,1776.12
2017-05-04,TQQQ_30,0.3,15688.18,10911.75,1239.5133,0.0,5626.32,5425.42,4906.79,75.36,TQQQ_30,Overbought: RSI 75.4 >= 75,5688.18,56.88,216.84,1778.05
2017-05-05,TQQQ_30,0.3,15741.49,10913.09,1239.5133,0.0,5646.09,5431.7,4912.01,77.06,TQQQ_30,Overbought: RSI 77.1 >= 75,5741.49,57.41,217.96,1798.48
2017-05-08,TQQQ_30,0.3,15774.45,10917.13,1239.5133,0.0,5659.07,5438.01,4917.04,78.13,TQQQ_30,Overbought: RSI 78.1 >= 75,5774.45,57.74,218.69,1809.85
2017-05-09,TQQQ_30,0.3,15829.22,10918.47,1239.5133,0.0,5678.31,5444.63,4922.31,79.64,TQQQ_30,Overbought: RSI 79.6 >= 75,5829.22,58.29,219.77,1830.86
2017-05-10,TQQQ_30,0.3,15838.41,10919.82,1239.5133,0.0,5681.68,5451.65,4927.66,79.91,TQQQ_30,Overbought: RSI 79.9 >= 75,5838.41,58.38,219.96,1833.94
2017-05-11,TQQQ_30,0.3,15827.99,10921.17,1239.5133,0.0,5674.22,5457.32,4933.05,77.52,TQQQ_30,Overbought: RSI 77.5 >= 75,5827.99,58.28,219.54,1829.32
2017-05-12,TQQQ_30,0.3,15861.2,10922.51,1239.5133,0.0,5686.81,5463.79,4938.28,78.68,TQQQ_30,Overbought: RSI 78.7 >= 75,5861.2,58.61,220.25,1841.84
2017-05-15,TQQQ_30,0.3,15911.32,10926.55,1239.5133,0.0,5704.48,5470.41,4943.81,80.22,TQQQ_30,Overbought: RSI 80.2 >= 75,5911.32,59.11,221.25,1859.96
2017-05-16,TQQQ_30,0.3,15975.41,10927.9,1239.5133,0.0,5724.44,5477.69,4949.35,81.81,TQQQ_30,Overbought: RSI 81.8 >= 75,5975.41,59.75,222.37,1884.63
2017-05-17,TQQQ_30,0.3,15594.9,10929.25,1239.5133,0.0,5580.55,5482.28,4954.41,50.32,TQQQ_30,Overbought trim active,5594.9,55.95,214.27,1734.49
2017-05-18,TQQQ_30,0.3,15714.38,10930.6,1239.5133,0.0,5626.31,5487.61,4959.47,56.1,TQQQ_30,Overbought trim active,5714.38,57.14,216.84,1780.94
2017-05-19,TQQQ_30,0.3,15773.58,10931.94,1239.5133,0.0,5651.56,5493.36,4964.65,58.95,TQQQ_30,Overbought trim active,5773.58,57.74,218.27,1803.68
2017-05-22,TQQQ_100,1.0,15903.11,0.0,3968.5178,0.0,5699.4,5499.63,4969.67,63.74,TQQQ_100,"Bull trend confirmed: Price > SMA50 & SMA250, RSI 63.7",5903.11,59.03,220.96,1853.02
2017-05-23,TQQQ_100,1.0,15942.34,0.0,3968.5178,0.0,5703.35,5505.8,4974.58,64.11,TQQQ_100,"Bull trend confirmed: Price > SMA50 & SMA250, RSI 64.1",5942.34,59.42,221.18,1857.84
2017-05-24,TQQQ_100,1.0,16162.06,0.0,3968.5178,0.0,5730.3,5512.77,4979.55,66.63,TQQQ_100,"Bull trend confirmed: Price > SMA50 & SMA250, RSI 66.6",6162.06,61.62,222.7,1884.83
2017-05-25,TQQQ_100,1.0,16587.38,0.0,3968.5178,0.0,5778.37,5520.01,4984.61,70.59,TQQQ_100,"Bull trend confirmed: Price > SMA50 & SMA250, RSI 70.6",6587.38,65.87,225.41,1937.06
2017-05-26,TQQQ_100,1.0,16658.0,0.0,3968.5178,0.0,5788.36,5527.54,4989.67,71.35,TQQQ_100,"Bull trend confirmed: Price > SMA50 & SMA250, RSI 71.4",6658.0,66.58,225.97,1945.73
2017-05-30,TQQQ_100,1.0,16692.53,0.0,3968.5178,0.0,5794.63,5535.25,4994.77,71.84,TQQQ_100,"Bull trend confirmed: Price > SMA50 & SMA250, RSI 71.8",6692.53,66.93,226.32,1949.97
2017-05-31,TQQQ_50,0.5,16672.12,8336.06,1984.2589,0.0,5788.8,5542.76,4999.8,70.63,TQQQ_50,Bearish RSI divergence,6672.12,66.72,225.99,1947.47
2017-06-01,TQQQ_50,0.5,16772.81,8337.09,1984.2589,0.0,5816.51,5552.44,5005.02,72.97,TQQQ_50,Bearish RSI divergence,6772.81,67.73,227.55,1971.94
2017-06-02,TQQQ_30,0.3,17061.83,11943.28,1164.2433,0.0,5881.46,5562.72,5010.46,77.5,TQQQ_30,Overbought: RSI 77.5 >= 75,7061.83,70.62,231.21,2042.68
2017-06-05,TQQQ_30,0.3,17062.11,11947.7,1164.2433,0.0,5878.12,5573.18,5015.92,76.79,TQQQ_30,Overbought: RSI 76.8 >= 75,7062.11,70.62,231.02,2040.94
2017-06-06,TQQQ_30,0.3,17005.57,11949.17,1164.2433,0.0,5856.77,5583.04,5021.26,72.22,TQQQ_30,Overbought trim active,7005.57,70.06,229.82,2016.66
2017-06-07,TQQQ_30,0.3,17062.29,11950.65,1164.2433,0.0,5877.59,5593.1,5026.72,73.85,TQQQ_30,Overbought trim active,7062.29,70.62,230.99,2039.79
2017-06-08,TQQQ_30,0.3,17077.58,11952.12,1164.2433,0.0,5885.3,5602.66,5032.42,74.45,TQQQ_30,Overbought trim active,7077.58,70.78,231.43,2045.57
2017-06-09,TQQQ_30,0.3,16708.41,11953.59,1164.2433,0.0,5741.94,5608.9,5037.69,51.03,TQQQ_30,Overbought trim active,6708.41,67.08,223.35,1890.42
2017-06-12,TQQQ_30,0.3,16626.73,11958.02,1164.2433,0.0,5708.18,5614.27,5042.83,47.25,TQQQ_30,Overbought trim active,6626.73,66.27,221.45,1854.37
2017-06-13,TQQQ_30,0.3,16737.32,11959.49,1164.2433,0.0,5751.82,5620.58,5048.2,52.17,TQQQ_30,Overbought trim active,6737.32,67.37,223.91,1900.05
2017-06-14,TQQQ_30,0.3,16674.8,11960.96,1164.2433,0.0,5727.07,5626.47,5053.41,49.36,TQQQ_30,Overbought trim active,6674.8,66.75,222.52,1873.26
2017-06-15,TQQQ_30,0.3,16612.74,11962.44,1164.2433,0.0,5700.89,5631.68,5058.71,46.51,TQQQ_30,Overbought trim active,6612.74,66.13,221.04,1846.66
2017-06-16,TQQQ_30,0.3,16558.5,11963.91,1164.2433,0.0,5681.48,5636.94,5063.84,44.45,TQQQ_30,Overbought trim active,6558.5,65.59,219.95,1823.34
2017-06-19,TQQQ_30,0.3,16785.31,11968.34,1164.2433,0.0,5772.22,5643.97,5069.27,54.55,TQQQ_30,Overbought trim active,6785.31,67.85,225.06,1916.44
2017-06-20,TQQQ_30,0.3,16677.66,11969.81,1164.2433,0.0,5726.31,5650.13,5074.56,49.64,TQQQ_30,Overbought trim active,6677.66,66.78,222.47,1870.76
2017-06-21,TQQQ_30,0.3,16815.89,11971.29,1164.2433,0.0,5782.39,5657.34,5079.82,54.98,TQQQ_30,Overbought trim active,6815.89,68.16,225.63,1928.0
2017-06-22,TQQQ_30,0.3,16811.84,11972.77,1164.2433,0.0,5779.87,5664.97,5085.8,54.7,TQQQ_30,Overbought trim active,6811.84,68.12,225.49,1925.69
2017-06-23,TQQQ_30,0.3,16867.64,11974.24,1164.2433,0.0,5803.11,5673.49,5092.2,56.88,TQQQ_30,Overbought trim active,6867.64,68.68,226.8,1948.43
2017-06-26,TQQQ_30,0.3,16807.15,11978.67,1164.2433,0.0,5777.59,5681.97,5098.15,53.81,TQQQ_30,Overbought trim active,6807.15,68.07,225.36,1921.25
2017-06-27,CASH,0.0,16542.96,16542.96,0.0,0.0,5671.6,5687.42,5103.38,43.35,CASH,Clean exit: NDX 5671.6 broke below SMA50 (5687.4),6542.96,65.43,219.39,1810.04
2017-06-28,TQQQ_100,1.0,16545.0,0.0,4051.532,0.0,5753.03,5694.65,5108.72,51.2,TQQQ_100,"Bull trend confirmed: Price > SMA50 & SMA250, RSI 51.2",6545.0,65.45,223.98,1890.22
2017-06-29,CASH,0.0,15702.21,15702.21,0.0,0.0,5653.02,5699.72,5113.58,43.27,CASH,Clean exit: NDX 5653.0 broke below SMA50 (5699.7),5702.21,57.02,218.35,1788.84
2017-06-30,CASH,0.0,15704.15,15704.15,0.0,0.0,5646.92,5703.79,5118.53,42.83,CASH,Clean exit: NDX 5646.9 broke below SMA50 (5703.8),5704.15,57.04,218.0,1782.29
2017-07-03,CASH,0.0,15709.96,15709.96,0.0,0.0,5596.96,5706.88,5123.14,39.34,CASH,Clean exit: NDX 5597.0 broke below SMA50 (5706.9),5709.96,57.1,215.19,1731.02
2017-07-05,CASH,0.0,15713.83,15713.83,0.0,0.0,5648.82,5709.7,5127.9,44.41,CASH,Clean exit: NDX 5648.8 broke below SMA50 (5709.7),5713.83,57.14,218.11,1783.25
2017-07-06,CASH,0.0,15715.77,15715.77,0.0,0.0,5597.9,5710.69,5132.17,40.8,CASH,Clean exit: NDX 5597.9 broke below SMA50 (5710.7),5715.77,57.16,215.24,1733.53
2017-07-07,CASH,0.0,15717.71,15717.71,0.0,0.0,5656.47,5713.0,5136.58,46.21,CASH,Clean exit: NDX 5656.5 broke below SMA50 (5713.0),5717.71,57.18,218.54,1788.46
2017-07-10,CASH,0.0,15723.52,15723.52,0.0,0.0,5694.15,5715.46,5141.05,49.42,CASH,Clean exit: NDX 5694.1 broke below SMA50 (5715.5),5723.52,57.24,220.66,1827.97
2017-07-11,CASH,0.0,15725.46,15725.46,0.0,0.0,5709.8,5717.98,5145.62,50.73,CASH,Clean exit: NDX 5709.8 broke below SMA50 (5718.0),5725.46,57.25,221.54,1843.77
2017-07-12,TQQQ_100,1.0,15727.4,0.0,3807.8025,0.0,5778.95,5720.97,5150.35,56.14,TQQQ_100,"Bull trend confirmed: Price > SMA50 & SMA250, RSI 56.1",5727.4,57.27,225.44,1912.97
2017-07-13,TQQQ_100,1.0,15831.3,0.0,3807.8025,0.0,5793.36,5723.96,5155.17,57.2,TQQQ_100,"Bull trend confirmed: Price > SMA50 & SMA250, RSI 57.2",5831.3,58.31,226.25,1926.26
2017-07-14,TQQQ_100,1.0,16203.26,0.0,3807.8025,0.0,5838.08,5728.21,5160.04,60.39,TQQQ_100,"Bull trend confirmed: Price > SMA50 & SMA250, RSI 60.4",6203.26,62.03,228.77,1973.87
2017-07-17,TQQQ_100,1.0,16212.29,0.0,3807.8025,0.0,5839.74,5732.48,5164.99,60.5,TQQQ_100,"Bull trend confirmed: Price > SMA50 & SMA250, RSI 60.5",6212.29,62.12,228.86,1975.03
2017-07-18,TQQQ_100,1.0,16534.55,0.0,3807.8025,0.0,5880.1,5737.16,5169.88,63.35,TQQQ_100,"Bull trend confirmed: Price > SMA50 & SMA250, RSI 63.4",6534.55,65.35,231.14,2016.27
2017-07-19,TQQQ_100,1.0,16837.23,0.0,3807.8025,0.0,5916.16,5742.3,5174.95,65.73,TQQQ_100,"Bull trend confirmed: Price > SMA50 & SMA250, RSI 65.7",6837.23,68.37,233.17,2055.01
2017-07-20,TQQQ_100,1.0,16900.48,0.0,3807.8025,0.0,5921.22,5747.16,5179.97,66.06,TQQQ_100,"Bull trend confirmed: Price > SMA50 & SMA250, RSI 66.1",6900.48,69.0,233.45,2063.11
2017-07-21,TQQQ_100,1.0,16874.88,0.0,3807.8025,0.0,5921.53,5751.96,5185.0,66.08,TQQQ_100,"Bull trend confirmed: Price > SMA50 & SMA250, RSI 66.1",6874.88,68.75,233.47,2059.83
2017-07-24,TQQQ_100,1.0,17094.74,0.0,3807.8025,0.0,5941.37,5757.3,5190.07,67.52,TQQQ_100,"Bull trend confirmed: Price > SMA50 & SMA250, RSI 67.5",7094.74,70.95,234.59,2087.97
2017-07-25,TQQQ_100,1.0,16980.29,0.0,3807.8025,0.0,5930.65,5762.18,5194.99,65.9,TQQQ_100,"Bull trend confirmed: Price > SMA50 & SMA250, RSI 65.9",6980.29,69.8,233.98,2073.32
2017-07-26,TQQQ_100,1.0,17132.38,0.0,3807.8025,0.0,5950.73,5767.1,5199.9,67.47,TQQQ_100,"Bull trend confirmed: Price > SMA50 & SMA250, RSI 67.5",7132.38,71.32,235.11,2092.79
2017-07-27,TQQQ_100,1.0,16826.69,0.0,3807.8025,0.0,5917.03,5770.96,5204.65,62.27,TQQQ_100,"Bull trend confirmed: Price > SMA50 & SMA250, RSI 62.3",6826.69,68.27,233.21,2053.66
2017-07-28,TQQQ_100,1.0,16772.48,0.0,3807.8025,0.0,5908.92,5777.52,5209.26,61.05,TQQQ_100,"Bull trend confirmed: Price > SMA50 & SMA250, RSI 61.1",6772.48,67.72,232.76,2046.73
2017-07-31,TQQQ_100,1.0,16554.13,0.0,3807.8025,0.0,5880.33,5782.6,5213.91,56.83,TQQQ_100,"Bull trend confirmed: Price > SMA50 & SMA250, RSI 56.8",6554.13,65.54,231.15,2018.78
2017-08-01,TQQQ_100,1.0,16662.55,0.0,3807.8025,0.0,5895.17,5787.48,5218.55,58.44,TQQQ_100,"Bull trend confirmed: Price > SMA50 & SMA250, RSI 58.4",6662.55,66.63,231.98,2032.66
2017-08-02,TQQQ_100,1.0,16784.53,0.0,3807.8025,0.0,5914.23,5791.77,5223.23,60.47,TQQQ_100,"Bull trend confirmed: Price > SMA50 & SMA250, RSI 60.5",6784.53,67.85,233.06,2048.27
2017-08-03,TQQQ_100,1.0,16609.84,0.0,3807.8025,0.0,5891.2,5795.53,5227.63,56.85,TQQQ_100,"Bull trend confirmed: Price > SMA50 & SMA250, RSI 56.9",6609.84,66.1,231.76,2025.91
2017-08-04,TQQQ_100,1.0,16674.59,0.0,3807.8025,0.0,5899.91,5798.92,5232.09,57.88,TQQQ_100,"Bull trend confirmed: Price > SMA50 & SMA250, RSI 57.9",6674.59,66.75,232.25,2034.2
2017-08-07,TQQQ_50,0.5,16969.75,8484.87,1903.9013,0.0,5934.73,5802.05,5236.65,61.8,TQQQ_50,Bearish RSI divergence,6969.75,69.7,234.21,2071.98
2017-08-08,TQQQ_50,0.5,16939.17,8485.92,1903.9013,0.0,5926.35,5804.81,5241.22,60.34,TQQQ_50,Bearish RSI divergence,6939.17,69.39,233.74,2063.88
2017-08-09,TQQQ_100,1.0,16907.09,0.0,3822.9172,0.0,5919.39,5807.3,5245.68,59.1,TQQQ_100,"Bull trend confirmed: Price > SMA50 & SMA250, RSI 59.1",6907.09,69.07,233.35,2055.4
2017-08-10,CASH,0.0,15809.48,15809.48,0.0,0.0,5788.19,5807.29,5249.61,41.66,CASH,Clean exit: NDX 5788.2 broke below SMA50 (5807.3),5809.48,58.09,225.96,1915.47
2017-08-11,CASH,0.0,15811.43,15811.43,0.0,0.0,5831.53,5807.59,5253.63,47.2,CASH,1% confirmation buffer: NDX 5831.5 <= threshold (5865.7),5811.43,58.11,228.4,1961.54
2017-08-14,TQQQ_100,1.0,15817.27,0.0,3599.3481,0.0,5908.17,5808.13,5258.07,55.29,TQQQ_100,"Bull trend confirmed: Price > SMA50 & SMA250, RSI 55.3",5817.27,58.17,232.72,2041.72
2017-08-15,TQQQ_100,1.0,15845.74,0.0,3599.3481,0.0,5907.73,5808.72,5262.48,55.24,TQQQ_100,"Bull trend confirmed: Price > SMA50 & SMA250, RSI 55.2",5845.74,58.46,232.69,2045.57
2017-08-16,TQQQ_100,1.0,15928.31,0.0,3599.3481,0.0,5917.42,5809.93,5266.91,56.22,TQQQ_100,"Bull trend confirmed: Price > SMA50 & SMA250, RSI 56.2",5928.31,59.28,233.24,2056.75
2017-08-17,CASH,0.0,14948.97,14948.97,0.0,0.0,5796.32,5808.31,5270.87,43.4,CASH,Clean exit: NDX 5796.3 broke below SMA50 (5808.3),4948.97,49.49,226.42,1924.14
2017-08-18,CASH,0.0,14950.82,14950.82,0.0,0.0,5790.91,5806.42,5274.8,42.93,CASH,Clean exit: NDX 5790.9 broke below SMA50 (5806.4),4950.82,49.51,226.11,1917.01
2017-08-21,CASH,0.0,14956.35,14956.35,0.0,0.0,5786.54,5807.31,5278.68,42.53,CASH,Clean exit: NDX 5786.5 broke below SMA50 (5807.3),4956.35,49.56,225.87,1913.35
2017-08-22,TQQQ_100,1.0,14958.19,0.0,3466.5621,0.0,5873.33,5810.61,5283.04,52.11,TQQQ_100,"Bull trend confirmed: Price > SMA50 & SMA250, RSI 52.1",4958.19,49.58,230.75,2002.97
2017-08-23,TQQQ_100,1.0,14790.94,0.0,3466.5621,0.0,5851.78,5812.61,5287.34,49.88,TQQQ_100,"Bull trend confirmed: Price > SMA50 & SMA250, RSI 49.9",4790.94,47.91,229.54,1979.46
2017-08-24,TQQQ_100,1.0,14667.56,0.0,3466.5621,0.0,5834.44,5814.76,5291.54,48.11,TQQQ_100,"Bull trend confirmed: Price > SMA50 & SMA250, RSI 48.1",4667.56,46.68,228.56,1962.11
2017-08-25,TQQQ_100,1.0,14568.85,0.0,3466.5621,0.0,5822.53,5817.19,5295.67,46.87,TQQQ_100,"Bull trend confirmed: Price > SMA50 & SMA250, RSI 46.9",4568.85,45.69,227.89,1948.24
2017-08-28,TQQQ_100,1.0,14696.35,0.0,3466.5621,0.0,5838.08,5820.33,5299.92,48.72,TQQQ_100,"Bull trend confirmed: Price > SMA50 & SMA250, RSI 48.7",4696.35,46.96,228.77,1966.16
2017-08-29,TQQQ_100,1.0,14877.31,0.0,3466.5621,0.0,5862.14,5822.12,5304.28,51.54,TQQQ_100,"Bull trend confirmed: Price > SMA50 & SMA250, RSI 51.5",4877.31,48.77,230.12,1991.6
2017-08-30,TQQQ_100,1.0,15392.78,0.0,3466.5621,0.0,5932.9,5826.26,5308.88,58.72,TQQQ_100,"Bull trend confirmed: Price > SMA50 & SMA250, RSI 58.7",5392.78,53.93,234.11,2064.07
2017-08-31,TQQQ_100,1.0,15830.1,0.0,3466.5621,0.0,5988.6,5830.38,5313.64,63.32,TQQQ_100,"Bull trend confirmed: Price > SMA50 & SMA250, RSI 63.3",5830.1,58.3,237.25,2125.56
2017-09-01,TQQQ_100,1.0,15819.14,0.0,3466.5621,0.0,5987.9,5834.54,5318.27,63.23,TQQQ_100,"Bull trend confirmed: Price > SMA50 & SMA250, RSI 63.2",5819.14,58.19,237.21,2124.02
2017-09-05,TQQQ_100,1.0,15395.52,0.0,3466.5621,0.0,5932.73,5837.13,5322.67,56.05,TQQQ_100,"Bull trend confirmed: Price > SMA50 & SMA250, RSI 56.1",5395.52,53.96,234.1,2064.46
2017-09-06,TQQQ_100,1.0,15528.5,0.0,3466.5621,0.0,5951.13,5840.6,5327.26,57.78,TQQQ_100,"Bull trend confirmed: Price > SMA50 & SMA250, RSI 57.8",5528.5,55.28,235.14,2083.15
2017-09-07,TQQQ_100,1.0,15624.46,0.0,3466.5621,0.0,5964.31,5846.46,5332.39,59.01,TQQQ_100,"Bull trend confirmed: Price > SMA50 & SMA250, RSI 59.0",5624.46,56.24,235.88,2096.65
2017-09-08,TQQQ_100,1.0,15239.23,0.0,3466.5621,0.0,5913.37,5849.66,5336.99,52.59,TQQQ_100,"Bull trend confirmed: Price > SMA50 & SMA250, RSI 52.6",5239.23,52.39,233.01,2042.49
2017-09-11,TQQQ_100,1.0,15724.55,0.0,3466.5621,0.0,5980.53,5856.21,5342.02,58.94,TQQQ_100,"Bull trend confirmed: Price > SMA50 & SMA250, RSI 58.9",5724.55,57.25,236.79,2110.72
2017-09-12,TQQQ_100,1.0,15857.52,0.0,3466.5621,0.0,5995.64,5863.19,5347.02,60.23,TQQQ_100,"Bull trend confirmed: Price > SMA50 & SMA250, RSI 60.2",5857.52,58.58,237.64,2129.41
2017-09-13,TQQQ_100,1.0,15923.32,0.0,3466.5621,0.0,6004.38,5871.34,5351.76,60.99,TQQQ_100,"Bull trend confirmed: Price > SMA50 & SMA250, RSI 61.0",5923.32,59.23,238.13,2138.66
2017-09-14,TQQQ_100,1.0,15654.62,0.0,3466.5621,0.0,5968.82,5877.74,5356.36,56.26,TQQQ_100,"Bull trend confirmed: Price > SMA50 & SMA250, RSI 56.3",5654.62,56.55,236.13,2100.89
2017-09-15,TQQQ_50,0.5,15780.75,7890.37,1733.2811,0.0,5988.0,5885.54,5361.13,58.14,TQQQ_50,Bearish RSI divergence,5780.75,57.81,237.21,2118.62
2017-09-18,TQQQ_50,0.5,15764.48,7893.29,1733.2811,0.0,5981.12,5892.03,5365.83,57.19,TQQQ_50,Bearish RSI divergence,5764.48,57.64,236.82,2113.22
2017-09-19,TQQQ_50,0.5,15799.03,7894.27,1733.2811,0.0,5991.08,5897.97,5370.38,58.26,TQQQ_50,Bearish RSI divergence,5799.03,57.99,237.38,2122.67
2017-09-20,TQQQ_50,0.5,15734.2,7895.24,1733.2811,0.0,5973.61,5903.25,5374.71,55.64,TQQQ_50,Bearish RSI divergence,5734.2,57.34,236.4,2104.16
2017-09-21,TQQQ_50,0.5,15584.38,7896.21,1733.2811,0.0,5934.91,5906.37,5379.01,50.26,TQQQ_50,Bearish RSI divergence,5584.38,55.84,234.22,2061.76
2017-09-22,TQQQ_50,0.5,15566.16,7897.19,1733.2811,0.0,5932.32,5909.15,5383.47,49.91,TQQQ_50,Bearish RSI divergence,5566.16,55.66,234.08,2056.36
2017-09-25,CASH,0.0,15328.48,15328.48,0.0,0.0,5867.35,5909.73,5387.48,42.04,CASH,Clean exit: NDX 5867.4 broke below SMA50 (5909.7),5328.48,53.28,230.42,1988.71
2017-09-26,CASH,0.0,15330.37,15330.37,0.0,0.0,5881.34,5910.56,5391.5,44.09,CASH,Clean exit: NDX 5881.3 broke below SMA50 (5910.6),5330.37,53.3,231.21,2002.97
2017-09-27,CASH,0.0,15332.26,15332.26,0.0,0.0,5937.79,5911.72,5395.9,51.52,CASH,1% confirmation buffer: NDX 5937.8 <= threshold (5970.8),5332.26,53.32,234.38,2060.03
2017-09-28,CASH,0.0,15334.15,15334.15,0.0,0.0,5933.07,5912.06,5400.13,50.91,CASH,1% confirmation buffer: NDX 5933.1 <= threshold (5971.2),5334.15,53.34,234.12,2056.36
2017-09-29,TQQQ_100,1.0,15336.04,0.0,3394.2308,0.0,5979.3,5913.22,5404.58,56.35,TQQQ_100,"Bull trend confirmed: Price > SMA50 & SMA250, RSI 56.3",5336.04,53.36,236.72,2102.04
2017-10-02,TQQQ_100,1.0,15378.99,0.0,3394.2308,0.0,5981.92,5914.42,5409.07,56.64,TQQQ_100,"Bull trend confirmed: Price > SMA50 & SMA250, RSI 56.6",5378.99,53.79,236.87,2108.21
2017-10-03,TQQQ_100,1.0,15475.64,0.0,3394.2308,0.0,5995.06,5915.5,5413.54,58.16,TQQQ_100,"Bull trend confirmed: Price > SMA50 & SMA250, RSI 58.2",5475.64,54.76,237.61,2122.09
2017-10-04,TQQQ_100,1.0,15515.91,0.0,3394.2308,0.0,5998.84,5916.86,5418.04,58.61,TQQQ_100,"Bull trend confirmed: Price > SMA50 & SMA250, RSI 58.6",5515.91,55.16,237.82,2127.87
2017-10-05,TQQQ_100,1.0,15962.9,0.0,3394.2308,0.0,6057.14,5918.99,5422.81,64.87,TQQQ_100,"Bull trend confirmed: Price > SMA50 & SMA250, RSI 64.9",5962.9,59.63,241.11,2192.05
2017-10-06,TQQQ_100,1.0,16020.62,0.0,3394.2308,0.0,6064.57,5921.94,5427.49,65.59,TQQQ_100,"Bull trend confirmed: Price > SMA50 & SMA250, RSI 65.6",6020.62,60.21,241.52,2200.34
2017-10-09,TQQQ_100,1.0,15980.35,0.0,3394.2308,0.0,6058.53,5924.93,5432.44,64.44,TQQQ_100,"Bull trend confirmed: Price > SMA50 & SMA250, RSI 64.4",5980.35,59.8,241.18,2194.56
2017-10-10,TQQQ_100,1.0,16013.91,0.0,3394.2308,0.0,6063.52,5928.6,5437.41,64.99,TQQQ_100,"Bull trend confirmed: Price > SMA50 & SMA250, RSI 65.0",6013.91,60.14,241.46,2199.38
2017-10-11,TQQQ_100,1.0,16153.52,0.0,3394.2308,0.0,6081.25,5932.32,5442.53,66.93,TQQQ_100,"Bull trend confirmed: Price > SMA50 & SMA250, RSI 66.9",6153.52,61.54,242.46,2219.42
2017-10-12,TQQQ_100,1.0,16066.26,0.0,3394.2308,0.0,6069.99,5935.43,5447.57,64.48,TQQQ_100,"Bull trend confirmed: Price > SMA50 & SMA250, RSI 64.5",6066.26,60.66,241.83,2206.89
2017-10-13,TQQQ_100,1.0,16246.13,0.0,3394.2308,0.0,6092.45,5939.46,5452.76,67.07,TQQQ_100,"Bull trend confirmed: Price > SMA50 & SMA250, RSI 67.1",6246.13,62.46,243.09,2232.72
2017-10-16,TQQQ_100,1.0,16413.92,0.0,3394.2308,0.0,6114.53,5943.75,5457.86,69.42,TQQQ_100,"Bull trend confirmed: Price > SMA50 & SMA250, RSI 69.4",6413.92,64.14,244.34,2256.81
2017-10-17,TQQQ_100,1.0,16471.64,0.0,3394.2308,0.0,6122.61,5947.51,5463.0,70.26,TQQQ_100,"Bull trend confirmed: Price > SMA50 & SMA250, RSI 70.3",6471.64,64.72,244.79,2265.1
2017-10-18,TQQQ_100,1.0,16408.55,0.0,3394.2308,0.0,6114.35,5951.27,5468.13,68.2,TQQQ_100,"Bull trend confirmed: Price > SMA50 & SMA250, RSI 68.2",6408.55,64.09,244.33,2256.04
2017-10-19,TQQQ_100,1.0,16227.34,0.0,3394.2308,0.0,6092.62,5954.73,5473.09,62.98,TQQQ_100,"Bull trend confirmed: Price > SMA50 & SMA250, RSI 63.0",6227.34,62.27,243.1,2230.02
2017-10-20,TQQQ_100,1.0,16345.47,0.0,3394.2308,0.0,6108.82,5961.15,5477.88,65.12,TQQQ_100,"Bull trend confirmed: Price > SMA50 & SMA250, RSI 65.1",6345.47,63.45,244.02,2246.98
2017-10-23,TQQQ_100,1.0,16040.76,0.0,3394.2308,0.0,6067.83,5965.87,5482.59,56.24,TQQQ_100,"Bull trend confirmed: Price > SMA50 & SMA250, RSI 56.2",6040.76,60.41,241.71,2203.23
2017-10-24,TQQQ_100,1.0,16122.64,0.0,3394.2308,0.0,6080.22,5969.31,5487.47,58.1,TQQQ_100,"Bull trend confirmed: Price > SMA50 & SMA250, RSI 58.1",6122.64,61.23,242.4,2214.99
2017-10-25,TQQQ_100,1.0,15926.66,0.0,3394.2308,0.0,6055.04,5972.26,5492.34,53.16,TQQQ_100,"Bull trend confirmed: Price > SMA50 & SMA250, RSI 53.2",5926.66,59.27,240.99,2186.85
2017-10-26,TQQQ_100,1.0,15779.01,0.0,3394.2308,0.0,6037.87,5974.67,5497.27,50.03,TQQQ_100,"Bull trend confirmed: Price > SMA50 & SMA250, RSI 50.0",5779.01,57.79,240.02,2165.65
2017-10-27,TQQQ_100,1.0,17138.78,0.0,3394.2308,0.0,6213.47,5983.01,5502.92,69.68,TQQQ_100,"Bull trend confirmed: Price > SMA50 & SMA250, RSI 69.7",7138.78,71.39,249.91,2360.89
2017-10-30,TQQQ_100,1.0,17260.93,0.0,3394.2308,0.0,6227.59,5991.75,5508.76,70.67,TQQQ_100,"Bull trend confirmed: Price > SMA50 & SMA250, RSI 70.7",7260.93,72.61,250.7,2378.43
2017-10-31,TQQQ_100,1.0,17443.48,0.0,3394.2308,0.0,6248.56,6000.99,5514.85,72.14,TQQQ_100,"Bull trend confirmed: Price > SMA50 & SMA250, RSI 72.1",7443.48,74.43,251.88,2404.64
2017-11-01,TQQQ_100,1.0,17420.66,0.0,3394.2308,0.0,6248.65,6008.49,5521.13,72.15,TQQQ_100,"Bull trend confirmed: Price > SMA50 & SMA250, RSI 72.1",7420.66,74.21,251.89,2401.37
2017-11-02,TQQQ_100,1.0,17332.07,0.0,3394.2308,0.0,6236.39,6016.18,5527.43,69.78,TQQQ_100,"Bull trend confirmed: Price > SMA50 & SMA250, RSI 69.8",7332.07,73.32,251.2,2388.65
2017-11-03,TQQQ_100,1.0,17815.31,0.0,3394.2308,0.0,6295.58,6025.41,5533.52,74.18,TQQQ_100,"Bull trend confirmed: Price > SMA50 & SMA250, RSI 74.2",7815.31,78.15,254.53,2458.03
2017-11-06,TQQQ_30,0.3,17996.52,12597.56,1018.2692,0.0,6313.61,6035.23,5539.55,75.36,TQQQ_30,Overbought: RSI 75.4 >= 75,7996.52,79.97,255.55,2484.05
2017-11-07,TQQQ_30,0.3,18006.93,12599.12,1018.2692,0.0,6320.78,6044.88,5545.54,75.83,TQQQ_30,Overbought: RSI 75.8 >= 75,8006.93,80.07,255.95,2488.29
2017-11-08,TQQQ_30,0.3,18076.14,12600.67,1018.2692,0.0,6345.81,6054.56,5551.93,77.46,TQQQ_30,Overbought: RSI 77.5 >= 75,8076.14,80.76,257.36,2520.67
2017-11-09,TQQQ_30,0.3,17989.9,12602.22,1018.2692,0.0,6312.21,6062.14,5558.17,70.6,TQQQ_30,Overbought trim active,7989.9,79.9,255.47,2478.65
2017-11-10,TQQQ_30,0.3,17989.85,12603.78,1018.2692,0.0,6309.07,6068.55,5564.6,69.98,TQQQ_30,Overbought trim active,7989.85,79.9,255.29,2477.88
2017-11-13,TQQQ_30,0.3,18010.62,12608.44,1018.2692,0.0,6316.18,6075.12,5570.81,70.61,TQQQ_30,Overbought trim active,8010.62,80.11,255.69,2485.59
2017-11-14,TQQQ_30,0.3,17957.81,12609.99,1018.2692,0.0,6293.64,6082.34,5576.81,65.87,TQQQ_30,Overbought trim active,7957.81,79.58,254.42,2459.57
2017-11-15,TQQQ_30,0.3,17880.83,12611.55,1018.2692,0.0,6258.36,6088.48,5582.54,59.17,TQQQ_30,Overbought trim active,7880.83,78.81,252.44,2421.99
2017-11-16,TQQQ_100,1.0,18079.71,0.0,3367.7206,0.0,6339.14,6095.98,5588.66,67.36,TQQQ_100,"Bull trend confirmed: Price > SMA50 & SMA250, RSI 67.4",8079.71,80.8,256.99,2516.43
2017-11-17,TQQQ_100,1.0,17877.27,0.0,3367.7206,0.0,6314.51,6104.0,5594.49,63.2,TQQQ_100,"Bull trend confirmed: Price > SMA50 & SMA250, RSI 63.2",7877.27,78.77,255.6,2487.14
2017-11-20,TQQQ_100,1.0,17833.32,0.0,3367.7206,0.0,6308.61,6110.56,5600.23,62.2,TQQQ_100,"Bull trend confirmed: Price > SMA50 & SMA250, RSI 62.2",7833.32,78.33,255.27,2480.78
2017-11-21,TQQQ_100,1.0,18395.36,0.0,3367.7206,0.0,6378.63,6118.22,5606.32,68.51,TQQQ_100,"Bull trend confirmed: Price > SMA50 & SMA250, RSI 68.5",8395.36,83.95,259.21,2562.11
2017-11-22,TQQQ_50,0.5,18468.61,9234.3,1683.8603,0.0,6386.12,6125.86,5612.39,69.11,TQQQ_50,Bearish RSI divergence,8468.61,84.69,259.63,2572.71
2017-11-24,TQQQ_50,0.5,18574.77,9236.58,1683.8603,0.0,6409.29,6134.66,5618.6,70.94,TQQQ_50,Bearish RSI divergence,8574.77,85.75,260.94,2602.78
2017-11-27,TQQQ_50,0.5,18562.87,9240.0,1683.8603,0.0,6405.97,6143.02,5624.73,70.29,TQQQ_50,Bearish RSI divergence,8562.87,85.63,260.75,2598.35
2017-11-28,TQQQ_50,0.5,18632.6,9241.14,1683.8603,0.0,6422.56,6151.85,5631.18,71.67,TQQQ_50,Bearish RSI divergence,8632.6,86.33,261.68,2618.2
2017-11-29,TQQQ_50,0.5,18150.94,9242.27,1683.8603,0.0,6311.38,6158.26,5637.49,53.69,TQQQ_50,Bearish RSI divergence,8150.94,81.51,255.42,2478.46
2017-11-30,TQQQ_50,0.5,18373.17,9243.41,1683.8603,0.0,6365.56,6166.1,5643.99,59.08,TQQQ_50,Bearish RSI divergence,8373.17,83.73,258.47,2542.45
2017-12-01,TQQQ_50,0.5,18252.45,9244.55,1683.8603,0.0,6337.87,6174.16,5650.23,55.52,TQQQ_50,Bearish RSI divergence,8252.45,82.52,256.91,2507.18
2017-12-04,TQQQ_50,0.5,17944.88,9247.97,1683.8603,0.0,6263.7,6180.78,5656.13,47.31,TQQQ_50,Bearish RSI divergence,7944.88,79.45,252.74,2417.17
2017-12-05,TQQQ_50,0.5,17958.67,9249.11,1683.8603,0.0,6265.11,6188.74,5661.78,47.47,TQQQ_50,Bearish RSI divergence,7958.67,79.59,252.82,2420.83
2017-12-06,TQQQ_50,0.5,18075.02,9250.25,1683.8603,0.0,6293.05,6196.97,5667.52,50.65,TQQQ_50,Bearish RSI divergence,8075.02,80.75,254.39,2454.18
2017-12-07,TQQQ_100,1.0,18163.39,0.0,3431.8469,0.0,6316.28,6204.54,5673.2,53.19,TQQQ_100,"Bull trend confirmed: Price > SMA50 & SMA250, RSI 53.2",8163.39,81.63,255.7,2479.43
2017-12-08,TQQQ_100,1.0,18403.62,0.0,3431.8469,0.0,6344.57,6212.77,5679.08,56.14,TQQQ_100,"Bull trend confirmed: Price > SMA50 & SMA250, RSI 56.1",8403.62,84.04,257.29,2513.54
2017-12-11,TQQQ_100,1.0,18825.7,0.0,3431.8469,0.0,6393.89,6221.07,5684.91,60.79,TQQQ_100,"Bull trend confirmed: Price > SMA50 & SMA250, RSI 60.8",8825.7,88.26,260.07,2573.48
2017-12-12,TQQQ_100,1.0,18755.14,0.0,3431.8469,0.0,6383.65,6229.1,5690.76,59.38,TQQQ_100,"Bull trend confirmed: Price > SMA50 & SMA250, RSI 59.4",8755.14,87.55,259.49,2563.46
2017-12-13,TQQQ_100,1.0,18848.78,0.0,3431.8469,0.0,6394.67,6237.09,5696.61,60.45,TQQQ_100,"Bull trend confirmed: Price > SMA50 & SMA250, RSI 60.4",8848.78,88.49,260.11,2576.76
2017-12-14,TQQQ_100,1.0,18821.63,0.0,3431.8469,0.0,6389.91,6244.91,5702.51,59.72,TQQQ_100,"Bull trend confirmed: Price > SMA50 & SMA250, RSI 59.7",8821.63,88.22,259.84,2572.9
2017-12-15,TQQQ_50,0.5,19433.73,9716.87,1715.9234,0.0,6466.32,6253.1,5708.63,66.65,TQQQ_50,Bearish RSI divergence,9433.73,94.34,264.15,2659.83
2017-12-18,TQQQ_50,0.5,19687.05,9720.46,1715.9234,0.0,6513.27,6262.07,5714.87,70.05,TQQQ_50,Bearish RSI divergence,9687.05,96.87,266.79,2730.76
2017-12-19,TQQQ_50,0.5,19526.06,9721.66,1715.9234,0.0,6480.67,6270.51,5721.0,65.08,TQQQ_50,Bearish RSI divergence,9526.06,95.26,264.96,2684.69
2017-12-20,TQQQ_50,0.5,19486.55,9722.86,1715.9234,0.0,6472.48,6278.69,5727.15,63.86,TQQQ_50,Bearish RSI divergence,9486.55,94.87,264.49,2673.13
2017-12-21,TQQQ_50,0.5,19482.99,9724.06,1715.9234,0.0,6472.69,6286.52,5733.28,63.87,TQQQ_50,Bearish RSI divergence,9482.99,94.83,264.51,2671.78
2017-12-22,TQQQ_50,0.5,19451.62,9725.25,1715.9234,0.0,6465.17,6294.43,5739.28,62.62,TQQQ_50,Bearish RSI divergence,9451.62,94.52,264.08,2662.53
2017-12-26,TQQQ_50,0.5,19298.98,9730.05,1715.9234,0.0,6433.16,6301.24,5745.31,57.44,TQQQ_50,Bearish RSI divergence,9298.98,92.99,262.28,2617.81
2017-12-27,TQQQ_100,1.0,19300.18,0.0,3460.9543,0.0,6435.15,6307.65,5751.37,57.68,TQQQ_100,"Bull trend confirmed: Price > SMA50 & SMA250, RSI 57.7",9300.18,93.0,262.39,2617.81
2017-12-28,TQQQ_100,1.0,19352.19,0.0,3460.9543,0.0,6441.42,6314.03,5757.68,58.45,TQQQ_100,"Bull trend confirmed: Price > SMA50 & SMA250, RSI 58.5",9352.19,93.52,262.75,2625.14
2017-12-29,TQQQ_100,1.0,18986.74,0.0,3460.9543,0.0,6396.42,6319.67,5763.62,51.2,TQQQ_100,"Bull trend confirmed: Price > SMA50 & SMA250, RSI 51.2",8986.74,89.87,260.21,2573.67
2018-01-02,TQQQ_100,1.0,19961.27,0.0,3460.9543,0.0,6511.34,6328.04,5769.92,63.62,TQQQ_100,"Bull trend confirmed: Price > SMA50 & SMA250, RSI 63.6",9961.27,99.61,266.68,2710.91
2018-01-03,TQQQ_50,0.5,20545.7,10272.85,1730.4772,0.0,6575.8,6337.38,5776.36,68.46,TQQQ_50,Bearish RSI divergence,10545.7,105.46,270.31,2793.2
2018-01-04,TQQQ_50,0.5,20607.19,10274.12,1730.4772,0.0,6584.58,6347.72,5782.67,69.07,TQQQ_50,Bearish RSI divergence,10607.19,106.07,270.81,2810.17
2018-01-05,TQQQ_100,1.0,20920.53,0.0,3400.8465,0.0,6653.29,6359.18,5789.19,73.37,TQQQ_100,"Bull trend confirmed: Price > SMA50 & SMA250, RSI 73.4",10920.53,109.21,274.68,2898.05
2018-01-08,TQQQ_100,1.0,21153.2,0.0,3400.8465,0.0,6676.63,6371.61,5795.75,74.66,TQQQ_100,"Bull trend confirmed: Price > SMA50 & SMA250, RSI 74.7",11153.2,111.53,275.99,2931.4
2018-01-09,TQQQ_100,1.0,21169.34,0.0,3400.8465,0.0,6677.94,6384.41,5802.27,74.73,TQQQ_100,"Bull trend confirmed: Price > SMA50 & SMA250, RSI 74.7",11169.34,111.69,276.07,2933.71
2018-01-10,TQQQ_100,1.0,21018.7,0.0,3400.8465,0.0,6662.66,6393.4,5808.75,72.09,TQQQ_100,"Bull trend confirmed: Price > SMA50 & SMA250, RSI 72.1",11018.7,110.19,275.2,2912.12
2018-01-11,TQQQ_100,1.0,21439.67,0.0,3400.8465,0.0,6708.49,6403.02,5815.35,74.95,TQQQ_100,"Bull trend confirmed: Price > SMA50 & SMA250, RSI 75.0",11439.67,114.4,277.79,2972.45
2018-01-12,TQQQ_30,0.3,21894.26,15325.99,1020.2539,0.0,6758.54,6413.22,5822.2,77.65,TQQQ_30,Overbought: RSI 77.6 >= 75,11894.26,118.94,280.6,3037.6
2018-01-16,TQQQ_30,0.3,21850.98,15333.54,1020.2539,0.0,6737.14,6422.99,5828.93,73.98,TQQQ_30,Overbought trim active,11850.98,118.51,279.4,3013.31
2018-01-17,TQQQ_30,0.3,22058.25,15335.43,1020.2539,0.0,6810.28,6434.46,5835.96,77.83,TQQQ_30,Overbought: RSI 77.8 >= 75,12058.25,120.58,283.52,3111.42
2018-01-18,TQQQ_30,0.3,22066.59,15337.32,1020.2539,0.0,6811.38,6444.78,5842.96,77.89,TQQQ_30,Overbought: RSI 77.9 >= 75,12066.59,120.67,283.58,3114.5
2018-01-19,TQQQ_30,0.3,22133.04,15339.22,1020.2539,0.0,6834.33,6455.19,5850.03,79.01,TQQQ_30,Overbought: RSI 79.0 >= 75,12133.04,121.33,284.87,3145.34
2018-01-22,TQQQ_30,0.3,22350.95,15344.89,1020.2539,0.0,6906.28,6466.9,5857.25,82.1,TQQQ_30,Overbought: RSI 82.1 >= 75,12350.95,123.51,288.92,3246.72
2018-01-23,TQQQ_30,0.3,22530.37,15346.78,1020.2539,0.0,6963.46,6479.26,5864.5,84.1,TQQQ_30,Overbought: RSI 84.1 >= 75,12530.37,125.3,292.14,3331.52
2018-01-24,TQQQ_30,0.3,22386.6,15348.67,1020.2539,0.0,6919.35,6491.4,5871.55,76.96,TQQQ_30,Overbought: RSI 77.0 >= 75,12386.6,123.87,289.66,3261.95
2018-01-25,TQQQ_30,0.3,22379.62,15350.56,1020.2539,0.0,6916.3,6503.54,5878.54,76.47,TQQQ_30,Overbought: RSI 76.5 >= 75,12379.62,123.8,289.49,3257.71
2018-01-26,TQQQ_30,0.3,22695.42,15352.46,1020.2539,0.0,7022.97,6517.68,5886.12,80.97,TQQQ_30,Overbought: RSI 81.0 >= 75,12695.42,126.95,295.5,3407.66
2018-01-29,TQQQ_30,0.3,22603.86,15358.14,1020.2539,0.0,6988.32,6531.57,5893.6,75.89,TQQQ_30,Overbought: RSI 75.9 >= 75,12603.86,126.04,293.54,3361.21
2018-01-30,TQQQ_30,0.3,22420.56,15360.03,1020.2539,0.0,6930.73,6545.02,5900.71,68.23,TQQQ_30,Overbought trim active,12420.56,124.21,290.3,3272.74
2018-01-31,TQQQ_30,0.3,22509.6,15361.92,1020.2539,0.0,6949.99,6557.24,5907.92,69.35,TQQQ_30,Overbought trim active,12509.6,125.1,291.39,3314.37
2018-02-01,TQQQ_30,0.3,22332.75,15363.82,1020.2539,0.0,6901.5,6568.98,5914.88,63.32,TQQQ_30,Overbought trim active,12332.75,123.33,288.65,3228.99
2018-02-02,TQQQ_30,0.3,21908.97,15365.71,1020.2539,0.0,6760.29,6578.01,5921.25,49.77,TQQQ_30,Overbought trim active,11908.97,119.09,280.7,3025.65
2018-02-05,CASH,0.0,21159.34,21159.34,0.0,0.0,6495.92,6580.36,5926.49,34.76,CASH,Clean exit: NDX 6495.9 broke below SMA50 (6580.4),11159.34,111.59,265.81,2664.84
2018-02-06,TQQQ_50,0.5,21161.95,10580.97,1731.6232,0.0,6665.98,6585.95,5932.37,46.03,TQQQ_50,Bearish RSI divergence,11161.95,111.62,275.39,2878.01
2018-02-07,CASH,0.0,20744.83,20744.83,0.0,0.0,6582.02,6589.41,5937.85,42.16,CASH,Clean exit: NDX 6582.0 broke below SMA50 (6589.4),10744.83,107.45,270.66,2760.25
2018-02-08,CASH,0.0,20747.39,20747.39,0.0,0.0,6306.1,6587.41,5942.17,32.49,CASH,Clean exit: NDX 6306.1 broke below SMA50 (6587.4),10747.39,107.47,255.13,2405.8
2018-02-09,CASH,0.0,20749.95,20749.95,0.0,0.0,6412.68,6587.21,5946.79,38.37,CASH,Clean exit: NDX 6412.7 broke below SMA50 (6587.2),10749.95,107.5,261.13,2523.76
2018-02-12,CASH,0.0,20757.62,20757.62,0.0,0.0,6523.85,6591.46,5951.8,43.86,CASH,Clean exit: NDX 6523.9 broke below SMA50 (6591.5),10757.62,107.58,267.39,2670.62
2018-02-13,CASH,0.0,20760.18,20760.18,0.0,0.0,6553.86,6595.23,5956.81,45.28,CASH,Clean exit: NDX 6553.9 broke below SMA50 (6595.2),10760.18,107.6,269.08,2704.35
2018-02-14,TQQQ_100,1.0,20762.74,0.0,3408.7251,0.0,6675.03,6601.97,5962.31,50.7,TQQQ_100,"Bull trend confirmed: Price > SMA50 & SMA250, RSI 50.7",10762.74,107.63,275.9,2868.57
2018-02-15,TQQQ_100,1.0,21847.93,0.0,3408.7251,0.0,6794.92,6612.6,5968.19,55.4,TQQQ_100,"Bull trend confirmed: Price > SMA50 & SMA250, RSI 55.4",11847.93,118.48,282.65,3023.72
2018-02-16,TQQQ_100,1.0,21603.93,0.0,3408.7251,0.0,6770.66,6622.71,5973.87,54.27,TQQQ_100,"Bull trend confirmed: Price > SMA50 & SMA250, RSI 54.3",11603.93,116.04,281.29,2988.83
2018-02-20,TQQQ_100,1.0,21711.77,0.0,3408.7251,0.0,6779.69,6632.44,5979.58,54.64,TQQQ_100,"Bull trend confirmed: Price > SMA50 & SMA250, RSI 54.6",11711.77,117.12,281.8,3004.25
2018-02-21,TQQQ_100,1.0,21516.3,0.0,3408.7251,0.0,6759.26,6641.3,5985.28,53.59,TQQQ_100,"Bull trend confirmed: Price > SMA50 & SMA250, RSI 53.6",11516.3,115.16,280.64,2976.31
2018-02-22,TQQQ_100,1.0,21520.35,0.0,3408.7251,0.0,6761.85,6649.65,5990.96,53.71,TQQQ_100,"Bull trend confirmed: Price > SMA50 & SMA250, RSI 53.7",11520.35,115.2,280.79,2976.88
2018-02-23,TQQQ_100,1.0,22802.35,0.0,3408.7251,0.0,6896.6,6659.7,5997.15,59.66,TQQQ_100,"Bull trend confirmed: Price > SMA50 & SMA250, RSI 59.7",12802.35,128.02,288.38,3160.18
2018-02-26,TQQQ_50,0.5,23717.67,11858.84,1704.3626,0.0,6989.1,6671.81,6003.79,63.16,TQQQ_50,Bearish RSI divergence,13717.67,137.18,293.59,3291.05
2018-02-27,TQQQ_50,0.5,23294.5,11860.3,1704.3626,0.0,6900.35,6681.92,6009.83,57.96,TQQQ_50,Bearish RSI divergence,13294.5,132.95,288.59,3169.62
2018-02-28,TQQQ_50,0.5,23066.12,11861.76,1704.3626,0.0,6854.42,6691.21,6015.79,55.42,TQQQ_50,Bearish RSI divergence,13066.12,130.66,286.0,3103.9
2018-03-01,TQQQ_50,0.5,22528.36,11863.22,1704.3626,0.0,6750.54,6696.9,6021.3,50.07,TQQQ_50,Bearish RSI divergence,12528.36,125.28,280.15,2949.71
2018-03-02,TQQQ_100,1.0,22823.02,0.0,3549.6906,0.0,6811.04,6702.85,6027.1,52.92,TQQQ_100,"Bull trend confirmed: Price > SMA50 & SMA250, RSI 52.9",12823.02,128.23,283.56,3033.55
2018-03-05,TQQQ_100,1.0,23538.97,0.0,3549.6906,0.0,6881.28,6710.86,6033.22,56.06,TQQQ_100,"Bull trend confirmed: Price > SMA50 & SMA250, RSI 56.1",13538.97,135.39,287.52,3131.85
2018-03-06,TQQQ_100,1.0,23836.57,0.0,3549.6906,0.0,6913.02,6719.68,6039.44,57.44,TQQQ_100,"Bull trend confirmed: Price > SMA50 & SMA250, RSI 57.4",13836.57,138.37,289.3,3172.71
2018-03-07,TQQQ_100,1.0,24014.86,0.0,3549.6906,0.0,6929.39,6728.81,6045.7,58.17,TQQQ_100,"Bull trend confirmed: Price > SMA50 & SMA250, RSI 58.2",14014.86,140.15,290.23,3197.19
2018-03-08,TQQQ_100,1.0,24372.82,0.0,3549.6906,0.0,6966.43,6738.83,6052.02,59.85,TQQQ_100,"Bull trend confirmed: Price > SMA50 & SMA250, RSI 59.8",14372.82,143.73,292.31,3246.33
2018-03-09,TQQQ_100,1.0,25792.07,0.0,3549.6906,0.0,7101.18,6752.19,6058.85,65.3,TQQQ_100,"Bull trend confirmed: Price > SMA50 & SMA250, RSI 65.3",15792.07,157.92,299.9,3441.19
2018-03-12,TQQQ_100,1.0,26178.12,0.0,3549.6906,0.0,7131.12,6766.11,6065.84,66.39,TQQQ_100,"Bull trend confirmed: Price > SMA50 & SMA250, RSI 66.4",16178.12,161.78,301.59,3494.2
2018-03-13,TQQQ_100,1.0,25227.74,0.0,3549.6906,0.0,7046.51,6778.22,6072.36,60.59,TQQQ_100,"Bull trend confirmed: Price > SMA50 & SMA250, RSI 60.6",15227.74,152.28,296.82,3363.71
2018-03-14,TQQQ_100,1.0,25142.11,0.0,3549.6906,0.0,7040.98,6791.11,6078.88,60.22,TQQQ_100,"Bull trend confirmed: Price > SMA50 & SMA250, RSI 60.2",15142.11,151.42,296.51,3351.96
2018-03-15,TQQQ_100,1.0,25029.8,0.0,3549.6906,0.0,7030.97,6801.5,6085.37,59.51,TQQQ_100,"Bull trend confirmed: Price > SMA50 & SMA250, RSI 59.5",15029.8,150.3,295.95,3336.54
2018-03-16,TQQQ_100,1.0,24864.15,0.0,3549.6906,0.0,7019.95,6810.38,6091.79,58.69,TQQQ_100,"Bull trend confirmed: Price > SMA50 & SMA250, RSI 58.7",14864.15,148.64,295.33,3313.79
2018-03-19,TQQQ_100,1.0,23303.13,0.0,3549.6906,0.0,6864.88,6815.99,6097.92,48.56,TQQQ_100,"Bull trend confirmed: Price > SMA50 & SMA250, RSI 48.6",13303.13,133.03,286.59,3099.47
2018-03-20,TQQQ_100,1.0,23474.39,0.0,3549.6906,0.0,6885.92,6820.64,6104.0,49.82,TQQQ_100,"Bull trend confirmed: Price > SMA50 & SMA250, RSI 49.8",13474.39,134.74,287.78,3122.98
2018-03-21,TQQQ_100,1.0,23134.67,0.0,3549.6906,0.0,6853.45,6824.18,6109.99,47.86,TQQQ_100,"Bull trend confirmed: Price > SMA50 & SMA250, RSI 47.9",13134.67,131.35,285.95,3076.34
2018-03-22,CASH,0.0,21444.49,21444.49,0.0,0.0,6682.26,6824.26,6115.26,39.13,CASH,Clean exit: NDX 6682.3 broke below SMA50 (6824.3),11444.49,114.44,276.31,2844.28
2018-03-23,CASH,0.0,21447.13,21447.13,0.0,0.0,6508.09,6821.17,6119.8,32.62,CASH,Clean exit: NDX 6508.1 broke below SMA50 (6821.2),11447.13,114.47,266.5,2606.44
2018-03-26,CASH,0.0,21455.07,21455.07,0.0,0.0,6753.83,6822.08,6125.18,46.22,CASH,Clean exit: NDX 6753.8 broke below SMA50 (6822.1),11455.07,114.55,280.34,2910.97
2018-03-27,CASH,0.0,21457.71,21457.71,0.0,0.0,6529.84,6817.51,6129.58,38.58,CASH,Clean exit: NDX 6529.8 broke below SMA50 (6817.5),11457.71,114.58,267.72,2622.25
2018-03-28,CASH,0.0,21460.36,21460.36,0.0,0.0,6460.81,6811.98,6133.67,36.57,CASH,Clean exit: NDX 6460.8 broke below SMA50 (6812.0),11460.36,114.6,263.84,2528.38
2018-03-29,CASH,0.0,21463.0,21463.0,0.0,0.0,6581.13,6807.4,6138.25,42.21,CASH,Clean exit: NDX 6581.1 broke below SMA50 (6807.4),11463.0,114.63,270.61,2673.9
2018-04-02,CASH,0.0,21473.59,21473.59,0.0,0.0,6390.84,6798.99,6142.08,36.66,CASH,Clean exit: NDX 6390.8 broke below SMA50 (6799.0),11473.59,114.74,259.9,2427.58
2018-04-03,CASH,0.0,21476.23,21476.23,0.0,0.0,6458.83,6791.48,6146.16,39.71,CASH,Clean exit: NDX 6458.8 broke below SMA50 (6791.5),11476.23,114.76,263.73,2512.38
2018-04-04,CASH,0.0,21478.88,21478.88,0.0,0.0,6560.06,6784.55,6150.72,44.04,CASH,Clean exit: NDX 6560.1 broke below SMA50 (6784.6),11478.88,114.79,269.43,2635.93
2018-04-05,CASH,0.0,21481.53,21481.53,0.0,0.0,6594.84,6777.18,6155.42,45.49,CASH,Clean exit: NDX 6594.8 broke below SMA50 (6777.2),11481.53,114.82,271.39,2678.91
2018-04-06,CASH,0.0,21484.18,21484.18,0.0,0.0,6433.21,6767.46,6159.48,40.27,CASH,Clean exit: NDX 6433.2 broke below SMA50 (6767.5),11484.18,114.84,262.28,2471.52
2018-04-09,CASH,0.0,21492.12,21492.12,0.0,0.0,6472.34,6758.58,6163.68,42.01,CASH,Clean exit: NDX 6472.3 broke below SMA50 (6758.6),11492.12,114.92,264.49,2522.98
2018-04-10,CASH,0.0,21494.77,21494.77,0.0,0.0,6615.87,6750.43,6168.55,47.97,CASH,Clean exit: NDX 6615.9 broke below SMA50 (6750.4),11494.77,114.95,272.57,2696.26
2018-04-11,CASH,0.0,21497.42,21497.42,0.0,0.0,6583.44,6742.34,6173.37,46.8,CASH,Clean exit: NDX 6583.4 broke below SMA50 (6742.3),11497.42,114.97,270.74,2649.23
2018-04-12,CASH,0.0,21500.07,21500.07,0.0,0.0,6656.26,6736.85,6178.59,49.76,CASH,Clean exit: NDX 6656.3 broke below SMA50 (6736.8),11500.07,115.0,274.84,2745.6
2018-04-13,CASH,0.0,21502.73,21502.73,0.0,0.0,6628.34,6730.41,6183.5,48.64,CASH,Clean exit: NDX 6628.3 broke below SMA50 (6730.4),11502.73,115.03,273.27,2703.39
2018-04-16,CASH,0.0,21510.68,21510.68,0.0,0.0,6675.18,6725.89,6188.64,50.65,CASH,Clean exit: NDX 6675.2 broke below SMA50 (6725.9),11510.68,115.11,275.91,2765.26
2018-04-17,TQQQ_100,1.0,21513.33,0.0,3439.2828,0.0,6816.37,6727.01,6194.3,56.2,TQQQ_100,"Bull trend confirmed: Price > SMA50 & SMA250, RSI 56.2",11513.33,115.13,283.86,2948.55
2018-04-18,TQQQ_100,1.0,21662.94,0.0,3439.2828,0.0,6833.21,6733.76,6199.86,56.83,TQQQ_100,"Bull trend confirmed: Price > SMA50 & SMA250, RSI 56.8",11662.94,116.63,284.81,2969.75
2018-04-19,TQQQ_100,1.0,21074.01,0.0,3439.2828,0.0,6774.89,6735.93,6205.19,53.96,TQQQ_100,"Bull trend confirmed: Price > SMA50 & SMA250, RSI 54.0",11074.01,110.74,281.52,2886.3
2018-04-20,CASH,0.0,20063.41,20063.41,0.0,0.0,6667.75,6737.65,6209.83,49.06,CASH,Clean exit: NDX 6667.8 broke below SMA50 (6737.6),10063.41,100.63,275.49,2743.09
2018-04-23,CASH,0.0,20070.84,20070.84,0.0,0.0,6648.8,6744.5,6214.23,48.23,CASH,Clean exit: NDX 6648.8 broke below SMA50 (6744.5),10070.84,100.71,274.42,2720.74
2018-04-24,CASH,0.0,20073.31,20073.31,0.0,0.0,6509.05,6746.43,6218.11,42.49,CASH,Clean exit: NDX 6509.0 broke below SMA50 (6746.4),10073.31,100.73,266.55,2540.91
2018-04-25,CASH,0.0,20075.78,20075.78,0.0,0.0,6513.94,6746.23,6221.88,42.75,CASH,Clean exit: NDX 6513.9 broke below SMA50 (6746.2),10075.78,100.76,266.83,2551.32
2018-04-26,CASH,0.0,20078.26,20078.26,0.0,0.0,6649.65,6748.15,6226.14,49.48,CASH,Clean exit: NDX 6649.6 broke below SMA50 (6748.1),10078.26,100.78,274.47,2715.72
2018-04-27,CASH,0.0,20080.74,20080.74,0.0,0.0,6656.35,6747.77,6230.25,49.8,CASH,Clean exit: NDX 6656.4 broke below SMA50 (6747.8),10080.74,100.81,274.85,2722.28
2018-04-30,CASH,0.0,20088.16,20088.16,0.0,0.0,6605.57,6743.99,6234.09,47.39,CASH,Clean exit: NDX 6605.6 broke below SMA50 (6744.0),10088.16,100.88,271.99,2662.14
2018-05-01,CASH,0.0,20090.64,20090.64,0.0,0.0,6681.96,6742.21,6238.32,51.21,CASH,Clean exit: NDX 6682.0 broke below SMA50 (6742.2),10090.64,100.91,276.29,2751.96
2018-05-02,CASH,0.0,20093.12,20093.12,0.0,0.0,6644.48,6739.51,6242.39,49.32,CASH,Clean exit: NDX 6644.5 broke below SMA50 (6739.5),10093.12,100.93,274.18,2702.23
2018-05-03,CASH,0.0,20095.59,20095.59,0.0,0.0,6643.48,6737.19,6246.38,49.27,CASH,Clean exit: NDX 6643.5 broke below SMA50 (6737.2),10095.59,100.96,274.12,2702.42
2018-05-04,CASH,0.0,20098.07,20098.07,0.0,0.0,6769.12,6737.34,6250.82,55.63,CASH,1% confirmation buffer: NDX 6769.1 <= threshold (6804.7),10098.07,100.98,281.2,2860.09
2018-05-07,TQQQ_100,1.0,20105.5,0.0,3233.4337,0.0,6821.87,6735.84,6255.4,58.01,TQQQ_100,"Bull trend confirmed: Price > SMA50 & SMA250, RSI 58.0",10105.5,101.06,284.17,2930.44
2018-05-08,TQQQ_100,1.0,20039.01,0.0,3233.4337,0.0,6815.48,6732.37,6259.93,57.61,TQQQ_100,"Bull trend confirmed: Price > SMA50 & SMA250, RSI 57.6",10039.01,100.39,283.81,2920.41
2018-05-09,TQQQ_100,1.0,20710.34,0.0,3233.4337,0.0,6893.21,6732.23,6264.81,61.14,TQQQ_100,"Bull trend confirmed: Price > SMA50 & SMA250, RSI 61.1",10710.34,107.1,288.19,3021.6
2018-05-10,TQQQ_100,1.0,21354.82,0.0,3233.4337,0.0,6963.55,6734.41,6269.92,64.07,TQQQ_100,"Bull trend confirmed: Price > SMA50 & SMA250, RSI 64.1",11354.82,113.55,292.15,3118.74
2018-05-11,TQQQ_100,1.0,21290.89,0.0,3233.4337,0.0,6952.56,6738.45,6274.91,63.27,TQQQ_100,"Bull trend confirmed: Price > SMA50 & SMA250, RSI 63.3",11290.89,112.91,291.53,3109.1
2018-05-14,TQQQ_100,1.0,21385.51,0.0,3233.4337,0.0,6964.37,6741.52,6279.87,63.79,TQQQ_100,"Bull trend confirmed: Price > SMA50 & SMA250, RSI 63.8",11385.51,113.86,292.2,3123.37
2018-05-15,TQQQ_100,1.0,20693.72,0.0,3233.4337,0.0,6888.54,6741.66,6285.1,58.07,TQQQ_100,"Bull trend confirmed: Price > SMA50 & SMA250, RSI 58.1",10693.72,106.94,287.93,3019.09
2018-05-16,TQQQ_100,1.0,21074.78,0.0,3233.4337,0.0,6929.97,6742.0,6290.31,60.17,TQQQ_100,"Bull trend confirmed: Price > SMA50 & SMA250, RSI 60.2",11074.78,110.75,290.26,3076.53
2018-05-17,TQQQ_100,1.0,20836.94,0.0,3233.4337,0.0,6901.63,6741.45,6295.31,58.03,TQQQ_100,"Bull trend confirmed: Price > SMA50 & SMA250, RSI 58.0",10836.94,108.37,288.66,3040.68
2018-05-18,TQQQ_100,1.0,20503.19,0.0,3233.4337,0.0,6866.25,6739.44,6299.98,55.37,TQQQ_100,"Bull trend confirmed: Price > SMA50 & SMA250, RSI 55.4",10503.19,105.03,286.67,2990.38
2018-05-21,TQQQ_100,1.0,20861.24,0.0,3233.4337,0.0,6905.53,6735.53,6304.79,57.69,TQQQ_100,"Bull trend confirmed: Price > SMA50 & SMA250, RSI 57.7",10861.24,108.61,288.88,3044.34
2018-05-22,TQQQ_100,1.0,20752.54,0.0,3233.4337,0.0,6893.62,6730.78,6309.44,56.73,TQQQ_100,"Bull trend confirmed: Price > SMA50 & SMA250, RSI 56.7",10752.54,107.53,288.21,3027.96
2018-05-23,TQQQ_100,1.0,21274.27,0.0,3233.4337,0.0,6953.63,6728.92,6314.15,60.31,TQQQ_100,"Bull trend confirmed: Price > SMA50 & SMA250, RSI 60.3",11274.27,112.74,291.59,3106.6
2018-05-24,TQQQ_50,0.5,21256.36,10628.18,1616.7168,0.0,6949.7,6727.1,6318.79,59.96,TQQQ_50,Bearish RSI divergence,11256.36,112.56,291.37,3103.9
2018-05-25,TQQQ_50,0.5,21284.52,10629.49,1616.7168,0.0,6960.92,6725.7,6323.46,60.66,TQQQ_50,Bearish RSI divergence,11284.52,112.85,292.0,3111.99
2018-05-29,TQQQ_100,1.0,21153.58,0.0,3251.2443,0.0,6926.54,6723.83,6328.01,57.34,TQQQ_100,"Bull trend confirmed: Price > SMA50 & SMA250, RSI 57.3",11153.58,111.54,290.06,3070.94
2018-05-30,TQQQ_50,0.5,21604.89,10802.44,1625.6222,0.0,6976.37,6726.06,6332.65,60.7,TQQQ_50,Bearish RSI divergence,11604.89,116.05,292.87,3138.59
2018-05-31,TQQQ_50,0.5,21583.07,10803.77,1625.6222,0.0,6967.73,6727.69,6336.99,59.82,TQQQ_50,Bearish RSI divergence,11583.07,115.83,292.38,3131.65
2018-06-01,TQQQ_100,1.0,22085.86,0.0,3182.7008,0.0,7083.93,6732.3,6341.81,66.79,TQQQ_100,"Bull trend confirmed: Price > SMA50 & SMA250, RSI 66.8",12085.86,120.86,298.93,3281.99
2018-06-04,TQQQ_100,1.0,22652.26,0.0,3182.7008,0.0,7143.57,6741.53,6346.96,69.69,TQQQ_100,"Bull trend confirmed: Price > SMA50 & SMA250, RSI 69.7",12652.26,126.52,302.29,3368.72
2018-06-05,TQQQ_100,1.0,22886.37,0.0,3182.7008,0.0,7166.75,6754.7,6352.12,70.76,TQQQ_100,"Bull trend confirmed: Price > SMA50 & SMA250, RSI 70.8",12886.37,128.86,303.59,3404.57
2018-06-06,TQQQ_100,1.0,23263.97,0.0,3182.7008,0.0,7210.08,6763.83,6357.42,72.7,TQQQ_100,"Bull trend confirmed: Price > SMA50 & SMA250, RSI 72.7",13263.97,132.64,306.03,3462.39
2018-06-07,TQQQ_100,1.0,22724.0,0.0,3182.7008,0.0,7152.83,6776.29,6363.06,66.43,TQQQ_100,"Bull trend confirmed: Price > SMA50 & SMA250, RSI 66.4",12724.0,127.24,302.81,3379.71
2018-06-08,TQQQ_100,1.0,22708.9,0.0,3182.7008,0.0,7152.62,6790.12,6368.84,66.41,TQQQ_100,"Bull trend confirmed: Price > SMA50 & SMA250, RSI 66.4",12708.9,127.09,302.8,3377.4
2018-06-11,TQQQ_100,1.0,22886.37,0.0,3182.7008,0.0,7168.48,6801.87,6374.51,67.31,TQQQ_100,"Bull trend confirmed: Price > SMA50 & SMA250, RSI 67.3",12886.37,128.86,303.69,3404.57
2018-06-12,TQQQ_100,1.0,23248.87,0.0,3182.7008,0.0,7209.18,6818.24,6380.43,69.58,TQQQ_100,"Bull trend confirmed: Price > SMA50 & SMA250, RSI 69.6",13248.87,132.49,305.98,3460.08
2018-06-13,TQQQ_100,1.0,23222.44,0.0,3182.7008,0.0,7205.26,6833.17,6386.45,69.08,TQQQ_100,"Bull trend confirmed: Price > SMA50 & SMA250, RSI 69.1",13222.44,132.22,305.76,3456.03
2018-06-14,TQQQ_100,1.0,23928.54,0.0,3182.7008,0.0,7279.59,6847.56,6392.84,73.02,TQQQ_100,"Bull trend confirmed: Price > SMA50 & SMA250, RSI 73.0",13928.54,139.29,309.95,3564.16
2018-06-15,TQQQ_100,1.0,23690.66,0.0,3182.7008,0.0,7255.76,6860.78,6398.78,69.94,TQQQ_100,"Bull trend confirmed: Price > SMA50 & SMA250, RSI 69.9",13690.66,136.91,308.6,3527.73
2018-06-18,TQQQ_100,1.0,23637.79,0.0,3182.7008,0.0,7251.41,6877.14,6404.88,69.37,TQQQ_100,"Bull trend confirmed: Price > SMA50 & SMA250, RSI 69.4",13637.79,136.38,308.36,3519.64
2018-06-19,TQQQ_100,1.0,23426.34,0.0,3182.7008,0.0,7228.04,6892.25,6410.66,66.22,TQQQ_100,"Bull trend confirmed: Price > SMA50 & SMA250, RSI 66.2",13426.34,134.26,307.04,3487.26
2018-06-20,TQQQ_100,1.0,23917.22,0.0,3182.7008,0.0,7280.7,6905.55,6416.66,69.57,TQQQ_100,"Bull trend confirmed: Price > SMA50 & SMA250, RSI 69.6",13917.22,139.17,310.01,3562.43
2018-06-21,TQQQ_100,1.0,23297.96,0.0,3182.7008,0.0,7217.49,6918.23,6422.32,61.67,TQQQ_100,"Bull trend confirmed: Price > SMA50 & SMA250, RSI 61.7",13297.96,132.98,306.45,3467.6
2018-06-22,TQQQ_100,1.0,23063.84,0.0,3182.7008,0.0,7197.51,6929.06,6428.0,59.38,TQQQ_100,"Bull trend confirmed: Price > SMA50 & SMA250, RSI 59.4",13063.84,130.64,305.32,3431.75
2018-06-25,TQQQ_100,1.0,21591.2,0.0,3182.7008,0.0,7038.17,6937.25,6433.47,44.99,TQQQ_100,"Bull trend confirmed: Price > SMA50 & SMA250, RSI 45.0",11591.2,115.91,296.35,3206.24
2018-06-26,TQQQ_100,1.0,21829.09,0.0,3182.7008,0.0,7068.2,6945.11,6438.73,47.57,TQQQ_100,"Bull trend confirmed: Price > SMA50 & SMA250, RSI 47.6",11829.09,118.29,298.04,3242.67
2018-06-27,TQQQ_100,1.0,20953.06,0.0,3182.7008,0.0,6969.67,6948.18,6444.0,40.81,TQQQ_100,"Bull trend confirmed: Price > SMA50 & SMA250, RSI 40.8",10953.06,109.53,292.49,3108.53
2018-06-28,TQQQ_50,0.5,21466.59,10733.29,1591.3504,0.0,7031.6,6952.15,6449.53,46.01,TQQQ_50,Bearish RSI divergence,11466.59,114.67,295.98,3187.16
2018-06-29,TQQQ_50,0.5,21517.0,10734.62,1591.3504,0.0,7040.8,6957.47,6455.31,46.75,TQQQ_50,Bearish RSI divergence,11517.0,115.17,296.5,3202.2
2018-07-02,TQQQ_50,0.5,21762.64,10738.59,1591.3504,0.0,7097.82,6966.07,6461.11,51.26,TQQQ_50,Bearish RSI divergence,11762.64,117.63,299.71,3276.21
2018-07-03,TQQQ_50,0.5,21384.47,10739.91,1591.3504,0.0,7014.55,6973.38,6466.77,45.24,TQQQ_50,Bearish RSI divergence,11384.47,113.84,295.02,3159.99
2018-07-05,TQQQ_100,1.0,21777.94,0.0,3140.4756,0.0,7101.05,6985.22,6472.55,51.6,TQQQ_100,"Bull trend confirmed: Price > SMA50 & SMA250, RSI 51.6",11777.94,117.78,299.89,3279.68
2018-07-06,TQQQ_100,1.0,22757.85,0.0,3140.4756,0.0,7207.33,6999.09,6478.6,58.04,TQQQ_100,"Bull trend confirmed: Price > SMA50 & SMA250, RSI 58.0",12757.85,127.58,305.88,3431.75
2018-07-09,TQQQ_100,1.0,23391.26,0.0,3140.4756,0.0,7276.0,7011.62,6484.87,61.6,TQQQ_100,"Bull trend confirmed: Price > SMA50 & SMA250, RSI 61.6",13391.26,133.91,309.74,3530.05
2018-07-10,TQQQ_50,0.5,23447.15,11723.57,1570.2378,0.0,7282.6,7024.14,6490.88,61.93,TQQQ_50,Bearish RSI divergence,13447.15,134.47,310.12,3538.72
2018-07-11,TQQQ_50,0.5,23277.2,11725.02,1570.2378,0.0,7243.98,7036.91,6496.68,58.71,TQQQ_50,Bearish RSI divergence,13277.2,132.77,307.94,3485.52
2018-07-12,TQQQ_50,0.5,23848.71,11726.46,1570.2378,0.0,7366.25,7050.6,6502.8,64.93,TQQQ_50,Bearish RSI divergence,13848.71,138.49,314.83,3662.46
2018-07-13,TQQQ_50,0.5,23885.55,11727.91,1570.2378,0.0,7375.82,7065.22,6508.94,65.37,TQQQ_50,Bearish RSI divergence,13885.55,138.86,315.37,3673.44
2018-07-16,TQQQ_50,0.5,23807.92,11732.25,1570.2378,0.0,7357.9,7079.51,6514.85,63.76,TQQQ_50,Bearish RSI divergence,13807.92,138.08,314.36,3648.0
2018-07-17,TQQQ_50,0.5,24032.92,11733.69,1570.2378,0.0,7403.89,7092.21,6520.8,66.07,TQQQ_50,Bearish RSI divergence,14032.92,140.33,316.95,3717.39
2018-07-18,TQQQ_50,0.5,23956.12,11735.14,1570.2378,0.0,7390.13,7103.57,6526.68,64.74,TQQQ_50,Bearish RSI divergence,13956.12,139.56,316.17,3693.1
2018-07-19,TQQQ_100,1.0,23776.86,0.0,3100.8703,0.0,7352.36,7114.31,6532.4,61.1,TQQQ_100,"Bull trend confirmed: Price > SMA50 & SMA250, RSI 61.1",13776.86,137.77,314.04,3637.02
2018-07-20,TQQQ_100,1.0,23743.75,0.0,3100.8703,0.0,7350.23,7123.45,6538.04,60.89,TQQQ_100,"Bull trend confirmed: Price > SMA50 & SMA250, RSI 60.9",13743.75,137.44,313.92,3631.81
2018-07-23,TQQQ_100,1.0,23949.77,0.0,3100.8703,0.0,7371.78,7131.61,6543.8,62.29,TQQQ_100,"Bull trend confirmed: Price > SMA50 & SMA250, RSI 62.3",13949.77,139.5,315.14,3664.19
2018-07-24,TQQQ_100,1.0,24255.12,0.0,3100.8703,0.0,7406.25,7140.69,6549.62,64.48,TQQQ_100,"Bull trend confirmed: Price > SMA50 & SMA250, RSI 64.5",14255.12,142.55,317.08,3712.18
2018-07-25,TQQQ_100,1.0,25266.83,0.0,3100.8703,0.0,7508.59,7151.57,6555.99,70.03,TQQQ_100,"Bull trend confirmed: Price > SMA50 & SMA250, RSI 70.0",15266.83,152.67,322.84,3871.19
2018-07-26,TQQQ_100,1.0,24163.15,0.0,3100.8703,0.0,7400.75,7161.82,6561.96,59.48,TQQQ_100,"Bull trend confirmed: Price > SMA50 & SMA250, RSI 59.5",14163.15,141.63,316.77,3697.73
2018-07-27,TQQQ_100,1.0,23155.12,0.0,3100.8703,0.0,7296.78,7169.15,6567.62,51.43,TQQQ_100,"Bull trend confirmed: Price > SMA50 & SMA250, RSI 51.4",13155.12,131.55,310.91,3539.3
2018-07-30,TQQQ_100,1.0,22158.14,0.0,3100.8703,0.0,7193.1,7174.98,6572.82,44.91,TQQQ_100,"Bull trend confirmed: Price > SMA50 & SMA250, RSI 44.9",12158.14,121.58,305.08,3382.6
2018-07-31,TQQQ_100,1.0,22599.61,0.0,3100.8703,0.0,7231.98,7182.3,6578.09,47.59,TQQQ_100,"Bull trend confirmed: Price > SMA50 & SMA250, RSI 47.6",12599.61,126.0,307.27,3451.99
2018-08-01,TQQQ_100,1.0,22908.64,0.0,3100.8703,0.0,7272.89,7189.64,6583.61,50.33,TQQQ_100,"Bull trend confirmed: Price > SMA50 & SMA250, RSI 50.3",12908.64,129.09,309.57,3500.56
2018-08-02,TQQQ_100,1.0,23821.01,0.0,3100.8703,0.0,7372.15,7199.21,6589.5,56.31,TQQQ_100,"Bull trend confirmed: Price > SMA50 & SMA250, RSI 56.3",13821.01,138.21,315.16,3643.96
2018-08-03,TQQQ_100,1.0,24034.39,0.0,3100.8703,0.0,7395.49,7208.05,6595.35,57.6,TQQQ_100,"Bull trend confirmed: Price > SMA50 & SMA250, RSI 57.6",14034.39,140.34,316.47,3677.49
2018-08-06,TQQQ_100,1.0,24475.86,0.0,3100.8703,0.0,7438.99,7217.84,6601.4,59.97,TQQQ_100,"Bull trend confirmed: Price > SMA50 & SMA250, RSI 60.0",14475.86,144.76,318.92,3746.88
2018-08-07,TQQQ_100,1.0,24714.99,0.0,3100.8703,0.0,7462.65,7227.87,6607.57,61.25,TQQQ_100,"Bull trend confirmed: Price > SMA50 & SMA250, RSI 61.2",14714.99,147.15,320.26,3784.46
2018-08-08,TQQQ_100,1.0,24781.21,0.0,3100.8703,0.0,7469.55,7238.73,6614.29,61.63,TQQQ_100,"Bull trend confirmed: Price > SMA50 & SMA250, RSI 61.6",14781.21,147.81,320.64,3794.87
2018-08-09,TQQQ_100,1.0,24759.14,0.0,3100.8703,0.0,7466.96,7248.54,6620.84,61.38,TQQQ_100,"Bull trend confirmed: Price > SMA50 & SMA250, RSI 61.4",14759.14,147.59,320.5,3791.4
2018-08-10,TQQQ_100,1.0,24181.55,0.0,3100.8703,0.0,7408.3,7257.36,6626.84,55.96,TQQQ_100,"Bull trend confirmed: Price > SMA50 & SMA250, RSI 56.0",14181.55,141.82,317.2,3700.62
2018-08-13,TQQQ_100,1.0,24111.64,0.0,3100.8703,0.0,7401.17,7263.7,6632.81,55.32,TQQQ_100,"Bull trend confirmed: Price > SMA50 & SMA250, RSI 55.3",14111.64,141.12,316.79,3689.63
2018-08-14,TQQQ_100,1.0,24556.79,0.0,3100.8703,0.0,7447.17,7269.77,6638.93,58.61,TQQQ_100,"Bull trend confirmed: Price > SMA50 & SMA250, RSI 58.6",14556.79,145.57,319.38,3759.6
2018-08-15,TQQQ_100,1.0,23662.82,0.0,3100.8703,0.0,7354.66,7273.53,6645.16,50.54,TQQQ_100,"Bull trend confirmed: Price > SMA50 & SMA250, RSI 50.5",13662.82,136.63,314.17,3619.09
2018-08-16,TQQQ_100,1.0,23879.88,0.0,3100.8703,0.0,7374.29,7276.81,6651.5,52.05,TQQQ_100,"Bull trend confirmed: Price > SMA50 & SMA250, RSI 52.1",13879.88,138.8,315.28,3653.21
2018-08-17,TQQQ_100,1.0,23876.2,0.0,3100.8703,0.0,7377.54,7281.31,6657.86,52.31,TQQQ_100,"Bull trend confirmed: Price > SMA50 & SMA250, RSI 52.3",13876.2,138.76,315.46,3652.63
2018-08-20,TQQQ_100,1.0,23828.37,0.0,3100.8703,0.0,7371.42,7285.68,6663.85,51.74,TQQQ_100,"Bull trend confirmed: Price > SMA50 & SMA250, RSI 51.7",13828.37,138.28,315.12,3645.11
2018-08-21,TQQQ_100,1.0,24074.86,0.0,3100.8703,0.0,7397.23,7290.26,6670.03,54.01,TQQQ_100,"Bull trend confirmed: Price > SMA50 & SMA250, RSI 54.0",14074.86,140.75,316.57,3683.85
2018-08-22,TQQQ_100,1.0,24354.46,0.0,3100.8703,0.0,7424.6,7294.57,6676.4,56.35,TQQQ_100,"Bull trend confirmed: Price > SMA50 & SMA250, RSI 56.3",14354.46,143.54,318.11,3727.8
2018-08-23,TQQQ_100,1.0,24233.05,0.0,3100.8703,0.0,7413.84,7298.74,6682.76,55.16,TQQQ_100,"Bull trend confirmed: Price > SMA50 & SMA250, RSI 55.2",14233.05,142.33,317.51,3708.72
2018-08-24,TQQQ_50,0.5,24906.29,12453.14,1550.4352,0.0,7485.4,7302.86,6689.35,61.04,TQQQ_50,Bearish RSI divergence,14906.29,149.06,321.54,3814.53
2018-08-27,TQQQ_100,1.0,25286.15,0.0,3056.0742,0.0,7559.13,7308.92,6696.14,65.99,TQQQ_100,"Bull trend confirmed: Price > SMA50 & SMA250, RSI 66.0",15286.15,152.86,325.69,3932.49
2018-08-28,TQQQ_100,1.0,25398.55,0.0,3056.0742,0.0,7570.25,7315.3,6702.69,66.68,TQQQ_100,"Bull trend confirmed: Price > SMA50 & SMA250, RSI 66.7",15398.55,153.99,326.32,3950.41
2018-08-29,TQQQ_100,1.0,26286.86,0.0,3056.0742,0.0,7660.18,7323.94,6709.37,71.67,TQQQ_100,"Bull trend confirmed: Price > SMA50 & SMA250, RSI 71.7",16286.86,162.87,331.38,4092.07
2018-08-30,TQQQ_100,1.0,26138.21,0.0,3056.0742,0.0,7642.67,7331.18,6715.99,69.49,TQQQ_100,"Bull trend confirmed: Price > SMA50 & SMA250, RSI 69.5",16138.21,161.38,330.39,4068.37
2018-08-31,TQQQ_100,1.0,26214.35,0.0,3056.0742,0.0,7654.55,7339.92,6722.88,70.15,TQQQ_100,"Bull trend confirmed: Price > SMA50 & SMA250, RSI 70.2",16214.35,162.14,331.06,4080.51
2018-09-04,TQQQ_100,1.0,25902.54,0.0,3056.0742,0.0,7622.32,7348.42,6729.56,65.96,TQQQ_100,"Bull trend confirmed: Price > SMA50 & SMA250, RSI 66.0",15902.54,159.03,329.25,4030.78
2018-09-05,TQQQ_100,1.0,24872.81,0.0,3056.0742,0.0,7523.26,7358.12,6735.8,55.06,TQQQ_100,"Bull trend confirmed: Price > SMA50 & SMA250, RSI 55.1",14872.81,148.73,323.67,3866.57
2018-09-06,TQQQ_100,1.0,24194.79,0.0,3056.0742,0.0,7453.17,7365.82,6741.96,48.91,TQQQ_100,"Bull trend confirmed: Price > SMA50 & SMA250, RSI 48.9",14194.79,141.95,319.72,3758.44
2018-09-07,TQQQ_100,1.0,23955.49,0.0,3056.0742,0.0,7430.26,7375.03,6747.76,47.06,TQQQ_100,"Bull trend confirmed: Price > SMA50 & SMA250, RSI 47.1",13955.49,139.55,318.43,3720.28
2018-09-10,TQQQ_100,1.0,24165.78,0.0,3056.0742,0.0,7447.68,7383.35,6753.57,48.65,TQQQ_100,"Bull trend confirmed: Price > SMA50 & SMA250, RSI 48.6",14165.78,141.66,319.41,3753.82
2018-09-11,TQQQ_100,1.0,24702.39,0.0,3056.0742,0.0,7507.87,7392.7,6759.58,53.82,TQQQ_100,"Bull trend confirmed: Price > SMA50 & SMA250, RSI 53.8",14702.39,147.02,322.8,3839.39
2018-09-12,TQQQ_100,1.0,24488.48,0.0,3056.0742,0.0,7488.06,7400.5,6765.66,51.96,TQQQ_100,"Bull trend confirmed: Price > SMA50 & SMA250, RSI 52.0",14488.48,144.88,321.69,3805.28
2018-09-13,TQQQ_100,1.0,25213.63,0.0,3056.0742,0.0,7561.69,7411.44,6771.95,57.78,TQQQ_100,"Bull trend confirmed: Price > SMA50 & SMA250, RSI 57.8",15213.63,152.14,325.83,3920.92
2018-09-14,TQQQ_100,1.0,25021.46,0.0,3056.0742,0.0,7545.5,7420.33,6778.21,56.17,TQQQ_100,"Bull trend confirmed: Price > SMA50 & SMA250, RSI 56.2",15021.46,150.21,324.92,3890.27
2018-09-17,TQQQ_100,1.0,23966.36,0.0,3056.0742,0.0,7434.73,7424.88,6783.98,46.6,TQQQ_100,"Bull trend confirmed: Price > SMA50 & SMA250, RSI 46.6",13966.36,139.66,318.68,3722.01
2018-09-18,TQQQ_100,1.0,24535.61,0.0,3056.0742,0.0,7494.4,7429.25,6790.07,51.4,TQQQ_100,"Bull trend confirmed: Price > SMA50 & SMA250, RSI 51.4",14535.61,145.36,322.04,3812.79
2018-09-19,TQQQ_100,1.0,24481.22,0.0,3056.0742,0.0,7490.32,7433.4,6796.29,51.06,TQQQ_100,"Bull trend confirmed: Price > SMA50 & SMA250, RSI 51.1",14481.22,144.81,321.81,3804.12
2018-09-20,TQQQ_100,1.0,25249.89,0.0,3056.0742,0.0,7569.03,7439.9,6802.84,56.95,TQQQ_100,"Bull trend confirmed: Price > SMA50 & SMA250, RSI 57.0",15249.89,152.5,326.25,3926.7
2018-09-21,TQQQ_100,1.0,24847.43,0.0,3056.0742,0.0,7531.07,7443.2,6809.49,53.6,TQQQ_100,"Bull trend confirmed: Price > SMA50 & SMA250, RSI 53.6",14847.43,148.47,324.11,3862.52
2018-09-24,TQQQ_100,1.0,25061.35,0.0,3056.0742,0.0,7548.75,7446.66,6816.16,54.93,TQQQ_100,"Bull trend confirmed: Price > SMA50 & SMA250, RSI 54.9",15061.35,150.61,325.1,3896.64
2018-09-25,TQQQ_100,1.0,25162.87,0.0,3056.0742,0.0,7563.19,7450.76,6822.66,56.04,TQQQ_100,"Bull trend confirmed: Price > SMA50 & SMA250, RSI 56.0",15162.87,151.63,325.92,3912.83
2018-09-26,TQQQ_100,1.0,25137.49,0.0,3056.0742,0.0,7563.09,7453.95,6829.18,56.03,TQQQ_100,"Bull trend confirmed: Price > SMA50 & SMA250, RSI 56.0",15137.49,151.37,325.91,3908.78
2018-09-27,TQQQ_100,1.0,25833.64,0.0,3056.0742,0.0,7629.57,7458.74,6835.78,61.13,TQQQ_100,"Bull trend confirmed: Price > SMA50 & SMA250, RSI 61.1",15833.64,158.34,329.66,4019.8
2018-09-28,TQQQ_100,1.0,25793.76,0.0,3056.0742,0.0,7627.65,7464.24,6842.37,60.91,TQQQ_100,"Bull trend confirmed: Price > SMA50 & SMA250, RSI 60.9",15793.76,157.94,329.55,4013.44
2018-10-01,TQQQ_50,0.5,25942.41,12971.21,1528.0371,0.0,7645.45,7470.15,6848.97,62.26,TQQQ_50,Bearish RSI divergence,15942.41,159.42,330.55,4037.14
2018-10-02,TQQQ_100,1.0,25869.68,0.0,3065.07,0.0,7628.28,7475.28,6855.49,60.1,TQQQ_100,"Bull trend confirmed: Price > SMA50 & SMA250, RSI 60.1",15869.68,158.7,329.58,4013.44
2018-10-03,TQQQ_100,1.0,25946.05,0.0,3065.07,0.0,7637.43,7479.9,6861.81,60.88,TQQQ_100,"Bull trend confirmed: Price > SMA50 & SMA250, RSI 60.9",15946.05,159.46,330.1,4025.58
2018-10-04,TQQQ_100,1.0,24466.02,0.0,3065.07,0.0,7490.0,7479.53,6867.51,45.46,TQQQ_100,"Bull trend confirmed: Price > SMA50 & SMA250, RSI 45.5",14466.02,144.66,321.8,3790.24
2018-10-05,CASH,0.0,23546.0,23546.0,0.0,0.0,7399.01,7479.49,6872.87,38.91,CASH,Clean exit: NDX 7399.0 broke below SMA50 (7479.5),13546.0,135.46,316.67,3643.96
2018-10-08,CASH,0.0,23554.7,23554.7,0.0,0.0,7352.82,7480.62,6878.03,36.07,CASH,Clean exit: NDX 7352.8 broke below SMA50 (7480.6),13554.7,135.55,314.07,3576.88
2018-10-09,CASH,0.0,23557.61,23557.61,0.0,0.0,7371.62,7484.19,6883.19,38.05,CASH,Clean exit: NDX 7371.6 broke below SMA50 (7484.2),13557.61,135.58,315.13,3605.21
2018-10-10,CASH,0.0,23560.51,23560.51,0.0,0.0,7044.5,7480.44,6887.09,24.07,CASH,Clean exit: NDX 7044.5 broke below SMA50 (7480.4),13560.51,135.61,296.71,3124.72
2018-10-11,CASH,0.0,23563.42,23563.42,0.0,0.0,6964.03,7474.26,6890.57,21.93,CASH,Clean exit: NDX 6964.0 broke below SMA50 (7474.3),13563.42,135.63,292.18,2994.04
2018-10-12,CASH,0.0,23566.32,23566.32,0.0,0.0,7157.21,7469.96,6894.74,36.5,CASH,Clean exit: NDX 7157.2 broke below SMA50 (7470.0),13566.32,135.66,303.06,3255.39
2018-10-15,CASH,0.0,23575.04,23575.04,0.0,0.0,7068.67,7463.42,6898.53,33.42,CASH,Clean exit: NDX 7068.7 broke below SMA50 (7463.4),13575.04,135.75,298.07,3128.76
2018-10-16,CASH,0.0,23577.95,23577.95,0.0,0.0,7276.43,7460.17,6903.18,45.12,CASH,Clean exit: NDX 7276.4 broke below SMA50 (7460.2),13577.95,135.78,309.77,3406.89
2018-10-17,CASH,0.0,23580.85,23580.85,0.0,0.0,7278.63,7456.49,6907.92,45.23,CASH,Clean exit: NDX 7278.6 broke below SMA50 (7456.5),13580.85,135.81,309.89,3418.45
2018-10-18,CASH,0.0,23583.76,23583.76,0.0,0.0,7116.09,7449.42,6911.95,39.02,CASH,Clean exit: NDX 7116.1 broke below SMA50 (7449.4),13583.76,135.84,300.74,3174.44
2018-10-19,CASH,0.0,23586.67,23586.67,0.0,0.0,7107.23,7442.23,6916.11,38.71,CASH,Clean exit: NDX 7107.2 broke below SMA50 (7442.2),13586.67,135.87,300.24,3161.14
2018-10-22,CASH,0.0,23595.39,23595.39,0.0,0.0,7141.21,7436.89,6920.35,40.67,CASH,Clean exit: NDX 7141.2 broke below SMA50 (7436.9),13595.39,135.95,302.15,3210.29
2018-10-23,CASH,0.0,23598.3,23598.3,0.0,0.0,7118.67,7431.24,6924.61,39.76,CASH,Clean exit: NDX 7118.7 broke below SMA50 (7431.2),13598.3,135.98,300.88,3173.86
2018-10-24,CASH,0.0,23601.21,23601.21,0.0,0.0,6789.15,7418.08,6927.61,29.42,CASH,Defensive cash in bear regime,13601.21,136.01,282.33,2728.64
2018-10-25,CASH,0.0,23604.12,23604.12,0.0,0.0,7016.39,7411.31,6930.82,40.84,CASH,Clean exit: NDX 7016.4 broke below SMA50 (7411.3),13604.12,136.04,295.12,3018.9
2018-10-26,SQQQ,0.0,23607.03,0.0,0.0,0.8446,6852.4,7400.87,6933.32,36.28,SQQQ,"Bear signal: Below SMAs, RSI 36.3 in SQQQ zone",13607.03,136.07,285.89,2776.63
2018-10-29,CASH,0.0,24989.06,24989.06,0.0,0.0,6713.9,7387.6,6935.18,32.93,CASH,Defensive cash in bear regime,14989.06,149.89,278.09,2622.82
2018-10-30,SQQQ,0.0,24992.14,0.0,0.0,0.8827,6810.12,7376.37,6937.43,37.26,SQQQ,"Bear signal: Below SMAs, RSI 37.3 in SQQQ zone",14992.14,149.92,283.51,2728.06
2018-10-31,CASH,0.0,23312.56,23312.56,0.0,0.0,6967.1,7367.77,6940.35,43.65,CASH,Clean exit: NDX 6967.1 broke below SMA50 (7367.8),13312.56,133.13,292.35,2918.87
2018-11-01,CASH,0.0,23315.43,23315.43,0.0,0.0,7069.17,7360.66,6943.45,47.41,CASH,Clean exit: NDX 7069.2 broke below SMA50 (7360.7),13315.43,133.15,298.1,3050.7
2018-11-02,CASH,0.0,23318.31,23318.31,0.0,0.0,6965.29,7351.69,6946.05,44.18,CASH,Clean exit: NDX 6965.3 broke below SMA50 (7351.7),13318.31,133.18,292.25,2909.62
2018-11-05,SQQQ,0.0,23326.93,0.0,0.0,0.8745,6937.09,7340.73,6948.52,43.32,SQQQ,"Bear signal: Below SMAs, RSI 43.3 in SQQQ zone",13326.93,133.27,290.66,2880.13
2018-11-06,CASH,0.0,22794.51,22794.51,0.0,0.0,6988.85,7329.32,6951.09,45.42,CASH,Clean exit: NDX 6988.9 broke below SMA50 (7329.3),12794.51,127.95,293.57,2943.16
2018-11-07,CASH,0.0,22797.32,22797.32,0.0,0.0,7203.13,7321.98,6954.65,53.17,CASH,Clean exit: NDX 7203.1 broke below SMA50 (7322.0),12797.32,127.97,305.64,3223.01
2018-11-08,CASH,0.0,22800.13,22800.13,0.0,0.0,7158.59,7311.95,6958.05,51.53,CASH,Clean exit: NDX 7158.6 broke below SMA50 (7311.9),12800.13,128.0,303.13,3166.35
2018-11-09,CASH,0.0,22802.94,22802.94,0.0,0.0,7039.15,7299.88,6960.94,47.32,CASH,Clean exit: NDX 7039.1 broke below SMA50 (7299.9),12802.94,128.03,296.41,3000.4
2018-11-12,SQQQ,0.0,22811.38,0.0,0.0,0.8268,6829.1,7283.37,6963.09,40.98,SQQQ,"Bear signal: Below SMAs, RSI 41.0 in SQQQ zone",12811.38,128.11,284.58,2728.06
2018-11-13,SQQQ,0.0,22779.91,0.0,0.0,0.8268,6830.91,7267.54,6965.38,41.06,SQQQ,"Bear signal: Below SMAs, RSI 41.1 in SQQQ zone",12779.91,127.8,284.68,2726.9
2018-11-14,SQQQ,0.0,23346.26,0.0,0.0,0.8268,6769.87,7252.47,6967.1,39.29,SQQQ,"Bear signal: Below SMAs, RSI 39.3 in SQQQ zone",13346.26,133.46,281.24,2655.2
2018-11-15,SQQQ,0.0,22119.17,0.0,0.0,0.8268,6890.45,7241.22,6969.4,44.39,SQQQ,"Bear signal: Below SMAs, RSI 44.4 in SQQQ zone",12119.17,121.19,288.03,2802.65
2018-11-16,SQQQ,0.0,22355.14,0.0,0.0,0.8268,6867.02,7229.95,6971.64,43.62,SQQQ,"Bear signal: Below SMAs, RSI 43.6 in SQQQ zone",12355.14,123.55,286.71,2770.85
2018-11-19,SQQQ,0.0,24557.62,0.0,0.0,0.8268,6642.92,7213.86,6972.69,37.03,SQQQ,"Bear signal: Below SMAs, RSI 37.0 in SQQQ zone",14557.62,145.58,274.09,2495.62
2018-11-20,CASH,0.0,25847.64,25847.64,0.0,0.0,6526.96,7194.24,6973.26,34.15,CASH,Defensive cash in bear regime,15847.64,158.48,267.56,2351.64
2018-11-21,SQQQ,0.0,25850.83,0.0,0.0,0.8449,6575.66,7175.99,6973.92,36.39,SQQQ,"Bear signal: Below SMAs, RSI 36.4 in SQQQ zone",15850.83,158.51,270.31,2406.57
2018-11-23,SQQQ,0.0,26445.66,0.0,0.0,0.8449,6527.35,7155.3,6974.41,35.11,SQQQ,"Bear signal: Below SMAs, RSI 35.1 in SQQQ zone",16445.66,164.46,267.58,2351.06
2018-11-26,SQQQ,0.0,24612.95,0.0,0.0,0.8449,6678.34,7137.96,6975.43,41.95,SQQQ,"Bear signal: Below SMAs, RSI 42.0 in SQQQ zone",14612.95,146.13,276.09,2519.32
2018-11-27,SQQQ,0.0,24339.65,0.0,0.0,0.8449,6701.04,7123.29,6976.99,42.93,SQQQ,"Bear signal: Below SMAs, RSI 42.9 in SQQQ zone",14339.65,143.4,277.37,2546.5
2018-11-28,SQQQ,0.0,22056.81,0.0,0.0,0.8449,6913.33,7111.66,6979.18,51.17,SQQQ,"Bear signal: Below SMAs, RSI 51.2 in SQQQ zone",12056.81,120.57,289.32,2797.45
2018-11-29,SQQQ,0.0,22265.8,0.0,0.0,0.8449,6892.4,7099.71,6981.4,50.4,SQQQ,"Bear signal: Below SMAs, RSI 50.4 in SQQQ zone",12265.8,122.66,288.14,2770.85
2018-11-30,SQQQ,0.0,21751.36,0.0,0.0,0.8449,6949.01,7087.31,6984.14,52.49,SQQQ,"Bear signal: Below SMAs, RSI 52.5 in SQQQ zone",11751.36,117.51,291.33,2830.98
2018-12-03,CASH,0.0,20674.23,20674.23,0.0,0.0,7062.13,7077.93,6987.33,56.44,CASH,Clean exit: NDX 7062.1 broke below SMA50 (7077.9),10674.23,106.74,297.7,2981.32
2018-12-04,SQQQ,0.0,20676.78,0.0,0.0,0.7605,6795.21,7062.86,6989.34,46.59,SQQQ,"Bear signal: Below SMAs, RSI 46.6 in SQQQ zone",10676.78,106.77,282.67,2642.48
2018-12-06,SQQQ,0.0,20286.12,0.0,0.0,0.7605,6838.85,7048.37,6991.43,48.19,SQQQ,"Bear signal: Below SMAs, RSI 48.2 in SQQQ zone",10286.12,102.86,285.13,2682.38
2018-12-07,SQQQ,0.0,22326.29,0.0,0.0,0.7605,6613.28,7029.37,6992.5,41.33,SQQQ,"Bear signal: Below SMAs, RSI 41.3 in SQQQ zone",12326.29,123.26,272.42,2410.04
2018-12-10,SQQQ,0.0,21617.3,0.0,0.0,0.7605,6682.74,7010.44,6993.66,43.97,SQQQ,"Bear signal: Below SMAs, RSI 44.0 in SQQQ zone",11617.3,116.17,276.34,2488.68
2018-12-11,SQQQ,0.0,21400.25,0.0,0.0,0.7605,6704.24,6991.97,6994.94,44.8,SQQQ,"Bear signal: Below SMAs, RSI 44.8 in SQQQ zone",11400.25,114.0,277.55,2516.43
2018-12-12,SQQQ,0.0,20835.95,0.0,0.0,0.7605,6763.96,6974.34,6996.42,47.14,SQQQ,"Bear signal: Below SMAs, RSI 47.1 in SQQQ zone",10835.95,108.36,280.91,2582.35
2018-12-13,SQQQ,0.0,20821.48,0.0,0.0,0.7605,6767.97,6957.13,6997.93,47.3,SQQQ,"Bear signal: Below SMAs, RSI 47.3 in SQQQ zone",10821.48,108.21,281.14,2582.93
2018-12-14,SQQQ,0.0,22355.24,0.0,0.0,0.7605,6594.96,6936.28,6998.44,41.42,SQQQ,"Bear signal: Below SMAs, RSI 41.4 in SQQQ zone",12355.24,123.55,271.39,2380.55
2018-12-17,SQQQ,0.0,23917.94,0.0,0.0,0.7605,6448.39,6915.45,6998.18,37.2,SQQQ,"Bear signal: Below SMAs, RSI 37.2 in SQQQ zone",13917.94,139.18,263.14,2220.38
2018-12-18,SQQQ,0.0,23440.44,0.0,0.0,0.7605,6491.52,6897.3,6998.23,39.17,SQQQ,"Bear signal: Below SMAs, RSI 39.2 in SQQQ zone",13440.44,134.4,265.57,2259.13
2018-12-19,SQQQ,0.0,25162.31,0.0,0.0,0.7605,6342.97,6877.1,6997.71,35.09,SQQQ,"Bear signal: Below SMAs, RSI 35.1 in SQQQ zone",15162.31,151.62,257.2,2088.55
2018-12-20,CASH,0.0,26189.64,26189.64,0.0,0.0,6243.19,6854.54,6996.79,32.64,CASH,Defensive cash in bear regime,16189.64,161.9,251.58,2000.66
2018-12-21,CASH,0.0,26192.86,26192.86,0.0,0.0,6046.56,6834.58,6995.12,28.42,CASH,Defensive cash in bear regime,16192.86,161.93,240.51,1797.71
2018-12-24,CASH,0.0,26202.55,26202.55,0.0,0.0,5899.35,6813.28,6992.98,25.74,CASH,Defensive cash in bear regime,16202.55,162.03,232.22,1657.2
2018-12-26,SQQQ,0.0,26209.01,0.0,0.0,0.7906,6262.77,6795.39,6992.29,40.63,SQQQ,"Bear signal: Below SMAs, RSI 40.6 in SQQQ zone",16209.01,162.09,252.69,1976.29
2018-12-27,SQQQ,0.0,25816.03,0.0,0.0,0.7906,6288.3,6779.79,6991.68,41.52,SQQQ,"Bear signal: Below SMAs, RSI 41.5 in SQQQ zone",15816.03,158.16,254.12,2005.82
2018-12-28,SQQQ,0.0,25891.6,0.0,0.0,0.7906,6285.27,6759.96,6991.24,41.44,SQQQ,"Bear signal: Below SMAs, RSI 41.4 in SQQQ zone",15891.6,158.92,253.95,1997.13
2018-12-31,SQQQ,0.0,25332.35,0.0,0.0,0.7906,6329.97,6740.99,6990.51,43.16,SQQQ,"Bear signal: Below SMAs, RSI 43.2 in SQQQ zone",15332.35,153.32,256.47,2044.61
2019-01-02,SQQQ,0.0,24939.37,0.0,0.0,0.7906,6360.87,6725.89,6989.65,44.38,SQQQ,"Bear signal: Below SMAs, RSI 44.4 in SQQQ zone",14939.37,149.39,258.21,2075.3
2019-01-03,SQQQ,0.0,27403.07,0.0,0.0,0.7906,6147.13,6706.68,6987.9,38.27,SQQQ,"Bear signal: Below SMAs, RSI 38.3 in SQQQ zone",17403.07,174.03,246.17,1864.54
2019-01-04,SQQQ,0.0,23805.77,0.0,0.0,0.7906,6422.67,6692.31,6986.98,48.17,SQQQ,"Bear signal: Below SMAs, RSI 48.2 in SQQQ zone",13805.77,138.06,261.69,2115.83
2019-01-07,SQQQ,0.0,23050.03,0.0,0.0,0.7906,6488.25,6679.7,6986.22,50.22,SQQQ,"Bear signal: Below SMAs, RSI 50.2 in SQQQ zone",13050.03,130.5,265.38,2186.46
2019-01-08,SQQQ,0.0,22400.09,0.0,0.0,0.7906,6551.85,6674.96,6985.72,52.19,SQQQ,"Bear signal: Below SMAs, RSI 52.2 in SQQQ zone",12400.09,124.0,268.96,2252.47
2019-01-09,SQQQ,0.0,21901.3,0.0,0.0,0.7906,6600.69,6666.64,6985.47,53.71,SQQQ,"Bear signal: Below SMAs, RSI 53.7 in SQQQ zone",11901.3,119.01,271.71,2308.05
2019-01-10,SQQQ,0.0,21674.58,0.0,0.0,0.7906,6620.94,6662.02,6985.12,54.36,SQQQ,"Bear signal: Below SMAs, RSI 54.4 in SQQQ zone",11674.58,116.75,272.86,2331.21
2019-01-11,SQQQ,0.0,21916.42,0.0,0.0,0.7906,6601.4,6659.77,6984.49,53.58,SQQQ,"Bear signal: Below SMAs, RSI 53.6 in SQQQ zone",11916.42,119.16,271.75,2302.26
2019-01-14,SQQQ,0.0,22536.12,0.0,0.0,0.7906,6541.04,6654.38,6983.71,51.14,SQQQ,"Bear signal: Below SMAs, RSI 51.1 in SQQQ zone",12536.12,125.36,268.36,2239.73
2019-01-15,CASH,0.0,21221.14,21221.14,0.0,0.0,6669.64,6648.43,6983.15,55.76,CASH,1% confirmation buffer below SMA250,11221.14,112.21,275.6,2369.43
2019-01-16,CASH,0.0,21223.75,21223.75,0.0,0.0,6668.56,6640.42,6982.58,55.71,CASH,1% confirmation buffer below SMA250,11223.75,112.24,275.54,2372.9
2019-01-17,TQQQ_30,0.3,21226.37,14858.46,1226.2897,0.0,6718.45,6635.49,6982.11,57.51,TQQQ_30,Counter-trend rally below SMA250,11226.37,112.26,278.35,2430.8
2019-01-18,TQQQ_30,0.3,21403.03,14860.29,1226.2897,0.0,6784.61,6632.44,6981.63,59.84,TQQQ_30,Counter-trend rally below SMA250,11403.03,114.03,282.07,2500.28
2019-01-22,TQQQ_30,0.3,21049.05,14867.62,1226.2897,0.0,6646.81,6625.6,6980.36,53.28,TQQQ_30,Counter-trend rally below SMA250,11049.05,110.49,274.31,2356.69
2019-01-23,TQQQ_30,0.3,21056.72,14869.45,1226.2897,0.0,6658.76,6614.71,6979.32,53.75,TQQQ_30,Counter-trend rally below SMA250,11056.72,110.57,274.99,2359.01
2019-01-24,TQQQ_30,0.3,21167.81,14871.29,1226.2897,0.0,6702.55,6605.59,6978.46,55.53,TQQQ_30,Counter-trend rally below SMA250,11167.81,111.68,277.45,2402.43
2019-01-25,TQQQ_30,0.3,21394.0,14873.12,1226.2897,0.0,6787.37,6600.55,6977.52,58.84,TQQQ_30,Counter-trend rally below SMA250,11394.0,113.94,282.23,2491.6
2019-01-28,TQQQ_30,0.3,21159.12,14878.62,1226.2897,0.0,6697.09,6597.91,6976.35,54.22,TQQQ_30,Counter-trend rally below SMA250,11159.12,111.59,277.14,2396.06
2019-01-29,TQQQ_30,0.3,20983.22,14880.46,1226.2897,0.0,6632.79,6593.95,6975.16,51.14,TQQQ_30,Counter-trend rally below SMA250,10983.22,109.83,273.52,2325.42
2019-01-30,TQQQ_30,0.3,21442.51,14882.29,1226.2897,0.0,6807.91,6594.71,6974.59,58.12,TQQQ_30,Counter-trend rally below SMA250,11442.51,114.43,283.38,2507.23
2019-01-31,TQQQ_30,0.3,21732.8,14884.12,1226.2897,0.0,6906.84,6595.04,6974.62,61.46,TQQQ_30,Counter-trend rally below SMA250,11732.8,117.33,288.96,2621.87
2019-02-01,TQQQ_30,0.3,21647.22,14885.96,1226.2897,0.0,6875.52,6595.21,6975.08,59.83,TQQQ_30,Counter-trend rally below SMA250,11647.22,116.47,287.19,2587.13
2019-02-04,TQQQ_30,0.3,21900.39,14891.47,1226.2897,0.0,6959.96,6601.55,6976.93,62.71,TQQQ_30,Counter-trend rally below SMA250,11900.39,119.0,291.95,2685.56
2019-02-05,TQQQ_100,1.0,22087.25,0.0,3765.0204,0.0,7023.52,6611.48,6978.36,64.75,TQQQ_100,"Bull trend confirmed: Price > SMA50 & SMA250, RSI 64.7",12087.25,120.87,295.53,2759.09
2019-02-06,TQQQ_100,1.0,21912.8,0.0,3765.0204,0.0,6997.62,6619.92,6980.02,63.23,TQQQ_100,"Bull trend confirmed: Price > SMA50 & SMA250, RSI 63.2",11912.8,119.13,294.07,2736.51
2019-02-07,TQQQ_30,0.3,21018.22,14712.75,1129.5061,0.0,6904.98,6627.47,6982.42,57.98,TQQQ_30,Counter-trend rally below SMA250,11018.22,110.18,288.85,2620.71
2019-02-08,TQQQ_30,0.3,21052.24,14714.57,1129.5061,0.0,6913.13,6632.17,6984.42,58.31,TQQQ_30,Counter-trend rally below SMA250,11052.24,110.52,289.31,2634.61
2019-02-11,TQQQ_30,0.3,21042.92,14720.01,1129.5061,0.0,6909.18,6636.33,6985.96,58.08,TQQQ_30,Counter-trend rally below SMA250,11042.92,110.43,289.09,2628.24
2019-02-12,TQQQ_100,1.0,21318.48,0.0,3650.2378,0.0,7014.67,6638.36,6987.81,62.45,TQQQ_100,"Bull trend confirmed: Price > SMA50 & SMA250, RSI 62.5",11318.48,113.18,295.03,2746.35
2019-02-13,TQQQ_100,1.0,21361.85,0.0,3650.2378,0.0,7015.88,6640.83,6989.17,62.5,TQQQ_100,"Bull trend confirmed: Price > SMA50 & SMA250, RSI 62.5",11361.85,113.62,295.1,2752.15
2019-02-14,TQQQ_100,1.0,21439.9,0.0,3650.2378,0.0,7022.42,6642.29,6990.08,62.78,TQQQ_100,"Bull trend confirmed: Price > SMA50 & SMA250, RSI 62.8",11439.9,114.4,295.46,2762.57
2019-02-15,TQQQ_100,1.0,21695.75,0.0,3650.2378,0.0,7055.18,6642.16,6991.22,64.22,TQQQ_100,"Bull trend confirmed: Price > SMA50 & SMA250, RSI 64.2",11695.75,116.96,297.31,2796.73
2019-02-19,TQQQ_100,1.0,21825.85,0.0,3650.2378,0.0,7066.61,6647.58,6992.37,64.73,TQQQ_100,"Bull trend confirmed: Price > SMA50 & SMA250, RSI 64.7",11825.85,118.26,297.95,2814.1
2019-02-20,TQQQ_50,0.5,21808.51,10904.25,1825.1189,0.0,7062.34,6652.05,6993.58,64.36,TQQQ_50,Bearish RSI divergence,11808.51,118.09,297.71,2811.78
2019-02-21,TQQQ_50,0.5,21686.26,10905.6,1825.1189,0.0,7035.16,6660.49,6994.67,61.93,TQQQ_50,Bearish RSI divergence,11686.26,116.86,296.18,2778.78
2019-02-22,TQQQ_100,1.0,21921.78,0.0,3632.3601,0.0,7090.63,6668.65,6995.45,64.84,TQQQ_100,"Bull trend confirmed: Price > SMA50 & SMA250, RSI 64.8",11921.78,119.22,299.31,2841.31
2019-02-25,TQQQ_100,1.0,22163.44,0.0,3632.3601,0.0,7115.43,6676.87,6995.95,66.09,TQQQ_100,"Bull trend confirmed: Price > SMA50 & SMA250, RSI 66.1",12163.44,121.63,300.7,2873.73
2019-02-26,TQQQ_100,1.0,22232.48,0.0,3632.3601,0.0,7123.22,6684.06,6996.84,66.5,TQQQ_100,"Bull trend confirmed: Price > SMA50 & SMA250, RSI 66.5",12232.48,122.32,301.14,2883.0
2019-02-27,TQQQ_100,1.0,22163.44,0.0,3632.3601,0.0,7117.0,6691.04,6997.89,65.82,TQQQ_100,"Bull trend confirmed: Price > SMA50 & SMA250, RSI 65.8",12163.44,121.63,300.79,2873.73
2019-02-28,TQQQ_100,1.0,22025.35,0.0,3632.3601,0.0,7097.53,6701.09,6999.28,63.65,TQQQ_100,"Bull trend confirmed: Price > SMA50 & SMA250, RSI 63.7",12025.35,120.25,299.69,2855.21
2019-03-01,TQQQ_100,1.0,22465.51,0.0,3632.3601,0.0,7151.57,6715.15,7000.64,66.91,TQQQ_100,"Bull trend confirmed: Price > SMA50 & SMA250, RSI 66.9",12465.51,124.66,302.74,2914.26
2019-03-04,TQQQ_100,1.0,22469.82,0.0,3632.3601,0.0,7150.83,6728.34,7001.72,66.83,TQQQ_100,"Bull trend confirmed: Price > SMA50 & SMA250, RSI 66.8",12469.82,124.7,302.7,2914.84
2019-03-05,TQQQ_100,1.0,22525.92,0.0,3632.3601,0.0,7156.79,6744.62,7002.7,67.2,TQQQ_100,"Bull trend confirmed: Price > SMA50 & SMA250, RSI 67.2",12525.92,125.26,303.03,2922.37
2019-03-06,TQQQ_100,1.0,22137.54,0.0,3632.3601,0.0,7112.47,6762.0,7003.43,61.61,TQQQ_100,"Bull trend confirmed: Price > SMA50 & SMA250, RSI 61.6",12137.54,121.38,300.54,2870.26
2019-03-07,TQQQ_100,1.0,21330.58,0.0,3632.3601,0.0,7026.88,6781.61,7003.67,52.53,TQQQ_100,"Bull trend confirmed: Price > SMA50 & SMA250, RSI 52.5",11330.58,113.31,295.72,2761.99
2019-03-08,TQQQ_100,1.0,21209.75,0.0,3632.3601,0.0,7015.69,6803.93,7003.33,51.46,TQQQ_100,"Bull trend confirmed: Price > SMA50 & SMA250, RSI 51.5",11209.75,112.1,295.09,2745.78
2019-03-11,TQQQ_100,1.0,22534.55,0.0,3632.3601,0.0,7164.02,6821.96,7003.46,62.38,TQQQ_100,"Bull trend confirmed: Price > SMA50 & SMA250, RSI 62.4",12534.55,125.35,303.44,2923.53
2019-03-12,TQQQ_100,1.0,22901.35,0.0,3632.3601,0.0,7201.28,6840.22,7004.08,64.54,TQQQ_100,"Bull trend confirmed: Price > SMA50 & SMA250, RSI 64.5",12901.35,129.01,305.54,2972.74
2019-03-13,TQQQ_100,1.0,23397.61,0.0,3632.3601,0.0,7256.98,6859.65,7004.94,67.54,TQQQ_100,"Bull trend confirmed: Price > SMA50 & SMA250, RSI 67.5",13397.61,133.98,308.67,3039.33
2019-03-14,TQQQ_100,1.0,23294.04,0.0,3632.3601,0.0,7243.01,6877.91,7005.79,66.03,TQQQ_100,"Bull trend confirmed: Price > SMA50 & SMA250, RSI 66.0",13294.04,132.94,307.89,3025.43
2019-03-15,TQQQ_100,1.0,23872.3,0.0,3632.3601,0.0,7306.99,6896.84,7006.94,69.4,TQQQ_100,"Bull trend confirmed: Price > SMA50 & SMA250, RSI 69.4",13872.3,138.72,311.49,3103.02
2019-03-18,TQQQ_100,1.0,24088.06,0.0,3632.3601,0.0,7326.28,6920.42,7008.79,70.36,TQQQ_100,"Bull trend confirmed: Price > SMA50 & SMA250, RSI 70.4",14088.06,140.88,312.58,3131.97
2019-03-19,TQQQ_100,1.0,24329.72,0.0,3632.3601,0.0,7349.28,6938.95,7010.64,71.5,TQQQ_100,"Bull trend confirmed: Price > SMA50 & SMA250, RSI 71.5",14329.72,143.3,313.87,3164.39
2019-03-20,TQQQ_100,1.0,24610.31,0.0,3632.3601,0.0,7380.75,6956.8,7012.75,73.03,TQQQ_100,"Bull trend confirmed: Price > SMA50 & SMA250, RSI 73.0",14610.31,146.1,315.64,3202.04
2019-03-21,TQQQ_30,0.3,25749.96,18024.97,1089.708,0.0,7493.27,6975.63,7015.99,77.65,TQQQ_30,Overbought: RSI 77.7 >= 75,15749.96,157.5,321.98,3354.95
2019-03-22,TQQQ_30,0.3,25247.11,18027.2,1089.708,0.0,7326.06,6990.14,7019.27,60.94,TQQQ_30,Overbought trim active,15247.11,152.47,312.56,3129.06
2019-03-25,TQQQ_30,0.3,25208.45,18033.86,1089.708,0.0,7316.96,7004.06,7021.52,60.18,TQQQ_30,Overbought trim active,15208.45,152.08,312.05,3108.79
2019-03-26,TQQQ_30,0.3,25309.1,18036.09,1089.708,0.0,7351.15,7019.05,7024.8,62.09,TQQQ_30,Overbought trim active,15309.1,153.09,313.98,3152.81
2019-03-27,TQQQ_30,0.3,25168.87,18038.31,1089.708,0.0,7308.19,7034.4,7028.19,58.3,TQQQ_30,Overbought trim active,15168.87,151.69,311.56,3089.09
2019-03-28,TQQQ_30,0.3,25216.42,18040.53,1089.708,0.0,7320.47,7047.41,7031.15,59.07,TQQQ_30,Overbought trim active,15216.42,152.16,312.25,3109.37
2019-03-29,TQQQ_100,1.0,25380.53,0.0,3769.1801,0.0,7378.77,7061.62,7035.1,62.59,TQQQ_100,"Bull trend confirmed: Price > SMA50 & SMA250, RSI 62.6",15380.53,153.81,315.53,3181.77
2019-04-01,TQQQ_100,1.0,26379.45,0.0,3769.1801,0.0,7478.42,7076.82,7039.18,67.71,TQQQ_100,"Bull trend confirmed: Price > SMA50 & SMA250, RSI 67.7",16379.45,163.79,321.14,3310.93
2019-04-02,TQQQ_100,1.0,26670.61,0.0,3769.1801,0.0,7499.64,7091.12,7042.94,68.69,TQQQ_100,"Bull trend confirmed: Price > SMA50 & SMA250, RSI 68.7",16670.61,166.71,322.34,3348.58
2019-04-03,TQQQ_100,1.0,27132.0,0.0,3769.1801,0.0,7544.97,7109.08,7046.74,70.74,TQQQ_100,"Bull trend confirmed: Price > SMA50 & SMA250, RSI 70.7",17132.0,171.32,324.89,3408.24
2019-04-04,TQQQ_50,0.5,27091.68,13545.84,1884.59,0.0,7540.57,7126.72,7051.17,70.26,TQQQ_50,Bearish RSI divergence,17091.68,170.92,324.64,3403.02
2019-04-05,TQQQ_50,0.5,27297.16,13547.51,1884.59,0.0,7578.84,7144.24,7055.59,72.04,TQQQ_50,Bearish RSI divergence,17297.16,172.97,326.8,3455.73
2019-04-08,TQQQ_50,0.5,27409.68,13552.52,1884.59,0.0,7599.74,7160.49,7059.53,72.99,TQQQ_50,Bearish RSI divergence,17409.68,174.1,327.98,3483.53
2019-04-09,TQQQ_50,0.5,27259.05,13554.19,1884.59,0.0,7568.49,7177.92,7063.47,69.2,TQQQ_50,Bearish RSI divergence,17259.05,172.59,326.22,3444.15
2019-04-10,TQQQ_50,0.5,27482.45,13555.86,1884.59,0.0,7611.49,7197.49,7067.29,71.4,TQQQ_50,Bearish RSI divergence,17482.45,174.82,328.64,3501.49
2019-04-11,TQQQ_50,0.5,27378.85,13557.53,1884.59,0.0,7594.89,7213.23,7071.16,69.34,TQQQ_50,Bearish RSI divergence,17378.85,173.79,327.7,3474.26
2019-04-12,TQQQ_50,0.5,27550.75,13559.2,1884.59,0.0,7628.15,7227.66,7074.97,71.14,TQQQ_50,Bearish RSI divergence,17550.75,175.51,329.58,3518.29
2019-04-15,TQQQ_50,0.5,27566.96,13564.22,1884.59,0.0,7629.12,7242.73,7078.22,71.19,TQQQ_50,Bearish RSI divergence,17566.96,175.67,329.63,3521.18
2019-04-16,TQQQ_50,0.5,27705.26,13565.89,1884.59,0.0,7654.73,7256.62,7081.51,72.62,TQQQ_50,Bearish RSI divergence,17705.26,177.05,331.07,3556.51
2019-04-17,TQQQ_50,0.5,27848.03,13567.56,1884.59,0.0,7680.72,7269.77,7085.13,74.03,TQQQ_50,Bearish RSI divergence,17848.03,178.48,332.54,3593.0
2019-04-18,TQQQ_100,1.0,27894.5,0.0,3669.7196,0.0,7689.72,7283.61,7089.22,74.52,TQQQ_100,"Bull trend confirmed: Price > SMA50 & SMA250, RSI 74.5",17894.5,178.94,333.04,3604.59
2019-04-22,TQQQ_30,0.3,28130.0,19691.0,1100.9159,0.0,7713.49,7299.78,7093.48,75.81,TQQQ_30,Overbought: RSI 75.8 >= 75,18130.0,181.3,334.38,3635.86
2019-04-23,TQQQ_30,0.3,28452.98,19693.43,1100.9159,0.0,7810.71,7317.73,7098.68,80.23,TQQQ_30,Overbought: RSI 80.2 >= 75,18452.98,184.53,339.86,3777.77
2019-04-24,TQQQ_30,0.3,28370.37,19695.86,1100.9159,0.0,7784.41,7335.24,7103.76,76.18,TQQQ_30,Overbought: RSI 76.2 >= 75,18370.37,183.7,338.38,3740.12
2019-04-25,TQQQ_30,0.3,28469.61,19698.29,1100.9159,0.0,7816.92,7351.28,7108.43,77.68,TQQQ_30,Overbought: RSI 77.7 >= 75,18469.61,184.7,340.21,3782.98
2019-04-26,TQQQ_30,0.3,28503.44,19700.71,1100.9159,0.0,7826.68,7367.5,7113.11,78.12,TQQQ_30,Overbought: RSI 78.1 >= 75,18503.44,185.03,340.76,3796.88
2019-04-29,TQQQ_30,0.3,28557.83,19708.0,1100.9159,0.0,7839.04,7383.83,7118.05,78.71,TQQQ_30,Overbought: RSI 78.7 >= 75,18557.83,185.58,341.45,3817.73
2019-04-30,TQQQ_30,0.3,28357.46,19710.43,1100.9159,0.0,7781.46,7398.36,7122.45,69.46,TQQQ_30,Overbought trim active,18357.46,183.57,338.21,3727.96
2019-05-01,TQQQ_30,0.3,28260.46,19712.86,1100.9159,0.0,7751.85,7412.06,7126.88,65.22,TQQQ_30,Overbought trim active,18260.46,182.6,336.54,3683.94
2019-05-02,TQQQ_30,0.3,28158.22,19715.29,1100.9159,0.0,7724.06,7425.3,7131.2,61.42,TQQQ_30,Overbought trim active,18158.22,181.58,334.98,3637.6
2019-05-03,TQQQ_30,0.3,28558.39,19717.72,1100.9159,0.0,7845.73,7441.51,7135.51,69.72,TQQQ_30,Overbought trim active,18558.39,185.58,341.83,3813.68
2019-05-06,TQQQ_30,0.3,28407.37,19725.01,1100.9159,0.0,7794.09,7455.58,7139.39,63.48,TQQQ_30,Overbought trim active,18407.37,184.07,338.92,3743.59
2019-05-07,TQQQ_30,0.3,27904.77,19727.45,1100.9159,0.0,7640.15,7466.07,7142.69,49.31,TQQQ_30,Overbought trim active,17904.77,179.05,330.25,3520.02
2019-05-08,TQQQ_30,0.3,27835.24,19729.88,1100.9159,0.0,7617.55,7475.96,7145.59,47.63,TQQQ_30,Overbought trim active,17835.24,178.35,328.98,3488.17
2019-05-09,TQQQ_30,0.3,27709.46,19732.31,1100.9159,0.0,7582.75,7485.27,7148.07,45.08,TQQQ_30,Overbought trim active,17709.46,177.09,327.02,3431.4
2019-05-10,TQQQ_30,0.3,27734.13,19734.74,1100.9159,0.0,7586.53,7495.05,7150.6,45.42,TQQQ_30,Overbought trim active,17734.13,177.34,327.23,3441.25
2019-05-13,CASH,0.0,26914.54,26914.54,0.0,0.0,7324.13,7498.5,7152.04,31.0,CASH,Clean exit: NDX 7324.1 broke below SMA50 (7498.5),16914.54,169.15,312.46,3075.19
2019-05-14,CASH,0.0,26917.86,26917.86,0.0,0.0,7401.88,7503.52,7154.1,37.35,CASH,Clean exit: NDX 7401.9 broke below SMA50 (7503.5),16917.86,169.18,316.83,3174.82
2019-05-15,CASH,0.0,26921.18,26921.18,0.0,0.0,7503.25,7510.45,7156.39,44.51,CASH,Clean exit: NDX 7503.2 broke below SMA50 (7510.5),16921.18,169.21,322.54,3310.93
2019-05-16,CASH,0.0,26924.5,26924.5,0.0,0.0,7580.14,7519.81,7159.1,49.25,CASH,1% confirmation buffer: NDX 7580.1 <= threshold (7595.0),16924.5,169.24,326.87,3417.5
2019-05-17,CASH,0.0,26927.82,26927.82,0.0,0.0,7503.68,7529.34,7161.65,45.13,CASH,Clean exit: NDX 7503.7 broke below SMA50 (7529.3),16927.82,169.28,322.57,3308.03
2019-05-20,CASH,0.0,26937.78,26937.78,0.0,0.0,7376.7,7536.56,7163.54,39.24,CASH,Clean exit: NDX 7376.7 broke below SMA50 (7536.6),16937.78,169.38,315.42,3137.17
2019-05-21,CASH,0.0,26941.1,26941.1,0.0,0.0,7451.02,7542.3,7165.77,43.86,CASH,Clean exit: NDX 7451.0 broke below SMA50 (7542.3),16941.1,169.41,319.6,3234.47
2019-05-22,CASH,0.0,26944.42,26944.42,0.0,0.0,7420.66,7546.69,7167.63,42.44,CASH,Clean exit: NDX 7420.7 broke below SMA50 (7546.7),16944.42,169.44,317.89,3191.03
2019-05-23,CASH,0.0,26947.74,26947.74,0.0,0.0,7307.93,7547.71,7169.07,37.58,CASH,Clean exit: NDX 7307.9 broke below SMA50 (7547.7),16947.74,169.48,311.54,3035.81
2019-05-24,CASH,0.0,26951.06,26951.06,0.0,0.0,7300.96,7548.87,7170.43,37.3,CASH,Clean exit: NDX 7301.0 broke below SMA50 (7548.9),16951.06,169.51,311.15,3031.17
2019-05-28,CASH,0.0,26964.35,26964.35,0.0,0.0,7278.38,7548.3,7171.83,36.34,CASH,Clean exit: NDX 7278.4 broke below SMA50 (7548.3),16964.35,169.64,309.88,2997.58
2019-05-29,CASH,0.0,26967.68,26967.68,0.0,0.0,7216.86,7546.11,7172.8,33.79,CASH,Clean exit: NDX 7216.9 broke below SMA50 (7546.1),16967.68,169.68,306.41,2919.97
2019-05-30,CASH,0.0,26971.0,26971.0,0.0,0.0,7245.4,7544.03,7173.91,36.03,CASH,Clean exit: NDX 7245.4 broke below SMA50 (7544.0),16971.0,169.71,308.02,2955.88
2019-05-31,CASH,0.0,26974.33,26974.33,0.0,0.0,7127.96,7538.97,7174.08,31.33,CASH,Defensive cash in bear regime,16974.33,169.74,301.41,2808.76
2019-06-03,CASH,0.0,26984.31,26984.31,0.0,0.0,6978.02,7528.67,7173.42,26.56,CASH,Defensive cash in bear regime,16984.31,169.84,292.96,2622.84
2019-06-04,SQQQ,0.0,26987.63,0.0,0.0,1.2949,7166.75,7525.48,7173.42,39.12,SQQQ,"Bear signal: Below SMAs, RSI 39.1 in SQQQ zone",16987.63,169.88,303.59,2843.51
2019-06-05,CASH,0.0,26373.15,26373.15,0.0,0.0,7220.9,7523.56,7173.46,42.17,CASH,Clean exit: NDX 7220.9 broke below SMA50 (7523.6),16373.15,163.73,306.64,2908.38
2019-06-06,CASH,0.0,26376.4,26376.4,0.0,0.0,7275.93,7522.06,7173.96,45.18,CASH,Clean exit: NDX 7275.9 broke below SMA50 (7522.1),16376.4,163.76,309.74,2977.89
2019-06-07,CASH,0.0,26379.66,26379.66,0.0,0.0,7417.29,7524.24,7175.02,52.08,CASH,Clean exit: NDX 7417.3 broke below SMA50 (7524.2),16379.66,163.8,317.7,3153.39
2019-06-10,CASH,0.0,26389.41,26389.41,0.0,0.0,7501.93,7527.87,7176.35,55.68,CASH,Clean exit: NDX 7501.9 broke below SMA50 (7527.9),16389.41,163.89,322.47,3272.12
2019-06-11,CASH,0.0,26392.67,26392.67,0.0,0.0,7513.85,7530.57,7177.57,56.18,CASH,Clean exit: NDX 7513.9 broke below SMA50 (7530.6),16392.67,163.93,323.14,3284.87
2019-06-12,CASH,0.0,26395.92,26395.92,0.0,0.0,7472.29,7530.45,7178.64,53.9,CASH,Clean exit: NDX 7472.3 broke below SMA50 (7530.4),16395.92,163.96,320.8,3227.52
2019-06-13,CASH,0.0,26399.17,26399.17,0.0,0.0,7510.68,7530.67,7179.56,55.69,CASH,Clean exit: NDX 7510.7 broke below SMA50 (7530.7),16399.17,163.99,322.96,3281.97
2019-06-14,CASH,0.0,26402.43,26402.43,0.0,0.0,7479.11,7529.35,7180.45,53.84,CASH,Clean exit: NDX 7479.1 broke below SMA50 (7529.4),16402.43,164.02,321.18,3237.95
2019-06-17,CASH,0.0,26412.19,26412.19,0.0,0.0,7526.52,7529.07,7181.55,56.19,CASH,Clean exit: NDX 7526.5 broke below SMA50 (7529.1),16412.19,164.12,323.85,3298.77
2019-06-18,TQQQ_100,1.0,26415.45,0.0,3630.6753,0.0,7635.4,7530.2,7183.18,61.09,TQQQ_100,"Bull trend confirmed: Price > SMA50 & SMA250, RSI 61.1",16415.45,164.15,329.98,3445.88
2019-06-19,TQQQ_100,1.0,26726.11,0.0,3630.6753,0.0,7667.74,7531.56,7184.73,62.44,TQQQ_100,"Bull trend confirmed: Price > SMA50 & SMA250, RSI 62.4",16726.11,167.26,331.81,3487.59
2019-06-20,TQQQ_100,1.0,27459.64,0.0,3630.6753,0.0,7738.05,7534.95,7186.81,65.25,TQQQ_100,"Bull trend confirmed: Price > SMA50 & SMA250, RSI 65.3",17459.64,174.6,335.76,3586.05
2019-06-21,TQQQ_100,1.0,27334.5,0.0,3630.6753,0.0,7728.78,7537.3,7188.94,64.56,TQQQ_100,"Bull trend confirmed: Price > SMA50 & SMA250, RSI 64.6",17334.5,173.35,335.24,3569.25
2019-06-24,TQQQ_100,1.0,27325.88,0.0,3630.6753,0.0,7723.02,7539.86,7191.68,64.11,TQQQ_100,"Bull trend confirmed: Price > SMA50 & SMA250, RSI 64.1",17325.88,173.26,334.92,3568.1
2019-06-25,TQQQ_100,1.0,25927.87,0.0,3630.6753,0.0,7591.54,7539.13,7193.77,54.71,TQQQ_100,"Bull trend confirmed: Price > SMA50 & SMA250, RSI 54.7",15927.87,159.28,327.51,3380.43
2019-06-26,TQQQ_100,1.0,26255.8,0.0,3630.6753,0.0,7627.05,7539.09,7196.4,56.56,TQQQ_100,"Bull trend confirmed: Price > SMA50 & SMA250, RSI 56.6",16255.8,162.56,329.51,3424.45
2019-06-27,TQQQ_100,1.0,26540.58,0.0,3630.6753,0.0,7657.05,7539.13,7198.9,58.12,TQQQ_100,"Bull trend confirmed: Price > SMA50 & SMA250, RSI 58.1",16540.58,165.41,331.2,3462.68
2019-06-28,TQQQ_100,1.0,26652.76,0.0,3630.6753,0.0,7671.08,7538.94,7201.42,58.87,TQQQ_100,"Bull trend confirmed: Price > SMA50 & SMA250, RSI 58.9",16652.76,166.53,331.99,3477.74
2019-07-01,TQQQ_100,1.0,27714.21,0.0,3630.6753,0.0,7768.14,7540.51,7204.11,63.67,TQQQ_100,"Bull trend confirmed: Price > SMA50 & SMA250, RSI 63.7",17714.21,177.14,337.46,3620.22
2019-07-02,TQQQ_100,1.0,28050.77,0.0,3630.6753,0.0,7799.82,7542.24,7207.25,65.1,TQQQ_100,"Bull trend confirmed: Price > SMA50 & SMA250, RSI 65.1",18050.77,180.51,339.24,3665.4
2019-07-03,TQQQ_100,1.0,28672.11,0.0,3630.6753,0.0,7857.69,7543.18,7210.27,67.62,TQQQ_100,"Bull trend confirmed: Price > SMA50 & SMA250, RSI 67.6",18672.11,186.72,342.5,3748.81
2019-07-05,TQQQ_100,1.0,28486.57,0.0,3630.6753,0.0,7841.3,7544.31,7212.81,66.16,TQQQ_100,"Bull trend confirmed: Price > SMA50 & SMA250, RSI 66.2",18486.57,184.87,341.58,3723.9
2019-07-08,TQQQ_100,1.0,27886.81,0.0,3630.6753,0.0,7785.79,7543.69,7214.85,61.35,TQQQ_100,"Bull trend confirmed: Price > SMA50 & SMA250, RSI 61.4",17886.81,178.87,338.45,3643.39
2019-07-09,TQQQ_100,1.0,28305.35,0.0,3630.6753,0.0,7826.86,7543.69,7217.03,63.47,TQQQ_100,"Bull trend confirmed: Price > SMA50 & SMA250, RSI 63.5",18305.35,183.05,340.77,3699.58
2019-07-10,TQQQ_100,1.0,29142.43,0.0,3630.6753,0.0,7903.4,7544.98,7219.66,67.09,TQQQ_100,"Bull trend confirmed: Price > SMA50 & SMA250, RSI 67.1",19142.43,191.42,345.08,3811.94
2019-07-11,TQQQ_100,1.0,29064.76,0.0,3630.6753,0.0,7896.78,7547.29,7221.79,66.47,TQQQ_100,"Bull trend confirmed: Price > SMA50 & SMA250, RSI 66.5",19064.76,190.65,344.7,3801.52
2019-07-12,TQQQ_100,1.0,29552.33,0.0,3630.6753,0.0,7943.24,7551.12,7224.06,68.64,TQQQ_100,"Bull trend confirmed: Price > SMA50 & SMA250, RSI 68.6",19552.33,195.52,347.32,3866.96
2019-07-15,TQQQ_100,1.0,29802.6,0.0,3630.6753,0.0,7966.93,7555.97,7226.49,69.71,TQQQ_100,"Bull trend confirmed: Price > SMA50 & SMA250, RSI 69.7",19802.6,198.03,348.65,3900.56
2019-07-16,TQQQ_100,1.0,29379.75,0.0,3630.6753,0.0,7927.08,7557.6,7228.58,65.64,TQQQ_100,"Bull trend confirmed: Price > SMA50 & SMA250, RSI 65.6",19379.75,193.8,346.41,3843.8
2019-07-17,TQQQ_100,1.0,28943.94,0.0,3630.6753,0.0,7888.76,7559.49,7230.58,61.89,TQQQ_100,"Bull trend confirmed: Price > SMA50 & SMA250, RSI 61.9",18943.94,189.44,344.25,3785.3
2019-07-18,TQQQ_100,1.0,29069.07,0.0,3630.6753,0.0,7904.13,7564.77,7232.79,62.81,TQQQ_100,"Bull trend confirmed: Price > SMA50 & SMA250, RSI 62.8",19069.07,190.69,345.12,3802.09
2019-07-19,TQQQ_100,1.0,28365.76,0.0,3630.6753,0.0,7834.9,7569.12,7234.72,56.25,TQQQ_100,"Bull trend confirmed: Price > SMA50 & SMA250, RSI 56.2",18365.76,183.66,341.22,3707.68
2019-07-22,TQQQ_100,1.0,29034.55,0.0,3630.6753,0.0,7905.12,7575.57,7236.86,60.73,TQQQ_100,"Bull trend confirmed: Price > SMA50 & SMA250, RSI 60.7",19034.55,190.35,345.17,3797.46
2019-07-23,TQQQ_100,1.0,29595.49,0.0,3630.6753,0.0,7954.56,7582.93,7239.05,63.56,TQQQ_100,"Bull trend confirmed: Price > SMA50 & SMA250, RSI 63.6",19595.49,195.95,347.96,3872.76
2019-07-24,TQQQ_100,1.0,30225.45,0.0,3630.6753,0.0,8010.61,7596.66,7241.06,66.51,TQQQ_100,"Bull trend confirmed: Price > SMA50 & SMA250, RSI 66.5",20225.45,202.25,351.11,3957.32
2019-07-25,TQQQ_100,1.0,29362.49,0.0,3630.6753,0.0,7929.87,7607.22,7243.18,59.09,TQQQ_100,"Bull trend confirmed: Price > SMA50 & SMA250, RSI 59.1",19362.49,193.62,346.57,3841.48
2019-07-26,TQQQ_100,1.0,30234.07,0.0,3630.6753,0.0,8016.95,7617.49,7246.06,63.78,TQQQ_100,"Bull trend confirmed: Price > SMA50 & SMA250, RSI 63.8",20234.07,202.34,351.47,3958.48
2019-07-29,TQQQ_50,0.5,29953.61,14976.81,1815.3376,0.0,7989.08,7625.67,7249.24,61.36,TQQQ_50,Bearish RSI divergence,19953.61,199.54,349.9,3920.83
2019-07-30,TQQQ_50,0.5,29754.82,14978.65,1815.3376,0.0,7952.47,7634.65,7252.12,58.23,TQQQ_50,Bearish RSI divergence,19754.82,197.55,347.84,3866.96
2019-07-31,TQQQ_50,0.5,29133.17,14980.5,1815.3376,0.0,7848.78,7644.09,7254.43,50.39,TQQQ_50,Bearish RSI divergence,19133.17,191.33,342.0,3699.58
2019-08-01,TQQQ_50,0.5,28936.54,14982.35,1815.3376,0.0,7801.15,7651.09,7256.14,47.24,TQQQ_50,Bearish RSI divergence,18936.54,189.37,339.32,3646.29
2019-08-02,TQQQ_50,0.5,28299.79,14984.19,1815.3376,0.0,7692.8,7656.53,7257.33,40.97,TQQQ_50,Bearish RSI divergence,18299.79,183.0,333.22,3474.84
2019-08-05,CASH,0.0,26907.32,26907.32,0.0,0.0,7415.69,7658.69,7257.24,30.0,CASH,Clean exit: NDX 7415.7 broke below SMA50 (7658.7),16907.32,169.07,317.61,3099.52
2019-08-06,CASH,0.0,26910.64,26910.64,0.0,0.0,7521.32,7663.1,7257.47,36.93,CASH,Clean exit: NDX 7521.3 broke below SMA50 (7663.1),16910.64,169.11,323.56,3231.0
2019-08-07,CASH,0.0,26913.96,26913.96,0.0,0.0,7551.9,7668.57,7257.8,38.82,CASH,Clean exit: NDX 7551.9 broke below SMA50 (7668.6),16913.96,169.14,325.28,3279.65
2019-08-08,CASH,0.0,26917.28,26917.28,0.0,0.0,7724.83,7678.73,7258.83,48.26,CASH,1% confirmation buffer: NDX 7724.8 <= threshold (7755.5),16917.28,169.17,335.02,3503.23
2019-08-09,CASH,0.0,26920.6,26920.6,0.0,0.0,7646.27,7686.74,7259.79,44.87,CASH,Clean exit: NDX 7646.3 broke below SMA50 (7686.7),16920.6,169.21,330.6,3396.65
2019-08-12,CASH,0.0,26930.55,26930.55,0.0,0.0,7561.68,7695.42,7260.43,41.5,CASH,Clean exit: NDX 7561.7 broke below SMA50 (7695.4),16930.55,169.31,325.83,3279.65
2019-08-13,CASH,0.0,26933.87,26933.87,0.0,0.0,7728.15,7710.42,7261.55,49.54,CASH,1% confirmation buffer: NDX 7728.1 <= threshold (7787.5),16933.87,169.34,335.21,3501.49
2019-08-14,CASH,0.0,26937.19,26937.19,0.0,0.0,7490.13,7716.89,7262.09,40.88,CASH,Clean exit: NDX 7490.1 broke below SMA50 (7716.9),16937.19,169.37,321.8,3178.87
2019-08-15,CASH,0.0,26940.51,26940.51,0.0,0.0,7484.89,7722.17,7262.54,40.72,CASH,Clean exit: NDX 7484.9 broke below SMA50 (7722.2),16940.51,169.41,321.51,3164.97
2019-08-16,CASH,0.0,26943.84,26943.84,0.0,0.0,7604.11,7728.73,7263.44,46.16,CASH,Clean exit: NDX 7604.1 broke below SMA50 (7728.7),16943.84,169.44,328.22,3315.56
2019-08-19,CASH,0.0,26953.8,26953.8,0.0,0.0,7719.32,7734.77,7264.83,50.85,CASH,Clean exit: NDX 7719.3 broke below SMA50 (7734.8),16953.8,169.54,334.71,3475.42
2019-08-20,CASH,0.0,26957.12,26957.12,0.0,0.0,7664.47,7738.02,7265.9,48.68,CASH,Clean exit: NDX 7664.5 broke below SMA50 (7738.0),16957.12,169.57,331.62,3401.86
2019-08-21,CASH,0.0,26960.45,26960.45,0.0,0.0,7733.22,7742.41,7267.14,51.48,CASH,Clean exit: NDX 7733.2 broke below SMA50 (7742.4),16960.45,169.6,335.49,3491.06
2019-08-22,CASH,0.0,26963.77,26963.77,0.0,0.0,7707.43,7747.11,7268.31,50.37,CASH,Clean exit: NDX 7707.4 broke below SMA50 (7747.1),16963.77,169.64,334.04,3456.31
2019-08-23,CASH,0.0,26967.1,26967.1,0.0,0.0,7464.99,7746.2,7268.23,41.33,CASH,Clean exit: NDX 7465.0 broke below SMA50 (7746.2),16967.1,169.67,320.39,3130.8
2019-08-26,CASH,0.0,26977.07,26977.07,0.0,0.0,7575.02,7748.12,7268.29,46.06,CASH,Clean exit: NDX 7575.0 broke below SMA50 (7748.1),16977.07,169.77,326.58,3261.7
2019-08-27,CASH,0.0,26980.4,26980.4,0.0,0.0,7566.03,7748.91,7268.28,45.74,CASH,Clean exit: NDX 7566.0 broke below SMA50 (7748.9),16980.4,169.8,326.08,3241.43
2019-08-28,CASH,0.0,26983.72,26983.72,0.0,0.0,7587.9,7747.96,7267.99,46.72,CASH,Clean exit: NDX 7587.9 broke below SMA50 (7748.0),16983.72,169.84,327.31,3275.02
2019-08-29,CASH,0.0,26987.05,26987.05,0.0,0.0,7702.31,7748.65,7268.23,51.66,CASH,Clean exit: NDX 7702.3 broke below SMA50 (7748.6),16987.05,169.87,333.75,3428.51
2019-08-30,CASH,0.0,26990.38,26990.38,0.0,0.0,7691.0,7747.71,7268.37,51.15,CASH,Clean exit: NDX 7691.0 broke below SMA50 (7747.7),16990.38,169.9,333.12,3403.6
2019-09-03,CASH,0.0,27003.69,27003.69,0.0,0.0,7609.51,7745.32,7268.32,47.55,CASH,Clean exit: NDX 7609.5 broke below SMA50 (7745.3),17003.69,170.04,328.53,3301.66
2019-09-04,CASH,0.0,27007.02,27007.02,0.0,0.0,7719.25,7745.25,7269.1,52.41,CASH,Clean exit: NDX 7719.2 broke below SMA50 (7745.2),17007.02,170.07,334.71,3444.73
2019-09-05,TQQQ_100,1.0,27010.35,0.0,3519.2887,0.0,7862.54,7750.67,7270.74,57.9,TQQQ_100,"Bull trend confirmed: Price > SMA50 & SMA250, RSI 57.9",17010.35,170.1,342.78,3640.5
2019-09-06,TQQQ_100,1.0,26935.06,0.0,3519.2887,0.0,7852.54,7755.18,7272.43,57.4,TQQQ_100,"Bull trend confirmed: Price > SMA50 & SMA250, RSI 57.4",16935.06,169.35,342.21,3630.07
2019-09-09,TQQQ_100,1.0,26763.59,0.0,3519.2887,0.0,7832.4,7758.68,7273.97,56.35,TQQQ_100,"Bull trend confirmed: Price > SMA50 & SMA250, RSI 56.3",16763.59,167.64,341.08,3606.32
2019-09-10,TQQQ_100,1.0,26541.91,0.0,3519.2887,0.0,7814.74,7761.56,7275.2,55.39,TQQQ_100,"Bull trend confirmed: Price > SMA50 & SMA250, RSI 55.4",16541.91,165.42,340.08,3575.63
2019-09-11,TQQQ_100,1.0,27257.11,0.0,3519.2887,0.0,7887.58,7763.95,7276.79,58.52,TQQQ_100,"Bull trend confirmed: Price > SMA50 & SMA250, RSI 58.5",17257.11,172.57,344.19,3674.67
2019-09-12,TQQQ_100,1.0,27595.89,0.0,3519.2887,0.0,7917.34,7766.3,7278.22,59.76,TQQQ_100,"Bull trend confirmed: Price > SMA50 & SMA250, RSI 59.8",17595.89,175.96,345.86,3721.58
2019-09-13,TQQQ_100,1.0,27303.12,0.0,3519.2887,0.0,7892.95,7767.0,7279.61,58.22,TQQQ_100,"Bull trend confirmed: Price > SMA50 & SMA250, RSI 58.2",17303.12,173.03,344.49,3681.04
2019-09-16,TQQQ_100,1.0,26926.7,0.0,3519.2887,0.0,7852.41,7767.22,7281.28,55.66,TQQQ_100,"Bull trend confirmed: Price > SMA50 & SMA250, RSI 55.7",16926.7,169.27,342.2,3628.91
2019-09-17,TQQQ_100,1.0,27282.21,0.0,3519.2887,0.0,7888.79,7769.28,7282.86,57.47,TQQQ_100,"Bull trend confirmed: Price > SMA50 & SMA250, RSI 57.5",17282.21,172.82,344.25,3678.14
2019-09-18,TQQQ_100,1.0,27265.48,0.0,3519.2887,0.0,7888.56,7770.52,7284.45,57.45,TQQQ_100,"Bull trend confirmed: Price > SMA50 & SMA250, RSI 57.5",17265.48,172.65,344.24,3675.83
2019-09-19,TQQQ_100,1.0,27386.77,0.0,3519.2887,0.0,7901.79,7770.49,7285.78,58.17,TQQQ_100,"Bull trend confirmed: Price > SMA50 & SMA250, RSI 58.2",17386.77,173.87,344.99,3692.63
2019-09-20,TQQQ_100,1.0,26525.18,0.0,3519.2887,0.0,7823.55,7769.02,7286.95,52.51,TQQQ_100,"Bull trend confirmed: Price > SMA50 & SMA250, RSI 52.5",16525.18,165.25,340.58,3573.31
2019-09-23,TQQQ_100,1.0,26550.27,0.0,3519.2887,0.0,7818.61,7766.53,7288.03,52.17,TQQQ_100,"Bull trend confirmed: Price > SMA50 & SMA250, RSI 52.2",16550.27,165.5,340.3,3576.78
2019-09-24,CASH,0.0,25500.48,25500.48,0.0,0.0,7710.04,7761.39,7288.62,45.15,CASH,Clean exit: NDX 7710.0 broke below SMA50 (7761.4),15500.48,155.0,334.19,3431.4
2019-09-25,CASH,0.0,25503.62,25503.62,0.0,0.0,7803.54,7758.92,7289.58,51.23,CASH,1% confirmation buffer: NDX 7803.5 <= threshold (7836.5),15503.62,155.04,339.45,3544.35
2019-09-26,CASH,0.0,25506.77,25506.77,0.0,0.0,7771.99,7756.58,7290.15,49.25,CASH,1% confirmation buffer: NDX 7772.0 <= threshold (7834.2),15506.77,155.07,337.68,3507.86
2019-09-27,CASH,0.0,25509.91,25509.91,0.0,0.0,7681.58,7752.13,7290.36,43.99,CASH,Clean exit: NDX 7681.6 broke below SMA50 (7752.1),15509.91,155.1,332.58,3376.96
2019-09-30,CASH,0.0,25519.35,25519.35,0.0,0.0,7749.45,7750.42,7290.78,48.44,CASH,Clean exit: NDX 7749.5 broke below SMA50 (7750.4),15519.35,155.19,336.41,3469.63
2019-10-01,CASH,0.0,25522.49,25522.49,0.0,0.0,7684.14,7746.0,7291.0,44.75,CASH,Clean exit: NDX 7684.1 broke below SMA50 (7746.0),15522.49,155.22,332.73,3383.33
2019-10-02,CASH,0.0,25525.64,25525.64,0.0,0.0,7550.79,7737.93,7290.66,38.34,CASH,Clean exit: NDX 7550.8 broke below SMA50 (7737.9),15525.64,155.26,325.22,3204.94
2019-10-03,CASH,0.0,25528.79,25528.79,0.0,0.0,7638.39,7730.48,7291.25,44.01,CASH,Clean exit: NDX 7638.4 broke below SMA50 (7730.5),15528.79,155.29,330.15,3313.83
2019-10-04,CASH,0.0,25531.93,25531.93,0.0,0.0,7754.1,7726.97,7292.67,50.5,CASH,1% confirmation buffer: NDX 7754.1 <= threshold (7804.2),15531.93,155.32,336.67,3457.47
2019-10-07,CASH,0.0,25541.38,25541.38,0.0,0.0,7725.13,7721.13,7294.16,48.97,CASH,1% confirmation buffer: NDX 7725.1 <= threshold (7798.3),15541.38,155.41,335.04,3424.45
2019-10-08,CASH,0.0,25544.53,25544.53,0.0,0.0,7604.27,7713.44,7295.09,43.1,CASH,Clean exit: NDX 7604.3 broke below SMA50 (7713.4),15544.53,155.45,328.23,3264.01
2019-10-09,CASH,0.0,25547.68,25547.68,0.0,0.0,7690.53,7708.2,7297.67,47.9,CASH,Clean exit: NDX 7690.5 broke below SMA50 (7708.2),15547.68,155.48,333.09,3365.95
2019-10-10,CASH,0.0,25550.83,25550.83,0.0,0.0,7740.36,7706.03,7300.78,50.5,CASH,1% confirmation buffer: NDX 7740.4 <= threshold (7783.1),15550.83,155.51,335.89,3441.83
2019-10-11,TQQQ_100,1.0,25553.98,0.0,3389.3625,0.0,7843.88,7706.88,7303.53,55.46,TQQQ_100,"Bull trend confirmed: Price > SMA50 & SMA250, RSI 55.5",15553.98,155.54,341.72,3574.47
2019-10-14,TQQQ_100,1.0,25582.17,0.0,3389.3625,0.0,7842.33,7709.87,7306.62,55.37,TQQQ_100,"Bull trend confirmed: Price > SMA50 & SMA250, RSI 55.4",15582.17,155.82,341.64,3578.52
2019-10-15,TQQQ_100,1.0,26552.92,0.0,3389.3625,0.0,7942.85,7720.42,7309.29,59.9,TQQQ_100,"Bull trend confirmed: Price > SMA50 & SMA250, RSI 59.9",16552.92,165.53,347.3,3718.11
2019-10-16,TQQQ_100,1.0,26355.56,0.0,3389.3625,0.0,7920.21,7728.4,7311.85,58.46,TQQQ_100,"Bull trend confirmed: Price > SMA50 & SMA250, RSI 58.5",16355.56,163.56,346.02,3689.73
2019-10-17,TQQQ_100,1.0,26536.82,0.0,3389.3625,0.0,7942.14,7736.2,7315.16,59.47,TQQQ_100,"Bull trend confirmed: Price > SMA50 & SMA250, RSI 59.5",16536.82,165.37,347.26,3715.79
2019-10-18,TQQQ_100,1.0,25775.52,0.0,3389.3625,0.0,7868.49,7739.07,7318.2,54.65,TQQQ_100,"Bull trend confirmed: Price > SMA50 & SMA250, RSI 54.6",15775.52,157.76,343.11,3606.32
2019-10-21,TQQQ_100,1.0,26456.26,0.0,3389.3625,0.0,7940.33,7744.96,7321.4,58.21,TQQQ_100,"Bull trend confirmed: Price > SMA50 & SMA250, RSI 58.2",16456.26,164.56,347.16,3704.21
2019-10-22,TQQQ_100,1.0,25843.99,0.0,3389.3625,0.0,7874.62,7751.21,7324.42,54.03,TQQQ_100,"Bull trend confirmed: Price > SMA50 & SMA250, RSI 54.0",15843.99,158.44,343.46,3616.17
2019-10-23,TQQQ_100,1.0,25964.83,0.0,3389.3625,0.0,7889.47,7754.44,7328.82,54.82,TQQQ_100,"Bull trend confirmed: Price > SMA50 & SMA250, RSI 54.8",15964.83,159.65,344.29,3633.55
2019-10-24,TQQQ_100,1.0,26710.02,0.0,3389.3625,0.0,7966.72,7763.97,7332.63,58.78,TQQQ_100,"Bull trend confirmed: Price > SMA50 & SMA250, RSI 58.8",16710.02,167.1,348.64,3740.7
2019-10-25,TQQQ_100,1.0,27318.27,0.0,3389.3625,0.0,8029.22,7774.86,7337.33,61.71,TQQQ_100,"Bull trend confirmed: Price > SMA50 & SMA250, RSI 61.7",17318.27,173.18,352.16,3828.16
2019-10-28,TQQQ_100,1.0,28152.07,0.0,3389.3625,0.0,8110.67,7784.99,7342.92,65.18,TQQQ_100,"Bull trend confirmed: Price > SMA50 & SMA250, RSI 65.2",18152.07,181.52,356.75,3948.05
2019-10-29,TQQQ_100,1.0,27503.55,0.0,3389.3625,0.0,8047.51,7791.55,7347.87,60.6,TQQQ_100,"Bull trend confirmed: Price > SMA50 & SMA250, RSI 60.6",17503.55,175.04,353.19,3854.8
2019-10-30,TQQQ_100,1.0,27890.24,0.0,3389.3625,0.0,8083.11,7799.93,7352.33,62.21,TQQQ_100,"Bull trend confirmed: Price > SMA50 & SMA250, RSI 62.2",17890.24,178.9,355.2,3910.4
2019-10-31,TQQQ_100,1.0,27910.39,0.0,3389.3625,0.0,8083.83,7806.94,7356.39,62.24,TQQQ_100,"Bull trend confirmed: Price > SMA50 & SMA250, RSI 62.2",17910.39,179.1,355.24,3913.3
2019-11-01,TQQQ_100,1.0,28667.66,0.0,3389.3625,0.0,8161.17,7816.01,7361.18,65.77,TQQQ_100,"Bull trend confirmed: Price > SMA50 & SMA250, RSI 65.8",18667.66,186.68,359.59,4022.19
2019-11-04,TQQQ_100,1.0,29179.23,0.0,3389.3625,0.0,8210.66,7830.93,7366.27,67.85,TQQQ_100,"Bull trend confirmed: Price > SMA50 & SMA250, RSI 67.8",19179.23,191.79,362.38,4095.75
2019-11-05,TQQQ_100,1.0,29215.47,0.0,3389.3625,0.0,8210.18,7843.63,7371.15,67.8,TQQQ_100,"Bull trend confirmed: Price > SMA50 & SMA250, RSI 67.8",19215.47,192.15,362.35,4100.96
2019-11-06,TQQQ_100,1.0,29030.18,0.0,3389.3625,0.0,8196.03,7856.23,7375.13,66.47,TQQQ_100,"Bull trend confirmed: Price > SMA50 & SMA250, RSI 66.5",19030.18,190.3,361.56,4074.32
2019-11-07,TQQQ_100,1.0,29324.23,0.0,3389.3625,0.0,8219.65,7868.87,7379.37,67.62,TQQQ_100,"Bull trend confirmed: Price > SMA50 & SMA250, RSI 67.6",19324.23,193.24,362.89,4116.6
2019-11-08,TQQQ_100,1.0,29670.65,0.0,3389.3625,0.0,8255.89,7879.94,7384.24,69.34,TQQQ_100,"Bull trend confirmed: Price > SMA50 & SMA250, RSI 69.3",19670.65,196.71,364.93,4166.41
2019-11-11,TQQQ_100,1.0,29545.77,0.0,3389.3625,0.0,8241.91,7890.95,7389.89,67.84,TQQQ_100,"Bull trend confirmed: Price > SMA50 & SMA250, RSI 67.8",19545.77,195.46,364.14,4148.46
2019-11-12,TQQQ_100,1.0,29787.45,0.0,3389.3625,0.0,8263.79,7904.04,7395.62,68.97,TQQQ_100,"Bull trend confirmed: Price > SMA50 & SMA250, RSI 69.0",19787.45,197.87,365.37,4183.21
2019-11-13,TQQQ_100,1.0,29743.14,0.0,3389.3625,0.0,8259.81,7914.85,7401.58,68.5,TQQQ_100,"Bull trend confirmed: Price > SMA50 & SMA250, RSI 68.5",19743.14,197.43,365.15,4176.84
2019-11-14,TQQQ_100,1.0,29735.09,0.0,3389.3625,0.0,8257.83,7922.76,7407.05,68.25,TQQQ_100,"Bull trend confirmed: Price > SMA50 & SMA250, RSI 68.3",19735.09,197.35,365.04,4175.68
2019-11-15,TQQQ_100,1.0,30294.99,0.0,3389.3625,0.0,8315.52,7932.02,7412.84,71.52,TQQQ_100,"Bull trend confirmed: Price > SMA50 & SMA250, RSI 71.5",20294.99,202.95,368.28,4256.19
2019-11-18,TQQQ_100,1.0,30452.08,0.0,3389.3625,0.0,8328.48,7941.94,7419.59,72.22,TQQQ_100,"Bull trend confirmed: Price > SMA50 & SMA250, RSI 72.2",20452.08,204.52,369.01,4278.78
2019-11-19,TQQQ_100,1.0,30576.95,0.0,3389.3625,0.0,8338.74,7952.42,7426.83,72.78,TQQQ_100,"Bull trend confirmed: Price > SMA50 & SMA250, RSI 72.8",20576.95,205.77,369.59,4296.73
2019-11-20,TQQQ_100,1.0,30041.23,0.0,3389.3625,0.0,8283.75,7960.34,7433.67,65.14,TQQQ_100,"Bull trend confirmed: Price > SMA50 & SMA250, RSI 65.1",20041.23,200.41,366.5,4219.7
2019-11-21,TQQQ_100,1.0,29807.6,0.0,3389.3625,0.0,8265.62,7967.31,7440.62,62.8,TQQQ_100,"Bull trend confirmed: Price > SMA50 & SMA250, RSI 62.8",19807.6,198.08,365.47,4186.11
2019-11-22,TQQQ_100,1.0,29888.16,0.0,3389.3625,0.0,8272.05,7974.89,7446.99,63.3,TQQQ_100,"Bull trend confirmed: Price > SMA50 & SMA250, RSI 63.3",19888.16,198.88,365.84,4197.69
2019-11-25,TQQQ_100,1.0,30923.37,0.0,3389.3625,0.0,8371.93,7985.28,7453.68,70.08,TQQQ_100,"Bull trend confirmed: Price > SMA50 & SMA250, RSI 70.1",20923.37,209.23,371.46,4346.55
2019-11-26,TQQQ_100,1.0,31108.66,0.0,3389.3625,0.0,8385.75,7995.22,7459.57,70.88,TQQQ_100,"Bull trend confirmed: Price > SMA50 & SMA250, RSI 70.9",21108.66,211.09,372.24,4373.19
2019-11-27,TQQQ_100,1.0,31737.04,0.0,3389.3625,0.0,8444.71,8006.34,7465.78,74.07,TQQQ_100,"Bull trend confirmed: Price > SMA50 & SMA250, RSI 74.1",21737.04,217.37,375.56,4463.54
2019-11-29,TQQQ_100,1.0,31314.09,0.0,3389.3625,0.0,8403.68,8016.38,7471.59,68.45,TQQQ_100,"Bull trend confirmed: Price > SMA50 & SMA250, RSI 68.5",21314.09,213.14,373.25,4402.73
2019-12-02,TQQQ_100,1.0,30307.08,0.0,3389.3625,0.0,8309.26,8026.09,7476.58,57.61,TQQQ_100,"Bull trend confirmed: Price > SMA50 & SMA250, RSI 57.6",20307.08,203.07,367.93,4257.93
2019-12-03,TQQQ_100,1.0,29626.33,0.0,3389.3625,0.0,8254.74,8034.82,7482.42,52.45,TQQQ_100,"Bull trend confirmed: Price > SMA50 & SMA250, RSI 52.4",19626.33,196.26,364.86,4160.04
2019-12-04,TQQQ_100,1.0,30065.39,0.0,3389.3625,0.0,8296.53,8046.55,7488.25,55.73,TQQQ_100,"Bull trend confirmed: Price > SMA50 & SMA250, RSI 55.7",20065.39,200.65,367.22,4223.18
2019-12-05,TQQQ_100,1.0,30222.49,0.0,3389.3625,0.0,8308.4,8056.64,7495.03,56.64,TQQQ_100,"Bull trend confirmed: Price > SMA50 & SMA250, RSI 56.6",20222.49,202.22,367.88,4245.76
2019-12-06,TQQQ_100,1.0,31156.99,0.0,3389.3625,0.0,8397.37,8069.15,7501.89,62.83,TQQQ_100,"Bull trend confirmed: Price > SMA50 & SMA250, RSI 62.8",21156.99,211.57,372.89,4380.14
2019-12-09,TQQQ_100,1.0,30774.34,0.0,3389.3625,0.0,8362.74,8082.77,7508.52,59.28,TQQQ_100,"Bull trend confirmed: Price > SMA50 & SMA250, RSI 59.3",20774.34,207.74,370.94,4325.12
2019-12-10,TQQQ_100,1.0,30705.85,0.0,3389.3625,0.0,8354.29,8094.87,7514.89,58.42,TQQQ_100,"Bull trend confirmed: Price > SMA50 & SMA250, RSI 58.4",20705.85,207.06,370.47,4315.27
2019-12-11,TQQQ_100,1.0,31169.08,0.0,3389.3625,0.0,8402.61,8109.24,7521.42,61.85,TQQQ_100,"Bull trend confirmed: Price > SMA50 & SMA250, RSI 61.9",21169.08,211.69,373.19,4381.88
2019-12-12,TQQQ_50,0.5,31882.05,15941.02,1694.6813,0.0,8466.89,8127.56,7528.91,65.89,TQQQ_50,Bearish RSI divergence,21882.05,218.82,376.81,4484.4
2019-12-13,TQQQ_50,0.5,32027.01,15942.99,1694.6813,0.0,8487.71,8144.55,7537.07,67.1,TQQQ_50,Bearish RSI divergence,22027.01,220.27,377.98,4525.52
2019-12-16,TQQQ_50,0.5,32494.11,15948.89,1694.6813,0.0,8570.33,8160.87,7545.39,71.45,TQQQ_50,Bearish RSI divergence,22494.11,224.94,382.63,4658.16
2019-12-17,TQQQ_50,0.5,32518.24,15950.85,1694.6813,0.0,8575.7,8177.89,7554.32,71.71,TQQQ_50,Bearish RSI divergence,22518.24,225.18,382.94,4664.53
2019-12-18,TQQQ_50,0.5,32558.47,15952.82,1694.6813,0.0,8580.62,8197.41,7563.67,71.96,TQQQ_50,Bearish RSI divergence,22558.47,225.58,383.21,4675.53
2019-12-19,TQQQ_100,1.0,32898.79,0.0,3290.424,0.0,8641.29,8216.43,7574.04,74.94,TQQQ_100,"Bull trend confirmed: Price > SMA50 & SMA250, RSI 74.9",22898.79,228.99,386.63,4772.84
2019-12-20,TQQQ_30,0.3,33289.85,23302.89,987.1272,0.0,8678.49,8235.19,7585.16,76.59,TQQQ_30,Overbought: RSI 76.6 >= 75,23289.85,232.9,388.73,4830.76
2019-12-23,TQQQ_30,0.3,33372.37,23311.51,987.1272,0.0,8696.01,8252.23,7594.89,77.34,TQQQ_30,Overbought: RSI 77.3 >= 75,23372.37,233.72,389.71,4867.25
2019-12-24,TQQQ_30,0.3,33388.27,23314.39,987.1272,0.0,8699.51,8269.38,7604.54,77.49,TQQQ_30,Overbought: RSI 77.5 >= 75,23388.27,233.88,389.91,4873.68
2019-12-26,TQQQ_30,0.3,33655.73,23320.13,987.1272,0.0,8778.31,8286.09,7614.51,80.71,TQQQ_30,Overbought: RSI 80.7 >= 75,23655.73,236.56,394.35,5002.89
2019-12-27,TQQQ_30,0.3,33628.09,23323.01,987.1272,0.0,8770.98,8303.1,7624.28,79.57,TQQQ_30,Overbought: RSI 79.6 >= 75,23628.09,236.28,393.93,4987.83
2019-12-30,TQQQ_30,0.3,33431.34,23331.64,987.1272,0.0,8709.73,8318.45,7633.67,70.6,TQQQ_30,Overbought trim active,23431.34,234.31,390.48,4886.43
2019-12-31,TQQQ_30,0.3,33491.72,23334.51,987.1272,0.0,8733.07,8335.74,7644.01,71.9,TQQQ_30,Overbought trim active,23491.72,234.92,391.8,4914.82
2020-01-02,TQQQ_30,0.3,34000.94,23340.27,987.1272,0.0,8872.22,8354.38,7653.81,78.11,TQQQ_30,Overbought: RSI 78.1 >= 75,24000.94,240.01,399.64,5163.39
2020-01-03,TQQQ_30,0.3,33713.94,23343.14,987.1272,0.0,8793.9,8372.77,7663.04,68.88,TQQQ_30,Overbought trim active,23713.94,237.14,395.22,5020.27
2020-01-06,TQQQ_30,0.3,33919.74,23351.78,987.1272,0.0,8848.52,8391.95,7672.22,71.42,TQQQ_30,Overbought trim active,23919.74,239.2,398.3,5117.61
2020-01-07,TQQQ_30,0.3,33909.71,23354.66,987.1272,0.0,8846.45,8409.54,7681.2,71.18,TQQQ_30,Overbought trim active,23909.71,239.1,398.18,5111.24
2020-01-08,TQQQ_30,0.3,34155.51,23357.54,987.1272,0.0,8912.37,8427.21,7690.37,74.13,TQQQ_30,Overbought trim active,24155.51,241.56,401.9,5231.18
2020-01-09,TQQQ_30,0.3,34430.66,23360.41,987.1272,0.0,8989.63,8444.79,7699.92,77.08,TQQQ_30,Overbought: RSI 77.1 >= 75,24430.66,244.31,406.25,5365.6
2020-01-10,TQQQ_30,0.3,34343.18,23363.3,987.1272,0.0,8966.64,8463.17,7709.63,74.36,TQQQ_30,Overbought trim active,24343.18,243.43,404.95,5320.99
2020-01-13,TQQQ_30,0.3,34735.57,23371.94,987.1272,0.0,9070.65,8482.92,7719.23,78.12,TQQQ_30,Overbought: RSI 78.1 >= 75,24735.57,247.36,410.81,5510.46
2020-01-14,TQQQ_30,0.3,34605.84,23374.82,987.1272,0.0,9033.42,8501.91,7728.69,73.94,TQQQ_30,Overbought trim active,24605.84,246.06,408.71,5444.98
2020-01-15,TQQQ_30,0.3,34615.76,23377.7,987.1272,0.0,9035.67,8519.4,7737.96,74.03,TQQQ_30,Overbought trim active,24615.76,246.16,408.84,5448.46
2020-01-16,TQQQ_30,0.3,34931.99,23380.58,987.1272,0.0,9125.0,8537.69,7747.32,77.39,TQQQ_30,Overbought: RSI 77.4 >= 75,24931.99,249.32,413.87,5603.16
2020-01-17,TQQQ_30,0.3,35107.38,23383.46,987.1272,0.0,9173.73,8556.96,7757.43,78.98,TQQQ_30,Overbought: RSI 79.0 >= 75,25107.38,251.07,416.61,5688.34
2020-01-21,TQQQ_30,0.3,35113.05,23395.0,987.1272,0.0,9166.63,8576.37,7767.46,78.12,TQQQ_30,Overbought: RSI 78.1 >= 75,25113.05,251.13,416.21,5685.44
2020-01-22,TQQQ_30,0.3,35195.73,23397.88,987.1272,0.0,9188.58,8595.75,7777.4,78.89,TQQQ_30,Overbought: RSI 78.9 >= 75,25195.73,251.96,417.45,5724.84
2020-01-23,TQQQ_30,0.3,35307.76,23400.76,987.1272,0.0,9216.98,8614.97,7787.12,79.87,TQQQ_30,Overbought: RSI 79.9 >= 75,25307.76,253.08,419.05,5778.72
2020-01-24,TQQQ_30,0.3,35002.0,23403.65,987.1272,0.0,9141.47,8632.96,7796.9,70.45,TQQQ_30,Overbought trim active,25002.0,250.02,414.8,5626.34
2020-01-27,TQQQ_30,0.3,34293.6,23412.31,987.1272,0.0,8952.18,8646.73,7806.18,53.43,TQQQ_30,Overbought trim active,24293.6,242.94,404.14,5272.32
2020-01-28,TQQQ_100,1.0,34802.3,0.0,3016.947,0.0,9090.93,8663.35,7815.31,60.89,TQQQ_100,"Bull trend confirmed: Price > SMA50 & SMA250, RSI 60.9",24802.3,248.02,411.95,5522.04
2020-01-29,TQQQ_100,1.0,34927.84,0.0,3016.947,0.0,9101.61,8680.23,7824.09,61.4,TQQQ_100,"Bull trend confirmed: Price > SMA50 & SMA250, RSI 61.4",24927.84,249.28,412.55,5542.32
2020-01-30,TQQQ_100,1.0,35322.38,0.0,3016.947,0.0,9136.09,8696.64,7833.13,63.08,TQQQ_100,"Bull trend confirmed: Price > SMA50 & SMA250, RSI 63.1",25322.38,253.22,414.49,5606.06
2020-01-31,TQQQ_100,1.0,33586.4,0.0,3016.947,0.0,8991.51,8709.9,7841.26,52.71,TQQQ_100,"Bull trend confirmed: Price > SMA50 & SMA250, RSI 52.7",23586.4,235.86,406.35,5325.62
2020-02-03,TQQQ_100,1.0,35128.7,0.0,3016.947,0.0,9126.23,8725.65,7849.67,59.41,TQQQ_100,"Bull trend confirmed: Price > SMA50 & SMA250, RSI 59.4",25128.7,251.29,413.94,5574.77
2020-02-04,TQQQ_100,1.0,37528.24,0.0,3016.947,0.0,9334.06,8746.66,7859.01,67.14,TQQQ_100,"Bull trend confirmed: Price > SMA50 & SMA250, RSI 67.1",27528.24,275.28,425.64,5962.4
2020-02-05,TQQQ_100,1.0,37962.23,0.0,3016.947,0.0,9367.48,8768.69,7868.86,68.19,TQQQ_100,"Bull trend confirmed: Price > SMA50 & SMA250, RSI 68.2",27962.23,279.62,427.53,6032.51
2020-02-06,TQQQ_50,0.5,38887.62,19443.81,1508.4735,0.0,9445.92,8792.17,7878.99,70.56,TQQQ_50,Bearish RSI divergence,28887.62,288.88,431.94,6182.0
2020-02-07,TQQQ_50,0.5,38638.94,19446.21,1508.4735,0.0,9401.1,8812.75,7888.96,67.46,TQQQ_50,Bearish RSI divergence,28638.94,286.39,429.42,6100.88
2020-02-10,TQQQ_50,0.5,39338.37,19453.4,1508.4735,0.0,9516.84,8835.38,7898.97,71.01,TQQQ_50,Bearish RSI divergence,29338.37,293.38,435.94,6324.53
2020-02-11,TQQQ_50,0.5,39355.12,19455.8,1508.4735,0.0,9517.86,8856.84,7908.98,71.04,TQQQ_50,Bearish RSI divergence,29355.12,293.55,435.99,6329.17
2020-02-12,TQQQ_50,0.5,39940.37,19458.19,1508.4735,0.0,9613.2,8881.03,7919.34,73.76,TQQQ_50,Bearish RSI divergence,29940.37,299.4,441.36,6517.47
2020-02-13,TQQQ_50,0.5,39863.86,19460.59,1508.4735,0.0,9595.7,8906.76,7929.5,72.41,TQQQ_50,Bearish RSI divergence,29863.86,298.64,440.38,6491.98
2020-02-14,TQQQ_50,0.5,40004.35,19462.99,1508.4735,0.0,9623.58,8934.13,7939.73,73.25,TQQQ_50,Bearish RSI divergence,30004.35,300.04,441.95,6536.6
2020-02-18,TQQQ_50,0.5,40049.82,19472.59,1508.4735,0.0,9629.8,8960.8,7950.0,73.45,TQQQ_50,Bearish RSI divergence,30049.82,300.5,442.3,6548.19
2020-02-19,TQQQ_30,0.3,40647.62,28453.33,868.799,0.0,9718.73,8989.01,7960.74,76.11,TQQQ_30,Overbought: RSI 76.1 >= 75,30647.62,306.48,447.31,6740.55
2020-02-20,TQQQ_30,0.3,40304.08,28456.84,868.799,0.0,9627.83,9013.62,7970.88,68.54,TQQQ_30,Overbought trim active,30304.08,303.04,442.19,6545.87
2020-02-21,TQQQ_30,0.3,39630.01,28460.35,868.799,0.0,9446.69,9035.29,7980.21,56.48,TQQQ_30,Overbought trim active,29630.01,296.3,431.99,6165.77
2020-02-24,TQQQ_30,0.3,38353.55,28470.87,868.799,0.0,9079.63,9049.8,7988.03,40.81,TQQQ_30,Overbought trim active,28353.55,283.54,411.32,5443.82
2020-02-25,CASH,0.0,37557.61,37557.61,0.0,0.0,8834.87,9058.45,7994.91,34.03,CASH,Clean exit: NDX 8834.9 broke below SMA50 (9058.4),27557.61,275.58,397.53,4995.36
2020-02-26,CASH,0.0,37562.24,37562.24,0.0,0.0,8873.76,9066.58,8002.01,35.85,CASH,Clean exit: NDX 8873.8 broke below SMA50 (9066.6),27562.24,275.62,399.72,5065.47
2020-02-27,CASH,0.0,37566.87,37566.87,0.0,0.0,8436.67,9065.56,8007.15,26.86,CASH,Clean exit: NDX 8436.7 broke below SMA50 (9065.6),27566.87,275.67,375.11,4293.11
2020-02-28,CASH,0.0,37571.5,37571.5,0.0,0.0,8461.83,9063.39,8012.4,27.98,CASH,Clean exit: NDX 8461.8 broke below SMA50 (9063.4),27571.5,275.72,376.52,4361.48
2020-03-02,CASH,0.0,37585.4,37585.4,0.0,0.0,8877.98,9069.44,8019.28,43.41,CASH,Clean exit: NDX 8878.0 broke below SMA50 (9069.4),27585.4,275.85,399.96,4970.44
2020-03-03,CASH,0.0,37590.03,37590.03,0.0,0.0,8594.49,9069.72,8025.21,37.51,CASH,Clean exit: NDX 8594.5 broke below SMA50 (9069.7),27590.03,275.9,383.99,4493.01
2020-03-04,CASH,0.0,37594.67,37594.67,0.0,0.0,8949.28,9075.88,8032.9,47.18,CASH,Clean exit: NDX 8949.3 broke below SMA50 (9075.9),27594.67,275.95,403.97,5050.4
2020-03-05,CASH,0.0,37599.3,37599.3,0.0,0.0,8671.66,9075.74,8039.52,41.74,CASH,Clean exit: NDX 8671.7 broke below SMA50 (9075.7),27599.3,275.99,388.34,4598.46
2020-03-06,CASH,0.0,37603.94,37603.94,0.0,0.0,8530.34,9072.43,8044.99,39.26,CASH,Clean exit: NDX 8530.3 broke below SMA50 (9072.4),27603.94,276.04,380.38,4352.21
2020-03-09,CASH,0.0,37617.85,37617.85,0.0,0.0,7948.03,9057.4,8047.97,31.06,CASH,Defensive cash in bear regime,27617.85,276.18,347.59,3447.75
2020-03-10,CASH,0.0,37622.48,37622.48,0.0,0.0,8372.27,9049.28,8052.44,40.76,CASH,Clean exit: NDX 8372.3 broke below SMA50 (9049.3),27622.48,276.22,371.48,3999.93
2020-03-11,SQQQ,0.0,37627.12,0.0,0.0,3.0516,8006.12,9033.98,8055.49,36.05,SQQQ,"Bear signal: Below SMAs, RSI 36.0 in SQQQ zone",27627.12,276.27,350.86,3472.66
2020-03-12,CASH,0.0,48031.14,48031.14,0.0,0.0,7263.65,9005.06,8055.31,28.78,CASH,Defensive cash in bear regime,38031.14,380.31,309.05,2493.45
2020-03-13,SQQQ,0.0,48037.06,0.0,0.0,4.2599,7995.26,8990.3,8057.99,41.33,SQQQ,"Bear signal: Below SMAs, RSI 41.3 in SQQQ zone",38037.06,380.37,350.25,3193.38
2020-03-16,CASH,0.0,63765.46,63765.46,0.0,0.0,7020.38,8953.26,8056.67,32.99,CASH,Defensive cash in bear regime,53765.46,537.65,295.35,2058.31
2020-03-17,SQQQ,0.0,63773.32,0.0,0.0,5.2134,7473.95,8926.87,8057.05,39.14,SQQQ,"Bear signal: Below SMAs, RSI 39.1 in SQQQ zone",53773.32,537.73,320.89,2410.02
2020-03-18,SQQQ,0.0,68502.92,0.0,0.0,5.2134,7175.18,8893.4,8055.78,36.75,SQQQ,"Bear signal: Below SMAs, RSI 36.7 in SQQQ zone",58502.92,585.03,304.07,2177.67
2020-03-19,SQQQ,0.0,67638.38,0.0,0.0,5.2134,7288.52,8862.24,8055.63,38.29,SQQQ,"Bear signal: Below SMAs, RSI 38.3 in SQQQ zone",57638.38,576.38,310.45,2230.4
2020-03-20,SQQQ,0.0,74554.78,0.0,0.0,5.2134,6994.29,8823.88,8054.33,35.85,SQQQ,"Bear signal: Below SMAs, RSI 35.8 in SQQQ zone",64554.78,645.55,293.88,1957.5
2020-03-23,SQQQ,0.0,74961.63,0.0,0.0,5.2134,7006.92,8784.22,8052.96,36.04,SQQQ,"Bear signal: Below SMAs, RSI 36.0 in SQQQ zone",64961.63,649.62,294.59,1963.87
2020-03-24,SQQQ,0.0,58077.47,0.0,0.0,5.2134,7553.83,8755.97,8053.94,43.75,SQQQ,"Bear signal: Below SMAs, RSI 43.8 in SQQQ zone",48077.47,480.77,325.39,2423.92
2020-03-25,SQQQ,0.0,59059.24,0.0,0.0,5.2134,7469.62,8723.95,8054.54,42.89,SQQQ,"Bear signal: Below SMAs, RSI 42.9 in SQQQ zone",49059.24,490.59,320.65,2365.4
2020-03-26,SQQQ,0.0,49649.54,0.0,0.0,5.2134,7897.13,8701.22,8056.61,48.42,SQQQ,"Bear signal: Below SMAs, RSI 48.4 in SQQQ zone",39649.54,396.5,344.72,2766.94
2020-03-27,SQQQ,0.0,54443.64,0.0,0.0,5.2134,7588.37,8672.28,8057.05,45.03,SQQQ,"Bear signal: Below SMAs, RSI 45.0 in SQQQ zone",44443.64,444.44,327.34,2469.12
2020-03-30,SQQQ,0.0,48553.02,0.0,0.0,5.2134,7889.01,8647.56,8058.61,48.79,SQQQ,"Bear signal: Below SMAs, RSI 48.8 in SQQQ zone",38553.02,385.53,344.27,2739.12
2020-03-31,SQQQ,0.0,49624.04,0.0,0.0,5.2134,7813.5,8620.35,8059.68,47.91,SQQQ,"Bear signal: Below SMAs, RSI 47.9 in SQQQ zone",39624.04,396.24,340.01,2660.32
2020-04-01,SQQQ,0.0,55973.67,0.0,0.0,5.2134,7486.29,8586.74,8059.46,44.16,SQQQ,"Bear signal: Below SMAs, RSI 44.2 in SQQQ zone",45973.67,459.74,321.59,2317.89
2020-04-02,SQQQ,0.0,52658.61,0.0,0.0,5.2134,7635.66,8555.69,8059.69,46.23,SQQQ,"Bear signal: Below SMAs, RSI 46.2 in SQQQ zone",42658.61,426.59,330.0,2461.01
2020-04-03,SQQQ,0.0,54724.13,0.0,0.0,5.2134,7528.11,8521.91,8059.41,44.94,SQQQ,"Bear signal: Below SMAs, RSI 44.9 in SQQQ zone",44724.13,447.24,323.94,2357.87
2020-04-06,CASH,0.0,43223.4,43223.4,0.0,0.0,8081.66,8500.71,8061.46,52.31,CASH,Clean exit: NDX 8081.7 broke below SMA50 (8500.7),33223.4,332.23,355.12,2872.39
2020-04-07,SQQQ,0.0,43228.73,0.0,0.0,5.2294,8049.31,8482.65,8063.21,51.88,SQQQ,"Bear signal: Below SMAs, RSI 51.9 in SQQQ zone",33228.73,332.29,353.29,2866.59
2020-04-08,CASH,0.0,40491.77,40491.77,0.0,0.0,8229.54,8465.43,8065.75,54.17,CASH,Clean exit: NDX 8229.5 broke below SMA50 (8465.4),30491.77,304.92,363.44,3056.06
2020-04-09,CASH,0.0,40496.76,40496.76,0.0,0.0,8238.53,8448.17,8068.19,54.29,CASH,Clean exit: NDX 8238.5 broke below SMA50 (8448.2),30496.76,304.97,363.95,3067.65
2020-04-13,CASH,0.0,40516.73,40516.73,0.0,0.0,8332.74,8432.1,8071.0,55.57,CASH,Clean exit: NDX 8332.7 broke below SMA50 (8432.1),30516.73,305.17,369.25,3177.74
2020-04-14,TQQQ_100,1.0,40521.73,0.0,5333.1631,0.0,8692.16,8426.11,8075.15,60.17,TQQQ_100,"Bull trend confirmed: Price > SMA50 & SMA250, RSI 60.2",30521.73,305.22,389.5,3603.03
2020-04-15,TQQQ_100,1.0,39177.55,0.0,5333.1631,0.0,8591.96,8415.43,8078.8,58.35,TQQQ_100,"Bull trend confirmed: Price > SMA50 & SMA250, RSI 58.4",29177.55,291.78,383.85,3480.19
2020-04-16,TQQQ_100,1.0,41276.24,0.0,5333.1631,0.0,8757.83,8403.9,8083.07,60.48,TQQQ_100,"Bull trend confirmed: Price > SMA50 & SMA250, RSI 60.5",31276.24,312.76,393.19,3671.98
2020-04-17,TQQQ_100,1.0,42309.74,0.0,5333.1631,0.0,8832.41,8393.2,8087.55,61.43,TQQQ_100,"Bull trend confirmed: Price > SMA50 & SMA250, RSI 61.4",32309.74,323.1,397.39,3766.42
2020-04-20,TQQQ_100,1.0,40940.19,0.0,5333.1631,0.0,8726.51,8378.81,8091.21,59.25,TQQQ_100,"Bull trend confirmed: Price > SMA50 & SMA250, RSI 59.2",30940.19,309.4,391.43,3641.27
2020-04-21,TQQQ_100,1.0,36413.12,0.0,5333.1631,0.0,8403.0,8358.85,8093.68,53.05,TQQQ_100,"Bull trend confirmed: Price > SMA50 & SMA250, RSI 53.1",26413.12,264.13,373.21,3227.57
2020-04-22,TQQQ_100,1.0,39634.06,0.0,5333.1631,0.0,8664.64,8341.81,8097.08,56.97,TQQQ_100,"Bull trend confirmed: Price > SMA50 & SMA250, RSI 57.0",29634.06,296.34,387.95,3521.91
2020-04-23,TQQQ_100,1.0,39374.11,0.0,5333.1631,0.0,8641.5,8324.28,8100.33,56.52,TQQQ_100,"Bull trend confirmed: Price > SMA50 & SMA250, RSI 56.5",29374.11,293.74,386.64,3498.15
2020-04-24,TQQQ_100,1.0,41276.24,0.0,5333.1631,0.0,8786.6,8307.75,8104.12,58.72,TQQQ_100,"Bull trend confirmed: Price > SMA50 & SMA250, RSI 58.7",31276.24,312.76,394.81,3671.98
2020-04-27,TQQQ_100,1.0,42081.47,0.0,5333.1631,0.0,8837.66,8292.59,8108.35,59.5,TQQQ_100,"Bull trend confirmed: Price > SMA50 & SMA250, RSI 59.5",32081.47,320.81,397.69,3745.56
2020-04-28,TQQQ_100,1.0,39805.26,0.0,5333.1631,0.0,8677.6,8273.67,8112.05,55.94,TQQQ_100,"Bull trend confirmed: Price > SMA50 & SMA250, RSI 55.9",29805.26,298.05,388.68,3537.55
2020-04-29,TQQQ_100,1.0,43945.55,0.0,5333.1631,0.0,8982.76,8260.73,8117.09,60.75,TQQQ_100,"Bull trend confirmed: Price > SMA50 & SMA250, RSI 60.8",33945.55,339.46,405.86,3915.91
2020-04-30,TQQQ_100,1.0,44237.23,0.0,5333.1631,0.0,9000.51,8246.36,8121.71,61.02,TQQQ_100,"Bull trend confirmed: Price > SMA50 & SMA250, RSI 61.0",34237.23,342.37,406.86,3942.57
2020-05-01,TQQQ_50,0.5,40268.11,20134.05,2666.5815,0.0,8718.18,8228.17,8125.4,54.66,TQQQ_50,Bearish RSI divergence,30268.11,302.68,390.96,3579.85
2020-05-04,TQQQ_50,0.5,40985.68,20141.5,2666.5815,0.0,8834.11,8215.92,8130.18,56.66,TQQQ_50,Bearish RSI divergence,30985.68,309.86,397.49,3709.64
2020-05-05,TQQQ_50,0.5,41653.91,20143.98,2666.5815,0.0,8930.62,8212.94,8135.43,58.31,TQQQ_50,Bearish RSI divergence,31653.91,316.54,402.92,3831.32
2020-05-06,TQQQ_50,0.5,42081.2,20146.47,2666.5815,0.0,8984.86,8215.94,8141.04,59.24,TQQQ_50,Bearish RSI divergence,32081.2,320.81,405.98,3908.96
2020-05-07,TQQQ_50,0.5,42939.65,20148.95,2666.5815,0.0,9101.88,8220.5,8147.1,61.27,TQQQ_50,Bearish RSI divergence,32939.65,329.4,412.57,4065.4
2020-05-08,TQQQ_100,1.0,43861.5,0.0,4932.9377,0.0,9220.35,8236.17,8154.69,63.25,TQQQ_100,"Bull trend confirmed: Price > SMA50 & SMA250, RSI 63.3",33861.5,338.61,419.24,4233.43
2020-05-11,TQQQ_100,1.0,44952.32,0.0,4932.9377,0.0,9298.92,8252.91,8162.27,64.55,TQQQ_100,"Bull trend confirmed: Price > SMA50 & SMA250, RSI 64.6",34952.32,349.52,423.66,4341.2
2020-05-12,TQQQ_100,1.0,42278.05,0.0,4932.9377,0.0,9112.45,8257.6,8168.71,59.2,TQQQ_100,"Bull trend confirmed: Price > SMA50 & SMA250, RSI 59.2",32278.05,322.78,413.16,4076.99
2020-05-13,TQQQ_100,1.0,40677.0,0.0,4932.9377,0.0,9000.08,8265.71,8174.39,56.18,TQQQ_100,"Bull trend confirmed: Price > SMA50 & SMA250, RSI 56.2",30677.0,306.77,406.84,3918.81
2020-05-14,TQQQ_100,1.0,42025.87,0.0,4932.9377,0.0,9094.42,8268.62,8180.75,58.11,TQQQ_100,"Bull trend confirmed: Price > SMA50 & SMA250, RSI 58.1",32025.87,320.26,412.15,4052.07
2020-05-15,TQQQ_100,1.0,42747.22,0.0,4932.9377,0.0,9152.64,8278.24,8187.86,59.31,TQQQ_100,"Bull trend confirmed: Price > SMA50 & SMA250, RSI 59.3",32747.22,327.47,415.43,4123.34
2020-05-18,TQQQ_100,1.0,45222.09,0.0,4932.9377,0.0,9331.93,8294.27,8195.38,62.82,TQQQ_100,"Bull trend confirmed: Price > SMA50 & SMA250, RSI 62.8",35222.09,352.22,425.52,4367.85
2020-05-19,TQQQ_100,1.0,44876.07,0.0,4932.9377,0.0,9298.54,8321.28,8202.89,61.75,TQQQ_100,"Bull trend confirmed: Price > SMA50 & SMA250, RSI 61.8",34876.07,348.76,423.64,4333.67
2020-05-20,TQQQ_100,1.0,47503.42,0.0,4932.9377,0.0,9485.02,8343.53,8211.6,65.3,TQQQ_100,"Bull trend confirmed: Price > SMA50 & SMA250, RSI 65.3",37503.42,375.03,434.14,4593.25
2020-05-21,TQQQ_100,1.0,46043.13,0.0,4932.9377,0.0,9377.99,8370.97,8219.91,61.76,TQQQ_100,"Bull trend confirmed: Price > SMA50 & SMA250, RSI 61.8",36043.13,360.43,428.12,4448.97
2020-05-22,TQQQ_100,1.0,46459.51,0.0,4932.9377,0.0,9413.99,8413.98,8228.45,62.5,TQQQ_100,"Bull trend confirmed: Price > SMA50 & SMA250, RSI 62.5",36459.51,364.6,430.14,4490.11
2020-05-26,TQQQ_100,1.0,46265.99,0.0,4932.9377,0.0,9389.98,8441.87,8237.14,61.64,TQQQ_100,"Bull trend confirmed: Price > SMA50 & SMA250, RSI 61.6",36265.99,362.66,428.79,4470.99
2020-05-27,TQQQ_100,1.0,46916.96,0.0,4932.9377,0.0,9442.05,8490.31,8245.93,62.83,TQQQ_100,"Bull trend confirmed: Price > SMA50 & SMA250, RSI 62.8",36916.96,369.17,431.72,4535.3
2020-05-28,TQQQ_100,1.0,46617.86,0.0,4932.9377,0.0,9416.71,8529.16,8255.09,61.83,TQQQ_100,"Bull trend confirmed: Price > SMA50 & SMA250, RSI 61.8",36617.86,366.18,430.3,4505.75
2020-05-29,TQQQ_100,1.0,48541.46,0.0,4932.9377,0.0,9555.53,8576.77,8265.4,65.11,TQQQ_100,"Bull trend confirmed: Price > SMA50 & SMA250, RSI 65.1",38541.46,385.41,438.12,4695.8
2020-06-01,TQQQ_100,1.0,49139.65,0.0,4932.9377,0.0,9598.89,8622.98,8275.12,66.09,TQQQ_100,"Bull trend confirmed: Price > SMA50 & SMA250, RSI 66.1",39139.65,391.4,440.56,4754.9
2020-06-02,TQQQ_100,1.0,50119.04,0.0,4932.9377,0.0,9657.31,8676.24,8284.87,67.42,TQQQ_100,"Bull trend confirmed: Price > SMA50 & SMA250, RSI 67.4",40119.04,401.19,443.85,4851.66
2020-06-03,TQQQ_100,1.0,50799.34,0.0,4932.9377,0.0,9704.69,8730.19,8294.58,68.5,TQQQ_100,"Bull trend confirmed: Price > SMA50 & SMA250, RSI 68.5",40799.34,407.99,446.52,4918.88
2020-06-04,TQQQ_100,1.0,49767.17,0.0,4932.9377,0.0,9629.66,8771.71,8303.43,64.84,TQQQ_100,"Bull trend confirmed: Price > SMA50 & SMA250, RSI 64.8",39767.17,397.67,442.29,4816.9
2020-06-05,TQQQ_100,1.0,52717.06,0.0,4932.9377,0.0,9824.39,8818.8,8312.72,69.41,TQQQ_100,"Bull trend confirmed: Price > SMA50 & SMA250, RSI 69.4",42717.06,427.17,453.26,5108.34
2020-06-08,TQQQ_100,1.0,53890.0,0.0,4932.9377,0.0,9901.52,8858.89,8322.27,71.01,TQQQ_100,"Bull trend confirmed: Price > SMA50 & SMA250, RSI 71.0",43890.0,438.9,457.6,5224.23
2020-06-09,TQQQ_100,1.0,55092.24,0.0,4932.9377,0.0,9967.17,8906.47,8332.25,72.34,TQQQ_100,"Bull trend confirmed: Price > SMA50 & SMA250, RSI 72.3",45092.24,450.92,461.3,5343.01
2020-06-10,TQQQ_100,1.0,57080.35,0.0,4932.9377,0.0,10094.26,8950.57,8342.59,74.76,TQQQ_100,"Bull trend confirmed: Price > SMA50 & SMA250, RSI 74.8",47080.35,470.8,468.45,5539.43
2020-06-11,TQQQ_100,1.0,48676.35,0.0,4932.9377,0.0,9588.48,8986.07,8351.03,54.39,TQQQ_100,"Bull trend confirmed: Price > SMA50 & SMA250, RSI 54.4",38676.35,386.76,439.97,4709.13
2020-06-12,TQQQ_100,1.0,49731.98,0.0,4932.9377,0.0,9663.78,9029.62,8359.57,56.3,TQQQ_100,"Bull trend confirmed: Price > SMA50 & SMA250, RSI 56.3",39731.98,397.32,444.21,4813.42
2020-06-15,TQQQ_100,1.0,51485.51,0.0,4932.9377,0.0,9776.89,9072.45,8368.14,59.07,TQQQ_100,"Bull trend confirmed: Price > SMA50 & SMA250, RSI 59.1",41485.51,414.86,450.58,4986.67
2020-06-16,TQQQ_100,1.0,54206.69,0.0,4932.9377,0.0,9949.37,9120.87,8377.27,62.93,TQQQ_100,"Bull trend confirmed: Price > SMA50 & SMA250, RSI 62.9",44206.69,442.07,460.29,5255.51
2020-06-17,TQQQ_100,1.0,54734.5,0.0,4932.9377,0.0,9982.48,9158.89,8386.24,63.64,TQQQ_100,"Bull trend confirmed: Price > SMA50 & SMA250, RSI 63.6",44734.5,447.34,462.16,5307.66
2020-06-18,TQQQ_100,1.0,55156.76,0.0,4932.9377,0.0,10012.05,9198.14,8395.38,64.3,TQQQ_100,"Bull trend confirmed: Price > SMA50 & SMA250, RSI 64.3",45156.76,451.57,463.82,5349.38
2020-06-19,TQQQ_100,1.0,55080.5,0.0,4932.9377,0.0,10008.64,9233.72,8404.52,64.15,TQQQ_100,"Bull trend confirmed: Price > SMA50 & SMA250, RSI 64.2",45080.5,450.81,463.63,5341.85
2020-06-22,TQQQ_100,1.0,57039.29,0.0,4932.9377,0.0,10130.33,9271.56,8414.68,66.99,TQQQ_100,"Bull trend confirmed: Price > SMA50 & SMA250, RSI 67.0",47039.29,470.39,470.48,5535.37
2020-06-23,TQQQ_100,1.0,58528.9,0.0,4932.9377,0.0,10209.82,9309.1,8425.01,68.73,TQQQ_100,"Bull trend confirmed: Price > SMA50 & SMA250, RSI 68.7",48528.9,485.29,474.96,5682.54
2020-06-24,TQQQ_50,0.5,55080.5,27540.25,2466.4689,0.0,10002.7,9335.31,8434.39,59.87,TQQQ_50,Bearish RSI divergence,45080.5,450.81,463.3,5341.85
2020-06-25,TQQQ_50,0.5,55814.05,27543.65,2466.4689,0.0,10101.83,9365.51,8444.11,62.37,TQQQ_50,Bearish RSI divergence,45814.05,458.14,468.88,5486.12
2020-06-26,TQQQ_50,0.5,53785.36,27547.04,2466.4689,0.0,9849.36,9387.34,8452.44,53.26,TQQQ_50,Bearish RSI divergence,43785.36,437.85,454.66,5084.59
2020-06-29,TQQQ_50,0.5,54634.18,27557.23,2466.4689,0.0,9961.16,9409.92,8461.08,56.31,TQQQ_50,Bearish RSI divergence,44634.18,446.34,460.96,5250.3
2020-06-30,TQQQ_50,0.5,56194.63,27560.63,2466.4689,0.0,10156.85,9438.52,8470.28,61.08,TQQQ_50,Bearish RSI divergence,46194.63,461.95,471.98,5557.97
2020-07-01,TQQQ_50,0.5,57221.41,27564.03,2466.4689,0.0,10279.25,9476.05,8480.03,63.75,TQQQ_50,Bearish RSI divergence,47221.41,472.21,478.87,5760.18
2020-07-02,TQQQ_50,0.5,57855.26,27567.42,2466.4689,0.0,10341.89,9509.59,8490.26,65.07,TQQQ_50,Bearish RSI divergence,47855.26,478.55,482.4,5884.76
2020-07-06,TQQQ_50,0.5,60094.47,27581.02,2466.4689,0.0,10604.06,9548.84,8501.36,70.0,TQQQ_50,Bearish RSI divergence,50094.47,500.94,497.16,6324.53
2020-07-07,TQQQ_50,0.5,59458.63,27584.42,2466.4689,0.0,10524.01,9583.59,8511.85,66.89,TQQQ_50,Bearish RSI divergence,49458.63,494.59,492.65,6198.22
2020-07-08,TQQQ_50,0.5,60687.73,27587.82,2466.4689,0.0,10666.7,9620.17,8522.93,69.49,TQQQ_50,Bearish RSI divergence,50687.73,506.88,500.69,6440.41
2020-07-09,TQQQ_100,1.0,61518.05,0.0,4472.3415,0.0,10754.59,9661.71,8534.17,71.0,TQQQ_100,"Bull trend confirmed: Price > SMA50 & SMA250, RSI 71.0",51518.05,515.18,505.64,6603.81
2020-07-10,TQQQ_100,1.0,62820.72,0.0,4472.3415,0.0,10836.33,9698.78,8545.65,72.37,TQQQ_100,"Bull trend confirmed: Price > SMA50 & SMA250, RSI 72.4",52820.72,528.21,510.24,6745.76
2020-07-13,TQQQ_100,1.0,58939.29,0.0,4472.3415,0.0,10602.21,9730.82,8556.35,63.17,TQQQ_100,"Bull trend confirmed: Price > SMA50 & SMA250, RSI 63.2",48939.29,489.39,497.06,6322.79
2020-07-14,TQQQ_100,1.0,60188.8,0.0,4472.3415,0.0,10689.52,9770.25,8567.55,64.96,TQQQ_100,"Bull trend confirmed: Price > SMA50 & SMA250, RSI 65.0",50188.8,501.89,501.98,6458.96
2020-07-15,TQQQ_100,1.0,60486.55,0.0,4472.3415,0.0,10701.68,9807.6,8578.74,65.21,TQQQ_100,"Bull trend confirmed: Price > SMA50 & SMA250, RSI 65.2",50486.55,504.87,502.66,6491.4
2020-07-16,TQQQ_100,1.0,59189.19,0.0,4472.3415,0.0,10626.46,9841.51,8589.91,62.22,TQQQ_100,"Bull trend confirmed: Price > SMA50 & SMA250, RSI 62.2",49189.19,491.89,498.42,6350.03
2020-07-17,TQQQ_100,1.0,59465.67,0.0,4472.3415,0.0,10645.22,9874.72,8600.87,62.68,TQQQ_100,"Bull trend confirmed: Price > SMA50 & SMA250, RSI 62.7",49465.67,494.66,499.48,6380.15
2020-07-20,TQQQ_100,1.0,64527.49,0.0,4472.3415,0.0,10952.08,9911.72,8612.86,69.28,TQQQ_100,"Bull trend confirmed: Price > SMA50 & SMA250, RSI 69.3",54527.49,545.27,516.76,6931.76
2020-07-21,TQQQ_100,1.0,62464.49,0.0,4472.3415,0.0,10833.07,9943.98,8624.15,64.51,TQQQ_100,"Bull trend confirmed: Price > SMA50 & SMA250, RSI 64.5",52464.49,524.64,510.06,6706.94
2020-07-22,TQQQ_100,1.0,63187.6,0.0,4472.3415,0.0,10870.75,9975.42,8635.91,65.33,TQQQ_100,"Bull trend confirmed: Price > SMA50 & SMA250, RSI 65.3",53187.6,531.88,512.18,6785.74
2020-07-23,TQQQ_100,1.0,58237.44,0.0,4472.3415,0.0,10580.59,10004.78,8646.17,54.9,TQQQ_100,"Bull trend confirmed: Price > SMA50 & SMA250, RSI 54.9",48237.44,482.37,495.84,6246.31
2020-07-24,TQQQ_50,0.5,56514.71,28257.36,2236.1707,0.0,10483.13,10034.44,8656.14,51.9,TQQQ_50,Bearish RSI divergence,46514.71,465.15,490.35,6058.58
2020-07-27,TQQQ_50,0.5,58043.18,28267.81,2236.1707,0.0,10674.38,10066.04,8667.03,56.88,TQQQ_50,Bearish RSI divergence,48043.18,480.43,501.12,6389.43
2020-07-28,TQQQ_50,0.5,56927.43,28271.29,2236.1707,0.0,10532.5,10093.64,8677.77,52.54,TQQQ_50,Bearish RSI divergence,46927.43,469.27,493.13,6145.49
2020-07-29,TQQQ_50,0.5,57906.59,28274.78,2236.1707,0.0,10662.98,10120.26,8689.21,55.87,TQQQ_50,Bearish RSI divergence,47906.59,479.07,500.48,6358.14
2020-07-30,TQQQ_50,0.5,58391.27,28278.27,2236.1707,0.0,10715.51,10148.6,8701.3,57.18,TQQQ_50,Bearish RSI divergence,48391.27,483.91,503.44,6463.01
2020-07-31,TQQQ_50,0.5,60019.11,28281.75,2236.1707,0.0,10905.88,10177.01,8715.27,61.61,TQQQ_50,Bearish RSI divergence,50019.11,500.19,514.16,6817.03
2020-08-03,TQQQ_50,0.5,61212.61,28292.21,2236.1707,0.0,11055.08,10210.56,8729.4,64.69,TQQQ_50,Bearish RSI divergence,51212.61,512.13,522.56,7074.87
2020-08-04,TQQQ_50,0.5,61644.12,28295.7,2236.1707,0.0,11096.54,10244.21,8743.58,65.52,TQQQ_50,Bearish RSI divergence,51644.12,516.44,524.9,7168.16
2020-08-05,TQQQ_50,0.5,61913.46,28299.19,2236.1707,0.0,11125.44,10278.92,8757.18,66.12,TQQQ_50,Bearish RSI divergence,51913.46,519.13,526.52,7226.1
2020-08-06,TQQQ_50,0.5,63203.67,28302.68,2236.1707,0.0,11267.08,10315.42,8771.66,68.95,TQQQ_50,Bearish RSI divergence,53203.67,532.04,534.5,7506.53
2020-08-07,TQQQ_50,0.5,62066.66,28306.17,2236.1707,0.0,11139.39,10349.87,8785.98,63.77,TQQQ_50,Bearish RSI divergence,52066.66,520.67,527.31,7257.97
2020-08-10,TQQQ_50,0.5,61622.52,28316.64,2236.1707,0.0,11085.17,10380.46,8799.4,61.65,TQQQ_50,Bearish RSI divergence,51622.52,516.23,524.26,7158.89
2020-08-11,TQQQ_50,0.5,59735.8,28320.13,2236.1707,0.0,10876.08,10406.01,8812.95,54.17,TQQQ_50,Bearish RSI divergence,49735.8,497.36,512.48,6746.92
2020-08-12,TQQQ_50,0.5,62089.43,28323.62,2236.1707,0.0,11157.72,10436.01,8827.64,61.03,TQQQ_50,Bearish RSI divergence,52089.43,520.89,528.34,7259.13
2020-08-13,TQQQ_50,0.5,62329.52,28327.11,2236.1707,0.0,11178.37,10465.49,8841.94,61.48,TQQQ_50,Bearish RSI divergence,52329.52,523.3,529.5,7310.69
2020-08-14,TQQQ_50,0.5,62234.65,28330.6,2236.1707,0.0,11164.45,10496.18,8855.72,60.97,TQQQ_50,Bearish RSI divergence,52234.65,522.35,528.72,7289.25
2020-08-17,TQQQ_100,1.0,63364.37,0.0,4045.6952,0.0,11288.57,10525.47,8870.21,63.88,TQQQ_100,"Bull trend confirmed: Price > SMA50 & SMA250, RSI 63.9",53364.37,533.64,535.71,7533.19
2020-08-18,TQQQ_100,1.0,65225.75,0.0,4045.6952,0.0,11399.03,10555.42,8884.88,66.29,TQQQ_100,"Bull trend confirmed: Price > SMA50 & SMA250, RSI 66.3",55225.75,552.26,541.93,7757.42
2020-08-19,TQQQ_100,1.0,63951.15,0.0,4045.6952,0.0,11318.64,10582.45,8899.32,63.0,TQQQ_100,"Bull trend confirmed: Price > SMA50 & SMA250, RSI 63.0",53951.15,539.51,537.4,7603.87
2020-08-20,TQQQ_50,0.5,66582.11,33291.05,2022.8476,0.0,11477.05,10610.1,8915.37,66.53,TQQQ_50,Bearish RSI divergence,56582.11,565.82,546.32,7920.81
2020-08-21,TQQQ_50,0.5,67281.23,33295.16,2022.8476,0.0,11555.16,10649.44,8931.29,68.14,TQQQ_50,Bearish RSI divergence,57281.23,572.81,550.72,8088.26
2020-08-24,TQQQ_100,1.0,67923.63,0.0,3969.2203,0.0,11626.17,10688.68,8947.53,69.58,TQQQ_100,"Bull trend confirmed: Price > SMA50 & SMA250, RSI 69.6",57923.63,579.24,554.72,8240.07
2020-08-25,TQQQ_100,1.0,69509.19,0.0,3969.2203,0.0,11721.81,10727.58,8964.07,71.45,TQQQ_100,"Bull trend confirmed: Price > SMA50 & SMA250, RSI 71.5",59509.19,595.09,560.11,8434.75
2020-08-26,TQQQ_30,0.3,73959.09,51771.37,1190.7661,0.0,11971.94,10768.03,8981.14,75.66,TQQQ_30,Overbought: RSI 75.7 >= 75,63959.09,639.59,574.19,8981.14
2020-08-27,TQQQ_30,0.3,73764.45,51777.75,1190.7661,0.0,11926.16,10806.91,8998.08,73.52,TQQQ_30,Overbought trim active,63764.45,637.64,571.62,8898.86
2020-08-28,TQQQ_30,0.3,74110.6,51784.13,1190.7661,0.0,11995.85,10846.58,9015.63,74.69,TQQQ_30,Overbought trim active,64110.6,641.11,575.54,9037.92
2020-08-31,TQQQ_30,0.3,74646.46,51803.28,1190.7661,0.0,12110.7,10888.62,9033.2,76.54,TQQQ_30,Overbought: RSI 76.5 >= 75,64646.46,646.46,582.01,9249.41
2020-09-01,TQQQ_30,0.3,75839.18,51809.67,1190.7661,0.0,12292.86,10931.88,9050.92,79.13,TQQQ_30,Overbought: RSI 79.1 >= 75,65839.18,658.39,592.27,9734.96
2020-09-02,TQQQ_30,0.3,76523.67,51816.06,1190.7661,0.0,12420.54,10976.09,9069.19,80.74,TQQQ_30,Overbought: RSI 80.7 >= 75,66523.67,665.24,599.46,10012.49
2020-09-03,TQQQ_30,0.3,72736.08,51822.45,1190.7661,0.0,11771.37,11011.46,9084.95,56.78,TQQQ_30,Overbought trim active,62736.08,627.36,562.9,8459.67
2020-09-04,TQQQ_30,0.3,71880.32,51828.84,1190.7661,0.0,11622.13,11041.87,9100.17,52.89,TQQQ_30,Overbought trim active,61880.32,618.8,554.5,8106.81
2020-09-08,TQQQ_30,0.3,69071.72,51854.4,1190.7661,0.0,11068.26,11066.25,9112.9,41.53,TQQQ_30,Overbought trim active,59071.72,590.72,523.3,6946.82
2020-09-09,TQQQ_30,0.3,70557.49,51860.79,1190.7661,0.0,11395.85,11094.94,9126.81,48.57,TQQQ_30,Overbought trim active,60557.49,605.57,541.75,7552.31
2020-09-10,TQQQ_30,0.3,69482.31,51867.18,1190.7661,0.0,11154.12,11114.89,9139.86,44.33,TQQQ_30,Overbought trim active,59482.31,594.82,528.14,7109.64
2020-09-11,CASH,0.0,69103.64,69103.64,0.0,0.0,11087.4,11131.05,9152.8,43.21,CASH,Clean exit: NDX 11087.4 broke below SMA50 (11131.0),59103.64,591.04,524.38,6952.04
2020-09-14,TQQQ_100,1.0,69129.2,0.0,4543.4434,0.0,11277.76,11149.77,9166.35,47.3,TQQQ_100,"Bull trend confirmed: Price > SMA50 & SMA250, RSI 47.3",59129.2,591.29,535.1,7315.33
2020-09-15,TQQQ_100,1.0,72067.65,0.0,4543.4434,0.0,11438.87,11166.46,9180.55,50.55,TQQQ_100,"Bull trend confirmed: Price > SMA50 & SMA250, RSI 50.6",62067.65,620.68,544.17,7630.53
2020-09-16,TQQQ_100,1.0,68605.25,0.0,4543.4434,0.0,11247.6,11180.93,9193.94,46.86,TQQQ_100,"Bull trend confirmed: Price > SMA50 & SMA250, RSI 46.9",58605.25,586.05,533.4,7259.13
2020-09-17,CASH,0.0,65445.33,65445.33,0.0,0.0,11080.95,11189.22,9206.97,43.85,CASH,Clean exit: NDX 11081.0 broke below SMA50 (11189.2),55445.33,554.45,524.02,6920.17
2020-09-18,CASH,0.0,65453.4,65453.4,0.0,0.0,10936.98,11192.87,9219.44,41.38,CASH,Clean exit: NDX 10937.0 broke below SMA50 (11192.9),55453.4,554.53,515.91,6649.0
2020-09-21,CASH,0.0,65477.61,65477.61,0.0,0.0,10980.22,11195.75,9232.52,42.43,CASH,Clean exit: NDX 10980.2 broke below SMA50 (11195.7),55477.61,554.78,518.35,6728.96
2020-09-22,CASH,0.0,65485.68,65485.68,0.0,0.0,11186.37,11207.43,9246.05,47.27,CASH,Clean exit: NDX 11186.4 broke below SMA50 (11207.4),55485.68,554.86,529.96,7102.1
2020-09-23,CASH,0.0,65493.75,65493.75,0.0,0.0,10833.33,11210.3,9258.3,40.92,CASH,Clean exit: NDX 10833.3 broke below SMA50 (11210.3),55493.75,554.94,510.07,6435.2
2020-09-24,CASH,0.0,65501.83,65501.83,0.0,0.0,10896.47,11214.2,9271.16,42.41,CASH,Clean exit: NDX 10896.5 broke below SMA50 (11214.2),55501.83,555.02,513.63,6530.8
2020-09-25,CASH,0.0,65509.9,65509.9,0.0,0.0,11151.13,11224.69,9284.76,48.1,CASH,Clean exit: NDX 11151.1 broke below SMA50 (11224.7),55509.9,555.1,527.97,6995.49
2020-09-28,TQQQ_100,1.0,65534.13,0.0,4249.3873,0.0,11364.45,11239.08,9299.48,52.34,TQQQ_100,"Bull trend confirmed: Price > SMA50 & SMA250, RSI 52.3",55534.13,555.34,539.98,7416.15
2020-09-29,TQQQ_100,1.0,64847.06,0.0,4249.3873,0.0,11322.95,11246.5,9314.57,51.46,TQQQ_100,"Bull trend confirmed: Price > SMA50 & SMA250, RSI 51.5",54847.06,548.47,537.65,7337.35
2020-09-30,TQQQ_100,1.0,66130.25,0.0,4249.3873,0.0,11418.06,11258.2,9329.69,53.4,TQQQ_100,"Bull trend confirmed: Price > SMA50 & SMA250, RSI 53.4",56130.25,561.3,543.0,7484.52
2020-10-01,TQQQ_100,1.0,69227.1,0.0,4249.3873,0.0,11583.2,11272.44,9345.01,56.64,TQQQ_100,"Bull trend confirmed: Price > SMA50 & SMA250, RSI 56.6",59227.1,592.27,552.3,7839.7
2020-10-02,CASH,0.0,63518.4,63518.4,0.0,0.0,11255.69,11285.95,9359.13,49.32,CASH,Clean exit: NDX 11255.7 broke below SMA50 (11285.9),53518.4,535.18,533.86,7184.96
2020-10-05,TQQQ_100,1.0,63541.89,0.0,3998.7509,0.0,11509.06,11306.47,9374.75,54.24,TQQQ_100,"Bull trend confirmed: Price > SMA50 & SMA250, RSI 54.2",53541.89,535.42,548.13,7644.44
2020-10-06,CASH,0.0,60128.51,60128.51,0.0,0.0,11291.27,11318.8,9389.15,49.77,CASH,Clean exit: NDX 11291.3 broke below SMA50 (11318.8),50128.51,501.29,535.86,7228.42
2020-10-07,TQQQ_100,1.0,60135.93,0.0,3799.4773,0.0,11503.19,11338.22,9404.2,53.77,TQQQ_100,"Bull trend confirmed: Price > SMA50 & SMA250, RSI 53.8",50135.93,501.36,547.8,7613.72
2020-10-08,TQQQ_100,1.0,61021.28,0.0,3799.4773,0.0,11550.94,11355.98,9419.03,54.64,TQQQ_100,"Bull trend confirmed: Price > SMA50 & SMA250, RSI 54.6",51021.28,510.21,550.49,7727.29
2020-10-09,TQQQ_100,1.0,63736.06,0.0,3799.4773,0.0,11725.85,11376.18,9434.57,57.8,TQQQ_100,"Bull trend confirmed: Price > SMA50 & SMA250, RSI 57.8",53736.06,537.36,560.34,8075.52
2020-10-12,TQQQ_100,1.0,69680.53,0.0,3799.4773,0.0,12088.11,11399.83,9451.15,63.46,TQQQ_100,"Bull trend confirmed: Price > SMA50 & SMA250, RSI 63.5",59680.53,596.81,580.74,8838.03
2020-10-13,TQQQ_100,1.0,69689.55,0.0,3799.4773,0.0,12083.17,11420.39,9467.8,63.34,TQQQ_100,"Bull trend confirmed: Price > SMA50 & SMA250, RSI 63.3",59689.55,596.9,580.46,8839.18
2020-10-14,TQQQ_100,1.0,67968.56,0.0,3799.4773,0.0,11985.36,11438.17,9483.97,60.79,TQQQ_100,"Bull trend confirmed: Price > SMA50 & SMA250, RSI 60.8",57968.56,579.69,574.95,8618.43
2020-10-15,TQQQ_100,1.0,66563.75,0.0,3799.4773,0.0,11898.57,11453.63,9500.09,58.54,TQQQ_100,"Bull trend confirmed: Price > SMA50 & SMA250, RSI 58.5",56563.75,565.64,570.06,8438.23
2020-10-16,TQQQ_100,1.0,65542.87,0.0,3799.4773,0.0,11852.17,11465.33,9515.74,57.31,TQQQ_100,"Bull trend confirmed: Price > SMA50 & SMA250, RSI 57.3",55542.87,555.43,567.45,8307.28
2020-10-19,TQQQ_100,1.0,62286.08,0.0,3799.4773,0.0,11634.35,11475.23,9530.78,51.84,TQQQ_100,"Bull trend confirmed: Price > SMA50 & SMA250, RSI 51.8",52286.08,522.86,555.18,7889.53
2020-10-20,TQQQ_100,1.0,62688.09,0.0,3799.4773,0.0,11677.84,11487.08,9545.93,52.81,TQQQ_100,"Bull trend confirmed: Price > SMA50 & SMA250, RSI 52.8",52688.09,526.88,557.63,7941.09
2020-10-21,TQQQ_100,1.0,62525.46,0.0,3799.4773,0.0,11665.37,11502.87,9560.73,52.48,TQQQ_100,"Bull trend confirmed: Price > SMA50 & SMA250, RSI 52.5",52525.46,525.25,556.93,7920.23
2020-10-22,TQQQ_100,1.0,62557.09,0.0,3799.4773,0.0,11662.91,11512.97,9575.26,52.41,TQQQ_100,"Bull trend confirmed: Price > SMA50 & SMA250, RSI 52.4",52557.09,525.57,556.79,7924.29
2020-10-23,TQQQ_100,1.0,62922.96,0.0,3799.4773,0.0,11692.57,11523.26,9589.59,53.21,TQQQ_100,"Bull trend confirmed: Price > SMA50 & SMA250, RSI 53.2",52922.96,529.23,558.46,7971.22
2020-10-26,CASH,0.0,60054.62,60054.62,0.0,0.0,11504.52,11530.06,9603.42,47.75,CASH,Clean exit: NDX 11504.5 broke below SMA50 (11530.1),50054.62,500.55,547.87,7603.3
2020-10-27,CASH,0.0,60062.03,60062.03,0.0,0.0,11598.95,11536.27,9617.48,50.5,CASH,1% confirmation buffer: NDX 11599.0 <= threshold (11651.6),50062.03,500.62,553.19,7785.23
2020-10-28,CASH,0.0,60069.43,60069.43,0.0,0.0,11142.76,11531.14,9629.72,39.66,CASH,Clean exit: NDX 11142.8 broke below SMA50 (11531.1),50069.43,500.69,527.5,6859.91
2020-10-29,CASH,0.0,60076.84,60076.84,0.0,0.0,11350.74,11531.78,9642.47,45.41,CASH,Clean exit: NDX 11350.7 broke below SMA50 (11531.8),50076.84,500.77,539.21,7213.93
2020-10-30,CASH,0.0,60084.25,60084.25,0.0,0.0,11052.95,11523.3,9653.84,39.59,CASH,Clean exit: NDX 11053.0 broke below SMA50 (11523.3),50084.25,500.84,522.44,6705.21
2020-11-02,CASH,0.0,60106.47,60106.47,0.0,0.0,11084.76,11513.89,9665.34,40.47,CASH,Clean exit: NDX 11084.8 broke below SMA50 (11513.9),50106.47,501.06,524.23,6707.52
2020-11-03,CASH,0.0,60113.88,60113.88,0.0,0.0,11279.91,11506.97,9677.68,45.68,CASH,Clean exit: NDX 11279.9 broke below SMA50 (11507.0),50113.88,501.14,535.22,7049.96
2020-11-04,TQQQ_100,1.0,60121.29,0.0,3610.0894,0.0,11777.02,11508.07,9691.91,56.21,TQQQ_100,"Bull trend confirmed: Price > SMA50 & SMA250, RSI 56.2",50121.29,501.21,563.22,8016.42
2020-11-05,TQQQ_100,1.0,64760.87,0.0,3610.0894,0.0,12078.07,11510.19,9707.2,61.12,TQQQ_100,"Bull trend confirmed: Price > SMA50 & SMA250, RSI 61.1",54760.87,547.61,580.17,8642.76
2020-11-06,TQQQ_50,0.5,64979.76,32489.88,1805.0447,0.0,12091.35,11513.5,9722.59,61.32,TQQQ_50,Bearish RSI divergence,54979.76,549.8,580.92,8672.31
2020-11-09,TQQQ_50,0.5,63008.91,32501.89,1805.0447,0.0,11830.39,11510.19,9736.86,55.14,TQQQ_50,Bearish RSI divergence,53008.91,530.09,566.22,8136.94
2020-11-10,TQQQ_100,1.0,61366.97,0.0,3838.0469,0.0,11624.29,11500.46,9750.32,50.78,TQQQ_100,"Bull trend confirmed: Price > SMA50 & SMA250, RSI 50.8",51366.97,513.67,554.62,7692.53
2020-11-11,TQQQ_100,1.0,65491.85,0.0,3838.0469,0.0,11892.93,11492.46,9764.86,55.7,TQQQ_100,"Bull trend confirmed: Price > SMA50 & SMA250, RSI 55.7",55491.85,554.92,569.74,8216.32
2020-11-12,TQQQ_100,1.0,64533.63,0.0,3838.0469,0.0,11827.14,11480.59,9778.9,54.27,TQQQ_100,"Bull trend confirmed: Price > SMA50 & SMA250, RSI 54.3",54533.63,545.34,566.04,8094.64
2020-11-13,TQQQ_100,1.0,66226.46,0.0,3838.0469,0.0,11937.84,11483.92,9793.34,56.3,TQQQ_100,"Bull trend confirmed: Price > SMA50 & SMA250, RSI 56.3",56226.46,562.26,572.27,8309.6
2020-11-16,TQQQ_100,1.0,67750.48,0.0,3838.0469,0.0,12013.38,11491.75,9808.04,57.68,TQQQ_100,"Bull trend confirmed: Price > SMA50 & SMA250, RSI 57.7",57750.48,577.5,576.53,8503.12
2020-11-17,TQQQ_100,1.0,67125.38,0.0,3838.0469,0.0,11977.49,11509.93,9822.82,56.76,TQQQ_100,"Bull trend confirmed: Price > SMA50 & SMA250, RSI 56.8",57125.38,571.25,574.51,8423.74
2020-11-18,TQQQ_100,1.0,65569.41,0.0,3838.0469,0.0,11894.71,11519.91,9837.33,54.6,TQQQ_100,"Bull trend confirmed: Price > SMA50 & SMA250, RSI 54.6",55569.41,555.69,569.85,8226.16
2020-11-19,TQQQ_100,1.0,67193.82,0.0,3838.0469,0.0,11985.43,11536.54,9852.19,56.55,TQQQ_100,"Bull trend confirmed: Price > SMA50 & SMA250, RSI 56.6",57193.82,571.94,574.95,8432.44
2020-11-20,TQQQ_100,1.0,65829.49,0.0,3838.0469,0.0,11906.44,11552.92,9866.32,54.36,TQQQ_100,"Bull trend confirmed: Price > SMA50 & SMA250, RSI 54.4",55829.49,558.29,570.51,8259.19
2020-11-23,TQQQ_100,1.0,65843.18,0.0,3838.0469,0.0,11905.94,11565.48,9880.4,54.35,TQQQ_100,"Bull trend confirmed: Price > SMA50 & SMA250, RSI 54.3",55843.18,558.43,570.48,8260.93
2020-11-24,TQQQ_100,1.0,68535.33,0.0,3838.0469,0.0,12079.81,11578.3,9894.94,58.46,TQQQ_100,"Bull trend confirmed: Price > SMA50 & SMA250, RSI 58.5",58535.33,585.35,580.27,8602.78
2020-11-25,TQQQ_50,0.5,69826.62,34913.31,1919.0235,0.0,12152.22,11596.39,9909.94,60.07,TQQQ_50,Bearish RSI divergence,59826.62,598.27,584.35,8766.76
2020-11-27,TQQQ_100,1.0,70788.89,0.0,3787.4832,0.0,12258.21,11619.94,9925.73,62.37,TQQQ_100,"Bull trend confirmed: Price > SMA50 & SMA250, RSI 62.4",60788.89,607.89,590.32,9008.95
2020-11-30,TQQQ_100,1.0,71153.61,0.0,3787.4832,0.0,12268.32,11646.56,9941.79,62.59,TQQQ_100,"Bull trend confirmed: Price > SMA50 & SMA250, RSI 62.6",61153.61,611.54,590.88,9055.88
2020-12-01,TQQQ_100,1.0,73949.87,0.0,3787.4832,0.0,12455.33,11676.07,9958.42,66.51,TQQQ_100,"Bull trend confirmed: Price > SMA50 & SMA250, RSI 66.5",63949.87,639.5,601.42,9415.7
2020-12-02,TQQQ_100,1.0,74247.06,0.0,3787.4832,0.0,12456.41,11701.47,9975.02,66.53,TQQQ_100,"Bull trend confirmed: Price > SMA50 & SMA250, RSI 66.5",64247.06,642.47,601.48,9453.94
2020-12-03,TQQQ_100,1.0,74548.76,0.0,3787.4832,0.0,12467.13,11734.14,9991.3,66.76,TQQQ_100,"Bull trend confirmed: Price > SMA50 & SMA250, RSI 66.8",64548.76,645.49,602.08,9492.76
2020-12-04,TQQQ_100,1.0,75462.83,0.0,3787.4832,0.0,12528.48,11766.78,10007.96,68.12,TQQQ_100,"Bull trend confirmed: Price > SMA50 & SMA250, RSI 68.1",65462.83,654.63,605.54,9610.38
2020-12-07,TQQQ_100,1.0,76741.63,0.0,3787.4832,0.0,12596.47,11795.69,10024.93,69.61,TQQQ_100,"Bull trend confirmed: Price > SMA50 & SMA250, RSI 69.6",66741.63,667.42,609.36,9774.94
2020-12-08,TQQQ_100,1.0,77444.07,0.0,3787.4832,0.0,12635.72,11821.11,10041.86,70.46,TQQQ_100,"Bull trend confirmed: Price > SMA50 & SMA250, RSI 70.5",67444.07,674.44,611.57,9865.32
2020-12-09,TQQQ_100,1.0,72256.81,0.0,3787.4832,0.0,12364.64,11841.95,10057.45,58.27,TQQQ_100,"Bull trend confirmed: Price > SMA50 & SMA250, RSI 58.3",62256.81,622.57,596.31,9197.84
2020-12-10,TQQQ_100,1.0,73143.86,0.0,3787.4832,0.0,12401.74,11861.62,10073.11,59.31,TQQQ_100,"Bull trend confirmed: Price > SMA50 & SMA250, RSI 59.3",63143.86,631.44,598.4,9311.98
2020-12-11,TQQQ_100,1.0,72630.54,0.0,3787.4832,0.0,12375.41,11877.47,10088.33,58.2,TQQQ_100,"Bull trend confirmed: Price > SMA50 & SMA250, RSI 58.2",62630.54,626.31,596.92,9245.93
2020-12-14,TQQQ_100,1.0,74179.52,0.0,3787.4832,0.0,12462.21,11901.6,10103.87,60.8,TQQQ_100,"Bull trend confirmed: Price > SMA50 & SMA250, RSI 60.8",64179.52,641.8,601.8,9445.25
2020-12-15,TQQQ_100,1.0,76484.99,0.0,3787.4832,0.0,12595.92,11923.33,10119.93,64.46,TQQQ_100,"Bull trend confirmed: Price > SMA50 & SMA250, RSI 64.5",66484.99,664.85,609.33,9741.91
2020-12-16,TQQQ_100,1.0,77768.3,0.0,3787.4832,0.0,12668.16,11950.87,10136.04,66.29,TQQQ_100,"Bull trend confirmed: Price > SMA50 & SMA250, RSI 66.3",67768.3,677.68,613.4,9907.04
2020-12-17,TQQQ_100,1.0,79362.29,0.0,3787.4832,0.0,12752.06,11975.85,10152.34,68.33,TQQQ_100,"Bull trend confirmed: Price > SMA50 & SMA250, RSI 68.3",69362.29,693.62,618.13,10112.16
2020-12-18,TQQQ_100,1.0,78497.74,0.0,3787.4832,0.0,12738.18,11999.59,10168.5,67.6,TQQQ_100,"Bull trend confirmed: Price > SMA50 & SMA250, RSI 67.6",68497.74,684.98,617.34,10000.91
2020-12-21,TQQQ_100,1.0,78205.04,0.0,3787.4832,0.0,12690.26,12018.88,10184.47,65.02,TQQQ_100,"Bull trend confirmed: Price > SMA50 & SMA250, RSI 65.0",68205.04,682.05,614.65,9963.24
2020-12-22,TQQQ_50,0.5,78821.95,39410.98,1893.7416,0.0,12717.56,12031.47,10200.22,65.82,TQQQ_50,Bearish RSI divergence,68821.95,688.22,616.18,10042.63
2020-12-23,TQQQ_50,0.5,78232.43,39415.83,1893.7416,0.0,12653.14,12042.87,10215.75,62.21,TQQQ_50,Bearish RSI divergence,68232.43,682.32,612.56,9889.66
2020-12-24,TQQQ_50,0.5,78741.6,39420.69,1893.7416,0.0,12711.01,12057.38,10231.76,64.11,TQQQ_50,Bearish RSI divergence,68741.6,687.42,615.81,10019.45
2020-12-28,TQQQ_50,0.5,79940.79,39440.13,1893.7416,0.0,12838.86,12076.19,10248.18,67.96,TQQQ_50,Bearish RSI divergence,69940.79,699.41,623.01,10323.06
2020-12-29,TQQQ_50,0.5,80064.96,39445.0,1893.7416,0.0,12843.49,12096.02,10264.07,68.1,TQQQ_50,Bearish RSI divergence,70064.96,700.65,623.28,10353.77
2020-12-30,TQQQ_50,0.5,80063.08,39449.86,1893.7416,0.0,12845.36,12120.24,10280.27,68.15,TQQQ_50,Bearish RSI divergence,70063.08,700.63,623.38,10352.03
2020-12-31,TQQQ_50,0.5,80385.4,39454.72,1893.7416,0.0,12888.28,12144.44,10296.43,69.52,TQQQ_50,Bearish RSI divergence,70385.4,703.85,625.8,10433.73
2021-01-04,TQQQ_50,0.5,78614.98,39474.18,1893.7416,0.0,12694.66,12165.03,10311.82,57.55,TQQQ_50,Bearish RSI divergence,68614.98,686.15,614.89,9973.09
2021-01-05,TQQQ_50,0.5,79601.47,39479.05,1893.7416,0.0,12802.38,12187.82,10327.38,61.52,TQQQ_50,Bearish RSI divergence,69601.47,696.01,620.96,10225.72
2021-01-06,TQQQ_50,0.5,77947.03,39483.91,1893.7416,0.0,12623.35,12206.44,10341.92,52.71,TQQQ_50,Bearish RSI divergence,67947.03,679.47,610.88,9798.69
2021-01-07,TQQQ_100,1.0,80730.15,0.0,3707.0074,0.0,12939.57,12235.14,10357.81,62.84,TQQQ_100,"Bull trend confirmed: Price > SMA50 & SMA250, RSI 62.8",70730.15,707.3,628.69,10513.69
2021-01-08,TQQQ_100,1.0,83859.23,0.0,3707.0074,0.0,13105.2,12265.26,10373.95,66.84,TQQQ_100,"Bull trend confirmed: Price > SMA50 & SMA250, RSI 66.8",73859.23,738.59,638.01,10925.07
2021-01-11,TQQQ_100,1.0,80152.81,0.0,3707.0074,0.0,12902.49,12300.46,10389.43,58.53,TQQQ_100,"Bull trend confirmed: Price > SMA50 & SMA250, RSI 58.5",70152.81,701.53,626.6,10437.78
2021-01-12,TQQQ_100,1.0,79804.66,0.0,3707.0074,0.0,12892.09,12331.28,10404.85,58.13,TQQQ_100,"Bull trend confirmed: Price > SMA50 & SMA250, RSI 58.1",69804.66,698.05,626.01,10392.01
2021-01-13,TQQQ_100,1.0,81355.97,0.0,3707.0074,0.0,12973.63,12369.7,10420.25,60.41,TQQQ_100,"Bull trend confirmed: Price > SMA50 & SMA250, RSI 60.4",71355.97,713.56,630.6,10595.96
2021-01-14,TQQQ_100,1.0,80117.56,0.0,3707.0074,0.0,12898.69,12405.98,10435.15,57.32,TQQQ_100,"Bull trend confirmed: Price > SMA50 & SMA250, RSI 57.3",70117.56,701.18,626.38,10433.15
2021-01-15,TQQQ_50,0.5,78169.6,39084.8,1853.5037,0.0,12803.93,12436.46,10449.69,53.58,TQQQ_50,Bearish RSI divergence,68169.6,681.7,621.05,10177.05
2021-01-19,TQQQ_50,0.5,79883.42,39104.07,1853.5037,0.0,12996.54,12460.85,10464.93,59.38,TQQQ_50,Bearish RSI divergence,69883.42,698.83,631.89,10622.62
2021-01-20,TQQQ_50,0.5,82730.86,39108.9,1853.5037,0.0,13296.45,12485.21,10481.24,66.41,TQQQ_50,Bearish RSI divergence,72730.86,727.31,648.78,11370.06
2021-01-21,TQQQ_50,0.5,83819.84,39113.72,1853.5037,0.0,13404.99,12511.49,10498.3,68.53,TQQQ_50,Bearish RSI divergence,73819.84,738.2,654.9,11655.13
2021-01-22,TQQQ_50,0.5,83419.2,39118.54,1853.5037,0.0,13366.4,12542.21,10515.96,66.91,TQQQ_50,Bearish RSI divergence,73419.2,734.19,652.72,11548.52
2021-01-25,TQQQ_50,0.5,84663.26,39133.01,1853.5037,0.0,13483.29,12579.39,10533.52,69.28,TQQQ_50,Bearish RSI divergence,74663.26,746.63,659.31,11871.83
2021-01-26,TQQQ_50,0.5,84716.56,39137.83,1853.5037,0.0,13490.19,12611.33,10551.08,69.42,TQQQ_50,Bearish RSI divergence,74716.56,747.17,659.69,11884.58
2021-01-27,TQQQ_50,0.5,81045.83,39142.66,1853.5037,0.0,13112.65,12637.04,10566.99,54.8,TQQQ_50,Bearish RSI divergence,71045.83,710.46,638.43,10918.12
2021-01-28,TQQQ_50,0.5,81667.65,39147.48,1853.5037,0.0,13201.53,12662.32,10583.83,57.09,TQQQ_50,Bearish RSI divergence,71667.65,716.68,643.44,11080.35
2021-01-29,TQQQ_50,0.5,79023.78,39152.31,1853.5037,0.0,12925.38,12680.56,10599.02,48.81,TQQQ_50,Bearish RSI divergence,69023.78,690.24,627.89,10383.9
2021-02-01,TQQQ_100,1.0,81969.02,0.0,3549.5788,0.0,13248.9,12705.98,10614.68,56.73,TQQQ_100,"Bull trend confirmed: Price > SMA50 & SMA250, RSI 56.7",71969.02,719.69,646.11,11154.52
2021-02-02,TQQQ_100,1.0,85935.81,0.0,3549.5788,0.0,13456.12,12737.21,10631.04,60.9,TQQQ_100,"Bull trend confirmed: Price > SMA50 & SMA250, RSI 60.9",75935.81,759.36,657.78,11699.17
2021-02-03,TQQQ_100,1.0,84948.34,0.0,3549.5788,0.0,13402.37,12765.55,10646.86,59.3,TQQQ_100,"Bull trend confirmed: Price > SMA50 & SMA250, RSI 59.3",74948.34,749.48,654.75,11563.58
2021-02-04,TQQQ_100,1.0,87952.95,0.0,3549.5788,0.0,13560.89,12798.64,10663.5,62.43,TQQQ_100,"Bull trend confirmed: Price > SMA50 & SMA250, RSI 62.4",77952.95,779.53,663.68,11976.12
2021-02-05,TQQQ_100,1.0,88872.93,0.0,3549.5788,0.0,13603.96,12832.6,10679.85,63.26,TQQQ_100,"Bull trend confirmed: Price > SMA50 & SMA250, RSI 63.3",78872.93,788.73,666.1,12102.44
2021-02-08,TQQQ_100,1.0,90611.56,0.0,3549.5788,0.0,13695.02,12864.9,10696.56,65.01,TQQQ_100,"Bull trend confirmed: Price > SMA50 & SMA250, RSI 65.0",80611.56,806.12,671.23,12341.16
2021-02-09,TQQQ_50,0.5,90569.35,45284.68,1774.7894,0.0,13687.08,12895.6,10712.85,64.72,TQQQ_50,Bearish RSI divergence,80569.35,805.69,670.78,12335.36
2021-02-10,TQQQ_50,0.5,90254.22,45290.26,1774.7894,0.0,13655.27,12923.54,10729.09,63.5,TQQQ_50,Bearish RSI divergence,80254.22,802.54,668.99,12247.29
2021-02-11,TQQQ_50,0.5,90985.63,45295.84,1774.7894,0.0,13734.35,12952.86,10745.53,65.25,TQQQ_50,Bearish RSI divergence,80985.63,809.86,673.44,12446.61
2021-02-12,TQQQ_50,0.5,91767.7,45301.43,1774.7894,0.0,13807.7,12979.91,10762.25,66.85,TQQQ_50,Bearish RSI divergence,81767.7,817.68,677.57,12659.83
2021-02-16,TQQQ_50,0.5,91401.79,45323.77,1774.7894,0.0,13773.77,13006.26,10778.47,65.35,TQQQ_50,Bearish RSI divergence,81401.79,814.02,675.66,12553.22
2021-02-17,TQQQ_50,0.5,90765.96,45329.35,1774.7894,0.0,13699.71,13030.91,10794.75,62.1,TQQQ_50,Bearish RSI divergence,80765.96,807.66,671.49,12377.08
2021-02-18,TQQQ_50,0.5,90159.64,45334.94,1774.7894,0.0,13637.51,13053.09,10811.52,59.42,TQQQ_50,Bearish RSI divergence,80159.64,801.6,667.99,12209.05
2021-02-19,TQQQ_50,0.5,89574.43,45340.53,1774.7894,0.0,13580.78,13072.78,10829.52,57.0,TQQQ_50,Bearish RSI divergence,79574.43,795.74,664.8,12046.81
2021-02-22,TQQQ_50,0.5,86164.57,45357.3,1774.7894,0.0,13223.74,13084.54,10847.08,44.68,TQQQ_50,Bearish RSI divergence,76164.57,761.65,644.69,11105.85
2021-02-23,TQQQ_50,0.5,85807.24,45362.89,1774.7894,0.0,13194.71,13101.14,10864.36,43.85,TQQQ_50,Bearish RSI divergence,75807.24,758.07,643.05,11006.19
2021-02-24,TQQQ_100,1.0,86787.66,0.0,3718.8049,0.0,13302.19,13119.15,10883.82,47.72,TQQQ_100,"Bull trend confirmed: Price > SMA50 & SMA250, RSI 47.7",76787.66,767.88,649.11,11273.88
2021-02-25,CASH,0.0,77724.26,77724.26,0.0,0.0,12828.31,13128.21,10901.29,35.95,CASH,Clean exit: NDX 12828.3 broke below SMA50 (13128.2),67724.26,677.24,622.42,10086.08
2021-02-26,CASH,0.0,77733.84,77733.84,0.0,0.0,12909.44,13137.15,10917.42,38.74,CASH,Clean exit: NDX 12909.4 broke below SMA50 (13137.2),67733.84,677.34,626.99,10239.05
2021-03-01,TQQQ_100,1.0,77762.59,0.0,3371.5898,0.0,13282.95,13150.89,10936.17,49.61,TQQQ_100,"Bull trend confirmed: Price > SMA50 & SMA250, RSI 49.6",67762.59,677.63,648.02,11140.61
2021-03-02,CASH,0.0,74034.79,74034.79,0.0,0.0,13059.95,13158.73,10952.61,44.53,CASH,Clean exit: NDX 13060.0 broke below SMA50 (13158.7),64034.79,640.35,635.47,10601.76
2021-03-03,CASH,0.0,74043.92,74043.92,0.0,0.0,12683.33,13157.35,10968.66,37.54,CASH,Clean exit: NDX 12683.3 broke below SMA50 (13157.4),64043.92,640.44,614.26,9673.54
2021-03-04,CASH,0.0,74053.05,74053.05,0.0,0.0,12464.0,13151.87,10984.39,34.17,CASH,Clean exit: NDX 12464.0 broke below SMA50 (13151.9),64053.05,640.53,601.9,9190.31
2021-03-05,CASH,0.0,74062.18,74062.18,0.0,0.0,12668.51,13151.43,11003.27,39.61,CASH,Clean exit: NDX 12668.5 broke below SMA50 (13151.4),64062.18,640.62,613.42,9606.33
2021-03-08,CASH,0.0,74089.57,74089.57,0.0,0.0,12299.08,13143.06,11018.98,34.13,CASH,Clean exit: NDX 12299.1 broke below SMA50 (13143.1),64089.57,640.9,592.62,8776.61
2021-03-09,CASH,0.0,74098.7,74098.7,0.0,0.0,12794.49,13145.89,11038.14,45.1,CASH,Clean exit: NDX 12794.5 broke below SMA50 (13145.9),64098.7,640.99,620.52,9821.87
2021-03-10,CASH,0.0,74107.84,74107.84,0.0,0.0,12752.07,13146.71,11060.09,44.42,CASH,Clean exit: NDX 12752.1 broke below SMA50 (13146.7),64107.84,641.08,618.13,9737.28
2021-03-11,CASH,0.0,74116.98,74116.98,0.0,0.0,13052.9,13150.99,11080.32,50.17,CASH,Clean exit: NDX 13052.9 broke below SMA50 (13151.0),64116.98,641.17,635.07,10419.82
2021-03-12,CASH,0.0,74126.11,74126.11,0.0,0.0,12937.29,13152.87,11103.99,48.11,CASH,Clean exit: NDX 12937.3 broke below SMA50 (13152.9),64126.11,641.26,628.56,10157.93
2021-03-15,CASH,0.0,74153.53,74153.53,0.0,0.0,13082.54,13157.61,11126.42,50.85,CASH,Clean exit: NDX 13082.5 broke below SMA50 (13157.6),64153.53,641.54,636.74,10485.88
2021-03-16,CASH,0.0,74162.67,74162.67,0.0,0.0,13152.28,13162.89,11150.33,52.15,CASH,Clean exit: NDX 13152.3 broke below SMA50 (13162.9),64162.67,641.63,640.66,10659.7
2021-03-17,CASH,0.0,74171.82,74171.82,0.0,0.0,13202.38,13173.05,11173.99,53.11,CASH,1% confirmation buffer: NDX 13202.4 <= threshold (13304.8),64171.82,641.72,643.49,10795.28
2021-03-18,CASH,0.0,74180.96,74180.96,0.0,0.0,12789.14,13172.78,11197.16,45.06,CASH,Clean exit: NDX 12789.1 broke below SMA50 (13172.8),64180.96,641.81,620.21,9795.22
2021-03-19,CASH,0.0,74190.11,74190.11,0.0,0.0,12866.99,13177.65,11220.61,46.7,CASH,Clean exit: NDX 12867.0 broke below SMA50 (13177.7),64190.11,641.9,624.6,9921.53
2021-03-22,CASH,0.0,74217.55,74217.55,0.0,0.0,13086.51,13180.59,11242.74,51.13,CASH,Clean exit: NDX 13086.5 broke below SMA50 (13180.6),64217.55,642.18,636.96,10455.75
2021-03-23,CASH,0.0,74226.7,74226.7,0.0,0.0,13017.79,13178.85,11264.93,49.74,CASH,Clean exit: NDX 13017.8 broke below SMA50 (13178.8),64226.7,642.27,633.09,10317.85
2021-03-24,CASH,0.0,74235.85,74235.85,0.0,0.0,12798.88,13176.77,11284.54,45.49,CASH,Clean exit: NDX 12798.9 broke below SMA50 (13176.8),64235.85,642.36,620.76,9791.74
2021-03-25,CASH,0.0,74245.0,74245.0,0.0,0.0,12780.51,13174.54,11305.3,45.14,CASH,Clean exit: NDX 12780.5 broke below SMA50 (13174.5),64245.0,642.45,619.73,9738.43
2021-03-26,CASH,0.0,74254.15,74254.15,0.0,0.0,12979.12,13174.65,11325.66,49.63,CASH,Clean exit: NDX 12979.1 broke below SMA50 (13174.7),64254.15,642.54,630.91,10172.99
2021-03-29,CASH,0.0,74281.62,74281.62,0.0,0.0,12965.74,13175.99,11346.27,49.34,CASH,Clean exit: NDX 12965.7 broke below SMA50 (13176.0),64281.62,642.82,630.16,10167.2
2021-03-30,CASH,0.0,74290.78,74290.78,0.0,0.0,12896.53,13177.84,11367.91,47.77,CASH,Clean exit: NDX 12896.5 broke below SMA50 (13177.8),64290.78,642.91,626.26,10021.19
2021-03-31,CASH,0.0,74299.93,74299.93,0.0,0.0,13091.44,13179.74,11389.74,52.37,CASH,Clean exit: NDX 13091.4 broke below SMA50 (13179.7),64299.93,643.0,637.24,10475.45
2021-04-01,TQQQ_100,1.0,74309.09,0.0,3258.8105,0.0,13329.52,13180.4,11412.94,57.32,TQQQ_100,"Bull trend confirmed: Price > SMA50 & SMA250, RSI 57.3",64309.09,643.09,650.65,11013.14
2021-04-05,TQQQ_100,1.0,78772.3,0.0,3258.8105,0.0,13598.16,13184.27,11435.01,62.1,TQQQ_100,"Bull trend confirmed: Price > SMA50 & SMA250, RSI 62.1",68772.3,687.72,665.77,11680.63
2021-04-06,TQQQ_100,1.0,78586.32,0.0,3258.8105,0.0,13578.46,13188.51,11457.13,61.55,TQQQ_100,"Bull trend confirmed: Price > SMA50 & SMA250, RSI 61.6",68586.32,685.86,664.66,11652.81
2021-04-07,TQQQ_100,1.0,79167.46,0.0,3258.8105,0.0,13616.7,13191.18,11478.67,62.25,TQQQ_100,"Bull trend confirmed: Price > SMA50 & SMA250, RSI 62.2",69167.46,691.67,666.82,11739.72
2021-04-08,TQQQ_100,1.0,81639.27,0.0,3258.8105,0.0,13758.51,13196.54,11500.75,64.78,TQQQ_100,"Bull trend confirmed: Price > SMA50 & SMA250, RSI 64.8",71639.27,716.39,674.8,12109.39
2021-04-09,TQQQ_100,1.0,83119.25,0.0,3258.8105,0.0,13845.06,13211.19,11522.8,66.27,TQQQ_100,"Bull trend confirmed: Price > SMA50 & SMA250, RSI 66.3",73119.25,731.19,679.68,12330.73
2021-04-12,TQQQ_100,1.0,82793.81,0.0,3258.8105,0.0,13819.35,13223.55,11543.31,65.38,TQQQ_100,"Bull trend confirmed: Price > SMA50 & SMA250, RSI 65.4",72793.81,727.94,678.23,12282.06
2021-04-13,TQQQ_100,1.0,85629.8,0.0,3258.8105,0.0,13986.49,13244.77,11564.89,68.34,TQQQ_100,"Bull trend confirmed: Price > SMA50 & SMA250, RSI 68.3",75629.8,756.3,687.64,12706.19
2021-04-14,TQQQ_100,1.0,82623.34,0.0,3258.8105,0.0,13803.91,13255.87,11585.07,62.1,TQQQ_100,"Bull trend confirmed: Price > SMA50 & SMA250, RSI 62.1",72623.34,726.23,677.36,12256.56
2021-04-15,TQQQ_100,1.0,86272.93,0.0,3258.8105,0.0,14026.19,13267.27,11605.85,66.15,TQQQ_100,"Bull trend confirmed: Price > SMA50 & SMA250, RSI 66.2",76272.93,762.73,689.88,12802.37
2021-04-16,TQQQ_100,1.0,86637.12,0.0,3258.8105,0.0,14041.91,13280.06,11627.11,66.43,TQQQ_100,"Bull trend confirmed: Price > SMA50 & SMA250, RSI 66.4",76637.12,766.37,690.76,12856.83
2021-04-19,TQQQ_100,1.0,84273.79,0.0,3258.8105,0.0,13907.67,13287.0,11649.13,61.83,TQQQ_100,"Bull trend confirmed: Price > SMA50 & SMA250, RSI 61.8",74273.79,742.74,683.2,12503.39
2021-04-20,TQQQ_100,1.0,82429.62,0.0,3258.8105,0.0,13809.3,13291.1,11669.71,58.64,TQQQ_100,"Bull trend confirmed: Price > SMA50 & SMA250, RSI 58.6",72429.62,724.3,677.66,12227.59
2021-04-21,TQQQ_100,1.0,84514.0,0.0,3258.8105,0.0,13935.15,13295.91,11690.88,61.39,TQQQ_100,"Bull trend confirmed: Price > SMA50 & SMA250, RSI 61.4",74514.0,745.14,684.75,12539.32
2021-04-22,TQQQ_100,1.0,81437.81,0.0,3258.8105,0.0,13762.36,13297.41,11710.79,55.89,TQQQ_100,"Bull trend confirmed: Price > SMA50 & SMA250, RSI 55.9",71437.81,714.38,675.02,12079.26
2021-04-23,TQQQ_100,1.0,84506.25,0.0,3258.8105,0.0,13941.44,13303.14,11731.2,59.9,TQQQ_100,"Bull trend confirmed: Price > SMA50 & SMA250, RSI 59.9",74506.25,745.06,685.11,12538.16
2021-04-26,TQQQ_100,1.0,86179.95,0.0,3258.8105,0.0,14026.16,13308.97,11752.6,61.67,TQQQ_100,"Bull trend confirmed: Price > SMA50 & SMA250, RSI 61.7",76179.95,761.8,689.88,12788.46
2021-04-27,TQQQ_50,0.5,85048.65,42524.33,1629.4053,0.0,13960.28,13312.02,11772.51,59.47,TQQQ_50,Bearish RSI divergence,75048.65,750.49,686.17,12619.27
2021-04-28,TQQQ_50,0.5,84616.1,42529.57,1629.4053,0.0,13901.62,13314.58,11792.11,57.5,TQQQ_50,Bearish RSI divergence,74616.1,746.16,682.86,12488.33
2021-04-29,TQQQ_50,0.5,85043.64,42534.81,1629.4053,0.0,13970.2,13319.99,11813.12,59.2,TQQQ_50,Bearish RSI divergence,75043.64,750.44,686.73,12614.64
2021-04-30,TQQQ_100,1.0,84250.78,0.0,3291.208,0.0,13860.76,13324.46,11833.23,55.39,TQQQ_100,"Bull trend confirmed: Price > SMA50 & SMA250, RSI 55.4",74250.78,742.51,680.56,12375.92
2021-05-03,TQQQ_100,1.0,82873.48,0.0,3291.208,0.0,13799.72,13328.83,11852.7,53.33,TQQQ_100,"Bull trend confirmed: Price > SMA50 & SMA250, RSI 53.3",72873.48,728.73,677.13,12171.97
2021-05-04,TQQQ_100,1.0,78506.78,0.0,3291.208,0.0,13544.67,13335.25,11870.94,45.68,TQQQ_100,"Bull trend confirmed: Price > SMA50 & SMA250, RSI 45.7",68506.78,685.07,662.76,11525.34
2021-05-05,TQQQ_100,1.0,77591.17,0.0,3291.208,0.0,13503.37,13341.43,11888.55,44.56,TQQQ_100,"Bull trend confirmed: Price > SMA50 & SMA250, RSI 44.6",67591.17,675.91,660.44,11389.76
2021-05-06,TQQQ_100,1.0,79289.34,0.0,3291.208,0.0,13613.73,13347.66,11906.12,48.2,TQQQ_100,"Bull trend confirmed: Price > SMA50 & SMA250, RSI 48.2",69289.34,692.89,666.65,11641.23
2021-05-07,TQQQ_100,1.0,81230.09,0.0,3291.208,0.0,13719.63,13365.48,11923.8,51.49,TQQQ_100,"Bull trend confirmed: Price > SMA50 & SMA250, RSI 51.5",71230.09,712.3,672.61,11928.61
2021-05-10,CASH,0.0,75126.09,75126.09,0.0,0.0,13359.08,13374.48,11940.79,41.76,CASH,Clean exit: NDX 13359.1 broke below SMA50 (13374.5),65126.09,651.26,652.31,11024.73
2021-05-11,CASH,0.0,75135.35,75135.35,0.0,0.0,13351.27,13375.84,11958.19,41.58,CASH,Clean exit: NDX 13351.3 broke below SMA50 (13375.8),65135.35,651.35,651.87,10969.11
2021-05-12,CASH,0.0,75144.61,75144.61,0.0,0.0,13001.63,13374.68,11973.82,34.32,CASH,Clean exit: NDX 13001.6 broke below SMA50 (13374.7),65144.61,651.45,632.18,10126.64
2021-05-13,CASH,0.0,75153.88,75153.88,0.0,0.0,13109.15,13383.19,11989.65,37.91,CASH,Clean exit: NDX 13109.2 broke below SMA50 (13383.2),65153.88,651.54,638.24,10342.18
2021-05-14,CASH,0.0,75163.14,75163.14,0.0,0.0,13393.12,13401.78,12005.89,46.26,CASH,Clean exit: NDX 13393.1 broke below SMA50 (13401.8),65163.14,651.63,654.23,11021.25
2021-05-17,CASH,0.0,75190.94,75190.94,0.0,0.0,13312.91,13414.66,12021.95,44.45,CASH,Clean exit: NDX 13312.9 broke below SMA50 (13414.7),65190.94,651.91,649.71,10833.52
2021-05-18,CASH,0.0,75200.21,75200.21,0.0,0.0,13217.68,13433.04,12036.88,42.32,CASH,Clean exit: NDX 13217.7 broke below SMA50 (13433.0),65200.21,652.0,644.35,10604.08
2021-05-19,CASH,0.0,75209.49,75209.49,0.0,0.0,13237.91,13441.9,12052.32,42.94,CASH,Clean exit: NDX 13237.9 broke below SMA50 (13441.9),65209.49,652.09,645.49,10643.48
2021-05-20,CASH,0.0,75218.76,75218.76,0.0,0.0,13494.09,13456.74,12068.64,50.29,CASH,1% confirmation buffer: NDX 13494.1 <= threshold (13591.3),65218.76,652.19,659.91,11264.61
2021-05-21,CASH,0.0,75228.03,75228.03,0.0,0.0,13411.74,13463.92,12084.73,48.14,CASH,Clean exit: NDX 13411.7 broke below SMA50 (13463.9),65228.03,652.28,655.28,11076.88
2021-05-24,TQQQ_100,1.0,75255.86,0.0,3125.0169,0.0,13641.75,13478.01,12101.53,54.04,TQQQ_100,"Bull trend confirmed: Price > SMA50 & SMA250, RSI 54.0",65255.86,652.56,668.23,11636.59
2021-05-25,TQQQ_100,1.0,75619.95,0.0,3125.0169,0.0,13657.73,13489.51,12118.49,54.43,TQQQ_100,"Bull trend confirmed: Price > SMA50 & SMA250, RSI 54.4",65619.95,656.2,669.13,11693.37
2021-05-26,TQQQ_100,1.0,76385.29,0.0,3125.0169,0.0,13702.74,13500.52,12135.08,55.56,TQQQ_100,"Bull trend confirmed: Price > SMA50 & SMA250, RSI 55.6",66385.29,663.85,671.66,11812.73
2021-05-27,TQQQ_100,1.0,75493.64,0.0,3125.0169,0.0,13657.85,13509.63,12151.32,54.11,TQQQ_100,"Bull trend confirmed: Price > SMA50 & SMA250, RSI 54.1",65493.64,654.94,669.14,11673.67
2021-05-28,TQQQ_100,1.0,76229.26,0.0,3125.0169,0.0,13686.51,13527.58,12167.43,54.92,TQQQ_100,"Bull trend confirmed: Price > SMA50 & SMA250, RSI 54.9",66229.26,662.29,670.75,11788.4
2021-06-01,TQQQ_100,1.0,75486.2,0.0,3125.0169,0.0,13654.59,13543.33,12183.23,53.79,TQQQ_100,"Bull trend confirmed: Price > SMA50 & SMA250, RSI 53.8",65486.2,654.86,668.95,11672.51
2021-06-02,TQQQ_100,1.0,75880.01,0.0,3125.0169,0.0,13675.79,13555.12,12199.42,54.46,TQQQ_100,"Bull trend confirmed: Price > SMA50 & SMA250, RSI 54.5",65880.01,658.8,670.15,11733.93
2021-06-03,CASH,0.0,73494.83,73494.83,0.0,0.0,13529.68,13565.36,12214.24,49.14,CASH,Clean exit: NDX 13529.7 broke below SMA50 (13565.4),63494.83,634.95,661.92,11361.95
2021-06-04,TQQQ_100,1.0,73503.89,0.0,2973.0089,0.0,13770.77,13584.79,12229.72,56.66,TQQQ_100,"Bull trend confirmed: Price > SMA50 & SMA250, RSI 56.7",63503.89,635.04,675.49,11949.47
2021-06-07,TQQQ_100,1.0,74154.23,0.0,2973.0089,0.0,13802.89,13605.24,12245.06,57.56,TQQQ_100,"Bull trend confirmed: Price > SMA50 & SMA250, RSI 57.6",64154.23,641.54,677.3,12056.08
2021-06-08,TQQQ_100,1.0,74239.05,0.0,2973.0089,0.0,13810.86,13621.88,12259.93,57.8,TQQQ_100,"Bull trend confirmed: Price > SMA50 & SMA250, RSI 57.8",64239.05,642.39,677.75,12069.99
2021-06-09,TQQQ_100,1.0,74323.9,0.0,2973.0089,0.0,13814.94,13638.86,12276.83,57.93,TQQQ_100,"Bull trend confirmed: Price > SMA50 & SMA250, RSI 57.9",64323.9,643.24,677.98,12083.9
2021-06-10,TQQQ_100,1.0,76600.11,0.0,2973.0089,0.0,13960.35,13660.14,12294.02,62.32,TQQQ_100,"Bull trend confirmed: Price > SMA50 & SMA250, RSI 62.3",66600.11,666.0,686.17,12457.04
2021-06-11,TQQQ_100,1.0,77208.05,0.0,2973.0089,0.0,13998.3,13678.27,12310.9,63.39,TQQQ_100,"Bull trend confirmed: Price > SMA50 & SMA250, RSI 63.4",67208.05,672.08,688.31,12556.7
2021-06-14,TQQQ_100,1.0,79371.18,0.0,2973.0089,0.0,14128.2,13694.25,12327.62,66.87,TQQQ_100,"Bull trend confirmed: Price > SMA50 & SMA250, RSI 66.9",69371.18,693.71,695.62,12911.3
2021-06-15,TQQQ_100,1.0,77900.82,0.0,2973.0089,0.0,14030.41,13702.89,12343.81,62.09,TQQQ_100,"Bull trend confirmed: Price > SMA50 & SMA250, RSI 62.1",67900.82,679.01,690.12,12670.26
2021-06-16,TQQQ_100,1.0,77066.69,0.0,2973.0089,0.0,13983.01,13710.98,12359.69,59.85,TQQQ_100,"Bull trend confirmed: Price > SMA50 & SMA250, RSI 59.9",67066.69,670.67,687.45,12533.52
2021-06-17,TQQQ_100,1.0,79943.78,0.0,2973.0089,0.0,14163.81,13721.92,12376.31,65.02,TQQQ_100,"Bull trend confirmed: Price > SMA50 & SMA250, RSI 65.0",69943.78,699.44,697.63,13005.16
2021-06-18,TQQQ_100,1.0,78035.15,0.0,2973.0089,0.0,14049.58,13727.75,12391.99,59.78,TQQQ_100,"Bull trend confirmed: Price > SMA50 & SMA250, RSI 59.8",68035.15,680.35,691.2,12692.28
2021-06-21,TQQQ_100,1.0,79463.08,0.0,2973.0089,0.0,14137.23,13733.59,12407.7,62.29,TQQQ_100,"Bull trend confirmed: Price > SMA50 & SMA250, RSI 62.3",69463.08,694.63,696.13,12926.36
2021-06-22,TQQQ_100,1.0,81682.77,0.0,2973.0089,0.0,14270.42,13742.61,12424.77,65.79,TQQQ_100,"Bull trend confirmed: Price > SMA50 & SMA250, RSI 65.8",71682.77,716.83,703.63,13290.24
2021-06-23,TQQQ_100,1.0,81824.14,0.0,2973.0089,0.0,14274.24,13748.37,12441.46,65.89,TQQQ_100,"Bull trend confirmed: Price > SMA50 & SMA250, RSI 65.9",71824.14,718.24,703.85,13313.41
2021-06-24,TQQQ_100,1.0,83329.85,0.0,2973.0089,0.0,14365.96,13759.61,12459.53,68.23,TQQQ_100,"Bull trend confirmed: Price > SMA50 & SMA250, RSI 68.2",73329.85,733.3,709.01,13560.24
2021-06-25,TQQQ_100,1.0,83068.3,0.0,2973.0089,0.0,14345.18,13765.99,12477.06,67.11,TQQQ_100,"Bull trend confirmed: Price > SMA50 & SMA250, RSI 67.1",73068.3,730.68,707.84,13517.37
2021-06-28,TQQQ_100,1.0,86009.0,0.0,2973.0089,0.0,14524.98,13775.65,12494.54,71.49,TQQQ_100,"Bull trend confirmed: Price > SMA50 & SMA250, RSI 71.5",76009.0,760.09,717.97,13999.43
2021-06-29,TQQQ_100,1.0,86977.46,0.0,2973.0089,0.0,14572.75,13788.95,12511.71,72.54,TQQQ_100,"Bull trend confirmed: Price > SMA50 & SMA250, RSI 72.5",76977.46,769.77,720.66,14158.19
2021-06-30,TQQQ_100,1.0,86595.74,0.0,2973.0089,0.0,14554.8,13803.86,12528.56,71.48,TQQQ_100,"Bull trend confirmed: Price > SMA50 & SMA250, RSI 71.5",76595.74,765.96,719.65,14095.62
2021-07-01,TQQQ_100,1.0,86638.16,0.0,2973.0089,0.0,14560.05,13816.36,12544.39,71.61,TQQQ_100,"Bull trend confirmed: Price > SMA50 & SMA250, RSI 71.6",76638.16,766.38,719.94,14102.57
2021-07-02,TQQQ_30,0.3,89578.88,62705.21,891.9027,0.0,14727.63,13835.66,12561.2,75.48,TQQQ_30,Overbought: RSI 75.5 >= 75,79578.88,795.79,729.38,14584.64
2021-07-06,TQQQ_30,0.3,89970.32,62736.14,891.9027,0.0,14786.36,13852.56,12577.68,76.68,TQQQ_30,Overbought: RSI 76.7 >= 75,79970.32,799.7,732.69,14781.64
2021-07-07,TQQQ_30,0.3,90151.95,62743.87,891.9027,0.0,14810.54,13868.25,12593.9,77.17,TQQQ_30,Overbought: RSI 77.2 >= 75,80151.95,801.52,734.05,14876.67
2021-07-08,TQQQ_30,0.3,89684.65,62751.61,891.9027,0.0,14722.14,13883.49,12609.45,71.22,TQQQ_30,Overbought trim active,79684.65,796.85,729.07,14617.09
2021-07-09,TQQQ_30,0.3,90148.34,62759.34,891.9027,0.0,14826.09,13901.98,12626.34,73.78,TQQQ_30,Overbought trim active,80148.34,801.48,734.92,14866.24
2021-07-12,TQQQ_30,0.3,90515.11,62782.56,891.9027,0.0,14877.89,13920.13,12643.1,74.98,TQQQ_30,Overbought trim active,80515.11,805.15,737.84,15053.97
2021-07-13,TQQQ_30,0.3,90508.01,62790.3,891.9027,0.0,14874.54,13940.41,12659.79,74.74,TQQQ_30,Overbought trim active,80508.01,805.08,737.65,15045.86
2021-07-14,TQQQ_30,0.3,90666.32,62798.04,891.9027,0.0,14900.44,13962.42,12676.88,75.39,TQQQ_30,Overbought: RSI 75.4 >= 75,80666.32,806.66,739.11,15128.13
2021-07-15,TQQQ_30,0.3,90097.23,62805.78,891.9027,0.0,14794.69,13987.42,12693.48,67.74,TQQQ_30,Overbought trim active,80097.23,800.97,733.16,14812.93
2021-07-16,TQQQ_30,0.3,89434.82,62813.52,891.9027,0.0,14681.38,14010.98,12708.4,60.64,TQQQ_30,Overbought trim active,79434.82,794.35,726.78,14446.74
2021-07-19,TQQQ_30,0.3,88819.72,62836.76,891.9027,0.0,14549.09,14029.69,12723.26,53.58,TQQQ_30,Overbought trim active,78819.72,788.2,719.33,14097.94
2021-07-20,TQQQ_100,1.0,89684.23,0.0,2980.2687,0.0,14728.21,14049.86,12738.69,60.32,TQQQ_100,"Bull trend confirmed: Price > SMA50 & SMA250, RSI 60.3",79684.23,796.84,729.41,14566.1
2021-07-21,TQQQ_50,0.5,91732.18,45866.09,1490.1344,0.0,14842.63,14079.53,12755.74,63.92,TQQQ_50,Bearish RSI divergence,81732.18,817.32,735.86,14901.0
2021-07-22,TQQQ_50,0.5,92701.58,45871.75,1490.1344,0.0,14940.17,14111.31,12773.57,66.69,TQQQ_50,Bearish RSI divergence,82701.58,827.02,741.35,15216.2
2021-07-23,TQQQ_50,0.5,94262.68,45877.4,1490.1344,0.0,15111.79,14153.51,12791.32,70.93,TQQQ_50,Bearish RSI divergence,84262.68,842.63,751.01,15724.93
2021-07-26,TQQQ_50,0.5,94481.6,45894.37,1490.1344,0.0,15125.95,14193.85,12809.69,71.26,TQQQ_50,Bearish RSI divergence,84481.6,844.82,751.81,15790.98
2021-07-27,TQQQ_50,0.5,92899.92,45900.03,1490.1344,0.0,14956.97,14225.12,12826.87,62.31,TQQQ_50,Bearish RSI divergence,82899.92,829.0,742.3,15271.83
2021-07-28,TQQQ_50,0.5,93419.34,45905.69,1490.1344,0.0,15018.1,14259.23,12844.08,64.06,TQQQ_50,Bearish RSI divergence,83419.34,834.19,745.74,15439.86
2021-07-29,TQQQ_50,0.5,93658.86,45911.35,1490.1344,0.0,15048.36,14295.84,12860.65,64.94,TQQQ_50,Bearish RSI divergence,83658.86,836.59,747.44,15516.34
2021-07-30,TQQQ_50,0.5,92948.79,45917.01,1490.1344,0.0,14959.9,14330.28,12876.27,60.33,TQQQ_50,Bearish RSI divergence,82948.79,829.49,742.46,15282.26
2021-08-02,TQQQ_50,0.5,92951.6,45933.99,1490.1344,0.0,14963.62,14359.67,12891.74,60.46,TQQQ_50,Bearish RSI divergence,82951.6,829.52,742.67,15277.62
2021-08-03,TQQQ_50,0.5,93775.73,45939.65,1490.1344,0.0,15061.42,14392.67,12907.48,63.74,TQQQ_50,Bearish RSI divergence,83775.73,837.76,748.18,15545.31
2021-08-04,TQQQ_50,0.5,94018.78,45945.32,1490.1344,0.0,15083.39,14421.5,12922.74,64.46,TQQQ_50,Bearish RSI divergence,84018.78,840.19,749.41,15622.95
2021-08-05,TQQQ_50,0.5,94927.96,45950.98,1490.1344,0.0,15181.64,14451.98,12938.91,67.54,TQQQ_50,Bearish RSI divergence,84927.96,849.28,754.95,15918.45
2021-08-06,TQQQ_50,0.5,94295.85,45956.65,1490.1344,0.0,15109.36,14480.11,12955.01,63.2,TQQQ_50,Bearish RSI divergence,84295.85,842.96,750.88,15709.86
2021-08-09,TQQQ_50,0.5,94571.51,45973.65,1490.1344,0.0,15133.11,14509.61,12972.04,64.02,TQQQ_50,Bearish RSI divergence,84571.51,845.72,752.21,15794.46
2021-08-10,TQQQ_50,0.5,93850.83,45979.31,1490.1344,0.0,15053.58,14536.96,12987.62,59.26,TQQQ_50,Bearish RSI divergence,83850.83,838.51,747.74,15556.9
2021-08-11,TQQQ_50,0.5,93597.85,45984.98,1490.1344,0.0,15027.76,14564.42,13003.02,57.76,TQQQ_50,Bearish RSI divergence,83597.85,835.98,746.28,15472.31
2021-08-12,TQQQ_50,0.5,94099.55,45990.65,1490.1344,0.0,15088.98,14592.68,13018.72,60.33,TQQQ_50,Bearish RSI divergence,84099.55,841.0,749.73,15634.54
2021-08-13,TQQQ_50,0.5,94587.1,45996.32,1490.1344,0.0,15136.68,14624.82,13034.11,62.25,TQQQ_50,Bearish RSI divergence,84587.1,845.87,752.42,15792.14
2021-08-16,TQQQ_50,0.5,94689.14,46013.33,1490.1344,0.0,15140.77,14652.22,13049.08,62.42,TQQQ_50,Bearish RSI divergence,84689.14,846.89,752.65,15819.95
2021-08-17,TQQQ_50,0.5,93415.74,46019.01,1490.1344,0.0,15002.83,14676.22,13063.81,53.72,TQQQ_50,Bearish RSI divergence,83415.74,834.16,744.88,15401.62
2021-08-18,TQQQ_50,0.5,92043.13,46024.68,1490.1344,0.0,14857.92,14697.16,13077.34,46.41,TQQQ_50,Bearish RSI divergence,82043.13,820.43,736.72,14950.83
2021-08-19,TQQQ_100,1.0,92704.28,0.0,2959.7217,0.0,14933.94,14719.54,13090.85,50.24,TQQQ_100,"Bull trend confirmed: Price > SMA50 & SMA250, RSI 50.2",82704.28,827.04,741.0,15165.21
2021-08-20,TQQQ_100,1.0,95568.54,0.0,2959.7217,0.0,15092.57,14742.19,13104.72,57.12,TQQQ_100,"Bull trend confirmed: Price > SMA50 & SMA250, RSI 57.1",85568.54,855.69,749.93,15636.86
2021-08-23,TQQQ_50,0.5,99826.2,49913.1,1479.8609,0.0,15312.82,14768.48,13119.08,64.47,TQQQ_50,Bearish RSI divergence,89826.2,898.26,762.33,16337.95
2021-08-24,TQQQ_50,0.5,100324.96,49919.25,1479.8609,0.0,15357.68,14793.07,13132.63,65.75,TQQQ_50,Bearish RSI divergence,90324.96,903.25,764.86,16500.18
2021-08-25,TQQQ_50,0.5,100387.42,49925.41,1479.8609,0.0,15368.92,14819.84,13146.4,66.09,TQQQ_50,Bearish RSI divergence,90387.42,903.87,765.49,16518.73
2021-08-26,TQQQ_50,0.5,99538.52,49931.56,1479.8609,0.0,15278.52,14845.75,13159.53,60.97,TQQQ_50,Bearish RSI divergence,89538.52,895.39,760.4,16237.13
2021-08-27,TQQQ_50,0.5,100994.38,49937.72,1479.8609,0.0,15432.95,14871.13,13172.82,65.84,TQQQ_50,Bearish RSI divergence,90994.38,909.94,769.1,16714.56
2021-08-30,TQQQ_100,1.0,102705.37,0.0,2881.3653,0.0,15605.09,14902.24,13186.06,70.28,TQQQ_100,"Bull trend confirmed: Price > SMA50 & SMA250, RSI 70.3",92705.37,927.05,778.79,17271.96
2021-08-31,TQQQ_100,1.0,102417.62,0.0,2881.3653,0.0,15582.51,14931.15,13198.71,69.01,TQQQ_100,"Bull trend confirmed: Price > SMA50 & SMA250, RSI 69.0",92417.62,924.18,777.52,17223.29
2021-09-01,TQQQ_100,1.0,102979.38,0.0,2881.3653,0.0,15611.57,14957.97,13214.07,69.77,TQQQ_100,"Bull trend confirmed: Price > SMA50 & SMA250, RSI 69.8",92979.38,929.79,779.16,17318.31
2021-09-02,TQQQ_100,1.0,102835.55,0.0,2881.3653,0.0,15604.25,14984.57,13230.0,69.31,TQQQ_100,"Bull trend confirmed: Price > SMA50 & SMA250, RSI 69.3",92835.55,928.36,778.75,17293.98
2021-09-03,TQQQ_100,1.0,103760.45,0.0,2881.3653,0.0,15652.86,15010.31,13248.34,70.69,TQQQ_100,"Bull trend confirmed: Price > SMA50 & SMA250, RSI 70.7",93760.45,937.6,781.48,17450.42
2021-09-07,TQQQ_100,1.0,104185.22,0.0,2881.3653,0.0,15675.76,15036.92,13265.46,71.34,TQQQ_100,"Bull trend confirmed: Price > SMA50 & SMA250, RSI 71.3",94185.22,941.85,782.77,17522.27
2021-09-08,TQQQ_100,1.0,103116.43,0.0,2881.3653,0.0,15620.85,15058.84,13283.33,67.46,TQQQ_100,"Bull trend confirmed: Price > SMA50 & SMA250, RSI 67.5",93116.43,931.16,779.68,17341.49
2021-09-09,TQQQ_100,1.0,102013.43,0.0,2881.3653,0.0,15561.05,15078.6,13301.22,63.41,TQQQ_100,"Bull trend confirmed: Price > SMA50 & SMA250, RSI 63.4",92013.43,920.13,776.31,17154.92
2021-09-10,TQQQ_100,1.0,99718.27,0.0,2881.3653,0.0,15440.75,15096.32,13317.87,56.12,TQQQ_100,"Bull trend confirmed: Price > SMA50 & SMA250, RSI 56.1",89718.27,897.18,769.54,16766.71
2021-09-13,TQQQ_100,1.0,99492.2,0.0,2881.3653,0.0,15434.5,15113.81,13333.86,55.76,TQQQ_100,"Bull trend confirmed: Price > SMA50 & SMA250, RSI 55.8",89492.2,894.92,769.19,16728.47
2021-09-14,TQQQ_100,1.0,98635.8,0.0,2881.3653,0.0,15382.9,15126.92,13350.4,52.76,TQQQ_100,"Bull trend confirmed: Price > SMA50 & SMA250, RSI 52.8",88635.8,886.36,766.28,16583.62
2021-09-15,TQQQ_100,1.0,100821.31,0.0,2881.3653,0.0,15503.53,15141.26,13368.09,58.4,TQQQ_100,"Bull trend confirmed: Price > SMA50 & SMA250, RSI 58.4",90821.31,908.21,773.07,16953.28
2021-09-16,TQQQ_100,1.0,101020.0,0.0,2881.3653,0.0,15515.91,15155.37,13386.4,58.94,TQQQ_100,"Bull trend confirmed: Price > SMA50 & SMA250, RSI 58.9",91020.0,910.2,773.77,16986.89
2021-09-17,TQQQ_100,1.0,97450.56,0.0,2881.3653,0.0,15333.47,15167.59,13403.82,48.85,TQQQ_100,"Bull trend confirmed: Price > SMA50 & SMA250, RSI 48.9",87450.56,874.51,763.5,16383.14
2021-09-20,CASH,0.0,91455.8,91455.8,0.0,0.0,15012.19,15171.32,13419.12,36.88,CASH,Clean exit: NDX 15012.2 broke below SMA50 (15171.3),81455.8,814.56,745.4,15369.17
2021-09-21,CASH,0.0,91467.08,91467.08,0.0,0.0,15027.77,15174.31,13435.9,37.68,CASH,Clean exit: NDX 15027.8 broke below SMA50 (15174.3),81467.08,814.67,746.28,15388.87
2021-09-22,CASH,0.0,91478.35,91478.35,0.0,0.0,15176.51,15180.35,13453.02,44.84,CASH,Clean exit: NDX 15176.5 broke below SMA50 (15180.4),81478.35,814.78,754.66,15841.97
2021-09-23,CASH,0.0,91489.63,91489.63,0.0,0.0,15316.58,15188.67,13469.68,50.6,CASH,1% confirmation buffer: NDX 15316.6 <= threshold (15340.6),81489.63,814.9,762.55,16284.65
2021-09-24,CASH,0.0,91500.91,91500.91,0.0,0.0,15329.68,15199.37,13485.54,51.12,CASH,1% confirmation buffer: NDX 15329.7 <= threshold (15351.4),81500.91,815.01,763.28,16330.99
2021-09-27,CASH,0.0,91534.76,91534.76,0.0,0.0,15204.82,15209.84,13501.07,46.18,CASH,Clean exit: NDX 15204.8 broke below SMA50 (15209.8),81534.76,815.35,756.25,15934.68
2021-09-28,CASH,0.0,91546.04,91546.04,0.0,0.0,14770.3,15214.27,13514.48,33.92,CASH,Clean exit: NDX 14770.3 broke below SMA50 (15214.3),81546.04,815.46,731.78,14597.39
2021-09-29,CASH,0.0,91557.33,91557.33,0.0,0.0,14752.89,15214.76,13527.16,33.53,CASH,Clean exit: NDX 14752.9 broke below SMA50 (15214.8),81557.33,815.57,730.8,14500.05
2021-09-30,CASH,0.0,91568.61,91568.61,0.0,0.0,14689.62,15211.7,13540.89,32.11,CASH,Clean exit: NDX 14689.6 broke below SMA50 (15211.7),81568.61,815.69,727.24,14335.5
2021-10-01,CASH,0.0,91579.9,91579.9,0.0,0.0,14791.87,15208.74,13554.02,36.78,CASH,Clean exit: NDX 14791.9 broke below SMA50 (15208.7),81579.9,815.8,733.0,14598.55
2021-10-04,CASH,0.0,91613.78,91613.78,0.0,0.0,14472.12,15195.94,13566.75,29.86,CASH,Clean exit: NDX 14472.1 broke below SMA50 (15195.9),81613.78,816.14,714.99,13694.67
2021-10-05,CASH,0.0,91625.07,91625.07,0.0,0.0,14674.15,15186.91,13579.43,37.82,CASH,Clean exit: NDX 14674.2 broke below SMA50 (15186.9),81625.07,816.25,726.37,14225.41
2021-10-06,CASH,0.0,91636.37,91636.37,0.0,0.0,14766.75,15183.1,13592.29,41.12,CASH,Clean exit: NDX 14766.8 broke below SMA50 (15183.1),81636.37,816.36,731.58,14508.16
2021-10-07,CASH,0.0,91647.66,91647.66,0.0,0.0,14897.13,15180.68,13604.98,45.5,CASH,Clean exit: NDX 14897.1 broke below SMA50 (15180.7),81647.66,816.48,738.93,14903.32
2021-10-08,CASH,0.0,91658.96,91658.96,0.0,0.0,14820.75,15176.13,13615.91,43.46,CASH,Clean exit: NDX 14820.8 broke below SMA50 (15176.1),81658.96,816.59,734.62,14672.71
2021-10-11,CASH,0.0,91692.87,91692.87,0.0,0.0,14713.73,15171.21,13626.43,40.71,CASH,Clean exit: NDX 14713.7 broke below SMA50 (15171.2),81692.87,816.93,728.6,14344.77
2021-10-12,CASH,0.0,91704.17,91704.17,0.0,0.0,14662.11,15165.18,13637.14,39.41,CASH,Clean exit: NDX 14662.1 broke below SMA50 (15165.2),81704.17,817.04,725.69,14197.59
2021-10-13,CASH,0.0,91715.48,91715.48,0.0,0.0,14774.6,15159.44,13648.64,43.63,CASH,Clean exit: NDX 14774.6 broke below SMA50 (15159.4),81715.48,817.15,732.02,14532.49
2021-10-14,CASH,0.0,91726.78,91726.78,0.0,0.0,15052.42,15158.82,13661.44,52.43,CASH,Clean exit: NDX 15052.4 broke below SMA50 (15158.8),81726.78,817.27,747.67,15340.2
2021-10-15,CASH,0.0,91738.09,91738.09,0.0,0.0,15146.92,15158.13,13675.49,55.01,CASH,Clean exit: NDX 15146.9 broke below SMA50 (15158.1),81738.09,817.38,752.99,15626.43
2021-10-18,CASH,0.0,91772.02,91772.02,0.0,0.0,15300.89,15161.96,13689.99,58.91,CASH,1% confirmation buffer: NDX 15300.9 <= threshold (15313.6),81772.02,817.72,761.66,16098.07
2021-10-19,TQQQ_100,1.0,91783.34,0.0,2702.2118,0.0,15410.72,15167.51,13704.97,61.48,TQQQ_100,"Bull trend confirmed: Price > SMA50 & SMA250, RSI 61.5",81783.34,817.83,767.85,16453.83
2021-10-20,TQQQ_100,1.0,91494.21,0.0,2702.2118,0.0,15388.71,15174.21,13719.87,60.66,TQQQ_100,"Bull trend confirmed: Price > SMA50 & SMA250, RSI 60.7",81494.21,814.94,766.61,16401.68
2021-10-21,TQQQ_100,1.0,93132.62,0.0,2702.2118,0.0,15489.59,15183.45,13735.06,63.08,TQQQ_100,"Bull trend confirmed: Price > SMA50 & SMA250, RSI 63.1",83132.62,831.33,772.29,16697.18
2021-10-22,TQQQ_100,1.0,90774.57,0.0,2702.2118,0.0,15355.07,15188.77,13750.46,57.96,TQQQ_100,"Bull trend confirmed: Price > SMA50 & SMA250, RSI 58.0",80774.57,807.75,764.71,16271.89
2021-10-25,TQQQ_100,1.0,93498.85,0.0,2702.2118,0.0,15514.19,15196.32,13766.12,61.9,TQQQ_100,"Bull trend confirmed: Price > SMA50 & SMA250, RSI 61.9",83498.85,834.99,773.67,16763.23
2021-10-26,TQQQ_100,1.0,94372.7,0.0,2702.2118,0.0,15559.49,15204.69,13783.79,62.97,TQQQ_100,"Bull trend confirmed: Price > SMA50 & SMA250, RSI 63.0",84372.7,843.73,776.23,16920.84
2021-10-27,TQQQ_100,1.0,95117.97,0.0,2702.2118,0.0,15598.39,15216.61,13800.78,63.9,TQQQ_100,"Bull trend confirmed: Price > SMA50 & SMA250, RSI 63.9",85117.97,851.18,778.42,17055.26
2021-10-28,TQQQ_100,1.0,98240.63,0.0,2702.2118,0.0,15778.16,15235.01,13819.68,67.93,TQQQ_100,"Bull trend confirmed: Price > SMA50 & SMA250, RSI 67.9",88240.63,882.41,788.54,17618.45
2021-10-29,TQQQ_100,1.0,99692.71,0.0,2702.2118,0.0,15850.47,15253.34,13838.74,69.4,TQQQ_100,"Bull trend confirmed: Price > SMA50 & SMA250, RSI 69.4",89692.71,896.93,792.61,17880.34
2021-11-01,TQQQ_100,1.0,100675.77,0.0,2702.2118,0.0,15905.28,15269.6,13857.24,70.51,TQQQ_100,"Bull trend confirmed: Price > SMA50 & SMA250, RSI 70.5",90675.77,906.76,795.7,18057.65
2021-11-02,TQQQ_100,1.0,102018.61,0.0,2702.2118,0.0,15972.49,15282.79,13874.03,71.86,TQQQ_100,"Bull trend confirmed: Price > SMA50 & SMA250, RSI 71.9",92018.61,920.19,799.48,18299.84
2021-11-03,TQQQ_30,0.3,105256.9,73679.83,810.6636,0.0,16144.5,15298.52,13890.29,75.0,TQQQ_30,Overbought: RSI 75.0 >= 75,95256.9,952.57,809.17,18883.89
2021-11-04,TQQQ_30,0.3,106443.71,73688.91,810.6636,0.0,16346.24,15318.07,13907.31,78.1,TQQQ_30,Overbought: RSI 78.1 >= 75,96443.71,964.44,820.53,19591.93
2021-11-05,TQQQ_30,0.3,106574.23,73698.0,810.6636,0.0,16359.38,15339.69,13925.43,78.29,TQQQ_30,Overbought: RSI 78.3 >= 75,96574.23,965.74,821.27,19664.94
2021-11-08,TQQQ_30,0.3,106466.57,73725.25,810.6636,0.0,16336.03,15357.75,13944.27,77.02,TQQQ_30,Overbought: RSI 77.0 >= 75,96466.57,964.67,819.96,19583.82
2021-11-09,TQQQ_30,0.3,105801.01,73734.34,810.6636,0.0,16219.94,15370.05,13961.58,70.87,TQQQ_30,Overbought trim active,95801.01,958.01,813.42,19178.23
2021-11-10,TQQQ_30,0.3,104404.92,73743.43,810.6636,0.0,15985.57,15378.11,13978.22,60.39,TQQQ_30,Overbought trim active,94404.92,944.05,800.22,18333.45
2021-11-11,TQQQ_30,0.3,104662.67,73752.53,810.6636,0.0,16032.47,15386.53,13994.59,61.61,TQQQ_30,Overbought trim active,94662.67,946.63,802.86,18482.94
2021-11-12,TQQQ_30,0.3,105652.87,73761.62,810.6636,0.0,16199.89,15398.44,14011.34,65.69,TQQQ_30,Overbought trim active,95652.87,956.53,812.29,19072.77
2021-11-15,TQQQ_30,0.3,105670.52,73788.9,810.6636,0.0,16189.12,15409.16,14028.19,65.21,TQQQ_30,Overbought trim active,95670.52,956.71,811.68,19066.98
2021-11-16,TQQQ_30,0.3,106338.84,73798.0,810.6636,0.0,16309.77,15421.84,14045.85,68.02,TQQQ_30,Overbought trim active,96338.84,963.39,818.48,19463.3
2021-11-17,TQQQ_30,0.3,106386.49,73807.1,810.6636,0.0,16308.07,15435.59,14063.14,67.94,TQQQ_30,Overbought trim active,96386.49,963.86,818.38,19486.48
2021-11-18,TQQQ_30,0.3,107392.12,73816.19,810.6636,0.0,16482.97,15454.03,14081.44,71.78,TQQQ_30,Overbought trim active,97392.12,973.92,828.23,20085.59
2021-11-19,TQQQ_30,0.3,107969.85,73825.3,810.6636,0.0,16573.34,15476.68,14100.11,73.54,TQQQ_30,Overbought trim active,97969.85,979.7,833.32,20427.44
2021-11-22,TQQQ_30,0.3,106813.64,73852.6,810.6636,0.0,16380.98,15495.61,14117.32,64.33,TQQQ_30,Overbought trim active,96813.64,968.14,822.49,19715.92
2021-11-23,TQQQ_30,0.3,106373.63,73861.71,810.6636,0.0,16306.72,15514.09,14133.94,61.15,TQQQ_30,Overbought trim active,96373.63,963.74,818.31,19445.92
2021-11-24,TQQQ_30,0.3,106683.44,73870.81,810.6636,0.0,16367.81,15531.37,14150.37,62.78,TQQQ_30,Overbought trim active,96683.44,966.83,821.75,19626.7
2021-11-26,TQQQ_30,0.3,104891.69,73889.03,810.6636,0.0,16025.58,15541.56,14165.4,50.09,TQQQ_30,Overbought trim active,94891.69,948.92,802.47,18538.56
2021-11-29,TQQQ_30,0.3,106844.64,73916.36,810.6636,0.0,16399.24,15562.88,14181.18,59.68,TQQQ_30,Overbought trim active,96844.64,968.45,823.52,19696.23
2021-11-30,TQQQ_30,0.3,105438.93,73925.47,810.6636,0.0,16135.92,15585.35,14195.9,52.09,TQQQ_30,Overbought trim active,95438.93,954.39,808.69,18845.65
2021-12-01,TQQQ_30,0.3,103830.83,73934.58,810.6636,0.0,15877.72,15602.35,14209.54,45.92,TQQQ_30,Overbought trim active,93830.83,938.31,794.15,17873.39
2021-12-02,TQQQ_30,0.3,104402.78,73943.7,810.6636,0.0,15990.76,15618.64,14223.39,48.78,TQQQ_30,Overbought trim active,94402.78,944.03,800.51,18211.76
2021-12-03,TQQQ_30,0.3,102881.43,73952.81,810.6636,0.0,15712.04,15626.55,14235.85,42.77,TQQQ_30,Overbought trim active,92881.43,928.81,784.82,17291.66
2021-12-06,TQQQ_30,0.3,103585.35,73980.17,810.6636,0.0,15846.16,15636.88,14248.69,46.21,TQQQ_30,Overbought trim active,93585.35,935.85,792.37,17698.4
2021-12-07,TQQQ_30,0.3,106264.13,73989.29,810.6636,0.0,16325.66,15659.29,14264.54,56.3,TQQQ_30,Overbought trim active,96264.13,962.64,819.37,19303.38
2021-12-08,TQQQ_30,0.3,106722.37,73998.41,810.6636,0.0,16394.34,15691.77,14280.51,57.53,TQQQ_30,Overbought trim active,96722.37,967.22,823.24,19573.39
2021-12-09,TQQQ_30,0.3,105318.6,74007.53,810.6636,0.0,16149.57,15719.71,14295.6,51.92,TQQQ_30,Overbought trim active,95318.6,953.19,809.46,18723.97
2021-12-10,TQQQ_30,0.3,106297.28,74016.66,810.6636,0.0,16331.98,15752.56,14311.08,55.41,TQQQ_30,Overbought trim active,96297.28,962.97,819.73,19306.86
2021-12-13,TQQQ_30,0.3,104936.82,74044.03,810.6636,0.0,16082.55,15778.37,14325.03,50.06,TQQQ_30,Overbought trim active,94936.82,949.37,805.68,18472.5
2021-12-14,TQQQ_30,0.3,104026.51,74053.16,810.6636,0.0,15914.9,15807.22,14338.02,46.79,TQQQ_30,Overbought trim active,94026.51,940.27,796.24,17919.75
2021-12-15,TQQQ_30,0.3,106019.08,74062.29,810.6636,0.0,16289.59,15839.53,14352.17,54.02,TQQQ_30,Overbought trim active,96019.08,960.19,817.34,19112.17
2021-12-16,TQQQ_30,0.3,103589.88,74071.42,810.6636,0.0,15863.94,15861.48,14364.67,46.32,TQQQ_30,Overbought trim active,93589.88,935.9,793.37,17646.27
2021-12-17,CASH,0.0,103147.95,103147.95,0.0,0.0,15801.46,15879.56,14377.11,45.3,CASH,Clean exit: NDX 15801.5 broke below SMA50 (15879.6),93147.95,931.48,789.85,17375.09
2021-12-20,CASH,0.0,103186.1,103186.1,0.0,0.0,15627.64,15895.7,14388.75,42.5,CASH,Clean exit: NDX 15627.6 broke below SMA50 (15895.7),93186.1,931.86,780.06,16852.47
2021-12-21,CASH,0.0,103198.83,103198.83,0.0,0.0,15986.28,15921.15,14402.09,49.45,CASH,1% confirmation buffer: NDX 15986.3 <= threshold (16080.4),93198.83,931.99,800.26,17985.8
2021-12-22,TQQQ_100,1.0,103211.55,0.0,2685.4384,0.0,16180.14,15951.51,14415.96,52.78,TQQQ_100,"Bull trend confirmed: Price > SMA50 & SMA250, RSI 52.8",93211.55,932.12,811.18,18631.26
2021-12-23,TQQQ_100,1.0,105663.49,0.0,2685.4384,0.0,16308.21,15982.19,14429.84,54.89,TQQQ_100,"Bull trend confirmed: Price > SMA50 & SMA250, RSI 54.9",95663.49,956.63,818.39,19076.25
2021-12-27,TQQQ_50,0.5,110714.25,55357.13,1342.7192,0.0,16567.5,16012.49,14444.74,58.89,TQQQ_50,Bearish RSI divergence,100714.25,1007.14,832.99,19992.89
2021-12-28,TQQQ_100,1.0,110069.78,0.0,2701.5914,0.0,16488.66,16039.32,14459.31,57.23,TQQQ_100,"Bull trend confirmed: Price > SMA50 & SMA250, RSI 57.2",100069.78,1000.7,828.55,19756.49
2021-12-29,TQQQ_100,1.0,109896.31,0.0,2701.5914,0.0,16491.01,16063.12,14473.72,57.27,TQQQ_100,"Bull trend confirmed: Price > SMA50 & SMA250, RSI 57.3",99896.31,998.96,828.68,19725.19
2021-12-30,TQQQ_100,1.0,108868.51,0.0,2701.5914,0.0,16429.1,16083.49,14488.66,55.83,TQQQ_100,"Bull trend confirmed: Price > SMA50 & SMA250, RSI 55.8",98868.51,988.69,825.2,19539.78
2021-12-31,TQQQ_100,1.0,106845.05,0.0,2701.5914,0.0,16320.08,16102.12,14502.73,53.3,TQQQ_100,"Bull trend confirmed: Price > SMA50 & SMA250, RSI 53.3",96845.05,968.45,819.06,19174.75
2022-01-03,TQQQ_100,1.0,109928.45,0.0,2701.5914,0.0,16501.77,16122.36,14518.24,56.81,TQQQ_100,"Bull trend confirmed: Price > SMA50 & SMA250, RSI 56.8",99928.45,999.28,829.29,19730.99
2022-01-04,TQQQ_100,1.0,105656.69,0.0,2701.5914,0.0,16279.73,16140.86,14531.6,51.69,TQQQ_100,"Bull trend confirmed: Price > SMA50 & SMA250, RSI 51.7",95656.69,956.57,816.79,18960.37
2022-01-05,CASH,0.0,95937.66,95937.66,0.0,0.0,15771.78,16146.01,14542.27,42.3,CASH,Clean exit: NDX 15771.8 broke below SMA50 (16146.0),85937.66,859.38,788.18,17207.07
2022-01-06,CASH,0.0,95949.49,95949.49,0.0,0.0,15765.36,16150.13,14553.72,42.19,CASH,Clean exit: NDX 15765.4 broke below SMA50 (16150.1),85949.49,859.49,787.82,17159.56
2022-01-07,CASH,0.0,95961.32,95961.32,0.0,0.0,15592.19,16150.0,14564.52,39.37,CASH,Clean exit: NDX 15592.2 broke below SMA50 (16150.0),85961.32,859.61,778.07,16595.21
2022-01-10,CASH,0.0,95996.81,95996.81,0.0,0.0,15614.43,16146.73,14575.09,39.93,CASH,Clean exit: NDX 15614.4 broke below SMA50 (16146.7),85996.81,859.97,779.32,16656.62
2022-01-11,CASH,0.0,96008.64,96008.64,0.0,0.0,15844.12,16146.6,14586.87,45.48,CASH,Clean exit: NDX 15844.1 broke below SMA50 (16146.6),86008.64,860.09,792.25,17393.64
2022-01-12,CASH,0.0,96020.48,96020.48,0.0,0.0,15905.1,16146.6,14599.27,46.89,CASH,Clean exit: NDX 15905.1 broke below SMA50 (16146.6),86020.48,860.2,795.69,17592.96
2022-01-13,CASH,0.0,96032.32,96032.32,0.0,0.0,15495.62,16137.06,14609.27,39.52,CASH,Clean exit: NDX 15495.6 broke below SMA50 (16137.1),86032.32,860.32,772.63,16308.97
2022-01-14,CASH,0.0,96044.16,96044.16,0.0,0.0,15611.59,16126.4,14618.53,42.29,CASH,Clean exit: NDX 15611.6 broke below SMA50 (16126.4),86044.16,860.44,779.16,16556.96
2022-01-18,CASH,0.0,96091.52,96091.52,0.0,0.0,15210.76,16103.69,14625.75,36.14,CASH,Clean exit: NDX 15210.8 broke below SMA50 (16103.7),86091.52,860.92,756.59,15356.42
2022-01-19,CASH,0.0,96103.37,96103.37,0.0,0.0,15047.84,16077.46,14632.48,33.98,CASH,Clean exit: NDX 15047.8 broke below SMA50 (16077.5),86103.37,861.03,747.41,14818.73
2022-01-20,CASH,0.0,96115.22,96115.22,0.0,0.0,14846.46,16047.67,14637.93,31.47,CASH,Clean exit: NDX 14846.5 broke below SMA50 (16047.7),86115.22,861.15,736.07,14241.63
2022-01-21,CASH,0.0,96127.07,96127.07,0.0,0.0,14438.4,16012.04,14641.72,27.1,CASH,Defensive cash in bear regime,86127.07,861.27,713.09,13034.13
2022-01-24,CASH,0.0,96162.62,96162.62,0.0,0.0,14509.58,15982.52,14647.31,28.95,CASH,Defensive cash in bear regime,86162.62,861.63,717.1,13224.18
2022-01-25,CASH,0.0,96174.48,96174.48,0.0,0.0,14149.12,15944.85,14651.1,25.43,CASH,Defensive cash in bear regime,86174.48,861.74,696.8,12241.5
2022-01-26,CASH,0.0,96186.33,96186.33,0.0,0.0,14172.76,15904.31,14656.09,26.07,CASH,Defensive cash in bear regime,86186.33,861.86,698.13,12218.32
2022-01-27,CASH,0.0,96198.19,96198.19,0.0,0.0,14003.11,15860.59,14659.11,24.46,CASH,Defensive cash in bear regime,86198.19,861.98,688.58,11849.81
2022-01-28,SQQQ,0.0,96210.05,0.0,0.0,119.0062,14454.61,15823.49,14663.1,35.82,SQQQ,"Bear signal: Below SMAs, RSI 35.8 in SQQQ zone",86210.05,862.1,714.0,12964.6
2022-01-31,CASH,0.0,87036.11,87036.11,0.0,0.0,14930.05,15795.92,14669.21,45.17,CASH,Clean exit: NDX 14930.0 broke below SMA50 (15795.9),77036.11,770.36,740.78,14230.04
2022-02-01,CASH,0.0,87046.84,87046.84,0.0,0.0,15019.68,15766.66,14675.05,46.75,CASH,Clean exit: NDX 15019.7 broke below SMA50 (15766.7),77046.84,770.47,745.83,14503.52
2022-02-02,CASH,0.0,87057.58,87057.58,0.0,0.0,15139.74,15737.99,14681.19,48.86,CASH,Clean exit: NDX 15139.7 broke below SMA50 (15738.0),77057.58,770.58,752.59,14848.85
2022-02-03,SQQQ,0.0,87068.31,0.0,0.0,111.3638,14501.11,15700.39,14684.41,39.79,SQQQ,"Bear signal: Below SMAs, RSI 39.8 in SQQQ zone",77068.31,770.68,716.62,13050.36
2022-02-04,CASH,0.0,83996.08,83996.08,0.0,0.0,14694.35,15668.14,14688.44,43.23,CASH,Clean exit: NDX 14694.3 broke below SMA50 (15668.1),73996.08,739.96,727.51,13504.62
2022-02-07,SQQQ,0.0,84027.14,0.0,0.0,109.1124,14571.25,15632.21,14692.11,41.6,SQQQ,"Bear signal: Below SMAs, RSI 41.6 in SQQQ zone",74027.14,740.27,720.57,13196.37
2022-02-08,CASH,0.0,81294.55,81294.55,0.0,0.0,14747.03,15606.64,14696.16,44.8,CASH,Clean exit: NDX 14747.0 broke below SMA50 (15606.6),71294.55,712.95,730.47,13648.31
2022-02-09,CASH,0.0,81304.58,81304.58,0.0,0.0,15056.96,15579.79,14701.16,49.99,CASH,Clean exit: NDX 15057.0 broke below SMA50 (15579.8),71304.58,713.05,747.93,14501.21
2022-02-10,CASH,0.0,81314.6,81314.6,0.0,0.0,14705.64,15551.19,14704.88,44.84,CASH,Clean exit: NDX 14705.6 broke below SMA50 (15551.2),71314.6,713.15,728.14,13532.43
2022-02-11,SQQQ,0.0,81324.62,0.0,0.0,99.8687,14253.84,15518.71,14707.1,39.24,SQQQ,"Bear signal: Below SMAs, RSI 39.2 in SQQQ zone",71324.62,713.25,702.7,12248.45
2022-02-14,SQQQ,0.0,81129.23,0.0,0.0,99.8687,14268.59,15484.27,14709.62,39.5,SQQQ,"Bear signal: Below SMAs, RSI 39.5 in SQQQ zone",71129.23,711.29,703.53,12283.22
2022-02-15,SQQQ,0.0,75130.51,0.0,0.0,99.8687,14620.82,15462.44,14713.78,45.62,SQQQ,"Bear signal: Below SMAs, RSI 45.6 in SQQQ zone",65130.51,651.31,723.36,13180.15
2022-02-16,SQQQ,0.0,75189.12,0.0,0.0,99.8687,14603.64,15437.59,14719.3,45.38,SQQQ,"Bear signal: Below SMAs, RSI 45.4 in SQQQ zone",65189.12,651.89,722.4,13177.83
2022-02-17,SQQQ,0.0,81852.2,0.0,0.0,99.8687,14171.74,15394.51,14723.21,39.7,SQQQ,"Bear signal: Below SMAs, RSI 39.7 in SQQQ zone",71852.2,718.52,698.08,12000.46
2022-02-18,SQQQ,0.0,84587.76,0.0,0.0,99.8687,14009.54,15346.82,14726.04,37.79,SQQQ,"Bear signal: Below SMAs, RSI 37.8 in SQQQ zone",74587.76,745.88,688.94,11590.23
2022-02-22,SQQQ,0.0,87147.51,0.0,0.0,99.8687,13870.53,15301.24,14730.21,36.18,SQQQ,"Bear signal: Below SMAs, RSI 36.2 in SQQQ zone",77147.51,771.48,681.11,11228.68
2022-02-23,CASH,0.0,93810.56,93810.56,0.0,0.0,13509.43,15244.79,14732.61,32.33,CASH,Defensive cash in bear regime,83810.56,838.11,660.78,10361.88
2022-02-24,SQQQ,0.0,93822.12,0.0,0.0,110.6946,13974.67,15202.63,14735.38,41.04,SQQQ,"Bear signal: Below SMAs, RSI 41.0 in SQQQ zone",83822.12,838.22,686.98,11386.28
2022-02-25,SQQQ,0.0,89165.67,0.0,0.0,110.6946,14189.16,15168.11,14739.89,44.58,SQQQ,"Bear signal: Below SMAs, RSI 44.6 in SQQQ zone",79165.67,791.66,699.06,11930.93
2022-02-28,SQQQ,0.0,88212.72,0.0,0.0,110.6946,14237.81,15127.08,14746.11,45.38,SQQQ,"Bear signal: Below SMAs, RSI 45.4 in SQQQ zone",78212.72,782.13,701.8,12058.4
2022-03-01,SQQQ,0.0,92371.03,0.0,0.0,110.6946,14005.99,15089.92,14752.28,42.24,SQQQ,"Bear signal: Below SMAs, RSI 42.2 in SQQQ zone",82371.03,823.71,688.74,11497.53
2022-03-02,SQQQ,0.0,87887.85,0.0,0.0,110.6946,14243.69,15058.76,14758.58,46.34,SQQQ,"Bear signal: Below SMAs, RSI 46.3 in SQQQ zone",77887.85,778.88,702.13,12051.45
2022-03-03,SQQQ,0.0,91548.04,0.0,0.0,110.6946,14035.21,15026.92,14765.52,43.43,SQQQ,"Bear signal: Below SMAs, RSI 43.4 in SQQQ zone",81548.04,815.48,690.39,11543.88
2022-03-04,SQQQ,0.0,95533.08,0.0,0.0,110.6946,13837.83,14983.95,14769.7,40.82,SQQQ,"Bear signal: Below SMAs, RSI 40.8 in SQQQ zone",85533.08,855.33,679.27,11045.59
2022-03-07,CASH,0.0,106145.49,106145.49,0.0,0.0,13319.38,14926.73,14771.97,34.89,CASH,Defensive cash in bear regime,96145.49,961.45,650.07,9801.01
2022-03-08,CASH,0.0,106158.58,106158.58,0.0,0.0,13267.61,14865.92,14772.83,34.35,CASH,Defensive cash in bear regime,96158.58,961.59,647.16,9664.27
2022-03-09,SQQQ,0.0,106171.67,0.0,0.0,122.3282,13742.2,14809.41,14776.05,43.01,SQQQ,"Bear signal: Below SMAs, RSI 43.0 in SQQQ zone",96171.67,961.72,673.89,10709.53
2022-03-10,SQQQ,0.0,109546.38,0.0,0.0,122.3282,13591.0,14751.46,14778.08,41.15,SQQQ,"Bear signal: Below SMAs, RSI 41.1 in SQQQ zone",99546.38,995.46,665.37,10361.88
2022-03-11,SQQQ,0.0,116176.13,0.0,0.0,122.3282,13301.83,14687.68,14778.68,37.78,SQQQ,"Bear signal: Below SMAs, RSI 37.8 in SQQQ zone",106176.13,1061.76,649.09,9712.94
2022-03-14,SQQQ,0.0,122997.34,0.0,0.0,122.3282,13046.64,14620.03,14778.05,35.05,SQQQ,"Bear signal: Below SMAs, RSI 35.1 in SQQQ zone",112997.34,1129.97,634.72,9138.16
2022-03-15,SQQQ,0.0,111628.64,0.0,0.0,122.3282,13458.56,14562.8,14780.73,42.29,SQQQ,"Bear signal: Below SMAs, RSI 42.3 in SQQQ zone",101628.64,1016.29,657.91,9993.37
2022-03-16,SQQQ,0.0,99039.31,0.0,0.0,122.3282,13956.79,14511.9,14785.09,49.61,SQQQ,"Bear signal: Below SMAs, RSI 49.6 in SQQQ zone",89039.31,890.39,685.97,11126.7
2022-03-17,SQQQ,0.0,95544.93,0.0,0.0,122.3282,14118.6,14468.67,14789.22,51.75,SQQQ,"Bear signal: Below SMAs, RSI 51.7 in SQQQ zone",85544.93,855.45,695.08,11502.17
2022-03-18,CASH,0.0,89728.94,89728.94,0.0,0.0,14420.08,14441.64,14794.83,55.54,CASH,Defensive cash in bear regime,79728.94,797.29,712.06,12222.96
2022-03-21,SQQQ,0.0,89762.13,0.0,0.0,121.5628,14376.09,14413.86,14801.14,54.86,SQQQ,"Bear signal: Below SMAs, RSI 54.9 in SQQQ zone",79762.13,797.62,709.58,12134.89
2022-03-22,TQQQ_30,0.3,84505.79,59154.05,953.5072,0.0,14654.33,14395.1,14808.63,58.32,TQQQ_30,Counter-trend rally below SMA250,74505.79,745.06,725.25,12857.99
2022-03-23,TQQQ_30,0.3,83442.96,59161.34,953.5072,0.0,14447.55,14371.76,14814.51,54.95,TQQQ_30,Counter-trend rally below SMA250,73442.96,734.43,713.61,12311.03
2022-03-24,TQQQ_30,0.3,85023.7,59168.64,953.5072,0.0,14765.69,14350.19,14821.71,58.89,TQQQ_30,Counter-trend rally below SMA250,75023.7,750.24,731.52,13115.25
2022-03-25,TQQQ_30,0.3,84990.18,59175.93,953.5072,0.0,14754.31,14327.18,14829.14,58.69,TQQQ_30,Counter-trend rally below SMA250,74990.18,749.9,730.88,13094.39
2022-03-28,TQQQ_100,1.0,86186.47,0.0,3044.962,0.0,14987.4,14317.01,14836.72,61.54,TQQQ_100,"Bull trend confirmed: Price > SMA50 & SMA250, RSI 61.5",76186.47,761.86,744.01,13694.67
2022-03-29,TQQQ_100,1.0,90602.94,0.0,3044.962,0.0,15239.32,14309.57,14844.36,64.39,TQQQ_100,"Bull trend confirmed: Price > SMA50 & SMA250, RSI 64.4",80602.94,806.03,758.2,14401.55
2022-03-30,TQQQ_100,1.0,87880.65,0.0,3044.962,0.0,15071.55,14306.78,14850.25,61.14,TQQQ_100,"Bull trend confirmed: Price > SMA50 & SMA250, RSI 61.1",77880.65,778.81,748.75,13965.83
2022-03-31,TQQQ_30,0.3,84246.11,58972.28,913.4886,0.0,14838.49,14302.6,14855.29,56.84,TQQQ_30,Counter-trend rally below SMA250,74246.11,742.46,735.62,13384.1
2022-04-01,TQQQ_100,1.0,84144.77,0.0,3054.4247,0.0,14861.21,14302.89,14860.27,57.15,TQQQ_100,"Bull trend confirmed: Price > SMA50 & SMA250, RSI 57.2",74144.77,741.45,736.9,13326.16
2022-04-04,TQQQ_100,1.0,89402.93,0.0,3054.4247,0.0,15159.58,14317.31,14865.88,61.18,TQQQ_100,"Bull trend confirmed: Price > SMA50 & SMA250, RSI 61.2",79402.93,794.03,753.7,14165.15
2022-04-05,TQQQ_30,0.3,83491.14,58443.8,916.3274,0.0,14820.64,14323.53,14869.78,54.87,TQQQ_30,Counter-trend rally below SMA250,73491.14,734.91,734.62,13221.86
2022-04-06,CASH,0.0,81851.18,81851.18,0.0,0.0,14498.89,14330.53,14872.5,49.64,CASH,"Below SMA250, insufficient momentum",71851.18,718.51,716.5,12345.79
2022-04-07,TQQQ_30,0.3,81861.27,57302.89,955.4542,0.0,14531.81,14337.71,14874.68,50.17,TQQQ_30,Counter-trend rally below SMA250,71861.27,718.61,718.35,12426.91
2022-04-08,SQQQ,0.0,80864.2,0.0,0.0,111.1022,14327.26,14344.19,14876.77,46.9,SQQQ,"Bear signal: Below SMAs, RSI 46.9 in SQQQ zone",70864.2,708.64,706.83,11914.71
2022-04-11,SQQQ,0.0,86602.94,0.0,0.0,111.1022,13990.21,14334.91,14876.63,42.05,SQQQ,"Bear signal: Below SMAs, RSI 42.1 in SQQQ zone",76602.94,766.03,687.85,11061.81
2022-04-12,SQQQ,0.0,87798.53,0.0,0.0,111.1022,13940.24,14315.11,14876.22,41.37,SQQQ,"Bear signal: Below SMAs, RSI 41.4 in SQQQ zone",77798.53,777.99,685.04,10918.12
2022-04-13,SQQQ,0.0,82516.27,0.0,0.0,111.1022,14217.29,14299.06,14877.46,46.55,SQQQ,"Bear signal: Below SMAs, RSI 46.6 in SQQQ zone",72516.27,725.16,700.64,11578.65
2022-04-14,SQQQ,0.0,88124.57,0.0,0.0,111.1022,13893.21,14274.13,14877.8,41.89,SQQQ,"Bear signal: Below SMAs, RSI 41.9 in SQQQ zone",78124.57,781.25,682.39,10792.96
2022-04-18,SQQQ,0.0,87776.78,0.0,0.0,111.1022,13910.76,14262.32,14877.7,42.23,SQQQ,"Bear signal: Below SMAs, RSI 42.2 in SQQQ zone",77776.78,777.77,683.38,10823.09
2022-04-19,SQQQ,0.0,82103.25,0.0,0.0,111.1022,14210.26,14252.64,14879.49,47.8,SQQQ,"Bear signal: Below SMAs, RSI 47.8 in SQQQ zone",72103.25,721.03,700.24,11525.34
2022-04-20,SQQQ,0.0,85733.43,0.0,0.0,111.1022,13998.53,14241.19,14879.72,44.53,SQQQ,"Bear signal: Below SMAs, RSI 44.5 in SQQQ zone",75733.43,757.33,688.32,11001.55
2022-04-21,SQQQ,0.0,90863.53,0.0,0.0,111.1022,13720.45,14220.66,14878.5,40.6,SQQQ,"Bear signal: Below SMAs, RSI 40.6 in SQQQ zone",80863.53,808.64,672.66,10350.29
2022-04-22,SQQQ,0.0,98123.91,0.0,0.0,111.1022,13356.87,14186.66,14876.08,36.11,SQQQ,"Bear signal: Below SMAs, RSI 36.1 in SQQQ zone",88123.91,881.24,652.19,9520.58
2022-04-25,SQQQ,0.0,94298.1,0.0,0.0,111.1022,13533.22,14163.21,14874.61,39.6,SQQQ,"Bear signal: Below SMAs, RSI 39.6 in SQQQ zone",84298.1,842.98,662.12,9877.49
2022-04-26,CASH,0.0,104775.65,104775.65,0.0,0.0,13009.71,14138.32,14870.77,33.72,CASH,Defensive cash in bear regime,94775.65,947.76,632.64,8755.75
2022-04-27,CASH,0.0,104788.57,104788.57,0.0,0.0,13003.36,14113.02,14867.34,33.65,CASH,Defensive cash in bear regime,94788.57,947.89,632.28,8716.35
2022-04-28,SQQQ,0.0,104801.49,0.0,0.0,123.5628,13456.06,14089.72,14865.96,42.24,SQQQ,"Bear signal: Below SMAs, RSI 42.2 in SQQQ zone",94801.49,948.01,657.77,9648.04
2022-04-29,SQQQ,0.0,118533.27,0.0,0.0,123.5628,12854.8,14054.75,14863.2,35.64,SQQQ,"Bear signal: Below SMAs, RSI 35.6 in SQQQ zone",108533.27,1085.33,623.91,8366.38
2022-05-02,SQQQ,0.0,112755.27,0.0,0.0,123.5628,13075.85,14032.83,14861.49,39.39,SQQQ,"Bear signal: Below SMAs, RSI 39.4 in SQQQ zone",102755.27,1027.55,636.36,8765.02
2022-05-03,SQQQ,0.0,112489.34,0.0,0.0,123.5628,13089.9,14014.44,14859.4,39.63,SQQQ,"Bear signal: Below SMAs, RSI 39.6 in SQQQ zone",102489.34,1024.89,637.15,8785.88
2022-05-04,SQQQ,0.0,101030.1,0.0,0.0,123.5628,13535.71,14007.74,14858.66,46.84,SQQQ,"Bear signal: Below SMAs, RSI 46.8 in SQQQ zone",91030.1,910.3,662.26,9666.59
2022-05-05,SQQQ,0.0,115922.27,0.0,0.0,123.5628,12850.55,13994.56,14856.63,39.11,SQQQ,"Bear signal: Below SMAs, RSI 39.1 in SQQQ zone",105922.27,1059.22,623.67,8211.1
2022-05-06,SQQQ,0.0,120418.98,0.0,0.0,123.5628,12693.53,13968.94,14854.0,37.58,SQQQ,"Bear signal: Below SMAs, RSI 37.6 in SQQQ zone",110418.98,1104.19,614.83,7921.39
2022-05-09,CASH,0.0,134440.83,134440.83,0.0,0.0,12187.72,13928.91,14850.74,33.08,CASH,Defensive cash in bear regime,124440.83,1244.41,586.35,6973.47
2022-05-10,SQQQ,0.0,134457.41,0.0,0.0,128.0927,12345.86,13891.07,14847.69,35.67,SQQQ,"Bear signal: Below SMAs, RSI 35.7 in SQQQ zone",124457.41,1244.57,595.25,7216.83
2022-05-11,CASH,0.0,146437.02,146437.02,0.0,0.0,11967.56,13850.3,14841.99,32.44,CASH,Defensive cash in bear regime,136437.02,1364.37,573.95,6565.57
2022-05-12,CASH,0.0,146455.07,146455.07,0.0,0.0,11945.5,13804.34,14836.52,32.26,CASH,Defensive cash in bear regime,136455.07,1364.55,572.71,6512.26
2022-05-13,SQQQ,0.0,146473.13,0.0,0.0,142.7594,12387.4,13771.38,14833.19,39.63,SQQQ,"Bear signal: Below SMAs, RSI 39.6 in SQQQ zone",136473.13,1364.73,597.59,7230.73
2022-05-16,SQQQ,0.0,150970.1,0.0,0.0,142.7594,12243.58,13739.5,14829.22,38.17,SQQQ,"Bear signal: Below SMAs, RSI 38.2 in SQQQ zone",140970.1,1409.7,589.49,7003.6
2022-05-17,SQQQ,0.0,139518.16,0.0,0.0,142.7594,12564.1,13724.39,14825.5,43.18,SQQQ,"Bear signal: Below SMAs, RSI 43.2 in SQQQ zone",129518.16,1295.18,607.54,7538.98
2022-05-18,SQQQ,0.0,159796.49,0.0,0.0,142.7594,11928.31,13697.61,14819.56,36.81,SQQQ,"Bear signal: Below SMAs, RSI 36.8 in SQQQ zone",149796.49,1497.96,571.74,6424.19
2022-05-19,SQQQ,0.0,162729.28,0.0,0.0,142.7594,11875.63,13660.28,14812.5,36.33,SQQQ,"Bear signal: Below SMAs, RSI 36.3 in SQQQ zone",152729.28,1527.29,568.77,6292.08
2022-05-20,SQQQ,0.0,164042.08,0.0,0.0,142.7594,11835.62,13625.17,14805.21,35.95,SQQQ,"Bear signal: Below SMAs, RSI 36.0 in SQQQ zone",154042.08,1540.42,566.52,6236.46
2022-05-23,SQQQ,0.0,155886.1,0.0,0.0,142.7594,12034.28,13599.82,14798.54,39.36,SQQQ,"Bear signal: Below SMAs, RSI 39.4 in SQQQ zone",145886.1,1458.86,577.71,6549.34
2022-05-24,SQQQ,0.0,165745.89,0.0,0.0,142.7594,11769.84,13574.28,14790.98,36.57,SQQQ,"Bear signal: Below SMAs, RSI 36.6 in SQQQ zone",155745.89,1557.46,562.81,6134.48
2022-05-25,SQQQ,0.0,158930.59,0.0,0.0,142.7594,11943.93,13543.99,14784.01,39.61,SQQQ,"Bear signal: Below SMAs, RSI 39.6 in SQQQ zone",148930.59,1489.31,572.62,6384.79
2022-05-26,SQQQ,0.0,145691.07,0.0,0.0,142.7594,12276.79,13510.39,14778.5,45.03,SQQQ,"Bear signal: Below SMAs, RSI 45.0 in SQQQ zone",135691.07,1356.91,591.36,6927.12
2022-05-27,SQQQ,0.0,131306.29,0.0,0.0,142.7594,12681.42,13481.64,14774.53,50.81,SQQQ,"Bear signal: Below SMAs, RSI 50.8 in SQQQ zone",121306.29,1213.06,614.15,7615.46
2022-05-31,SQQQ,0.0,132144.22,0.0,0.0,142.7594,12642.1,13446.09,14770.98,50.25,SQQQ,"Bear signal: Below SMAs, RSI 50.3 in SQQQ zone",122144.22,1221.44,611.93,7559.84
2022-06-01,SQQQ,0.0,135468.08,0.0,0.0,142.7594,12548.36,13409.53,14766.09,48.89,SQQQ,"Bear signal: Below SMAs, RSI 48.9 in SQQQ zone",125468.08,1254.68,606.66,7381.38
2022-06-02,SQQQ,0.0,124295.47,0.0,0.0,142.7594,12892.89,13374.3,14762.45,53.85,SQQQ,"Bear signal: Below SMAs, RSI 53.9 in SQQQ zone",114295.47,1142.95,626.06,7988.6
2022-06-03,SQQQ,0.0,133959.78,0.0,0.0,142.7594,12548.03,13336.31,14757.39,48.75,SQQQ,"Bear signal: Below SMAs, RSI 48.7 in SQQQ zone",123959.78,1239.6,606.64,7348.93
2022-06-06,SQQQ,0.0,132535.3,0.0,0.0,142.7594,12599.63,13292.99,14752.53,49.52,SQQQ,"Bear signal: Below SMAs, RSI 49.5 in SQQQ zone",122535.3,1225.35,609.54,7441.64
2022-06-07,SQQQ,0.0,129183.5,0.0,0.0,142.7594,12711.68,13252.14,14747.54,51.23,SQQQ,"Bear signal: Below SMAs, RSI 51.2 in SQQQ zone",119183.5,1191.83,615.85,7624.73
2022-06-08,SQQQ,0.0,131837.01,0.0,0.0,142.7594,12615.13,13204.69,14742.01,49.67,SQQQ,"Bear signal: Below SMAs, RSI 49.7 in SQQQ zone",121837.01,1218.37,610.42,7467.13
2022-06-09,SQQQ,0.0,142534.79,0.0,0.0,142.7594,12269.78,13145.3,14734.57,44.44,SQQQ,"Bear signal: Below SMAs, RSI 44.4 in SQQQ zone",132534.79,1325.35,590.97,6850.64
2022-06-10,SQQQ,0.0,157869.2,0.0,0.0,142.7594,11832.82,13080.53,14725.78,38.86,SQQQ,"Bear signal: Below SMAs, RSI 38.9 in SQQQ zone",147869.2,1478.69,566.36,6108.99
2022-06-13,CASH,0.0,179348.59,179348.59,0.0,0.0,11288.32,13009.52,14715.0,33.26,CASH,Defensive cash in bear regime,169348.59,1693.49,535.7,5249.14
2022-06-14,CASH,0.0,179370.7,179370.7,0.0,0.0,11311.69,12938.53,14703.59,33.7,CASH,Defensive cash in bear regime,169370.7,1693.71,537.01,5283.91
2022-06-15,SQQQ,0.0,179392.82,0.0,0.0,154.9577,11593.77,12867.22,14693.77,38.95,SQQQ,"Bear signal: Below SMAs, RSI 39.0 in SQQQ zone",169392.82,1693.93,552.9,5670.95
2022-06-16,CASH,0.0,200373.08,200373.08,0.0,0.0,11127.57,12793.36,14681.73,34.14,CASH,Defensive cash in bear regime,190373.08,1903.73,526.64,4966.39
2022-06-17,SQQQ,0.0,200397.79,0.0,0.0,160.1379,11265.99,12728.7,14669.71,36.64,SQQQ,"Bear signal: Below SMAs, RSI 36.6 in SQQQ zone",190397.79,1903.98,534.44,5154.12
2022-06-21,SQQQ,0.0,185421.22,0.0,0.0,160.1379,11546.76,12669.0,14658.81,41.5,SQQQ,"Bear signal: Below SMAs, RSI 41.5 in SQQQ zone",175421.22,1754.21,550.25,5550.44
2022-06-22,SQQQ,0.0,186079.25,0.0,0.0,160.1379,11527.71,12613.01,14647.45,41.27,SQQQ,"Bear signal: Below SMAs, RSI 41.3 in SQQQ zone",176079.25,1760.79,549.18,5529.58
2022-06-23,SQQQ,0.0,178120.9,0.0,0.0,160.1379,11697.68,12567.15,14636.86,44.25,SQQQ,"Bear signal: Below SMAs, RSI 44.3 in SQQQ zone",168120.9,1681.21,558.75,5770.61
2022-06-24,SQQQ,0.0,159823.19,0.0,0.0,160.1379,12105.85,12530.47,14627.19,50.73,SQQQ,"Bear signal: Below SMAs, RSI 50.7 in SQQQ zone",149823.19,1498.23,581.74,6384.79
2022-06-27,SQQQ,0.0,162925.06,0.0,0.0,160.1379,12008.24,12486.29,14616.93,49.25,SQQQ,"Bear signal: Below SMAs, RSI 49.3 in SQQQ zone",152925.06,1529.25,576.24,6231.83
2022-06-28,SQQQ,0.0,177870.27,0.0,0.0,160.1379,11637.77,12441.18,14605.26,44.03,SQQQ,"Bear signal: Below SMAs, RSI 44.0 in SQQQ zone",167870.27,1678.7,555.38,5654.73
2022-06-29,SQQQ,0.0,177494.28,0.0,0.0,160.1379,11658.26,12396.13,14593.65,44.38,SQQQ,"Bear signal: Below SMAs, RSI 44.4 in SQQQ zone",167494.28,1674.94,556.53,5666.32
2022-06-30,SQQQ,0.0,184355.99,0.0,0.0,160.1379,11503.72,12342.0,14580.76,42.22,SQQQ,"Bear signal: Below SMAs, RSI 42.2 in SQQQ zone",174355.99,1743.56,547.83,5462.36
2022-07-01,SQQQ,0.0,180533.5,0.0,0.0,160.1379,11585.68,12293.74,14567.95,43.78,SQQQ,"Bear signal: Below SMAs, RSI 43.8 in SQQQ zone",170533.5,1705.33,552.44,5552.75
2022-07-05,SQQQ,0.0,171259.29,0.0,0.0,160.1379,11779.9,12254.93,14555.83,47.4,SQQQ,"Bear signal: Below SMAs, RSI 47.4 in SQQQ zone",161259.29,1612.59,563.38,5844.78
2022-07-06,SQQQ,0.0,168094.8,0.0,0.0,160.1379,11852.59,12224.84,14544.35,48.73,SQQQ,"Bear signal: Below SMAs, RSI 48.7 in SQQQ zone",158094.8,1580.95,567.47,5958.34
2022-07-07,SQQQ,0.0,157535.99,0.0,0.0,160.1379,12109.05,12196.36,14533.48,53.23,SQQQ,"Bear signal: Below SMAs, RSI 53.2 in SQQQ zone",147535.99,1475.36,581.92,6333.8
2022-07-08,SQQQ,0.0,156784.02,0.0,0.0,160.1379,12125.69,12178.68,14522.48,53.52,SQQQ,"Bear signal: Below SMAs, RSI 53.5 in SQQQ zone",146784.02,1467.84,582.85,6363.93
2022-07-11,SQQQ,0.0,166810.18,0.0,0.0,160.1379,11860.28,12155.82,14510.42,48.45,SQQQ,"Bear signal: Below SMAs, RSI 48.4 in SQQQ zone",156810.18,1568.1,567.91,5951.39
2022-07-12,SQQQ,0.0,171635.25,0.0,0.0,160.1379,11744.99,12121.6,14497.8,46.39,SQQQ,"Bear signal: Below SMAs, RSI 46.4 in SQQQ zone",161635.25,1616.35,561.41,5775.25
2022-07-13,SQQQ,0.0,172700.55,0.0,0.0,160.1379,11728.53,12099.07,14485.53,46.09,SQQQ,"Bear signal: Below SMAs, RSI 46.1 in SQQQ zone",162700.55,1627.01,560.49,5738.17
2022-07-14,SQQQ,0.0,170851.96,0.0,0.0,160.1379,11768.4,12072.92,14473.88,46.99,SQQQ,"Bear signal: Below SMAs, RSI 47.0 in SQQQ zone",160851.96,1608.52,562.73,5798.43
2022-07-15,SQQQ,0.0,161797.11,0.0,0.0,160.1379,11983.62,12050.8,14463.62,51.66,SQQQ,"Bear signal: Below SMAs, RSI 51.7 in SQQQ zone",151797.11,1517.97,574.85,6108.99
2022-07-18,SQQQ,0.0,165713.59,0.0,0.0,160.1379,11877.5,12017.63,14452.22,49.35,SQQQ,"Bear signal: Below SMAs, RSI 49.3 in SQQQ zone",155713.59,1557.14,568.88,5965.29
2022-07-19,TQQQ_30,0.3,150862.3,105603.61,3344.0506,0.0,12249.42,12005.61,14441.84,56.66,TQQQ_30,Counter-trend rally below SMA250,140862.3,1408.62,589.82,6496.04
2022-07-20,TQQQ_30,0.3,153149.38,105616.63,3344.0506,0.0,12439.68,12000.53,14431.84,59.85,TQQQ_30,Counter-trend rally below SMA250,143149.38,1431.49,600.53,6827.46
2022-07-21,TQQQ_30,0.3,155182.04,105629.65,3344.0506,0.0,12619.41,12009.17,14421.87,62.65,TQQQ_30,Counter-trend rally below SMA250,145182.04,1451.82,610.66,7121.8
2022-07-22,TQQQ_30,0.3,152602.94,105642.68,3344.0506,0.0,12396.47,12010.18,14410.95,57.32,TQQQ_30,Counter-trend rally below SMA250,142602.94,1426.03,598.1,6744.03
2022-07-25,TQQQ_30,0.3,151942.3,105681.75,3344.0506,0.0,12328.41,12017.4,14400.44,55.75,TQQQ_30,Counter-trend rally below SMA250,141942.3,1419.42,594.27,6642.05
2022-07-26,TQQQ_30,0.3,149156.47,105694.78,3344.0506,0.0,12086.9,12020.22,14388.71,50.5,TQQQ_30,Counter-trend rally below SMA250,139156.47,1391.56,580.67,6234.14
2022-07-27,TQQQ_30,0.3,154592.29,105707.81,3344.0506,0.0,12601.47,12024.5,14378.93,59.3,TQQQ_30,Counter-trend rally below SMA250,144592.29,1445.92,609.65,7024.46
2022-07-28,TQQQ_30,0.3,156004.74,105720.84,3344.0506,0.0,12717.87,12033.99,14369.96,60.99,TQQQ_30,Counter-trend rally below SMA250,146004.74,1460.05,616.2,7228.42
2022-07-29,TQQQ_30,0.3,158784.82,105733.88,3344.0506,0.0,12947.97,12041.67,14361.9,64.16,TQQQ_30,Counter-trend rally below SMA250,148784.82,1487.85,629.16,7631.69
2022-08-01,TQQQ_30,0.3,158744.41,105772.98,3344.0506,0.0,12940.78,12061.92,14353.41,63.99,TQQQ_30,Counter-trend rally below SMA250,148744.41,1487.44,628.75,7620.1
2022-08-02,TQQQ_30,0.3,158264.48,105786.02,3344.0506,0.0,12901.6,12082.44,14344.69,62.98,TQQQ_30,Counter-trend rally below SMA250,148264.48,1482.64,626.55,7548.25
2022-08-03,TQQQ_30,0.3,162475.79,105799.07,3344.0506,0.0,13253.26,12110.79,14336.97,67.87,TQQQ_30,Counter-trend rally below SMA250,152475.79,1524.76,646.35,8160.11
2022-08-04,TQQQ_30,0.3,163299.87,105812.11,3344.0506,0.0,13311.04,12136.32,14329.78,68.6,TQQQ_30,Counter-trend rally below SMA250,153299.87,1533.0,649.61,8278.31
2022-08-05,TQQQ_30,0.3,161945.28,105825.15,3344.0506,0.0,13207.69,12165.08,14322.08,65.71,TQQQ_30,Counter-trend rally below SMA250,151945.28,1519.45,643.79,8078.99
2022-08-08,TQQQ_30,0.3,161411.95,105864.3,3344.0506,0.0,13159.16,12189.39,14314.5,64.34,TQQQ_30,Counter-trend rally below SMA250,151411.95,1514.12,641.05,7995.56
2022-08-09,TQQQ_30,0.3,159516.69,105877.35,3344.0506,0.0,13008.17,12204.01,14306.42,60.14,TQQQ_30,Counter-trend rally below SMA250,149516.69,1495.17,632.55,7717.44
2022-08-10,TQQQ_30,0.3,163934.75,105890.4,3344.0506,0.0,13378.32,12217.95,14299.58,66.0,TQQQ_30,Counter-trend rally below SMA250,153934.75,1539.35,653.39,8359.43
2022-08-11,TQQQ_30,0.3,163073.16,105903.46,3344.0506,0.0,13291.99,12230.95,14292.2,63.65,TQQQ_30,Counter-trend rally below SMA250,153073.16,1530.73,648.53,8231.96
2022-08-12,TQQQ_30,0.3,166314.44,105916.51,3344.0506,0.0,13565.87,12251.3,14285.9,67.6,TQQQ_30,Counter-trend rally below SMA250,156314.44,1563.14,663.96,8702.44
2022-08-15,TQQQ_30,0.3,167800.75,105955.69,3344.0506,0.0,13667.18,12266.79,14280.56,68.94,TQQQ_30,Counter-trend rally below SMA250,157800.75,1578.01,669.66,8913.35
2022-08-16,TQQQ_30,0.3,167416.25,105968.75,3344.0506,0.0,13635.21,12288.53,14275.67,67.98,TQQQ_30,Counter-trend rally below SMA250,157416.25,1574.16,667.86,8855.41
2022-08-17,TQQQ_30,0.3,165298.37,105981.81,3344.0506,0.0,13470.86,12305.95,14269.82,63.13,TQQQ_30,Counter-trend rally below SMA250,155298.37,1552.98,658.61,8544.84
2022-08-18,TQQQ_30,0.3,165709.01,105994.88,3344.0506,0.0,13505.99,12321.84,14263.47,63.72,TQQQ_30,Counter-trend rally below SMA250,155709.01,1557.09,660.58,8602.78
2022-08-19,TQQQ_30,0.3,162223.5,106007.95,3344.0506,0.0,13242.9,12334.4,14255.19,56.37,TQQQ_30,Counter-trend rally below SMA250,152223.5,1522.24,645.77,8092.9
2022-08-22,CASH,0.0,157841.8,157841.8,0.0,0.0,12890.54,12346.81,14245.32,48.33,CASH,"Below SMA250, insufficient momentum",147841.8,1478.42,625.92,7448.59
2022-08-23,CASH,0.0,157861.26,157861.26,0.0,0.0,12881.79,12367.79,14235.37,48.14,CASH,"Below SMA250, insufficient momentum",147861.26,1478.61,625.43,7423.1
2022-08-24,CASH,0.0,157880.72,157880.72,0.0,0.0,12917.86,12400.38,14225.93,49.0,CASH,"Below SMA250, insufficient momentum",147880.72,1478.81,627.46,7481.04
2022-08-25,TQQQ_30,0.3,157900.19,110530.13,2893.1605,0.0,13143.58,12437.02,14216.77,54.13,TQQQ_30,Counter-trend rally below SMA250,147900.19,1479.0,640.17,7879.68
2022-08-26,CASH,0.0,152149.05,152149.05,0.0,0.0,12605.17,12457.25,14204.77,43.02,CASH,"Below SMA250, insufficient momentum",142149.05,1421.49,609.85,6908.58
2022-08-29,SQQQ,0.0,152205.33,0.0,0.0,180.41,12484.32,12484.38,14192.38,40.98,SQQQ,"Bear signal: Below SMAs, RSI 41.0 in SQQQ zone",142205.33,1422.05,603.05,6693.04
2022-08-30,SQQQ,0.0,157182.33,0.0,0.0,180.41,12342.7,12505.92,14179.3,38.68,SQQQ,"Bear signal: Below SMAs, RSI 38.7 in SQQQ zone",147182.33,1471.82,595.07,6465.91
2022-08-31,SQQQ,0.0,160217.96,0.0,0.0,180.41,12272.03,12520.42,14165.98,37.54,SQQQ,"Bear signal: Below SMAs, RSI 37.5 in SQQQ zone",150217.96,1502.18,591.09,6345.39
2022-09-01,SQQQ,0.0,159970.87,0.0,0.0,180.41,12274.62,12535.36,14152.46,37.61,SQQQ,"Bear signal: Below SMAs, RSI 37.6 in SQQQ zone",149970.87,1499.71,591.24,6352.34
2022-09-02,CASH,0.0,166712.83,166712.83,0.0,0.0,12098.44,12543.37,14138.15,34.67,CASH,Defensive cash in bear regime,156712.83,1567.13,581.32,6083.5
2022-09-06,CASH,0.0,166795.04,166795.04,0.0,0.0,12011.31,12541.48,14123.72,33.29,CASH,Defensive cash in bear regime,156795.04,1567.95,576.41,5942.12
2022-09-07,SQQQ,0.0,166815.61,0.0,0.0,187.715,12259.39,12546.51,14110.51,40.57,SQQQ,"Bear signal: Below SMAs, RSI 40.6 in SQQQ zone",156815.61,1568.16,590.38,6299.04
2022-09-08,SQQQ,0.0,164134.51,0.0,0.0,187.715,12321.19,12560.18,14098.03,42.26,SQQQ,"Bear signal: Below SMAs, RSI 42.3 in SQQQ zone",154134.51,1541.35,593.86,6403.33
2022-09-09,CASH,0.0,153667.22,153667.22,0.0,0.0,12588.29,12578.78,14086.65,49.02,CASH,1% confirmation buffer below SMA250,143667.22,1436.67,608.9,6815.87
2022-09-12,TQQQ_30,0.3,153724.06,107606.84,3135.371,0.0,12739.72,12603.5,14076.07,52.42,TQQQ_30,Counter-trend rally below SMA250,143724.06,1437.24,617.43,7068.5
2022-09-13,SQQQ,0.0,146148.04,0.0,0.0,159.0649,12033.62,12612.45,14062.19,39.27,SQQQ,"Bear signal: Below SMAs, RSI 39.3 in SQQQ zone",136148.04,1361.48,577.67,5888.81
2022-09-14,SQQQ,0.0,142662.38,0.0,0.0,159.0649,12134.4,12619.54,14048.67,41.52,SQQQ,"Bear signal: Below SMAs, RSI 41.5 in SQQQ zone",132662.38,1326.62,583.34,6023.24
2022-09-15,SQQQ,0.0,149820.4,0.0,0.0,159.0649,11927.49,12621.04,14035.04,38.37,SQQQ,"Bear signal: Below SMAs, RSI 38.4 in SQQQ zone",139820.4,1398.2,571.69,5714.99
2022-09-16,SQQQ,0.0,152870.34,0.0,0.0,159.0649,11861.38,12616.09,14022.44,37.4,SQQQ,"Bear signal: Below SMAs, RSI 37.4 in SQQQ zone",142870.34,1428.7,567.97,5601.42
2022-09-19,SQQQ,0.0,149135.7,0.0,0.0,159.0649,11953.27,12612.64,14010.14,39.69,SQQQ,"Bear signal: Below SMAs, RSI 39.7 in SQQQ zone",139135.7,1391.36,573.14,5738.17
2022-09-20,SQQQ,0.0,152745.86,0.0,0.0,159.0649,11851.54,12612.47,13996.84,38.03,SQQQ,"Bear signal: Below SMAs, RSI 38.0 in SQQQ zone",142745.86,1427.46,567.41,5599.11
2022-09-21,CASH,0.0,161148.7,161148.7,0.0,0.0,11637.79,12610.32,13982.13,34.74,CASH,Defensive cash in bear regime,151148.7,1511.49,555.38,5286.22
2022-09-22,CASH,0.0,161168.57,161168.57,0.0,0.0,11501.65,12605.78,13966.81,32.79,CASH,Defensive cash in bear regime,151168.57,1511.69,547.71,5086.91
2022-09-23,CASH,0.0,161188.44,161188.44,0.0,0.0,11311.24,12596.64,13951.24,30.24,CASH,Defensive cash in bear regime,151188.44,1511.88,536.99,4838.92
2022-09-26,CASH,0.0,161248.06,161248.06,0.0,0.0,11254.11,12582.05,13937.18,29.5,CASH,Defensive cash in bear regime,151248.06,1512.48,533.77,4771.7
2022-09-27,CASH,0.0,161267.94,161267.94,0.0,0.0,11271.75,12569.94,13923.25,30.07,CASH,Defensive cash in bear regime,151267.94,1512.68,534.76,4776.34
2022-09-28,SQQQ,0.0,161287.82,0.0,0.0,153.5673,11493.83,12554.82,13910.47,36.98,SQQQ,"Bear signal: Below SMAs, RSI 37.0 in SQQQ zone",151287.82,1512.88,547.27,5061.41
2022-09-29,CASH,0.0,174718.49,174718.49,0.0,0.0,11164.78,12529.33,13895.96,31.94,CASH,Defensive cash in bear regime,164718.49,1647.18,528.74,4625.69
2022-09-30,CASH,0.0,174740.03,174740.03,0.0,0.0,10971.22,12496.36,13881.96,29.4,CASH,Defensive cash in bear regime,164740.03,1647.4,517.84,4377.7
2022-10-03,SQQQ,0.0,174804.66,0.0,0.0,156.8254,11229.73,12473.03,13868.18,36.65,SQQQ,"Bear signal: Below SMAs, RSI 36.6 in SQQQ zone",164804.66,1648.05,532.4,4688.27
2022-10-04,SQQQ,0.0,158511.63,0.0,0.0,156.8254,11582.54,12458.11,13855.44,44.95,SQQQ,"Bear signal: Below SMAs, RSI 44.9 in SQQQ zone",148511.63,1485.12,552.27,5133.26
2022-10-05,SQQQ,0.0,158358.22,0.0,0.0,156.8254,11573.18,12447.84,13842.15,44.78,SQQQ,"Bear signal: Below SMAs, RSI 44.8 in SQQQ zone",148358.22,1483.58,551.74,5133.26
2022-10-06,SQQQ,0.0,162531.22,0.0,0.0,156.8254,11485.5,12425.52,13828.8,43.16,SQQQ,"Bear signal: Below SMAs, RSI 43.2 in SQQQ zone",152531.22,1525.31,546.8,5001.15
2022-10-07,SQQQ,0.0,181248.21,0.0,0.0,156.8254,11039.47,12391.95,13814.11,36.0,SQQQ,"Bear signal: Below SMAs, RSI 36.0 in SQQQ zone",171248.21,1712.48,521.68,4419.42
2022-10-10,CASH,0.0,186955.37,186955.37,0.0,0.0,10926.97,12351.53,13799.17,34.45,CASH,Defensive cash in bear regime,176955.37,1769.55,515.35,4278.04
2022-10-11,CASH,0.0,186978.42,186978.42,0.0,0.0,10791.35,12308.54,13783.23,32.63,CASH,Defensive cash in bear regime,176978.42,1769.78,507.71,4104.22
2022-10-12,CASH,0.0,187001.47,187001.47,0.0,0.0,10785.62,12266.22,13766.17,32.55,CASH,Defensive cash in bear regime,177001.47,1770.01,507.39,4094.95
2022-10-13,SQQQ,0.0,187024.53,0.0,0.0,161.7138,11033.58,12221.83,13749.71,39.34,SQQQ,"Bear signal: Below SMAs, RSI 39.3 in SQQQ zone",177024.53,1770.25,521.35,4375.39
2022-10-14,CASH,0.0,203698.88,203698.88,0.0,0.0,10692.06,12169.45,13731.28,34.23,CASH,Defensive cash in bear regime,193698.88,1936.99,502.12,3972.11
2022-10-17,SQQQ,0.0,203774.22,0.0,0.0,179.5688,11062.53,12126.54,13713.89,42.9,SQQQ,"Bear signal: Below SMAs, RSI 42.9 in SQQQ zone",193774.22,1937.74,522.98,4373.07
2022-10-18,SQQQ,0.0,198820.43,0.0,0.0,179.5688,11147.74,12086.32,13696.92,44.71,SQQQ,"Bear signal: Below SMAs, RSI 44.7 in SQQQ zone",188820.43,1888.2,527.78,4484.32
2022-10-19,SQQQ,0.0,200822.99,0.0,0.0,179.5688,11103.38,12048.22,13679.38,43.93,SQQQ,"Bear signal: Below SMAs, RSI 43.9 in SQQQ zone",190822.99,1908.23,525.28,4428.69
2022-10-20,SQQQ,0.0,204441.77,0.0,0.0,179.5688,11046.71,12001.59,13662.14,42.9,SQQQ,"Bear signal: Below SMAs, RSI 42.9 in SQQQ zone",194441.77,1944.42,522.09,4352.21
2022-10-21,SQQQ,0.0,190001.92,0.0,0.0,179.5688,11310.33,11961.95,13645.33,48.89,SQQQ,"Bear signal: Below SMAs, RSI 48.9 in SQQQ zone",180001.92,1800.02,536.94,4667.41
2022-10-24,SQQQ,0.0,183537.33,0.0,0.0,179.5688,11430.26,11919.24,13628.81,51.39,SQQQ,"Bear signal: Below SMAs, RSI 51.4 in SQQQ zone",173537.33,1735.37,543.69,4829.65
2022-10-25,CASH,0.0,172540.56,172540.56,0.0,0.0,11669.99,11879.3,13613.1,56.02,CASH,Defensive cash in bear regime,162540.56,1625.41,557.19,5126.3
2022-10-26,SQQQ,0.0,172561.84,0.0,0.0,168.5725,11405.9,11834.71,13595.61,50.33,SQQQ,"Bear signal: Below SMAs, RSI 50.3 in SQQQ zone",162561.84,1625.62,542.32,4780.98
2022-10-27,SQQQ,0.0,182060.67,0.0,0.0,168.5725,11191.63,11789.13,13576.97,46.23,SQQQ,"Bear signal: Below SMAs, RSI 46.2 in SQQQ zone",172060.67,1720.61,530.25,4512.13
2022-10-28,SQQQ,0.0,165503.72,0.0,0.0,168.5725,11546.21,11749.93,13559.54,53.05,SQQQ,"Bear signal: Below SMAs, RSI 53.1 in SQQQ zone",155503.72,1555.04,550.22,4929.31
2022-10-31,SQQQ,0.0,171176.62,0.0,0.0,168.5725,11405.57,11713.19,13541.27,50.32,SQQQ,"Bear signal: Below SMAs, RSI 50.3 in SQQQ zone",161176.62,1611.77,542.3,4755.48
2022-11-01,SQQQ,0.0,176420.78,0.0,0.0,168.5725,11288.95,11681.15,13521.85,48.12,SQQQ,"Bear signal: Below SMAs, RSI 48.1 in SQQQ zone",166420.78,1664.21,535.73,4604.83
2022-11-02,SQQQ,0.0,194725.77,0.0,0.0,168.5725,10906.34,11641.64,13500.09,41.66,SQQQ,"Bear signal: Below SMAs, RSI 41.7 in SQQQ zone",184725.77,1847.26,514.19,4118.13
2022-11-03,SQQQ,0.0,205972.61,0.0,0.0,168.5725,10690.6,11597.1,13477.41,38.52,SQQQ,"Bear signal: Below SMAs, RSI 38.5 in SQQQ zone",195972.61,1959.73,502.04,3874.77
2022-11-04,SQQQ,0.0,196407.85,0.0,0.0,168.5725,10857.03,11551.37,13455.5,42.14,SQQQ,"Bear signal: Below SMAs, RSI 42.1 in SQQQ zone",186407.85,1864.08,511.41,4060.19
2022-11-07,SQQQ,0.0,190174.23,0.0,0.0,168.5725,10977.0,11518.81,13434.52,44.67,SQQQ,"Bear signal: Below SMAs, RSI 44.7 in SQQQ zone",180174.23,1801.74,518.16,4192.29
2022-11-08,SQQQ,0.0,186018.55,0.0,0.0,168.5725,11059.5,11490.31,13414.82,46.41,SQQQ,"Bear signal: Below SMAs, RSI 46.4 in SQQQ zone",176018.55,1760.19,522.81,4285.0
2022-11-09,SQQQ,0.0,199112.4,0.0,0.0,168.5725,10797.55,11459.41,13393.88,41.91,SQQQ,"Bear signal: Below SMAs, RSI 41.9 in SQQQ zone",189112.4,1891.12,508.06,3979.07
2022-11-10,TQQQ_30,0.3,155279.29,108695.5,4566.8135,0.0,11605.96,11446.08,13375.5,56.06,TQQQ_30,Counter-trend rally below SMA250,145279.29,1452.79,553.58,4871.36
2022-11-11,TQQQ_30,0.3,157942.22,108708.91,4566.8135,0.0,11817.01,11436.93,13358.02,58.88,TQQQ_30,Counter-trend rally below SMA250,147942.22,1479.42,565.47,5154.12
2022-11-14,TQQQ_30,0.3,156679.38,108749.11,4566.8135,0.0,11700.94,11428.98,13339.58,56.72,TQQQ_30,Counter-trend rally below SMA250,146679.38,1466.79,558.93,5015.06
2022-11-15,TQQQ_30,0.3,158625.63,108762.52,4566.8135,0.0,11871.15,11426.18,13321.83,59.09,TQQQ_30,Counter-trend rally below SMA250,148625.63,1486.26,568.52,5221.33
2022-11-16,TQQQ_30,0.3,156619.33,108775.93,4566.8135,0.0,11699.09,11414.97,13302.7,55.77,TQQQ_30,Counter-trend rally below SMA250,146619.33,1466.19,558.83,5005.79
2022-11-17,TQQQ_30,0.3,156263.54,108789.34,4566.8135,0.0,11676.86,11402.09,13283.11,55.34,TQQQ_30,Counter-trend rally below SMA250,146263.54,1462.64,557.58,4966.39
2022-11-18,TQQQ_30,0.3,156233.52,108802.75,4566.8135,0.0,11677.02,11383.86,13264.3,55.34,TQQQ_30,Counter-trend rally below SMA250,146233.52,1462.34,557.59,4961.75
2022-11-21,TQQQ_30,0.3,154840.41,108842.99,4566.8135,0.0,11553.45,11360.14,13245.28,52.71,TQQQ_30,Counter-trend rally below SMA250,144840.41,1448.4,550.63,4808.79
2022-11-22,TQQQ_30,0.3,156786.68,108856.41,4566.8135,0.0,11724.84,11353.96,13226.71,55.85,TQQQ_30,Counter-trend rally below SMA250,146786.68,1467.87,560.28,5015.06
2022-11-23,TQQQ_30,0.3,158233.45,108869.83,4566.8135,0.0,11838.72,11348.05,13209.96,57.85,TQQQ_30,Counter-trend rally below SMA250,148233.45,1482.33,566.69,5168.02
2022-11-25,TQQQ_30,0.3,157239.58,108896.68,4566.8135,0.0,11756.03,11344.62,13191.39,55.87,TQQQ_30,Counter-trend rally below SMA250,147239.58,1472.4,562.04,5059.09
2022-11-28,TQQQ_30,0.3,155151.54,108936.96,4566.8135,0.0,11587.75,11339.14,13173.2,51.97,TQQQ_30,Counter-trend rally below SMA250,145151.54,1451.52,552.56,4831.96
2022-11-29,TQQQ_30,0.3,154057.4,108950.39,4566.8135,0.0,11503.45,11330.15,13155.7,50.09,TQQQ_30,Counter-trend rally below SMA250,144057.4,1440.57,547.81,4713.76
2022-11-30,TQQQ_30,0.3,160129.99,108963.82,4566.8135,0.0,12030.06,11333.72,13139.86,59.88,TQQQ_30,Counter-trend rally below SMA250,150129.99,1501.3,577.47,5360.39
2022-12-01,TQQQ_30,0.3,160425.74,108977.25,4566.8135,0.0,12041.89,11341.8,13125.18,60.07,TQQQ_30,Counter-trend rally below SMA250,150425.74,1504.26,578.13,5390.52
2022-12-02,TQQQ_30,0.3,159831.09,108990.69,4566.8135,0.0,11994.26,11351.65,13109.77,58.86,TQQQ_30,Counter-trend rally below SMA250,149831.09,1498.31,575.45,5325.62
2022-12-05,TQQQ_30,0.3,157308.74,109031.0,4566.8135,0.0,11786.8,11361.16,13091.61,53.8,TQQQ_30,Counter-trend rally below SMA250,147308.74,1473.09,563.77,5052.14
2022-12-06,CASH,0.0,154260.04,154260.04,0.0,0.0,11549.69,11367.08,13072.24,48.65,CASH,"Below SMA250, insufficient momentum",144260.04,1442.6,550.42,4725.35
2022-12-07,CASH,0.0,154279.06,154279.06,0.0,0.0,11497.39,11371.59,13053.63,47.56,CASH,"Below SMA250, insufficient momentum",144279.06,1442.79,547.47,4667.41
2022-12-08,TQQQ_30,0.3,154298.08,108008.66,4569.9139,0.0,11637.5,11374.46,13034.85,50.72,TQQQ_30,Counter-trend rally below SMA250,144298.08,1442.98,555.36,4836.6
2022-12-09,CASH,0.0,153420.39,153420.39,0.0,0.0,11563.33,11382.43,13016.77,49.04,CASH,"Below SMA250, insufficient momentum",143420.39,1434.2,551.18,4741.58
2022-12-12,TQQQ_30,0.3,153477.13,107433.99,4472.1128,0.0,11706.44,11397.14,12999.94,52.33,TQQQ_30,Counter-trend rally below SMA250,143477.13,1434.77,559.24,4917.72
2022-12-13,TQQQ_30,0.3,154936.53,107447.24,4472.1128,0.0,11834.21,11409.23,12982.12,55.12,TQQQ_30,Counter-trend rally below SMA250,144936.53,1449.37,566.44,5075.32
2022-12-14,TQQQ_30,0.3,153822.64,107460.49,4472.1128,0.0,11740.92,11412.39,12965.62,52.7,TQQQ_30,Counter-trend rally below SMA250,143822.64,1438.23,561.18,4952.48
2022-12-15,SQQQ,0.0,149242.2,0.0,0.0,156.3721,11345.22,11407.83,12947.8,43.88,SQQQ,"Bear signal: Below SMAs, RSI 43.9 in SQQQ zone",139242.2,1392.42,538.9,4451.87
2022-12-16,SQQQ,0.0,153709.04,0.0,0.0,156.3721,11243.72,11403.0,12930.26,41.95,SQQQ,"Bear signal: Below SMAs, RSI 41.9 in SQQQ zone",143709.04,1437.09,533.19,4317.44
2022-12-19,SQQQ,0.0,160042.19,0.0,0.0,156.3721,11084.59,11403.9,12910.66,39.04,SQQQ,"Bear signal: Below SMAs, RSI 39.0 in SQQQ zone",150042.19,1500.42,524.22,4134.35
2022-12-20,SQQQ,0.0,160715.31,0.0,0.0,156.3721,11072.42,11406.81,12890.23,38.82,SQQQ,"Bear signal: Below SMAs, RSI 38.8 in SQQQ zone",150715.31,1507.15,523.54,4115.81
2022-12-21,SQQQ,0.0,153892.59,0.0,0.0,156.3721,11235.88,11415.7,12869.94,43.46,SQQQ,"Bear signal: Below SMAs, RSI 43.5 in SQQQ zone",143892.59,1438.93,532.74,4298.9
2022-12-22,SQQQ,0.0,164943.02,0.0,0.0,156.3721,10956.14,11419.11,12847.49,38.13,SQQQ,"Bear signal: Below SMAs, RSI 38.1 in SQQQ zone",154943.02,1549.43,516.99,3986.26
2022-12-23,SQQQ,0.0,164175.8,0.0,0.0,156.3721,10985.45,11418.15,12825.48,38.97,SQQQ,"Bear signal: Below SMAs, RSI 39.0 in SQQQ zone",154175.8,1541.76,518.64,3997.91
2022-12-27,SQQQ,0.0,171264.54,0.0,0.0,156.3721,10822.51,11420.76,12802.8,36.02,SQQQ,"Bear signal: Below SMAs, RSI 36.0 in SQQQ zone",161264.54,1612.65,509.46,3823.18
2022-12-28,CASH,0.0,178199.85,178199.85,0.0,0.0,10679.34,11413.09,12779.81,33.62,CASH,Defensive cash in bear regime,168199.85,1682.0,501.4,3664.76
2022-12-29,SQQQ,0.0,178221.82,0.0,0.0,168.6158,10951.05,11409.16,12758.33,41.59,SQQQ,"Bear signal: Below SMAs, RSI 41.6 in SQQQ zone",168221.82,1682.22,516.7,3930.35
2022-12-30,SQQQ,0.0,178718.2,0.0,0.0,168.6158,10939.76,11405.89,12736.08,41.37,SQQQ,"Bear signal: Below SMAs, RSI 41.4 in SQQQ zone",168718.2,1687.18,516.07,3930.35
2023-01-03,SQQQ,0.0,182490.45,0.0,0.0,168.6158,10862.64,11402.21,12714.41,39.8,SQQQ,"Bear signal: Below SMAs, RSI 39.8 in SQQQ zone",172490.45,1724.9,511.72,3839.49
2023-01-04,SQQQ,0.0,180041.79,0.0,0.0,168.6158,10914.8,11394.3,12694.99,41.42,SQQQ,"Bear signal: Below SMAs, RSI 41.4 in SQQQ zone",170041.79,1700.42,514.66,3900.06
2023-01-05,SQQQ,0.0,188380.45,0.0,0.0,168.6158,10741.22,11380.52,12674.89,37.79,SQQQ,"Bear signal: Below SMAs, RSI 37.8 in SQQQ zone",178380.45,1783.8,504.89,3711.36
2023-01-06,SQQQ,0.0,173390.75,0.0,0.0,168.6158,11040.35,11367.92,12656.68,46.49,SQQQ,"Bear signal: Below SMAs, RSI 46.5 in SQQQ zone",163390.75,1633.91,521.73,4009.56
2023-01-09,SQQQ,0.0,169684.65,0.0,0.0,168.6158,11108.45,11361.97,12638.66,48.27,SQQQ,"Bear signal: Below SMAs, RSI 48.3 in SQQQ zone",159684.65,1596.85,525.57,4095.76
2023-01-10,SQQQ,0.0,165548.41,0.0,0.0,168.6158,11205.78,11362.26,12620.1,50.78,SQQQ,"Bear signal: Below SMAs, RSI 50.8 in SQQQ zone",155548.41,1555.48,531.05,4207.58
2023-01-11,CASH,0.0,157044.37,157044.37,0.0,0.0,11402.52,11359.38,12602.09,55.49,CASH,1% confirmation buffer below SMA250,147044.37,1470.44,542.13,4421.91
2023-01-12,CASH,0.0,157063.73,157063.73,0.0,0.0,11459.61,11360.46,12585.95,56.78,CASH,1% confirmation buffer below SMA250,147063.73,1470.64,545.34,4491.8
2023-01-13,TQQQ_30,0.3,157083.09,109958.16,4904.6961,0.0,11541.48,11365.51,12569.67,58.63,TQQQ_30,Counter-trend rally below SMA250,147083.09,1470.83,549.95,4582.66
2023-01-17,TQQQ_30,0.3,157395.21,110012.39,4904.6961,0.0,11557.19,11378.53,12555.06,59.0,TQQQ_30,Counter-trend rally below SMA250,147395.21,1473.95,550.84,4608.29
2023-01-18,TQQQ_30,0.3,155650.38,110025.95,4904.6961,0.0,11410.29,11392.92,12540.5,54.2,TQQQ_30,Counter-trend rally below SMA250,145650.38,1456.5,542.57,4433.56
2023-01-19,SQQQ,0.0,154233.78,0.0,0.0,160.9851,11295.67,11401.7,12526.3,50.74,SQQQ,"Bear signal: Below SMAs, RSI 50.7 in SQQQ zone",144233.78,1442.34,536.11,4291.45
2023-01-20,TQQQ_30,0.3,141502.07,99051.45,4355.3638,0.0,11619.03,11414.54,12515.02,58.75,TQQQ_30,Counter-trend rally below SMA250,131502.07,1315.02,554.32,4650.22
2023-01-23,TQQQ_30,0.3,144328.5,99088.08,4355.3638,0.0,11872.54,11430.8,12504.48,63.73,TQQQ_30,Counter-trend rally below SMA250,134328.5,1343.29,568.6,4962.4
2023-01-24,TQQQ_30,0.3,144070.07,99100.3,4355.3638,0.0,11846.64,11451.78,12495.27,62.89,TQQQ_30,Counter-trend rally below SMA250,134070.07,1340.7,567.14,4932.11
2023-01-25,TQQQ_30,0.3,143749.18,99112.52,4355.3638,0.0,11814.69,11455.96,12485.83,61.82,TQQQ_30,Counter-trend rally below SMA250,133749.18,1337.49,565.34,4894.84
2023-01-26,TQQQ_30,0.3,146342.99,99124.74,4355.3638,0.0,12051.48,11460.64,12478.03,66.41,TQQQ_30,Counter-trend rally below SMA250,136342.99,1363.43,578.67,5183.72
2023-01-27,TQQQ_30,0.3,147708.47,99136.96,4355.3638,0.0,12166.6,11469.96,12468.88,68.4,TQQQ_30,Counter-trend rally below SMA250,137708.47,1377.08,585.16,5335.15
2023-01-30,TQQQ_30,0.3,144830.43,99173.63,4355.3638,0.0,11912.39,11470.78,12456.8,59.95,TQQQ_30,Counter-trend rally below SMA250,134830.43,1348.3,570.84,5008.99
2023-01-31,TQQQ_30,0.3,146882.95,99185.85,4355.3638,0.0,12101.93,11478.84,12445.13,63.56,TQQQ_30,Counter-trend rally below SMA250,136882.95,1368.83,581.51,5237.3
2023-02-01,TQQQ_30,0.3,149976.46,99198.08,4355.3638,0.0,12363.1,11492.56,12434.03,67.86,TQQQ_30,Counter-trend rally below SMA250,139976.46,1399.76,596.22,5582.09
2023-02-02,TQQQ_100,1.0,155235.14,0.0,12067.9619,0.0,12803.14,11515.09,12427.24,73.53,TQQQ_100,"Bull trend confirmed: Price > SMA50 & SMA250, RSI 73.5",145235.14,1452.35,621.0,6169.17
2023-02-03,TQQQ_100,1.0,147216.7,0.0,12067.9619,0.0,12573.36,11535.49,12418.75,66.9,TQQQ_100,"Bull trend confirmed: Price > SMA50 & SMA250, RSI 66.9",137216.7,1372.17,608.06,5845.35
2023-02-06,TQQQ_100,1.0,143467.03,0.0,12067.9619,0.0,12464.51,11550.28,12410.32,63.95,TQQQ_100,"Bull trend confirmed: Price > SMA50 & SMA250, RSI 64.0",133467.03,1334.67,601.93,5693.92
2023-02-07,TQQQ_100,1.0,152350.81,0.0,12067.9619,0.0,12728.27,11568.07,12402.25,67.67,TQQQ_100,"Bull trend confirmed: Price > SMA50 & SMA250, RSI 67.7",142350.81,1423.51,616.79,6052.69
2023-02-08,TQQQ_100,1.0,144159.29,0.0,12067.9619,0.0,12495.38,11582.86,12392.0,61.63,TQQQ_100,"Bull trend confirmed: Price > SMA50 & SMA250, RSI 61.6",134159.29,1341.59,603.67,5721.87
2023-02-09,TQQQ_30,0.3,140294.28,98206.0,3620.3886,0.0,12381.17,11598.72,12382.71,58.86,TQQQ_30,Counter-trend rally below SMA250,130294.28,1302.94,597.24,5565.78
2023-02-10,TQQQ_30,0.3,139441.09,98218.1,3620.3886,0.0,12304.92,11614.75,12374.91,57.01,TQQQ_30,Counter-trend rally below SMA250,129441.09,1294.41,592.95,5449.3
2023-02-13,TQQQ_100,1.0,141432.99,0.0,11858.718,0.0,12502.31,11624.2,12367.84,60.47,TQQQ_100,"Bull trend confirmed: Price > SMA50 & SMA250, RSI 60.5",131432.99,1314.33,604.06,5712.55
2023-02-14,TQQQ_100,1.0,144494.07,0.0,11858.718,0.0,12590.89,11635.18,12359.72,61.94,TQQQ_100,"Bull trend confirmed: Price > SMA50 & SMA250, RSI 61.9",134494.07,1344.94,609.05,5838.36
2023-02-15,TQQQ_100,1.0,147725.19,0.0,11858.718,0.0,12687.89,11649.05,12352.06,63.55,TQQQ_100,"Bull trend confirmed: Price > SMA50 & SMA250, RSI 63.6",137725.19,1377.25,614.51,5971.15
2023-02-16,TQQQ_100,1.0,139278.89,0.0,11858.718,0.0,12442.48,11662.17,12345.14,56.99,TQQQ_100,"Bull trend confirmed: Price > SMA50 & SMA250, RSI 57.0",129278.89,1292.79,600.69,5624.03
2023-02-17,TQQQ_100,1.0,136274.52,0.0,11858.718,0.0,12358.18,11678.34,12338.54,54.9,TQQQ_100,"Bull trend confirmed: Price > SMA50 & SMA250, RSI 54.9",126274.52,1262.75,595.95,5500.55
2023-02-21,CASH,0.0,126694.48,126694.48,0.0,0.0,12060.3,11689.59,12331.3,48.16,CASH,"Below SMA250, insufficient momentum",116694.48,1166.94,579.17,5106.84
2023-02-22,CASH,0.0,126710.1,126710.1,0.0,0.0,12066.27,11698.17,12325.53,48.3,CASH,"Below SMA250, insufficient momentum",116710.1,1167.1,579.51,5111.5
2023-02-23,TQQQ_30,0.3,126725.73,88708.01,3468.4825,0.0,12180.14,11710.51,12318.35,50.96,TQQQ_30,Counter-trend rally below SMA250,116725.73,1167.26,585.92,5241.96
2023-02-24,CASH,0.0,124813.39,124813.39,0.0,0.0,11969.65,11715.77,12309.47,46.22,CASH,"Below SMA250, insufficient momentum",114813.39,1148.13,574.07,4971.72
2023-02-27,CASH,0.0,124859.55,124859.55,0.0,0.0,12057.79,11720.24,12300.75,48.39,CASH,"Below SMA250, insufficient momentum",114859.55,1148.6,579.03,5081.21
2023-02-28,CASH,0.0,124874.95,124874.95,0.0,0.0,12042.12,11726.26,12292.89,48.02,CASH,"Below SMA250, insufficient momentum",114874.95,1148.75,578.15,5055.58
2023-03-01,CASH,0.0,124890.34,124890.34,0.0,0.0,11938.57,11738.13,12283.67,45.54,CASH,"Below SMA250, insufficient momentum",114890.34,1148.9,572.32,4929.78
2023-03-02,CASH,0.0,124905.74,124905.74,0.0,0.0,12044.87,11754.15,12275.71,48.48,CASH,"Below SMA250, insufficient momentum",114905.74,1149.06,578.3,5050.92
2023-03-03,TQQQ_100,1.0,124921.14,0.0,11139.4939,0.0,12290.81,11778.28,12269.52,54.58,TQQQ_100,"Bull trend confirmed: Price > SMA50 & SMA250, RSI 54.6",114921.14,1149.21,592.15,5365.43
2023-03-06,TQQQ_100,1.0,125453.64,0.0,11139.4939,0.0,12302.48,11802.88,12265.46,54.86,TQQQ_100,"Bull trend confirmed: Price > SMA50 & SMA250, RSI 54.9",115453.64,1154.54,592.81,5388.73
2023-03-07,TQQQ_30,0.3,120767.73,84537.41,3341.8482,0.0,12152.17,11821.21,12260.99,50.63,TQQQ_30,Counter-trend rally below SMA250,110767.73,1107.68,584.34,5183.72
2023-03-08,TQQQ_30,0.3,121273.37,84547.83,3341.8482,0.0,12215.33,11846.39,12254.89,52.29,TQQQ_30,Counter-trend rally below SMA250,111273.37,1112.73,587.9,5255.94
2023-03-09,CASH,0.0,119350.87,119350.87,0.0,0.0,11995.88,11866.6,12248.51,46.44,CASH,"Below SMA250, insufficient momentum",109350.87,1093.51,575.54,4974.04
2023-03-10,SQQQ,0.0,119365.58,0.0,0.0,148.065,11830.28,11886.75,12242.62,42.57,SQQQ,"Bear signal: Below SMAs, RSI 42.6 in SQQQ zone",109365.58,1093.66,566.22,4764.37
2023-03-13,CASH,0.0,116779.54,116779.54,0.0,0.0,11923.17,11911.63,12238.13,45.32,CASH,1% confirmation buffer below SMA250,106779.54,1067.8,571.45,4869.21
2023-03-14,TQQQ_30,0.3,116793.94,81755.76,3217.6982,0.0,12199.79,11936.61,12233.09,52.61,TQQQ_30,Counter-trend rally below SMA250,106793.94,1067.94,587.03,5207.01
2023-03-15,TQQQ_100,1.0,117311.59,0.0,10619.3642,0.0,12251.32,11962.84,12226.27,53.84,TQQQ_100,"Bull trend confirmed: Price > SMA50 & SMA250, RSI 53.8",107311.59,1073.12,589.93,5283.89
2023-03-16,TQQQ_100,1.0,126601.09,0.0,10619.3642,0.0,12581.39,11997.21,12220.12,60.87,TQQQ_100,"Bull trend confirmed: Price > SMA50 & SMA250, RSI 60.9",116601.09,1166.01,608.52,5710.22
2023-03-17,TQQQ_100,1.0,124722.86,0.0,10619.3642,0.0,12519.88,12029.31,12212.52,59.07,TQQQ_100,"Bull trend confirmed: Price > SMA50 & SMA250, RSI 59.1",114722.86,1147.23,605.05,5624.03
2023-03-20,TQQQ_100,1.0,126042.71,0.0,10619.3642,0.0,12562.61,12065.74,12205.27,59.96,TQQQ_100,"Bull trend confirmed: Price > SMA50 & SMA250, RSI 60.0",116042.71,1160.43,607.46,5684.6
2023-03-21,TQQQ_100,1.0,131372.74,0.0,10619.3642,0.0,12741.44,12099.76,12197.61,63.53,TQQQ_100,"Bull trend confirmed: Price > SMA50 & SMA250, RSI 63.5",121372.74,1213.73,617.53,5929.21
2023-03-22,TQQQ_100,1.0,126011.62,0.0,10619.3642,0.0,12567.15,12128.94,12190.09,58.09,TQQQ_100,"Bull trend confirmed: Price > SMA50 & SMA250, RSI 58.1",116011.62,1160.12,607.71,5683.17
2023-03-23,TQQQ_100,1.0,130504.74,0.0,10619.3642,0.0,12729.23,12159.41,12181.95,61.4,TQQQ_100,"Bull trend confirmed: Price > SMA50 & SMA250, RSI 61.4",120504.74,1205.05,616.84,5889.38
2023-03-24,TQQQ_100,1.0,131832.27,0.0,10619.3642,0.0,12767.05,12186.7,12174.0,62.15,TQQQ_100,"Bull trend confirmed: Price > SMA50 & SMA250, RSI 62.1",121832.27,1218.32,618.97,5950.3
2023-03-27,TQQQ_100,1.0,129126.17,0.0,10619.3642,0.0,12673.07,12210.97,12164.74,59.08,TQQQ_100,"Bull trend confirmed: Price > SMA50 & SMA250, RSI 59.1",119126.17,1191.26,613.68,5826.11
2023-03-28,TQQQ_100,1.0,126981.71,0.0,10619.3642,0.0,12610.57,12232.35,12154.23,57.05,TQQQ_100,"Bull trend confirmed: Price > SMA50 & SMA250, RSI 57.1",116981.71,1169.82,610.16,5727.69
2023-03-29,TQQQ_100,1.0,133925.63,0.0,10619.3642,0.0,12846.03,12258.12,12145.32,62.29,TQQQ_100,"Bull trend confirmed: Price > SMA50 & SMA250, RSI 62.3",123925.63,1239.26,623.42,6046.38
2023-03-30,TQQQ_100,1.0,137550.77,0.0,10619.3642,0.0,12963.14,12289.18,12137.82,64.6,TQQQ_100,"Bull trend confirmed: Price > SMA50 & SMA250, RSI 64.6",127550.77,1275.51,630.01,6212.75
2023-03-31,TQQQ_100,1.0,144290.46,0.0,10619.3642,0.0,13181.35,12326.89,12131.1,68.48,TQQQ_100,"Bull trend confirmed: Price > SMA50 & SMA250, RSI 68.5",134290.46,1342.9,642.3,6522.06
2023-04-03,TQQQ_100,1.0,143269.3,0.0,10619.3642,0.0,13148.35,12357.48,12123.06,67.28,TQQQ_100,"Bull trend confirmed: Price > SMA50 & SMA250, RSI 67.3",133269.3,1332.69,640.44,6475.19
2023-04-04,TQQQ_100,1.0,141839.67,0.0,10619.3642,0.0,13100.08,12382.03,12116.18,65.47,TQQQ_100,"Bull trend confirmed: Price > SMA50 & SMA250, RSI 65.5",131839.67,1318.4,637.73,6409.58
2023-04-05,TQQQ_100,1.0,137295.47,0.0,10619.3642,0.0,12967.2,12404.44,12110.05,60.64,TQQQ_100,"Bull trend confirmed: Price > SMA50 & SMA250, RSI 60.6",127295.47,1272.95,630.24,6201.03
2023-04-06,TQQQ_100,1.0,140052.62,0.0,10619.3642,0.0,13062.6,12429.4,12104.17,62.76,TQQQ_100,"Bull trend confirmed: Price > SMA50 & SMA250, RSI 62.8",130052.62,1300.53,635.61,6327.57
2023-04-10,TQQQ_100,1.0,139746.27,0.0,10619.3642,0.0,13051.23,12449.4,12099.07,62.33,TQQQ_100,"Bull trend confirmed: Price > SMA50 & SMA250, RSI 62.3",129746.27,1297.46,634.97,6313.51
2023-04-11,TQQQ_100,1.0,137040.21,0.0,10619.3642,0.0,12964.15,12465.35,12094.96,58.99,TQQQ_100,"Bull trend confirmed: Price > SMA50 & SMA250, RSI 59.0",127040.21,1270.4,630.07,6189.32
2023-04-12,TQQQ_100,1.0,133415.06,0.0,10619.3642,0.0,12848.35,12484.07,12090.6,54.78,TQQQ_100,"Bull trend confirmed: Price > SMA50 & SMA250, RSI 54.8",123415.06,1234.15,623.55,6022.94
2023-04-13,TQQQ_100,1.0,141073.78,0.0,10619.3642,0.0,13109.39,12504.22,12086.16,61.46,TQQQ_100,"Bull trend confirmed: Price > SMA50 & SMA250, RSI 61.5",131073.78,1310.74,638.25,6374.43
2023-04-14,TQQQ_100,1.0,140256.86,0.0,10619.3642,0.0,13079.52,12518.54,12082.91,60.36,TQQQ_100,"Bull trend confirmed: Price > SMA50 & SMA250, RSI 60.4",130256.86,1302.57,636.57,6336.94
2023-04-17,TQQQ_100,1.0,140410.05,0.0,10619.3642,0.0,13087.71,12524.24,12079.62,60.57,TQQQ_100,"Bull trend confirmed: Price > SMA50 & SMA250, RSI 60.6",130410.05,1304.1,637.03,6343.97
2023-04-18,TQQQ_100,1.0,140512.16,0.0,10619.3642,0.0,13091.79,12534.6,12075.14,60.68,TQQQ_100,"Bull trend confirmed: Price > SMA50 & SMA250, RSI 60.7",130512.16,1305.12,637.26,6348.66
2023-04-19,TQQQ_100,1.0,140205.8,0.0,10619.3642,0.0,13088.71,12547.09,12071.5,60.54,TQQQ_100,"Bull trend confirmed: Price > SMA50 & SMA250, RSI 60.5",130205.8,1302.06,637.08,6334.6
2023-04-20,TQQQ_100,1.0,136938.08,0.0,10619.3642,0.0,12985.98,12552.24,12068.57,55.96,TQQQ_100,"Bull trend confirmed: Price > SMA50 & SMA250, RSI 56.0",126938.08,1269.38,631.3,6184.63
2023-04-21,TQQQ_100,1.0,137193.36,0.0,10619.3642,0.0,13000.77,12562.35,12067.14,56.47,TQQQ_100,"Bull trend confirmed: Price > SMA50 & SMA250, RSI 56.5",127193.36,1271.93,632.13,6196.35
2023-04-24,TQQQ_100,1.0,136376.45,0.0,10619.3642,0.0,12969.76,12574.12,12064.89,55.03,TQQQ_100,"Bull trend confirmed: Price > SMA50 & SMA250, RSI 55.0",126376.45,1263.76,630.39,6158.85
2023-04-25,TQQQ_100,1.0,128666.66,0.0,10619.3642,0.0,12725.11,12582.53,12063.75,45.23,TQQQ_100,"Bull trend confirmed: Price > SMA50 & SMA250, RSI 45.2",118666.66,1186.67,616.61,5805.02
2023-04-26,TQQQ_100,1.0,130811.1,0.0,10619.3642,0.0,12806.48,12588.61,12062.96,48.51,TQQQ_100,"Bull trend confirmed: Price > SMA50 & SMA250, RSI 48.5",120811.1,1208.11,621.19,5903.44
2023-04-27,TQQQ_100,1.0,141380.14,0.0,10619.3642,0.0,13160.03,12599.99,12061.78,59.79,TQQQ_100,"Bull trend confirmed: Price > SMA50 & SMA250, RSI 59.8",131380.14,1313.8,641.1,6388.49
2023-04-28,TQQQ_50,0.5,144239.4,72119.7,5309.6821,0.0,13245.99,12611.15,12063.34,61.98,TQQQ_50,Bearish RSI divergence,134239.4,1342.39,645.94,6519.72
2023-05-01,TQQQ_50,0.5,144061.84,72146.38,5309.6821,0.0,13231.47,12626.93,12063.97,61.37,TQQQ_50,Bearish RSI divergence,134061.84,1340.62,645.12,6500.97
2023-05-02,TQQQ_50,0.5,142156.05,72155.27,5309.6821,0.0,13113.66,12642.04,12064.06,56.54,TQQQ_50,Bearish RSI divergence,132156.05,1321.56,638.49,6325.23
2023-05-03,TQQQ_50,0.5,140786.37,72164.17,5309.6821,0.0,13030.21,12661.44,12062.04,53.34,TQQQ_50,Bearish RSI divergence,130786.37,1307.86,633.79,6198.69
2023-05-04,TQQQ_50,0.5,140029.39,72173.06,5309.6821,0.0,12982.48,12679.77,12062.57,51.54,TQQQ_50,Bearish RSI divergence,130029.39,1300.29,631.1,6128.39
2023-05-05,TQQQ_50,0.5,144199.54,72181.96,5309.6821,0.0,13259.13,12701.35,12064.83,59.96,TQQQ_50,Bearish RSI divergence,134199.54,1342.0,646.68,6510.34
2023-05-08,TQQQ_100,1.0,144813.41,0.0,10590.3973,0.0,13291.64,12727.79,12069.24,60.83,TQQQ_100,"Bull trend confirmed: Price > SMA50 & SMA250, RSI 60.8",134813.41,1348.13,648.51,6564.24
2023-05-09,TQQQ_100,1.0,142012.87,0.0,10590.3973,0.0,13201.11,12750.65,12072.67,57.14,TQQQ_100,"Bull trend confirmed: Price > SMA50 & SMA250, RSI 57.1",132012.87,1320.13,643.41,6435.36
2023-05-10,TQQQ_100,1.0,146595.56,0.0,10590.3973,0.0,13347.83,12776.77,12078.19,61.24,TQQQ_100,"Bull trend confirmed: Price > SMA50 & SMA250, RSI 61.2",136595.56,1365.96,651.68,6646.25
2023-05-11,TQQQ_100,1.0,147817.63,0.0,10590.3973,0.0,13389.78,12805.79,12083.96,62.35,TQQQ_100,"Bull trend confirmed: Price > SMA50 & SMA250, RSI 62.3",137817.63,1378.18,654.04,6702.49
2023-05-12,TQQQ_100,1.0,146290.06,0.0,10590.3973,0.0,13340.18,12831.7,12087.77,60.16,TQQQ_100,"Bull trend confirmed: Price > SMA50 & SMA250, RSI 60.2",136290.06,1362.9,651.25,6632.19
2023-05-15,TQQQ_100,1.0,148530.52,0.0,10590.3973,0.0,13413.51,12854.15,12092.45,62.27,TQQQ_100,"Bull trend confirmed: Price > SMA50 & SMA250, RSI 62.3",138530.52,1385.31,655.38,6735.3
2023-05-16,TQQQ_100,1.0,149090.59,0.0,10590.3973,0.0,13426.01,12876.62,12095.9,62.63,TQQQ_100,"Bull trend confirmed: Price > SMA50 & SMA250, RSI 62.6",139090.59,1390.91,656.08,6761.07
2023-05-17,TQQQ_100,1.0,154437.08,0.0,10590.3973,0.0,13589.26,12905.36,12102.55,67.09,TQQQ_100,"Bull trend confirmed: Price > SMA50 & SMA250, RSI 67.1",144437.08,1444.37,665.27,7007.11
2023-05-18,TQQQ_100,1.0,162736.85,0.0,10590.3973,0.0,13834.62,12937.75,12110.38,72.42,TQQQ_100,"Bull trend confirmed: Price > SMA50 & SMA250, RSI 72.4",152736.85,1527.37,679.09,7389.07
2023-05-19,TQQQ_100,1.0,161616.64,0.0,10590.3973,0.0,13803.49,12973.9,12118.25,70.85,TQQQ_100,"Bull trend confirmed: Price > SMA50 & SMA250, RSI 70.9",151616.64,1516.17,677.34,7337.51
2023-05-22,TQQQ_100,1.0,163296.97,0.0,10590.3973,0.0,13849.74,13014.29,12125.51,71.83,TQQQ_100,"Bull trend confirmed: Price > SMA50 & SMA250, RSI 71.8",153296.97,1532.97,679.94,7414.84
2023-05-23,TQQQ_100,1.0,156983.02,0.0,10590.3973,0.0,13672.54,13049.28,12133.13,63.11,TQQQ_100,"Bull trend confirmed: Price > SMA50 & SMA250, RSI 63.1",146983.02,1469.83,669.96,7124.28
2023-05-24,TQQQ_100,1.0,154437.08,0.0,10590.3973,0.0,13604.48,13077.37,12139.77,60.1,TQQQ_100,"Bull trend confirmed: Price > SMA50 & SMA250, RSI 60.1",144437.08,1444.37,666.13,7007.11
2023-05-25,TQQQ_100,1.0,165588.35,0.0,10590.3973,0.0,13938.53,13111.12,12146.41,68.14,TQQQ_100,"Bull trend confirmed: Price > SMA50 & SMA250, RSI 68.1",155588.35,1555.88,684.94,7520.29
2023-05-26,TQQQ_100,1.0,178114.38,0.0,10590.3973,0.0,14298.41,13145.46,12152.88,74.19,TQQQ_100,"Bull trend confirmed: Price > SMA50 & SMA250, RSI 74.2",168114.38,1681.14,705.21,8096.73
2023-05-30,TQQQ_100,1.0,180609.43,0.0,10590.3973,0.0,14354.99,13182.16,12159.73,74.99,TQQQ_100,"Bull trend confirmed: Price > SMA50 & SMA250, RSI 75.0",170609.43,1706.09,708.39,8211.55
2023-05-31,TQQQ_100,1.0,176943.25,0.0,10590.3973,0.0,14254.09,13215.99,12166.56,70.76,TQQQ_100,"Bull trend confirmed: Price > SMA50 & SMA250, RSI 70.8",166943.25,1669.43,702.71,8042.84
2023-06-01,TQQQ_100,1.0,183359.02,0.0,10590.3973,0.0,14441.51,13249.99,12172.75,73.72,TQQQ_100,"Bull trend confirmed: Price > SMA50 & SMA250, RSI 73.7",173359.02,1733.59,713.27,8338.09
2023-06-02,TQQQ_30,0.3,187483.47,131238.43,3177.1192,0.0,14546.64,13289.58,12180.75,75.24,TQQQ_30,Overbought: RSI 75.2 >= 75,177483.47,1774.83,719.19,8527.89
2023-06-05,TQQQ_30,0.3,187654.21,131286.97,3177.1192,0.0,14556.5,13326.12,12188.57,75.38,TQQQ_30,Overbought: RSI 75.4 >= 75,177654.21,1776.54,719.74,8546.64
2023-06-06,TQQQ_30,0.3,187609.29,131303.16,3177.1192,0.0,14558.09,13361.95,12195.96,75.41,TQQQ_30,Overbought: RSI 75.4 >= 75,177609.29,1776.09,719.83,8537.26
2023-06-07,TQQQ_30,0.3,184753.66,131319.34,3177.1192,0.0,14303.29,13394.55,12202.71,64.26,TQQQ_30,Overbought trim active,174753.66,1747.54,705.48,8096.73
2023-06-08,TQQQ_30,0.3,186602.93,131335.53,3177.1192,0.0,14484.54,13432.03,12211.57,67.9,TQQQ_30,Overbought trim active,176602.93,1766.03,715.69,8377.92
2023-06-09,TQQQ_30,0.3,187291.25,131351.73,3177.1192,0.0,14528.36,13465.68,12222.35,68.73,TQQQ_30,Overbought trim active,177291.25,1772.91,718.16,8481.03
2023-06-12,TQQQ_30,0.3,190196.4,131400.31,3177.1192,0.0,14784.3,13502.1,12236.34,73.09,TQQQ_30,Overbought trim active,180196.4,1801.96,732.57,8919.22
2023-06-13,TQQQ_30,0.3,191526.28,131416.51,3177.1192,0.0,14900.85,13536.49,12250.69,74.82,TQQQ_30,Overbought trim active,181526.28,1815.26,739.13,9120.73
2023-06-14,TQQQ_30,0.3,192825.64,131432.71,3177.1192,0.0,15005.69,13573.64,12264.34,76.29,TQQQ_30,Overbought: RSI 76.3 >= 75,182825.64,1828.26,745.04,9317.57
2023-06-15,TQQQ_30,0.3,194995.71,131448.91,3177.1192,0.0,15185.48,13615.34,12280.57,78.6,TQQQ_30,Overbought: RSI 78.6 >= 75,184995.71,1849.96,755.16,9647.97
2023-06-16,TQQQ_30,0.3,193789.86,131465.12,3177.1192,0.0,15083.92,13657.68,12295.84,74.2,TQQQ_30,Overbought trim active,183789.86,1837.9,749.44,9460.51
2023-06-20,TQQQ_30,0.3,193549.19,131529.95,3177.1192,0.0,15070.15,13697.83,12309.94,73.6,TQQQ_30,Overbought trim active,183549.19,1835.49,748.67,9413.64
2023-06-21,TQQQ_30,0.3,191079.87,131546.17,3177.1192,0.0,14867.45,13734.15,12323.3,65.22,TQQQ_30,Overbought trim active,181079.87,1810.8,737.25,9032.37
2023-06-22,TQQQ_30,0.3,193072.87,131562.39,3177.1192,0.0,15042.32,13775.72,12336.68,68.55,TQQQ_30,Overbought trim active,183072.87,1830.73,747.1,9335.6
2023-06-23,TQQQ_30,0.3,191265.55,131578.61,3177.1192,0.0,14891.48,13816.58,12347.82,62.95,TQQQ_30,Overbought trim active,181265.55,1812.66,738.61,9055.87
2023-06-26,TQQQ_30,0.3,188954.31,131627.27,3177.1192,0.0,14689.02,13848.17,12358.54,56.31,TQQQ_30,Overbought trim active,178954.31,1789.54,727.21,8693.87
2023-06-27,TQQQ_100,1.0,191805.47,0.0,10129.1366,0.0,14945.91,13885.5,12371.77,61.82,TQQQ_100,"Bull trend confirmed: Price > SMA50 & SMA250, RSI 61.8",181805.47,1818.05,741.67,9128.74
2023-06-28,TQQQ_100,1.0,192978.01,0.0,10129.1366,0.0,14964.57,13923.04,12385.0,62.19,TQQQ_100,"Bull trend confirmed: Price > SMA50 & SMA250, RSI 62.2",182978.01,1829.78,742.72,9185.16
2023-06-29,TQQQ_100,1.0,191658.91,0.0,10129.1366,0.0,14939.95,13960.0,12398.74,61.34,TQQQ_100,"Bull trend confirmed: Price > SMA50 & SMA250, RSI 61.3",181658.91,1816.59,741.34,9121.69
2023-06-30,TQQQ_100,1.0,200306.3,0.0,10129.1366,0.0,15179.21,14001.81,12413.12,66.18,TQQQ_100,"Bull trend confirmed: Price > SMA50 & SMA250, RSI 66.2",190306.3,1903.06,754.81,9537.76
2023-07-03,TQQQ_50,0.5,201674.24,100837.12,5064.5683,0.0,15208.69,14046.26,12426.83,66.73,TQQQ_50,Bearish RSI divergence,191674.24,1916.74,756.47,9603.58
2023-07-05,TQQQ_50,0.5,201625.83,100861.98,5064.5683,0.0,15203.78,14090.32,12440.24,66.54,TQQQ_50,Bearish RSI divergence,191625.83,1916.26,756.19,9596.53
2023-07-06,TQQQ_50,0.5,199268.78,100874.42,5064.5683,0.0,15089.45,14132.72,12452.16,61.99,TQQQ_50,Bearish RSI divergence,189268.78,1892.69,749.76,9368.51
2023-07-07,TQQQ_50,0.5,198279.68,100886.85,5064.5683,0.0,15036.85,14178.95,12463.8,59.96,TQQQ_50,Bearish RSI divergence,188279.68,1882.8,746.79,9272.13
2023-07-10,TQQQ_50,0.5,198390.3,100924.17,5064.5683,0.0,15045.64,14223.74,12476.55,60.2,TQQQ_50,Bearish RSI divergence,188390.3,1883.9,747.29,9279.19
2023-07-11,TQQQ_50,0.5,199795.11,100936.61,5064.5683,0.0,15119.06,14262.92,12490.04,62.19,TQQQ_50,Bearish RSI divergence,189795.11,1897.95,751.42,9413.18
2023-07-12,TQQQ_50,0.5,203471.69,100949.06,5064.5683,0.0,15307.23,14304.14,12504.36,66.78,TQQQ_50,Bearish RSI divergence,193471.69,1934.72,762.02,9765.78
2023-07-13,TQQQ_50,0.5,208589.49,100961.5,5064.5683,0.0,15571.98,14350.95,12519.57,71.94,TQQQ_50,Bearish RSI divergence,198589.49,1985.89,776.93,10257.07
2023-07-14,TQQQ_50,0.5,208504.23,100973.95,5064.5683,0.0,15565.6,14399.99,12533.9,71.65,TQQQ_50,Bearish RSI divergence,198504.23,1985.04,776.57,10247.66
2023-07-17,TQQQ_100,1.0,211521.73,0.0,9693.8018,0.0,15713.28,14453.65,12549.24,74.23,TQQQ_100,"Bull trend confirmed: Price > SMA50 & SMA250, RSI 74.2",201521.73,2015.22,784.89,10534.45
2023-07-18,TQQQ_30,0.3,216571.31,151599.92,2908.1405,0.0,15841.35,14510.83,12563.61,76.25,TQQQ_30,Overbought: RSI 76.2 >= 75,206571.31,2065.71,792.1,10788.32
2023-07-19,TQQQ_30,0.3,216590.0,151618.61,2908.1405,0.0,15826.35,14562.17,12577.16,75.5,TQQQ_30,Overbought: RSI 75.5 >= 75,206590.0,2065.9,791.25,10788.32
2023-07-20,TQQQ_30,0.3,212050.04,151637.3,2908.1405,0.0,15466.09,14605.66,12588.54,60.26,TQQQ_30,Overbought trim active,202050.04,2020.5,770.97,10024.35
2023-07-21,TQQQ_30,0.3,211535.73,151656.0,2908.1405,0.0,15425.67,14650.15,12600.66,58.82,TQQQ_30,Overbought trim active,201535.73,2015.36,768.69,9935.02
2023-07-24,TQQQ_30,0.3,211830.28,151712.09,2908.1405,0.0,15448.02,14692.16,12613.14,59.4,TQQQ_30,Overbought trim active,201830.28,2018.3,769.95,9974.99
2023-07-25,TQQQ_100,1.0,213055.27,0.0,10103.5454,0.0,15561.42,14735.59,12627.04,62.28,TQQQ_100,"Bull trend confirmed: Price > SMA50 & SMA250, RSI 62.3",203055.27,2030.55,776.33,10177.14
2023-07-26,TQQQ_100,1.0,210862.37,0.0,10103.5454,0.0,15499.26,14778.77,12638.63,59.78,TQQQ_100,"Bull trend confirmed: Price > SMA50 & SMA250, RSI 59.8",200862.37,2008.62,772.83,10071.37
2023-07-27,TQQQ_100,1.0,209059.26,0.0,10103.5454,0.0,15464.93,14819.8,12649.62,58.38,TQQQ_100,"Bull trend confirmed: Price > SMA50 & SMA250, RSI 58.4",199059.26,1990.59,770.9,9984.39
2023-07-28,TQQQ_100,1.0,220365.07,0.0,10103.5454,0.0,15750.93,14866.3,12660.83,65.59,TQQQ_100,"Bull trend confirmed: Price > SMA50 & SMA250, RSI 65.6",210365.07,2103.65,787.01,10529.75
2023-07-31,TQQQ_100,1.0,220803.56,0.0,10103.5454,0.0,15757.0,14909.65,12672.09,65.73,TQQQ_100,"Bull trend confirmed: Price > SMA50 & SMA250, RSI 65.7",210803.56,2108.04,787.35,10550.9
2023-08-01,TQQQ_100,1.0,219098.0,0.0,10103.5454,0.0,15718.01,14947.32,12683.36,63.98,TQQQ_100,"Bull trend confirmed: Price > SMA50 & SMA250, RSI 64.0",209098.0,2090.98,785.15,10468.63
2023-08-02,TQQQ_100,1.0,204770.89,0.0,10103.5454,0.0,15370.74,14978.67,12691.83,50.99,TQQQ_100,"Bull trend confirmed: Price > SMA50 & SMA250, RSI 51.0",194770.89,1947.71,765.6,9777.53
2023-08-03,TQQQ_100,1.0,203308.9,0.0,10103.5454,0.0,15353.54,15008.74,12700.0,50.44,TQQQ_100,"Bull trend confirmed: Price > SMA50 & SMA250, RSI 50.4",193308.9,1933.09,764.63,9707.01
2023-08-04,TQQQ_100,1.0,200482.44,0.0,10103.5454,0.0,15274.92,15040.79,12708.27,47.92,TQQQ_100,"Bull trend confirmed: Price > SMA50 & SMA250, RSI 47.9",190482.44,1904.82,760.2,9570.67
2023-08-07,TQQQ_100,1.0,205453.12,0.0,10103.5454,0.0,15407.85,15076.86,12717.26,52.27,TQQQ_100,"Bull trend confirmed: Price > SMA50 & SMA250, RSI 52.3",195453.12,1954.53,767.69,9810.44
2023-08-08,TQQQ_100,1.0,200190.06,0.0,10103.5454,0.0,15273.05,15103.55,12726.32,47.9,TQQQ_100,"Bull trend confirmed: Price > SMA50 & SMA250, RSI 47.9",190190.06,1901.9,760.09,9556.57
2023-08-09,CASH,0.0,193513.82,193513.82,0.0,0.0,15101.71,15119.61,12733.22,42.98,CASH,Clean exit: NDX 15101.7 broke below SMA50 (15119.6),183513.82,1835.14,750.45,9234.52
2023-08-10,CASH,0.0,193537.68,193537.68,0.0,0.0,15128.84,15135.09,12740.56,43.96,CASH,Clean exit: NDX 15128.8 broke below SMA50 (15135.1),183537.68,1835.38,751.97,9276.84
2023-08-11,CASH,0.0,193561.54,193561.54,0.0,0.0,15028.07,15150.57,12746.41,41.13,CASH,Clean exit: NDX 15028.1 broke below SMA50 (15150.6),183561.54,1835.62,746.3,9088.78
2023-08-14,CASH,0.0,193633.13,193633.13,0.0,0.0,15205.59,15165.85,12752.57,47.54,CASH,1% confirmation buffer: NDX 15205.6 <= threshold (15317.5),183633.13,1836.33,756.3,9394.37
2023-08-15,CASH,0.0,193657.0,193657.0,0.0,0.0,15037.65,15175.67,12758.17,42.79,CASH,Clean exit: NDX 15037.7 broke below SMA50 (15175.7),183657.0,1836.57,746.84,9102.89
2023-08-16,CASH,0.0,193680.88,193680.88,0.0,0.0,14876.47,15182.07,12763.8,38.79,CASH,Clean exit: NDX 14876.5 broke below SMA50 (15182.1),183680.88,1836.81,737.76,8797.3
2023-08-17,CASH,0.0,193704.76,193704.76,0.0,0.0,14715.81,15185.23,12768.64,35.24,CASH,Clean exit: NDX 14715.8 broke below SMA50 (15185.2),183704.76,1837.05,728.71,8496.41
2023-08-18,CASH,0.0,193728.64,193728.64,0.0,0.0,14694.84,15193.06,12774.44,34.8,CASH,Clean exit: NDX 14694.8 broke below SMA50 (15193.1),183728.64,1837.29,727.53,8456.45
2023-08-21,CASH,0.0,193800.29,193800.29,0.0,0.0,14936.69,15202.1,12782.63,43.66,CASH,Clean exit: NDX 14936.7 broke below SMA50 (15202.1),183800.29,1838.0,741.15,8870.17
2023-08-22,CASH,0.0,193824.19,193824.19,0.0,0.0,14908.96,15209.71,12790.74,42.94,CASH,Clean exit: NDX 14909.0 broke below SMA50 (15209.7),183824.19,1838.24,739.59,8830.21
2023-08-23,CASH,0.0,193848.08,193848.08,0.0,0.0,15148.06,15216.99,12799.66,50.53,CASH,Clean exit: NDX 15148.1 broke below SMA50 (15217.0),183848.08,1838.48,753.06,9250.98
2023-08-24,CASH,0.0,193871.98,193871.98,0.0,0.0,14816.44,15215.3,12806.35,42.16,CASH,Clean exit: NDX 14816.4 broke below SMA50 (15215.3),183871.98,1838.72,734.38,8635.1
2023-08-25,CASH,0.0,193895.88,193895.88,0.0,0.0,14941.83,15214.02,12815.7,45.81,CASH,Clean exit: NDX 14941.8 broke below SMA50 (15214.0),183895.88,1838.96,741.44,8841.96
2023-08-28,CASH,0.0,193967.6,193967.6,0.0,0.0,15052.46,15211.36,12825.97,48.88,CASH,Clean exit: NDX 15052.5 broke below SMA50 (15211.4),183967.6,1839.68,747.67,9041.77
2023-08-29,TQQQ_100,1.0,193991.51,0.0,9722.0733,0.0,15376.55,15217.21,12838.1,56.63,TQQQ_100,"Bull trend confirmed: Price > SMA50 & SMA250, RSI 56.6",183991.51,1839.92,765.92,9624.74
2023-08-30,TQQQ_100,1.0,197227.05,0.0,9722.0733,0.0,15462.43,15225.06,12850.87,58.43,TQQQ_100,"Bull trend confirmed: Price > SMA50 & SMA250, RSI 58.4",187227.05,1872.27,770.76,9786.93
2023-08-31,TQQQ_100,1.0,199008.92,0.0,9722.0733,0.0,15501.07,15237.73,12863.77,59.25,TQQQ_100,"Bull trend confirmed: Price > SMA50 & SMA250, RSI 59.2",189008.92,1890.09,772.94,9876.26
2023-09-01,TQQQ_100,1.0,198305.57,0.0,9722.0733,0.0,15490.86,15246.7,12877.34,58.92,TQQQ_100,"Bull trend confirmed: Price > SMA50 & SMA250, RSI 58.9",188305.57,1883.06,772.36,9841.0
2023-09-05,TQQQ_100,1.0,198821.38,0.0,9722.0733,0.0,15508.24,15259.04,12891.33,59.33,TQQQ_100,"Bull trend confirmed: Price > SMA50 & SMA250, RSI 59.3",188821.38,1888.21,773.34,9866.86
2023-09-06,TQQQ_100,1.0,193569.48,0.0,9722.0733,0.0,15371.44,15272.69,12903.78,54.65,TQQQ_100,"Bull trend confirmed: Price > SMA50 & SMA250, RSI 54.6",183569.48,1835.69,765.64,9603.58
2023-09-07,CASH,0.0,189349.18,189349.18,0.0,0.0,15258.52,15278.94,12915.53,51.06,CASH,Clean exit: NDX 15258.5 broke below SMA50 (15278.9),179349.18,1793.49,759.28,9392.02
2023-09-08,CASH,0.0,189372.52,189372.52,0.0,0.0,15280.23,15285.25,12926.29,51.72,CASH,Clean exit: NDX 15280.2 broke below SMA50 (15285.3),179372.52,1793.73,760.5,9420.23
2023-09-11,TQQQ_100,1.0,189442.56,0.0,9378.4833,0.0,15461.87,15295.69,12937.18,56.92,TQQQ_100,"Bull trend confirmed: Price > SMA50 & SMA250, RSI 56.9",179442.56,1794.43,770.73,9744.62
2023-09-12,CASH,0.0,183381.18,183381.18,0.0,0.0,15289.74,15297.9,12950.21,51.28,CASH,Clean exit: NDX 15289.7 broke below SMA50 (15297.9),173381.18,1733.81,761.03,9429.63
2023-09-13,CASH,0.0,183403.79,183403.79,0.0,0.0,15348.53,15300.7,12963.06,53.0,CASH,1% confirmation buffer: NDX 15348.5 <= threshold (15453.7),173403.79,1734.04,764.35,9523.66
2023-09-14,TQQQ_100,1.0,183426.4,0.0,9076.3144,0.0,15473.89,15306.1,12977.25,56.51,TQQQ_100,"Bull trend confirmed: Price > SMA50 & SMA250, RSI 56.5",173426.4,1734.26,771.41,9749.32
2023-09-15,CASH,0.0,174014.36,174014.36,0.0,0.0,15202.4,15308.36,12990.61,48.12,CASH,Clean exit: NDX 15202.4 broke below SMA50 (15308.4),164014.36,1640.14,756.12,9243.93
2023-09-18,CASH,0.0,174078.72,174078.72,0.0,0.0,15225.37,15312.13,13003.7,48.81,CASH,Clean exit: NDX 15225.4 broke below SMA50 (15312.1),164078.72,1640.79,757.41,9265.08
2023-09-19,CASH,0.0,174100.19,174100.19,0.0,0.0,15191.23,15315.04,13017.06,47.79,CASH,Clean exit: NDX 15191.2 broke below SMA50 (15315.0),164100.19,1641.0,755.49,9208.67
2023-09-20,CASH,0.0,174121.65,174121.65,0.0,0.0,14969.92,15312.06,13030.39,41.71,CASH,Clean exit: NDX 14969.9 broke below SMA50 (15312.1),164121.65,1641.22,743.02,8805.05
2023-09-21,CASH,0.0,174143.12,174143.12,0.0,0.0,14694.24,15299.8,13043.16,35.62,CASH,Clean exit: NDX 14694.2 broke below SMA50 (15299.8),164143.12,1641.43,727.5,8297.87
2023-09-22,CASH,0.0,174164.59,174164.59,0.0,0.0,14701.1,15282.38,13056.72,35.87,CASH,Clean exit: NDX 14701.1 broke below SMA50 (15282.4),164164.59,1641.65,727.89,8304.95
2023-09-25,CASH,0.0,174229.0,174229.0,0.0,0.0,14768.9,15266.45,13070.78,38.43,CASH,Clean exit: NDX 14768.9 broke below SMA50 (15266.4),164229.0,1642.29,731.7,8415.82
2023-09-26,CASH,0.0,174250.48,174250.48,0.0,0.0,14545.83,15243.1,13083.87,33.68,CASH,Clean exit: NDX 14545.8 broke below SMA50 (15243.1),164250.48,1642.5,719.14,8036.03
2023-09-27,CASH,0.0,174271.97,174271.97,0.0,0.0,14580.16,15217.87,13096.22,35.01,CASH,Clean exit: NDX 14580.2 broke below SMA50 (15217.9),164271.97,1642.72,721.08,8085.57
2023-09-28,CASH,0.0,174293.45,174293.45,0.0,0.0,14702.77,15195.4,13110.37,39.67,CASH,Clean exit: NDX 14702.8 broke below SMA50 (15195.4),164293.45,1642.93,727.98,8283.72
2023-09-29,CASH,0.0,174314.94,174314.94,0.0,0.0,14715.24,15180.39,13125.35,40.14,CASH,Clean exit: NDX 14715.2 broke below SMA50 (15180.4),164314.94,1643.15,728.68,8302.59
2023-10-02,CASH,0.0,174379.41,174379.41,0.0,0.0,14837.57,15168.62,13139.78,44.69,CASH,Clean exit: NDX 14837.6 broke below SMA50 (15168.6),164379.41,1643.79,735.57,8503.11
2023-10-03,CASH,0.0,174400.91,174400.91,0.0,0.0,14565.62,15150.98,13151.71,37.81,CASH,Clean exit: NDX 14565.6 broke below SMA50 (15151.0),164400.91,1644.01,720.26,8047.82
2023-10-04,CASH,0.0,174422.41,174422.41,0.0,0.0,14776.25,15135.27,13164.52,44.89,CASH,Clean exit: NDX 14776.2 broke below SMA50 (15135.3),164422.41,1644.22,732.12,8378.08
2023-10-05,CASH,0.0,174443.92,174443.92,0.0,0.0,14723.22,15119.75,13177.47,43.54,CASH,Clean exit: NDX 14723.2 broke below SMA50 (15119.8),164443.92,1644.44,729.13,8288.44
2023-10-06,CASH,0.0,174465.42,174465.42,0.0,0.0,14973.24,15109.92,13193.21,50.99,CASH,Clean exit: NDX 14973.2 broke below SMA50 (15109.9),164465.42,1644.65,743.21,8710.69
2023-10-09,CASH,0.0,174529.95,174529.95,0.0,0.0,15047.15,15095.84,13209.69,52.97,CASH,Clean exit: NDX 15047.2 broke below SMA50 (15095.8),164529.95,1645.3,747.37,8840.43
2023-10-10,CASH,0.0,174551.47,174551.47,0.0,0.0,15131.52,15083.33,13227.05,55.19,CASH,1% confirmation buffer: NDX 15131.5 <= threshold (15234.2),164551.47,1645.51,752.12,8986.69
2023-10-11,TQQQ_100,1.0,174572.99,0.0,9168.0556,0.0,15241.12,15073.79,13244.87,57.96,TQQQ_100,"Bull trend confirmed: Price > SMA50 & SMA250, RSI 58.0",164572.99,1645.73,758.3,9180.12
2023-10-12,TQQQ_100,1.0,172531.72,0.0,9168.0556,0.0,15184.1,15070.06,13261.48,56.02,TQQQ_100,"Bull trend confirmed: Price > SMA50 & SMA250, RSI 56.0",162531.72,1625.32,755.09,9071.61
2023-10-13,CASH,0.0,166008.52,166008.52,0.0,0.0,14995.12,15062.89,13278.69,50.03,CASH,Clean exit: NDX 14995.1 broke below SMA50 (15062.9),156008.52,1560.09,744.44,8724.85
2023-10-16,CASH,0.0,166069.92,166069.92,0.0,0.0,15172.73,15060.85,13295.13,54.91,CASH,1% confirmation buffer: NDX 15172.7 <= threshold (15211.5),156069.92,1560.7,754.45,9022.07
2023-10-17,CASH,0.0,166090.4,166090.4,0.0,0.0,15122.01,15055.13,13311.03,53.31,CASH,1% confirmation buffer: NDX 15122.0 <= threshold (15205.7),156090.4,1560.9,751.59,8934.79
2023-10-18,CASH,0.0,166110.87,166110.87,0.0,0.0,14909.26,15047.86,13326.25,47.1,CASH,Clean exit: NDX 14909.3 broke below SMA50 (15047.9),156110.87,1561.11,739.61,8552.64
2023-10-19,CASH,0.0,166131.35,166131.35,0.0,0.0,14783.13,15041.49,13341.19,43.84,CASH,Clean exit: NDX 14783.1 broke below SMA50 (15041.5),156131.35,1561.31,732.51,8321.46
2023-10-20,CASH,0.0,166151.84,166151.84,0.0,0.0,14560.88,15030.13,13354.2,38.76,CASH,Clean exit: NDX 14560.9 broke below SMA50 (15030.1),156151.84,1561.52,719.99,7941.67
2023-10-23,CASH,0.0,166213.29,166213.29,0.0,0.0,14604.85,15021.66,13366.9,40.23,CASH,Clean exit: NDX 14604.8 broke below SMA50 (15021.7),156213.29,1562.13,722.47,8012.44
2023-10-24,CASH,0.0,166233.78,166233.78,0.0,0.0,14745.86,15012.47,13379.2,44.83,CASH,Clean exit: NDX 14745.9 broke below SMA50 (15012.5),156233.78,1562.34,730.41,8241.26
2023-10-25,CASH,0.0,166254.28,166254.28,0.0,0.0,14381.64,14999.35,13391.1,36.93,CASH,Clean exit: NDX 14381.6 broke below SMA50 (14999.3),156254.28,1562.54,709.9,7630.29
2023-10-26,CASH,0.0,166274.77,166274.77,0.0,0.0,14109.57,14984.01,13402.77,32.34,CASH,Clean exit: NDX 14109.6 broke below SMA50 (14984.0),156274.77,1562.75,694.57,7179.73
2023-10-27,CASH,0.0,166295.27,166295.27,0.0,0.0,14180.42,14973.3,13413.31,34.62,CASH,Clean exit: NDX 14180.4 broke below SMA50 (14973.3),156295.27,1562.95,698.56,7283.52
2023-10-30,CASH,0.0,166356.78,166356.78,0.0,0.0,14335.51,14966.11,13425.03,39.43,CASH,Clean exit: NDX 14335.5 broke below SMA50 (14966.1),156356.78,1563.57,707.3,7521.78
2023-10-31,CASH,0.0,166377.29,166377.29,0.0,0.0,14409.78,14955.58,13437.51,41.64,CASH,Clean exit: NDX 14409.8 broke below SMA50 (14955.6),156377.29,1563.77,711.48,7632.65
2023-11-01,CASH,0.0,166397.8,166397.8,0.0,0.0,14664.91,14950.7,13452.55,48.59,CASH,Clean exit: NDX 14664.9 broke below SMA50 (14950.7),156397.8,1563.98,725.85,8031.31
2023-11-02,CASH,0.0,166418.32,166418.32,0.0,0.0,14919.55,14946.13,13469.46,54.42,CASH,Clean exit: NDX 14919.5 broke below SMA50 (14946.1),156418.32,1564.18,740.19,8463.0
2023-11-03,CASH,0.0,166438.83,166438.83,0.0,0.0,15099.49,14951.79,13486.43,58.04,CASH,1% confirmation buffer: NDX 15099.5 <= threshold (15101.3),156438.83,1564.39,750.32,8764.95
2023-11-06,TQQQ_100,1.0,166500.39,0.0,9050.0706,0.0,15154.93,14956.05,13503.15,59.12,TQQQ_100,"Bull trend confirmed: Price > SMA50 & SMA250, RSI 59.1",156500.39,1565.0,753.44,8866.38
2023-11-07,TQQQ_100,1.0,171187.45,0.0,9050.0706,0.0,15296.02,14960.92,13520.09,61.81,TQQQ_100,"Bull trend confirmed: Price > SMA50 & SMA250, RSI 61.8",161187.45,1611.87,761.39,9118.79
2023-11-08,TQQQ_100,1.0,171494.1,0.0,9050.0706,0.0,15313.24,14959.65,13538.15,62.13,TQQQ_100,"Bull trend confirmed: Price > SMA50 & SMA250, RSI 62.1",161494.1,1614.94,762.36,9135.3
2023-11-09,TQQQ_100,1.0,167420.28,0.0,9050.0706,0.0,15187.9,14954.16,13552.48,58.22,TQQQ_100,"Bull trend confirmed: Price > SMA50 & SMA250, RSI 58.2",157420.28,1574.2,755.3,8915.92
2023-11-10,TQQQ_100,1.0,178590.39,0.0,9050.0706,0.0,15529.12,14954.72,13567.33,64.73,TQQQ_100,"Bull trend confirmed: Price > SMA50 & SMA250, RSI 64.7",168590.39,1685.9,774.52,9517.45
2023-11-13,TQQQ_100,1.0,176969.63,0.0,9050.0706,0.0,15482.79,14954.56,13582.46,63.29,TQQQ_100,"Bull trend confirmed: Price > SMA50 & SMA250, RSI 63.3",166969.63,1669.7,771.91,9430.17
2023-11-14,TQQQ_100,1.0,188095.96,0.0,9050.0706,0.0,15812.47,14960.65,13598.22,68.64,TQQQ_100,"Bull trend confirmed: Price > SMA50 & SMA250, RSI 68.6",178095.96,1780.96,790.47,10029.35
2023-11-15,TQQQ_100,1.0,188621.6,0.0,9050.0706,0.0,15817.18,14969.56,13614.7,68.71,TQQQ_100,"Bull trend confirmed: Price > SMA50 & SMA250, RSI 68.7",178621.6,1786.22,790.74,10057.65
2023-11-16,TQQQ_100,1.0,188928.23,0.0,9050.0706,0.0,15833.17,14981.05,13631.32,68.97,TQQQ_100,"Bull trend confirmed: Price > SMA50 & SMA250, RSI 69.0",178928.23,1789.28,791.64,10074.17
2023-11-17,TQQQ_100,1.0,189059.63,0.0,9050.0706,0.0,15837.99,14992.21,13647.96,69.05,TQQQ_100,"Bull trend confirmed: Price > SMA50 & SMA250, RSI 69.0",179059.63,1790.6,791.91,10081.24
2023-11-20,TQQQ_100,1.0,195805.51,0.0,9050.0706,0.0,16027.06,15003.51,13665.86,72.14,TQQQ_100,"Bull trend confirmed: Price > SMA50 & SMA250, RSI 72.1",185805.51,1858.06,802.56,10444.52
2023-11-21,TQQQ_100,1.0,192257.35,0.0,9050.0706,0.0,15933.62,15016.39,13682.69,68.5,TQQQ_100,"Bull trend confirmed: Price > SMA50 & SMA250, RSI 68.5",182257.35,1822.57,797.29,10253.45
2023-11-22,TQQQ_100,1.0,194491.38,0.0,9050.0706,0.0,16001.39,15029.45,13699.34,69.69,TQQQ_100,"Bull trend confirmed: Price > SMA50 & SMA250, RSI 69.7",184491.38,1844.91,801.11,10373.75
2023-11-24,TQQQ_100,1.0,193527.68,0.0,9050.0706,0.0,15982.01,15039.61,13716.25,68.89,TQQQ_100,"Bull trend confirmed: Price > SMA50 & SMA250, RSI 68.9",183527.68,1835.28,800.02,10321.86
2023-11-27,TQQQ_100,1.0,192958.22,0.0,9050.0706,0.0,15961.98,15054.8,13733.75,68.01,TQQQ_100,"Bull trend confirmed: Price > SMA50 & SMA250, RSI 68.0",182958.22,1829.58,798.89,10291.19
2023-11-28,TQQQ_100,1.0,194491.38,0.0,9050.0706,0.0,16010.43,15070.5,13751.77,69.04,TQQQ_100,"Bull trend confirmed: Price > SMA50 & SMA250, RSI 69.0",184491.38,1844.91,801.62,10373.75
2023-11-29,TQQQ_100,1.0,193790.49,0.0,9050.0706,0.0,15987.6,15086.43,13767.6,67.93,TQQQ_100,"Bull trend confirmed: Price > SMA50 & SMA250, RSI 67.9",183790.49,1837.9,800.33,10336.01
2023-11-30,TQQQ_100,1.0,192169.76,0.0,9050.0706,0.0,15947.87,15105.99,13783.23,65.96,TQQQ_100,"Bull trend confirmed: Price > SMA50 & SMA250, RSI 66.0",182169.76,1821.7,798.1,10248.73
2023-12-01,TQQQ_100,1.0,193790.49,0.0,9050.0706,0.0,15997.58,15132.06,13799.24,67.24,TQQQ_100,"Bull trend confirmed: Price > SMA50 & SMA250, RSI 67.2",183790.49,1837.9,800.9,10336.01
2023-12-04,TQQQ_100,1.0,188271.15,0.0,9050.0706,0.0,15839.67,15154.83,13815.45,59.56,TQQQ_100,"Bull trend confirmed: Price > SMA50 & SMA250, RSI 59.6",178271.15,1782.71,792.0,10038.78
2023-12-05,TQQQ_100,1.0,189629.11,0.0,9050.0706,0.0,15877.71,15177.0,13832.76,60.72,TQQQ_100,"Bull trend confirmed: Price > SMA50 & SMA250, RSI 60.7",179629.11,1796.29,794.15,10111.91
2023-12-06,TQQQ_100,1.0,186256.15,0.0,9050.0706,0.0,15788.05,15201.85,13849.93,56.59,TQQQ_100,"Bull trend confirmed: Price > SMA50 & SMA250, RSI 56.6",176256.15,1762.56,789.1,9930.27
2023-12-07,TQQQ_100,1.0,194053.34,0.0,9050.0706,0.0,16022.49,15230.7,13867.47,63.57,TQQQ_100,"Bull trend confirmed: Price > SMA50 & SMA250, RSI 63.6",184053.34,1840.53,802.3,10350.16
2023-12-08,TQQQ_50,0.5,196374.99,98187.5,4525.0353,0.0,16084.69,15258.33,13885.55,65.17,TQQQ_50,Bearish RSI divergence,186374.99,1863.75,805.8,10475.19
2023-12-11,TQQQ_50,0.5,198908.16,98223.81,4525.0353,0.0,16221.73,15288.46,13903.61,68.46,TQQQ_50,Bearish RSI divergence,188908.16,1889.08,813.52,10744.11
2023-12-12,TQQQ_50,0.5,201351.41,98235.92,4525.0353,0.0,16354.25,15318.8,13921.69,71.29,TQQQ_50,Bearish RSI divergence,191351.41,1913.51,820.98,11005.96
2023-12-13,TQQQ_30,0.3,204999.27,143499.49,2606.8895,0.0,16562.37,15358.73,13940.98,75.06,TQQQ_30,Overbought: RSI 75.1 >= 75,194999.27,1949.99,832.7,11397.54
2023-12-14,TQQQ_30,0.3,204916.02,143517.18,2606.8895,0.0,16537.83,15393.96,13961.75,73.83,TQQQ_30,Overbought trim active,194916.02,1949.16,831.32,11378.67
2023-12-15,TQQQ_30,0.3,205665.55,143534.87,2606.8895,0.0,16623.45,15431.97,13983.27,75.35,TQQQ_30,Overbought: RSI 75.4 >= 75,195665.55,1956.66,836.14,11515.49
2023-12-18,TQQQ_30,0.3,207018.29,143587.96,2606.8895,0.0,16729.8,15467.1,14005.85,77.13,TQQQ_30,Overbought: RSI 77.1 >= 75,197018.29,1970.18,842.13,11758.46
2023-12-19,TQQQ_30,0.3,207982.33,143605.67,2606.8895,0.0,16811.85,15502.39,14028.81,78.42,TQQQ_30,Overbought: RSI 78.4 >= 75,197982.33,1979.82,846.75,11935.38
2023-12-20,TQQQ_30,0.3,205139.68,143623.37,2606.8895,0.0,16554.16,15530.85,14050.08,65.83,TQQQ_30,Overbought trim active,195139.68,1951.4,832.24,11400.63
2023-12-21,TQQQ_30,0.3,207197.78,143641.08,2606.8895,0.0,16757.41,15561.17,14073.29,69.93,TQQQ_30,Overbought trim active,197197.78,1971.98,843.69,11782.09
2023-12-22,TQQQ_30,0.3,207468.95,143658.79,2606.8895,0.0,16777.4,15593.04,14096.45,70.31,TQQQ_30,Overbought trim active,197468.95,1974.69,844.81,11829.47
2023-12-26,TQQQ_30,0.3,208705.74,143729.63,2606.8895,0.0,16878.46,15630.71,14120.68,72.21,TQQQ_30,Overbought trim active,198705.74,1987.06,850.5,12047.45
2023-12-27,TQQQ_30,0.3,209065.65,143747.35,2606.8895,0.0,16906.8,15665.39,14145.59,72.74,TQQQ_30,Overbought trim active,199065.65,1990.66,852.1,12111.42
2023-12-28,TQQQ_30,0.3,208918.62,143765.07,2606.8895,0.0,16898.47,15700.92,14169.38,72.3,TQQQ_30,Overbought trim active,198918.62,1989.19,851.63,12080.62
2023-12-29,TQQQ_30,0.3,208036.52,143782.8,2606.8895,0.0,16825.93,15739.25,14192.92,68.47,TQQQ_30,Overbought trim active,198036.52,1980.37,847.54,11912.4
2024-01-02,TQQQ_30,0.3,204850.39,143853.71,2606.8895,0.0,16543.94,15774.47,14215.65,56.04,TQQQ_30,Overbought trim active,194850.39,1948.5,831.66,11303.48
2024-01-03,TQQQ_30,0.3,202916.44,143871.44,2606.8895,0.0,16368.49,15810.62,14237.46,49.97,TQQQ_30,Overbought trim active,192916.44,1929.16,821.78,10938.61
2024-01-04,TQQQ_30,0.3,201945.65,143889.18,2606.8895,0.0,16282.01,15844.16,14259.62,47.25,TQQQ_30,Overbought trim active,191945.65,1919.46,816.91,10753.81
2024-01-05,TQQQ_30,0.3,202178.84,143906.92,2606.8895,0.0,16305.98,15875.36,14280.69,48.09,TQQQ_30,Overbought trim active,192178.84,1921.79,818.26,10794.08
2024-01-08,TQQQ_30,0.3,205742.59,143960.14,2606.8895,0.0,16649.87,15920.73,14302.85,58.37,TQQQ_30,Overbought trim active,195742.59,1957.43,837.63,11450.38
2024-01-09,TQQQ_30,0.3,206165.87,143977.89,2606.8895,0.0,16678.7,15972.11,14324.74,59.1,TQQQ_30,Overbought trim active,196165.87,1961.66,839.25,11526.2
2024-01-10,TQQQ_50,0.5,207412.94,103706.47,4263.0533,0.0,16793.05,16024.36,14346.31,61.96,TQQQ_50,Bearish RSI divergence,197412.94,1974.13,845.69,11756.02
2024-01-11,TQQQ_100,1.0,207923.1,0.0,8506.2816,0.0,16820.9,16074.07,14367.75,62.64,TQQQ_100,"Bull trend confirmed: Price > SMA50 & SMA250, RSI 62.6",197923.1,1979.23,847.26,11812.89
2024-01-12,TQQQ_100,1.0,208171.24,0.0,8506.2816,0.0,16832.92,16122.53,14388.92,62.95,TQQQ_100,"Bull trend confirmed: Price > SMA50 & SMA250, RSI 63.0",198171.24,1981.71,847.94,11827.1
2024-01-16,TQQQ_100,1.0,208047.19,0.0,8506.2816,0.0,16830.71,16165.85,14410.01,62.85,TQQQ_100,"Bull trend confirmed: Price > SMA50 & SMA250, RSI 62.8",198047.19,1980.47,847.81,11820.0
2024-01-17,TQQQ_100,1.0,204449.48,0.0,8506.2816,0.0,16736.28,16202.18,14431.32,58.44,TQQQ_100,"Bull trend confirmed: Price > SMA50 & SMA250, RSI 58.4",194449.48,1944.49,842.5,11613.87
2024-01-18,TQQQ_50,0.5,213216.33,106608.16,4253.1408,0.0,16982.29,16239.84,14454.06,65.27,TQQQ_50,Bearish RSI divergence,203216.33,2032.16,856.35,12116.16
2024-01-19,TQQQ_50,0.5,219391.06,106621.31,4253.1408,0.0,17314.0,16283.02,14476.84,71.96,TQQQ_50,Bearish RSI divergence,209391.06,2093.91,875.03,12822.21
2024-01-22,TQQQ_50,0.5,219885.39,106660.74,4253.1408,0.0,17330.38,16323.71,14498.67,72.25,TQQQ_50,Bearish RSI divergence,209885.39,2098.85,875.95,12874.34
2024-01-23,TQQQ_100,1.0,221242.52,0.0,8213.2048,0.0,17404.21,16365.53,14520.9,73.55,TQQQ_100,"Bull trend confirmed: Price > SMA50 & SMA250, RSI 73.6",211242.52,2112.43,880.11,13028.34
2024-01-24,TQQQ_30,0.3,224875.99,157413.19,2463.9614,0.0,17499.3,16411.76,14543.64,75.17,TQQQ_30,Overbought: RSI 75.2 >= 75,214875.99,2148.76,885.47,13243.95
2024-01-25,TQQQ_30,0.3,225087.05,157432.6,2463.9614,0.0,17516.99,16451.51,14565.5,75.47,TQQQ_30,Overbought: RSI 75.5 >= 75,215087.05,2150.87,886.46,13281.86
2024-01-26,TQQQ_30,0.3,223860.7,157452.01,2463.9614,0.0,17421.01,16490.28,14586.52,70.49,TQQQ_30,Overbought trim active,213860.7,2138.61,881.06,13035.45
2024-01-29,TQQQ_30,0.3,225871.43,157510.25,2463.9614,0.0,17596.27,16525.95,14609.26,73.88,TQQQ_30,Overbought trim active,215871.43,2158.71,890.93,13421.65
2024-01-30,TQQQ_30,0.3,224525.3,157529.66,2463.9614,0.0,17476.71,16559.14,14630.76,68.13,TQQQ_30,Overbought trim active,214525.3,2145.25,884.19,13151.55
2024-01-31,TQQQ_30,0.3,220603.8,157549.09,2463.9614,0.0,17137.24,16585.23,14649.85,55.03,TQQQ_30,Overbought trim active,210603.8,2106.04,865.08,12372.04
2024-02-01,TQQQ_100,1.0,222851.22,0.0,8411.0606,0.0,17344.71,16615.36,14668.02,60.08,TQQQ_100,"Bull trend confirmed: Price > SMA50 & SMA250, RSI 60.1",212851.22,2128.51,876.76,12812.74
2024-02-02,TQQQ_100,1.0,234055.16,0.0,8411.0606,0.0,17642.73,16647.67,14688.3,65.99,TQQQ_100,"Bull trend confirmed: Price > SMA50 & SMA250, RSI 66.0",224055.16,2240.55,893.54,13461.93
2024-02-05,TQQQ_100,1.0,232869.3,0.0,8411.0606,0.0,17613.04,16681.26,14708.89,64.96,TQQQ_100,"Bull trend confirmed: Price > SMA50 & SMA250, RSI 65.0",222869.3,2228.69,891.87,13393.22
2024-02-06,TQQQ_100,1.0,231519.96,0.0,8411.0606,0.0,17572.73,16712.69,14728.27,63.51,TQQQ_100,"Bull trend confirmed: Price > SMA50 & SMA250, RSI 63.5",221519.96,2215.2,889.6,13315.03
2024-02-07,TQQQ_100,1.0,238430.4,0.0,8411.0606,0.0,17755.07,16748.15,14749.31,67.09,TQQQ_100,"Bull trend confirmed: Price > SMA50 & SMA250, RSI 67.1",228430.4,2284.3,899.87,13715.44
2024-02-08,TQQQ_50,0.5,239411.74,119705.87,4205.5303,0.0,17783.17,16784.57,14770.92,67.62,TQQQ_50,Bearish RSI divergence,229411.74,2294.12,901.45,13772.31
2024-02-09,TQQQ_50,0.5,242943.04,119720.63,4205.5303,0.0,17962.41,16823.61,14793.55,70.83,TQQQ_50,Bearish RSI divergence,232943.04,2329.43,911.55,14179.83
2024-02-12,TQQQ_50,0.5,241535.73,119764.91,4205.5303,0.0,17882.66,16861.51,14815.07,67.62,TQQQ_50,Bearish RSI divergence,231535.73,2315.36,907.05,14011.61
2024-02-13,TQQQ_50,0.5,235784.99,119779.68,4205.5303,0.0,17600.42,16894.57,14835.1,57.65,TQQQ_50,Bearish RSI divergence,225784.99,2257.85,891.16,13343.46
2024-02-14,TQQQ_50,0.5,239479.88,119794.44,4205.5303,0.0,17807.63,16930.77,14855.58,62.07,TQQQ_50,Bearish RSI divergence,229479.88,2294.8,902.83,13769.94
2024-02-15,TQQQ_50,0.5,240496.44,119809.21,4205.5303,0.0,17845.72,16970.89,14877.2,62.84,TQQQ_50,Bearish RSI divergence,230496.44,2304.96,904.97,13886.03
2024-02-16,TQQQ_50,0.5,237199.11,119823.98,4205.5303,0.0,17685.98,17007.05,14898.51,57.57,TQQQ_50,Bearish RSI divergence,227199.11,2271.99,895.98,13502.2
2024-02-20,TQQQ_50,0.5,234539.03,119883.07,4205.5303,0.0,17546.1,17042.21,14920.45,53.36,TQQQ_50,Bearish RSI divergence,224539.03,2245.39,888.1,13187.09
2024-02-21,TQQQ_50,0.5,233122.64,119897.86,4205.5303,0.0,17478.91,17071.34,14942.1,51.41,TQQQ_50,Bearish RSI divergence,223122.64,2231.23,884.32,13021.24
2024-02-22,TQQQ_50,0.5,242930.61,119912.64,4205.5303,0.0,18004.7,17109.74,14965.4,62.84,TQQQ_50,Bearish RSI divergence,232930.61,2329.31,913.93,14156.13
2024-02-23,TQQQ_50,0.5,241820.92,119927.42,4205.5303,0.0,17937.61,17144.06,14989.27,60.87,TQQQ_50,Bearish RSI divergence,231820.92,2318.21,910.15,14025.82
2024-02-26,TQQQ_50,0.5,241701.71,119971.78,4205.5303,0.0,17933.33,17175.64,15012.77,60.74,TQQQ_50,Bearish RSI divergence,231701.71,2317.02,909.91,14006.87
2024-02-27,TQQQ_50,0.5,242472.97,119986.57,4205.5303,0.0,17971.05,17203.82,15036.49,61.52,TQQQ_50,Bearish RSI divergence,232472.97,2324.73,912.03,14094.53
2024-02-28,TQQQ_50,0.5,240504.59,120001.36,4205.5303,0.0,17874.5,17230.55,15060.23,58.31,TQQQ_50,Bearish RSI divergence,230504.59,2305.05,906.59,13864.71
2024-02-29,TQQQ_50,0.5,243422.59,120016.16,4205.5303,0.0,18043.85,17258.96,15084.23,62.05,TQQQ_50,Bearish RSI divergence,233422.59,2334.23,916.13,14201.15
2024-03-01,TQQQ_50,0.5,249100.68,120030.95,4205.5303,0.0,18302.91,17290.42,15108.28,66.94,TQQQ_50,Bearish RSI divergence,239100.68,2391.01,930.72,14857.45
2024-03-04,TQQQ_50,0.5,247611.68,120075.35,4205.5303,0.0,18226.48,17318.71,15131.97,64.31,TQQQ_50,Bearish RSI divergence,237611.68,2376.12,926.42,14679.75
2024-03-05,TQQQ_50,0.5,240797.83,120090.15,4205.5303,0.0,17897.87,17345.59,15154.96,54.41,TQQQ_50,Bearish RSI divergence,230797.83,2307.98,907.91,13888.4
2024-03-06,TQQQ_50,0.5,243041.15,120104.96,4205.5303,0.0,18017.57,17370.79,15178.17,57.0,TQQQ_50,Bearish RSI divergence,233041.15,2330.41,914.65,14146.66
2024-03-07,TQQQ_50,0.5,248535.25,120119.76,4205.5303,0.0,18297.99,17401.2,15203.37,62.41,TQQQ_50,Bearish RSI divergence,238535.25,2385.35,930.44,14781.63
2024-03-08,TQQQ_50,0.5,242927.65,120134.57,4205.5303,0.0,18018.45,17424.0,15228.13,54.99,TQQQ_50,Bearish RSI divergence,232927.65,2329.28,914.7,14130.07
2024-03-11,TQQQ_50,0.5,241540.93,120179.01,4205.5303,0.0,17951.69,17444.9,15252.24,53.36,TQQQ_50,Bearish RSI divergence,231540.93,2315.41,910.94,13964.22
2024-03-12,TQQQ_100,1.0,246707.91,0.0,8200.965,0.0,18219.11,17471.31,15276.32,58.65,TQQQ_100,"Bull trend confirmed: Price > SMA50 & SMA250, RSI 58.6",236707.91,2367.08,926.0,14561.29
2024-03-13,TQQQ_100,1.0,240966.81,0.0,8200.965,0.0,18068.47,17496.16,15299.59,54.87,TQQQ_100,"Bull trend confirmed: Price > SMA50 & SMA250, RSI 54.9",230966.81,2309.67,917.52,14220.11
2024-03-14,TQQQ_100,1.0,239013.23,0.0,8200.965,0.0,18014.81,17525.58,15321.32,53.55,TQQQ_100,"Bull trend confirmed: Price > SMA50 & SMA250, RSI 53.6",229013.23,2290.13,914.5,14104.01
2024-03-15,TQQQ_100,1.0,230281.94,0.0,8200.965,0.0,17808.25,17554.37,15342.47,48.69,TQQQ_100,"Bull trend confirmed: Price > SMA50 & SMA250, RSI 48.7",220281.94,2202.82,902.86,13585.13
2024-03-18,TQQQ_100,1.0,236780.56,0.0,8200.965,0.0,17985.01,17588.43,15364.16,52.65,TQQQ_100,"Bull trend confirmed: Price > SMA50 & SMA250, RSI 52.7",226780.56,2267.81,912.82,13971.33
2024-03-19,TQQQ_100,1.0,238415.19,0.0,8200.965,0.0,18032.2,17622.96,15385.33,53.68,TQQQ_100,"Bull trend confirmed: Price > SMA50 & SMA250, RSI 53.7",228415.19,2284.15,915.48,14068.47
2024-03-20,TQQQ_100,1.0,246877.85,0.0,8200.965,0.0,18240.11,17654.76,15408.02,58.01,TQQQ_100,"Bull trend confirmed: Price > SMA50 & SMA250, RSI 58.0",236877.85,2368.78,927.18,14571.39
2024-03-21,TQQQ_50,0.5,250078.88,125039.44,4100.4825,0.0,18320.38,17687.6,15430.38,59.58,TQQQ_50,Bearish RSI divergence,240078.88,2400.79,931.7,14761.62
2024-03-22,TQQQ_50,0.5,250354.36,125054.85,4100.4825,0.0,18339.44,17718.53,15452.67,59.96,TQQQ_50,Bearish RSI divergence,240354.36,2403.54,932.78,14792.53
2024-03-25,TQQQ_50,0.5,249120.23,125101.11,4100.4825,0.0,18277.06,17747.65,15475.09,58.02,TQQQ_50,Bearish RSI divergence,239120.23,2391.2,929.26,14640.35
2024-03-26,TQQQ_50,0.5,247975.26,125116.53,4100.4825,0.0,18210.54,17775.2,15497.49,55.95,TQQQ_50,Bearish RSI divergence,237975.26,2379.75,925.52,14502.43
2024-03-27,TQQQ_50,0.5,249071.04,125131.96,4100.4825,0.0,18280.84,17804.2,15519.23,57.67,TQQQ_50,Bearish RSI divergence,239071.04,2390.71,929.48,14630.83
2024-03-28,TQQQ_50,0.5,248306.23,125147.38,4100.4825,0.0,18254.69,17834.57,15540.39,56.78,TQQQ_50,Bearish RSI divergence,238306.23,2383.06,928.0,14538.1
2024-04-01,TQQQ_50,0.5,249128.18,125209.1,4100.4825,0.0,18293.2,17860.79,15560.84,57.81,TQQQ_50,Bearish RSI divergence,239128.18,2391.28,930.17,14628.46
2024-04-02,TQQQ_50,0.5,245822.56,125224.54,4100.4825,0.0,18121.78,17876.95,15580.73,51.87,TQQQ_50,Bearish RSI divergence,235822.56,2358.23,920.52,14233.73
2024-04-03,TQQQ_50,0.5,246638.25,125239.97,4100.4825,0.0,18160.19,17893.54,15600.98,53.04,TQQQ_50,Bearish RSI divergence,236638.25,2366.38,922.68,14328.84
2024-04-04,CASH,0.0,240931.9,240931.9,0.0,0.0,17878.78,17903.03,15620.62,44.54,CASH,Clean exit: NDX 17878.8 broke below SMA50 (17903.0),230931.9,2309.32,906.84,13648.78
2024-04-05,TQQQ_100,1.0,240961.6,0.0,8250.4782,0.0,18108.46,17915.22,15640.8,51.39,TQQQ_100,"Bull trend confirmed: Price > SMA50 & SMA250, RSI 51.4",230961.6,2309.62,919.77,14133.86
2024-04-08,TQQQ_100,1.0,241122.67,0.0,8250.4782,0.0,18100.19,17926.88,15661.0,51.14,TQQQ_100,"Bull trend confirmed: Price > SMA50 & SMA250, RSI 51.1",231122.67,2311.23,919.3,14143.37
2024-04-09,TQQQ_100,1.0,243618.37,0.0,8250.4782,0.0,18169.9,17941.86,15681.82,53.17,TQQQ_100,"Bull trend confirmed: Price > SMA50 & SMA250, RSI 53.2",233618.37,2336.18,923.23,14290.8
2024-04-10,TQQQ_100,1.0,237217.98,0.0,8250.4782,0.0,18011.66,17950.17,15702.48,48.27,TQQQ_100,"Bull trend confirmed: Price > SMA50 & SMA250, RSI 48.3",227217.98,2272.18,914.32,13912.72
2024-04-11,TQQQ_100,1.0,248368.37,0.0,8250.4782,0.0,18307.98,17966.79,15723.27,56.37,TQQQ_100,"Bull trend confirmed: Price > SMA50 & SMA250, RSI 56.4",238368.37,2383.68,931.01,14571.39
2024-04-12,TQQQ_100,1.0,236372.61,0.0,8250.4782,0.0,18003.49,17984.12,15742.97,48.05,TQQQ_100,"Bull trend confirmed: Price > SMA50 & SMA250, RSI 48.0",226372.61,2263.73,913.86,13862.78
2024-04-15,CASH,0.0,224497.64,224497.64,0.0,0.0,17706.83,17991.36,15761.44,41.6,CASH,Clean exit: NDX 17706.8 broke below SMA50 (17991.4),214497.64,2144.98,897.15,13161.32
2024-04-16,CASH,0.0,224525.32,224525.32,0.0,0.0,17713.66,17992.78,15779.93,41.8,CASH,Clean exit: NDX 17713.7 broke below SMA50 (17992.8),214525.32,2145.25,897.54,13163.69
2024-04-17,CASH,0.0,224553.0,224553.0,0.0,0.0,17493.62,17990.39,15797.55,37.48,CASH,Clean exit: NDX 17493.6 broke below SMA50 (17990.4),214553.0,2145.53,885.15,12671.48
2024-04-18,CASH,0.0,224580.69,224580.69,0.0,0.0,17394.31,17986.82,15815.18,35.69,CASH,Clean exit: NDX 17394.3 broke below SMA50 (17986.8),214580.69,2145.81,879.55,12443.2
2024-04-19,CASH,0.0,224608.38,224608.38,0.0,0.0,17037.65,17972.47,15831.33,30.13,CASH,Clean exit: NDX 17037.7 broke below SMA50 (17972.5),214608.38,2146.08,859.47,11665.64
2024-04-22,CASH,0.0,224691.45,224691.45,0.0,0.0,17210.89,17961.03,15848.3,35.4,CASH,Clean exit: NDX 17210.9 broke below SMA50 (17961.0),214691.45,2146.91,869.22,12008.06
2024-04-23,CASH,0.0,224719.15,224719.15,0.0,0.0,17471.47,17951.21,15867.28,42.43,CASH,Clean exit: NDX 17471.5 broke below SMA50 (17951.2),214719.15,2147.19,883.9,12547.83
2024-04-24,CASH,0.0,224746.86,224746.86,0.0,0.0,17526.8,17944.09,15886.16,43.83,CASH,Clean exit: NDX 17526.8 broke below SMA50 (17944.1),214746.86,2147.47,887.01,12671.48
2024-04-25,CASH,0.0,224774.56,224774.56,0.0,0.0,17430.5,17940.69,15903.24,41.92,CASH,Clean exit: NDX 17430.5 broke below SMA50 (17940.7),214774.56,2147.75,881.59,12466.98
2024-04-26,CASH,0.0,224802.28,224802.28,0.0,0.0,17718.3,17938.91,15921.13,49.06,CASH,Clean exit: NDX 17718.3 broke below SMA50 (17938.9),214802.28,2148.02,897.8,13044.8
2024-04-29,CASH,0.0,224885.42,224885.42,0.0,0.0,17782.72,17937.65,15939.34,50.52,CASH,Clean exit: NDX 17782.7 broke below SMA50 (17937.6),214885.42,2148.85,901.43,13201.74
2024-04-30,CASH,0.0,224913.15,224913.15,0.0,0.0,17440.69,17932.74,15956.65,43.38,CASH,Clean exit: NDX 17440.7 broke below SMA50 (17932.7),214913.15,2149.13,882.16,12440.83
2024-05-01,CASH,0.0,224940.88,224940.88,0.0,0.0,17318.55,17928.19,15973.8,41.15,CASH,Clean exit: NDX 17318.6 broke below SMA50 (17928.2),214940.88,2149.41,875.29,12169.75
2024-05-02,CASH,0.0,224968.61,224968.61,0.0,0.0,17541.54,17929.44,15992.04,46.56,CASH,Clean exit: NDX 17541.5 broke below SMA50 (17929.4),214968.61,2149.69,887.84,12623.92
2024-05-03,CASH,0.0,224996.35,224996.35,0.0,0.0,17890.8,17927.16,16010.56,53.74,CASH,Clean exit: NDX 17890.8 broke below SMA50 (17927.2),214996.35,2149.96,907.51,13382.46
2024-05-06,CASH,0.0,225079.56,225079.56,0.0,0.0,18093.57,17930.28,16029.77,57.32,CASH,1% confirmation buffer: NDX 18093.6 <= threshold (18109.6),215079.56,2150.8,918.93,13824.74
2024-05-07,CASH,0.0,225107.31,225107.31,0.0,0.0,18091.45,17933.44,16049.33,57.27,CASH,1% confirmation buffer: NDX 18091.4 <= threshold (18112.8),215107.31,2151.07,918.81,13824.74
2024-05-08,CASH,0.0,225135.07,225135.07,0.0,0.0,18085.01,17935.72,16068.28,57.11,CASH,1% confirmation buffer: NDX 18085.0 <= threshold (18115.1),215135.07,2151.35,918.45,13798.58
2024-05-09,CASH,0.0,225162.82,225162.82,0.0,0.0,18113.46,17940.5,16087.18,57.68,CASH,1% confirmation buffer: NDX 18113.5 <= threshold (18119.9),215162.82,2151.63,920.05,13874.67
2024-05-10,TQQQ_100,1.0,225190.58,0.0,7800.3966,0.0,18161.18,17942.85,16106.46,58.68,TQQQ_100,"Bull trend confirmed: Price > SMA50 & SMA250, RSI 58.7",215190.58,2151.91,922.74,13969.79
2024-05-13,TQQQ_100,1.0,226674.88,0.0,7800.3966,0.0,18198.61,17940.76,16125.6,59.49,TQQQ_100,"Bull trend confirmed: Price > SMA50 & SMA250, RSI 59.5",216674.88,2166.75,924.85,14062.53
2024-05-14,TQQQ_100,1.0,230899.33,0.0,7800.3966,0.0,18322.77,17942.69,16145.19,62.12,TQQQ_100,"Bull trend confirmed: Price > SMA50 & SMA250, RSI 62.1",220899.33,2208.99,931.84,14326.47
2024-05-15,TQQQ_100,1.0,241555.66,0.0,7800.3966,0.0,18596.65,17956.67,16165.22,67.2,TQQQ_100,"Bull trend confirmed: Price > SMA50 & SMA250, RSI 67.2",231555.66,2315.56,947.26,14992.27
2024-05-16,TQQQ_100,1.0,240071.4,0.0,7800.3966,0.0,18557.96,17967.47,16184.11,65.86,TQQQ_100,"Bull trend confirmed: Price > SMA50 & SMA250, RSI 65.9",230071.4,2300.71,945.08,14899.53
2024-05-17,TQQQ_100,1.0,239538.57,0.0,7800.3966,0.0,18546.23,17972.44,16203.08,65.43,TQQQ_100,"Bull trend confirmed: Price > SMA50 & SMA250, RSI 65.4",229538.57,2295.39,944.42,14866.24
2024-05-20,TQQQ_100,1.0,244486.11,0.0,7800.3966,0.0,18674.19,17985.55,16222.38,67.87,TQQQ_100,"Bull trend confirmed: Price > SMA50 & SMA250, RSI 67.9",234486.11,2344.86,951.63,15175.36
2024-05-21,TQQQ_100,1.0,245742.03,0.0,7800.3966,0.0,18713.8,18000.8,16242.54,68.61,TQQQ_100,"Bull trend confirmed: Price > SMA50 & SMA250, RSI 68.6",235742.03,2357.42,953.86,15253.83
2024-05-22,TQQQ_100,1.0,245589.81,0.0,7800.3966,0.0,18705.2,18010.52,16262.95,68.25,TQQQ_100,"Bull trend confirmed: Price > SMA50 & SMA250, RSI 68.2",235589.81,2355.9,953.37,15244.32
2024-05-23,TQQQ_100,1.0,241936.23,0.0,7800.3966,0.0,18623.39,18021.62,16281.69,64.7,TQQQ_100,"Bull trend confirmed: Price > SMA50 & SMA250, RSI 64.7",231936.23,2319.36,948.77,15016.05
2024-05-24,TQQQ_100,1.0,248710.56,0.0,7800.3966,0.0,18808.35,18037.49,16299.73,68.66,TQQQ_100,"Bull trend confirmed: Price > SMA50 & SMA250, RSI 68.7",238710.56,2387.11,959.18,15439.3
2024-05-28,TQQQ_100,1.0,251412.73,0.0,7800.3966,0.0,18869.44,18058.71,16317.78,69.87,TQQQ_100,"Bull trend confirmed: Price > SMA50 & SMA250, RSI 69.9",241412.73,2414.13,962.62,15608.13
2024-05-29,TQQQ_100,1.0,246160.65,0.0,7800.3966,0.0,18736.75,18073.74,16335.71,64.1,TQQQ_100,"Bull trend confirmed: Price > SMA50 & SMA250, RSI 64.1",236160.65,2361.61,955.15,15279.99
2024-05-30,TQQQ_100,1.0,238244.56,0.0,7800.3966,0.0,18538.66,18083.87,16352.1,56.6,TQQQ_100,"Bull trend confirmed: Price > SMA50 & SMA250, RSI 56.6",228244.56,2282.45,944.0,14785.39
2024-05-31,TQQQ_100,1.0,237978.18,0.0,7800.3966,0.0,18536.65,18089.8,16368.06,56.52,TQQQ_100,"Bull trend confirmed: Price > SMA50 & SMA250, RSI 56.5",227978.18,2279.78,943.88,14768.75
2024-06-03,TQQQ_100,1.0,240299.74,0.0,7800.3966,0.0,18600.97,18095.42,16384.24,58.36,TQQQ_100,"Bull trend confirmed: Price > SMA50 & SMA250, RSI 58.4",230299.74,2303.0,947.51,14913.8
2024-06-04,TQQQ_100,1.0,242088.49,0.0,7800.3966,0.0,18654.84,18101.72,16400.63,59.88,TQQQ_100,"Bull trend confirmed: Price > SMA50 & SMA250, RSI 59.9",232088.49,2320.88,950.54,15025.56
2024-06-05,TQQQ_100,1.0,256702.84,0.0,7800.3966,0.0,19035.05,18116.88,16419.56,68.63,TQQQ_100,"Bull trend confirmed: Price > SMA50 & SMA250, RSI 68.6",246702.84,2467.03,971.95,15938.66
2024-06-06,TQQQ_100,1.0,256398.34,0.0,7800.3966,0.0,19021.19,18133.1,16437.7,68.04,TQQQ_100,"Bull trend confirmed: Price > SMA50 & SMA250, RSI 68.0",246398.34,2463.98,971.17,15919.63
2024-06-07,TQQQ_100,1.0,255446.92,0.0,7800.3966,0.0,19000.95,18147.5,16455.59,67.15,TQQQ_100,"Bull trend confirmed: Price > SMA50 & SMA250, RSI 67.1",245446.92,2454.47,970.03,15860.19
2024-06-10,TQQQ_100,1.0,258149.05,0.0,7800.3966,0.0,19074.67,18163.9,16472.75,68.76,TQQQ_100,"Bull trend confirmed: Price > SMA50 & SMA250, RSI 68.8",248149.05,2481.49,974.18,16029.01
2024-06-11,TQQQ_100,1.0,263477.15,0.0,7800.3966,0.0,19210.18,18182.24,16489.99,71.53,TQQQ_100,"Bull trend confirmed: Price > SMA50 & SMA250, RSI 71.5",253477.15,2534.77,981.81,16361.91
2024-06-12,TQQQ_30,0.3,273867.11,191706.98,2340.119,0.0,19465.18,18209.11,16507.83,75.86,TQQQ_30,Overbought: RSI 75.9 >= 75,263867.11,2638.67,996.17,17011.07
2024-06-13,TQQQ_30,0.3,275203.75,191730.61,2340.119,0.0,19576.92,18237.44,16525.39,77.48,TQQQ_30,Overbought: RSI 77.5 >= 75,265203.75,2652.04,1002.47,17284.52
2024-06-14,TQQQ_30,0.3,276437.64,191754.25,2340.119,0.0,19659.8,18273.06,16543.7,78.62,TQQQ_30,Overbought: RSI 78.6 >= 75,266437.64,2664.38,1007.13,17536.58
2024-06-17,TQQQ_30,0.3,279579.87,191825.17,2340.119,0.0,19902.75,18308.95,16563.03,81.58,TQQQ_30,Overbought: RSI 81.6 >= 75,269579.87,2695.8,1020.81,18176.22
2024-06-18,TQQQ_30,0.3,279649.18,191848.82,2340.119,0.0,19908.86,18345.12,16583.19,81.65,TQQQ_30,Overbought: RSI 81.6 >= 75,269649.18,2696.49,1021.16,18185.73
2024-06-20,TQQQ_30,0.3,277629.92,191896.13,2340.119,0.0,19752.3,18376.77,16602.03,74.03,TQQQ_30,Overbought trim active,267629.92,2676.3,1012.34,17755.34
2024-06-21,TQQQ_30,0.3,276865.79,191919.78,2340.119,0.0,19700.43,18410.54,16621.27,71.64,TQQQ_30,Overbought trim active,266865.79,2668.66,1009.42,17591.27
2024-06-24,TQQQ_30,0.3,274059.55,191990.77,2340.119,0.0,19474.62,18433.88,16640.41,62.24,TQQQ_30,Overbought trim active,264059.55,2640.6,996.7,16992.05
2024-06-25,TQQQ_30,0.3,276823.42,192014.44,2340.119,0.0,19701.13,18467.83,16659.43,66.93,TQQQ_30,Overbought trim active,266823.42,2668.23,1009.46,17562.73
2024-06-26,TQQQ_30,0.3,277377.75,192038.11,2340.119,0.0,19751.05,18508.71,16678.58,67.88,TQQQ_30,Overbought trim active,267377.75,2673.78,1012.27,17673.25
2024-06-27,TQQQ_30,0.3,278020.34,192061.79,2340.119,0.0,19789.03,18550.22,16697.98,68.61,TQQQ_30,Overbought trim active,268020.34,2680.2,1014.41,17802.15
2024-06-28,TQQQ_30,0.3,276691.59,192085.47,2340.119,0.0,19682.87,18594.01,16715.99,64.18,TQQQ_30,Overbought trim active,266691.59,2666.92,1008.43,17520.48
2024-07-01,TQQQ_30,0.3,278149.42,192156.51,2340.119,0.0,19812.22,18642.36,16734.4,66.98,TQQQ_30,Overbought trim active,268149.42,2681.49,1015.72,17809.3
2024-07-02,TQQQ_30,0.3,280809.18,192180.2,2340.119,0.0,20011.89,18701.85,16753.64,70.77,TQQQ_30,Overbought trim active,270809.18,2708.09,1026.96,18358.3
2024-07-03,TQQQ_30,0.3,283010.49,192203.9,2340.119,0.0,20186.63,18761.36,16774.03,73.63,TQQQ_30,Overbought trim active,273010.49,2730.1,1036.8,18811.83
2024-07-05,TQQQ_30,0.3,285808.56,192251.29,2340.119,0.0,20391.97,18819.77,16795.45,76.53,TQQQ_30,Overbought: RSI 76.5 >= 75,275808.56,2758.09,1048.36,19384.69
2024-07-08,TQQQ_30,0.3,286498.56,192322.4,2340.119,0.0,20439.54,18878.03,16817.02,77.16,TQQQ_30,Overbought: RSI 77.2 >= 75,276498.56,2764.99,1051.04,19513.59
2024-07-09,TQQQ_30,0.3,286728.56,192346.11,2340.119,0.0,20453.02,18938.48,16838.36,77.34,TQQQ_30,Overbought: RSI 77.3 >= 75,276728.56,2767.29,1051.8,19556.55
2024-07-10,TQQQ_30,0.3,289709.27,192369.82,2340.119,0.0,20675.38,18997.62,16859.83,80.19,TQQQ_30,Overbought: RSI 80.2 >= 75,279709.27,2797.09,1064.32,20172.39
2024-07-11,TQQQ_30,0.3,283337.67,192393.54,2340.119,0.0,20211.36,19046.19,16878.39,62.53,TQQQ_30,Overbought trim active,273337.67,2733.38,1038.19,18840.47
2024-07-12,TQQQ_30,0.3,284839.88,192417.26,2340.119,0.0,20331.49,19104.01,16897.45,64.7,TQQQ_30,Overbought trim active,274839.88,2748.4,1044.96,19148.39
2024-07-15,TQQQ_30,0.3,285598.7,192488.43,2340.119,0.0,20386.88,19165.38,16916.15,65.69,TQQQ_30,Overbought trim active,275598.7,2755.99,1048.08,19291.6
2024-07-16,TQQQ_30,0.3,285691.22,192512.16,2340.119,0.0,20398.62,19222.52,16934.37,65.9,TQQQ_30,Overbought trim active,275691.22,2756.91,1048.74,19305.93
2024-07-17,TQQQ_30,0.3,277520.23,192535.89,2340.119,0.0,19799.14,19260.69,16950.27,48.88,TQQQ_30,Overbought trim active,267520.23,2675.2,1014.98,17599.25
2024-07-18,TQQQ_30,0.3,276271.78,192559.63,2340.119,0.0,19705.09,19292.92,16967.22,46.84,TQQQ_30,Overbought trim active,266271.78,2662.72,1009.68,17334.3
2024-07-19,TQQQ_30,0.3,274026.2,192583.37,2340.119,0.0,19522.62,19321.54,16983.61,43.08,TQQQ_30,Overbought trim active,264026.2,2640.26,999.41,16861.68
2024-07-22,TQQQ_30,0.3,277650.4,192654.6,2340.119,0.0,19822.87,19356.3,17001.11,50.17,TQQQ_30,Overbought trim active,267650.4,2676.5,1016.32,17601.64
2024-07-23,TQQQ_30,0.3,276757.27,192678.35,2340.119,0.0,19754.34,19389.11,17017.88,48.68,TQQQ_30,Overbought trim active,266757.27,2667.57,1012.46,17410.69
2024-07-24,CASH,0.0,267715.25,267715.25,0.0,0.0,19032.39,19406.54,17032.01,36.41,CASH,Clean exit: NDX 19032.4 broke below SMA50 (19406.5),257715.25,2577.15,971.8,15522.6
2024-07-25,CASH,0.0,267748.26,267748.26,0.0,0.0,18830.58,19419.18,17045.48,33.84,CASH,Clean exit: NDX 18830.6 broke below SMA50 (19419.2),257748.26,2577.48,960.44,15002.25
2024-07-26,CASH,0.0,267781.27,267781.27,0.0,0.0,19023.66,19433.2,17058.57,38.32,CASH,Clean exit: NDX 19023.7 broke below SMA50 (19433.2),257781.27,2577.81,971.31,15434.29
2024-07-29,CASH,0.0,267880.31,267880.31,0.0,0.0,19059.49,19442.45,17071.78,39.14,CASH,Clean exit: NDX 19059.5 broke below SMA50 (19442.5),257880.31,2578.8,973.33,15524.99
2024-07-30,CASH,0.0,267913.34,267913.34,0.0,0.0,18796.27,19447.22,17084.09,35.4,CASH,Clean exit: NDX 18796.3 broke below SMA50 (19447.2),257913.34,2579.13,958.5,14887.68
2024-07-31,CASH,0.0,267946.37,267946.37,0.0,0.0,19362.43,19463.54,17100.06,47.11,CASH,Clean exit: NDX 19362.4 broke below SMA50 (19463.5),257946.37,2579.46,990.39,16198.11
2024-08-01,CASH,0.0,267979.4,267979.4,0.0,0.0,18890.39,19467.87,17114.2,40.52,CASH,Clean exit: NDX 18890.4 broke below SMA50 (19467.9),257979.4,2579.79,963.8,15023.73
2024-08-02,CASH,0.0,268012.44,268012.44,0.0,0.0,18440.85,19462.41,17126.87,35.43,CASH,Clean exit: NDX 18440.8 broke below SMA50 (19462.4),258012.44,2580.12,938.49,13920.96
2024-08-05,CASH,0.0,268111.57,268111.57,0.0,0.0,17895.16,19446.21,17136.82,30.44,CASH,Clean exit: NDX 17895.2 broke below SMA50 (19446.2),258111.57,2581.12,907.76,12698.84
2024-08-06,CASH,0.0,268144.62,268144.62,0.0,0.0,18077.92,19435.3,17148.04,33.8,CASH,Clean exit: NDX 18077.9 broke below SMA50 (19435.3),258144.62,2581.45,918.05,13018.69
2024-08-07,CASH,0.0,268177.68,268177.68,0.0,0.0,17867.37,19416.48,17159.1,31.89,CASH,Clean exit: NDX 17867.4 broke below SMA50 (19416.5),258177.68,2581.78,906.19,12596.2
2024-08-08,CASH,0.0,268210.75,268210.75,0.0,0.0,18413.82,19407.36,17172.24,41.2,CASH,Clean exit: NDX 18413.8 broke below SMA50 (19407.4),258210.75,2582.11,936.97,13758.65
2024-08-09,CASH,0.0,268243.81,268243.81,0.0,0.0,18513.1,19402.89,17186.18,42.73,CASH,Clean exit: NDX 18513.1 broke below SMA50 (19402.9),258243.81,2582.44,942.56,13947.22
2024-08-12,CASH,0.0,268343.03,268343.03,0.0,0.0,18542.03,19402.96,17199.52,43.19,CASH,Clean exit: NDX 18542.0 broke below SMA50 (19403.0),258343.03,2583.43,944.19,14042.7
2024-08-13,CASH,0.0,268376.11,268376.11,0.0,0.0,19006.43,19412.35,17215.4,50.17,CASH,Clean exit: NDX 19006.4 broke below SMA50 (19412.4),258376.11,2583.76,970.34,15071.47
2024-08-14,CASH,0.0,268409.2,268409.2,0.0,0.0,19022.68,19420.79,17231.98,50.4,CASH,Clean exit: NDX 19022.7 broke below SMA50 (19420.8),258409.2,2584.09,971.25,15097.73
2024-08-15,CASH,0.0,268442.29,268442.29,0.0,0.0,19490.15,19437.5,17251.08,56.6,CASH,1% confirmation buffer: NDX 19490.2 <= threshold (19631.9),258442.29,2584.42,997.58,16241.08
2024-08-16,CASH,0.0,268475.38,268475.38,0.0,0.0,19508.52,19446.96,17270.34,56.83,CASH,1% confirmation buffer: NDX 19508.5 <= threshold (19641.4),258475.38,2584.75,998.61,16284.04
2024-08-19,TQQQ_100,1.0,268574.68,0.0,7691.0518,0.0,19766.49,19461.87,17289.66,60.01,TQQQ_100,"Bull trend confirmed: Price > SMA50 & SMA250, RSI 60.0",258574.68,2585.75,1013.14,16918.97
2024-08-20,TQQQ_100,1.0,266917.29,0.0,7691.0518,0.0,19719.82,19476.25,17308.9,59.16,TQQQ_100,"Bull trend confirmed: Price > SMA50 & SMA250, RSI 59.2",256917.29,2569.17,1010.51,16813.95
2024-08-21,TQQQ_100,1.0,270571.09,0.0,7691.0518,0.0,19824.84,19491.25,17327.61,60.52,TQQQ_100,"Bull trend confirmed: Price > SMA50 & SMA250, RSI 60.5",260571.09,2605.71,1016.43,17045.48
2024-08-22,CASH,0.0,257575.51,257575.51,0.0,0.0,19491.84,19496.88,17346.31,54.36,CASH,Clean exit: NDX 19491.8 broke below SMA50 (19496.9),247575.51,2475.76,997.67,16221.98
2024-08-23,TQQQ_100,1.0,257607.26,0.0,7457.5207,0.0,19720.87,19502.0,17365.42,57.56,TQQQ_100,"Bull trend confirmed: Price > SMA50 & SMA250, RSI 57.6",247607.26,2476.07,1010.57,16735.17
2024-08-26,TQQQ_100,1.0,250046.73,0.0,7457.5207,0.0,19516.44,19500.79,17383.28,53.93,TQQQ_100,"Bull trend confirmed: Price > SMA50 & SMA250, RSI 53.9",240046.73,2400.47,999.06,16241.08
2024-08-27,TQQQ_100,1.0,252165.16,0.0,7457.5207,0.0,19581.52,19499.22,17400.1,54.9,TQQQ_100,"Bull trend confirmed: Price > SMA50 & SMA250, RSI 54.9",242165.16,2421.65,1002.72,16379.52
2024-08-28,CASH,0.0,243618.35,243618.35,0.0,0.0,19350.78,19488.18,17415.65,50.79,CASH,Clean exit: NDX 19350.8 broke below SMA50 (19488.2),233618.35,2336.18,989.73,15820.97
2024-08-29,CASH,0.0,243648.39,243648.39,0.0,0.0,19325.45,19476.52,17430.95,50.35,CASH,Clean exit: NDX 19325.4 broke below SMA50 (19476.5),233648.39,2336.48,988.3,15737.43
2024-08-30,CASH,0.0,243678.43,243678.43,0.0,0.0,19574.64,19472.96,17447.29,54.57,CASH,1% confirmation buffer: NDX 19574.6 <= threshold (19667.7),233678.43,2336.78,1002.34,16276.88
2024-09-03,CASH,0.0,243798.6,243798.6,0.0,0.0,18958.74,19458.13,17461.09,44.5,CASH,Clean exit: NDX 18958.7 broke below SMA50 (19458.1),233798.6,2337.99,967.65,14782.65
2024-09-04,CASH,0.0,243828.66,243828.66,0.0,0.0,18921.4,19447.06,17475.29,43.97,CASH,Clean exit: NDX 18921.4 broke below SMA50 (19447.1),233828.66,2338.29,965.55,14656.14
2024-09-05,CASH,0.0,243858.72,243858.72,0.0,0.0,18930.33,19431.65,17489.98,44.14,CASH,Clean exit: NDX 18930.3 broke below SMA50 (19431.6),233858.72,2338.59,966.05,14703.88
2024-09-06,CASH,0.0,243888.78,243888.78,0.0,0.0,18421.31,19405.05,17502.54,37.17,CASH,Clean exit: NDX 18421.3 broke below SMA50 (19405.1),233888.78,2338.89,937.39,13503.24
2024-09-09,CASH,0.0,243978.99,243978.99,0.0,0.0,18660.78,19382.49,17515.34,41.83,CASH,Clean exit: NDX 18660.8 broke below SMA50 (19382.5),233978.99,2339.79,950.87,14009.28
2024-09-10,CASH,0.0,244009.07,244009.07,0.0,0.0,18829.14,19365.41,17529.49,44.92,CASH,Clean exit: NDX 18829.1 broke below SMA50 (19365.4),234009.07,2340.09,960.35,14388.8
2024-09-11,CASH,0.0,244039.15,244039.15,0.0,0.0,19237.3,19353.92,17545.05,51.63,CASH,Clean exit: NDX 19237.3 broke below SMA50 (19353.9),234039.15,2340.39,983.34,15312.55
2024-09-12,CASH,0.0,244069.24,244069.24,0.0,0.0,19423.07,19342.14,17560.84,54.35,CASH,1% confirmation buffer: NDX 19423.1 <= threshold (19535.6),234069.24,2340.69,993.8,15768.46
2024-09-13,CASH,0.0,244099.33,244099.33,0.0,0.0,19514.59,19328.7,17578.09,55.68,CASH,1% confirmation buffer: NDX 19514.6 <= threshold (19522.0),234099.33,2340.99,998.96,15976.13
2024-09-16,CASH,0.0,244189.61,244189.61,0.0,0.0,19423.06,19309.32,17594.88,53.99,CASH,1% confirmation buffer: NDX 19423.1 <= threshold (19502.4),234189.61,2341.9,993.8,15761.3
2024-09-17,CASH,0.0,244219.72,244219.72,0.0,0.0,19432.4,19289.18,17611.85,54.14,CASH,1% confirmation buffer: NDX 19432.4 <= threshold (19482.1),234219.72,2342.2,994.33,15770.85
2024-09-18,CASH,0.0,244249.83,244249.83,0.0,0.0,19344.49,19267.01,17629.35,52.38,CASH,1% confirmation buffer: NDX 19344.5 <= threshold (19459.7),234249.83,2342.5,989.38,15563.18
2024-09-19,TQQQ_100,1.0,244279.94,0.0,7066.6945,0.0,19839.83,19250.3,17649.93,60.23,TQQQ_100,"Bull trend confirmed: Price > SMA50 & SMA250, RSI 60.2",234279.94,2342.8,1017.27,16747.11
2024-09-20,TQQQ_100,1.0,242722.43,0.0,7066.6945,0.0,19791.49,19241.9,17670.29,59.21,TQQQ_100,"Bull trend confirmed: Price > SMA50 & SMA250, RSI 59.2",232722.43,2327.22,1014.55,16639.7
2024-09-23,TQQQ_100,1.0,244522.18,0.0,7066.6945,0.0,19852.2,19232.31,17690.62,60.13,TQQQ_100,"Bull trend confirmed: Price > SMA50 & SMA250, RSI 60.1",234522.18,2345.22,1017.97,16763.82
2024-09-24,TQQQ_100,1.0,247983.25,0.0,7066.6945,0.0,19944.84,19223.47,17712.22,61.55,TQQQ_100,"Bull trend confirmed: Price > SMA50 & SMA250, RSI 61.6",237983.25,2379.83,1023.18,17002.52
2024-09-25,TQQQ_100,1.0,248851.25,0.0,7066.6945,0.0,19972.61,19214.95,17733.79,61.99,TQQQ_100,"Bull trend confirmed: Price > SMA50 & SMA250, RSI 62.0",238851.25,2388.51,1024.75,17062.38
2024-09-26,TQQQ_100,1.0,254129.03,0.0,7066.6945,0.0,20115.54,19221.28,17755.44,64.25,TQQQ_100,"Bull trend confirmed: Price > SMA50 & SMA250, RSI 64.2",244129.03,2441.29,1032.8,17426.37
2024-09-27,TQQQ_100,1.0,249754.02,0.0,7066.6945,0.0,20008.62,19227.35,17776.61,61.31,TQQQ_100,"Bull trend confirmed: Price > SMA50 & SMA250, RSI 61.3",239754.02,2397.54,1026.78,17124.64
2024-09-30,TQQQ_100,1.0,251698.45,0.0,7066.6945,0.0,20060.69,19238.11,17797.51,62.22,TQQQ_100,"Bull trend confirmed: Price > SMA50 & SMA250, RSI 62.2",241698.45,2416.98,1029.71,17258.74
2024-10-01,TQQQ_100,1.0,241038.89,0.0,7066.6945,0.0,19773.3,19237.12,17818.34,54.62,TQQQ_100,"Bull trend confirmed: Price > SMA50 & SMA250, RSI 54.6",231038.89,2310.39,1013.52,16523.59
2024-10-02,TQQQ_100,1.0,241941.66,0.0,7066.6945,0.0,19802.59,19238.08,17838.44,55.22,TQQQ_100,"Bull trend confirmed: Price > SMA50 & SMA250, RSI 55.2",231941.66,2319.42,1015.17,16585.85
2024-10-03,TQQQ_100,1.0,241386.07,0.0,7066.6945,0.0,19793.34,19253.3,17858.72,54.98,TQQQ_100,"Bull trend confirmed: Price > SMA50 & SMA250, RSI 55.0",231386.07,2313.86,1014.65,16547.53
2024-10-04,TQQQ_100,1.0,249892.93,0.0,7066.6945,0.0,20035.02,19277.39,17878.97,60.01,TQQQ_100,"Bull trend confirmed: Price > SMA50 & SMA250, RSI 60.0",239892.93,2398.93,1028.26,17134.22
2024-10-07,TQQQ_100,1.0,241663.87,0.0,7066.6945,0.0,19800.74,19292.93,17897.98,53.74,TQQQ_100,"Bull trend confirmed: Price > SMA50 & SMA250, RSI 53.7",231663.87,2316.64,1015.07,16566.69
2024-10-08,TQQQ_100,1.0,252149.85,0.0,7066.6945,0.0,20107.78,19313.9,17917.89,59.69,TQQQ_100,"Bull trend confirmed: Price > SMA50 & SMA250, RSI 59.7",242149.85,2421.5,1032.36,17289.87
2024-10-09,TQQQ_100,1.0,258226.19,0.0,7066.6945,0.0,20268.86,19343.35,17938.0,62.42,TQQQ_100,"Bull trend confirmed: Price > SMA50 & SMA250, RSI 62.4",248226.19,2482.26,1041.43,17708.94
2024-10-10,TQQQ_50,0.5,257323.39,128661.7,3533.3473,0.0,20241.76,19360.94,17958.23,61.66,TQQQ_50,Bearish RSI divergence,247323.39,2473.23,1039.91,17646.67
2024-10-11,TQQQ_50,0.5,257669.12,128677.56,3533.3473,0.0,20271.97,19388.57,17979.34,62.21,TQQQ_50,Bearish RSI divergence,247669.12,2476.69,1041.61,17692.17
2024-10-14,TQQQ_100,1.0,261015.28,0.0,6971.4771,0.0,20439.05,19428.53,18000.4,65.18,TQQQ_100,"Bull trend confirmed: Price > SMA50 & SMA250, RSI 65.2",251015.28,2510.15,1051.02,18147.15
2024-10-15,TQQQ_100,1.0,250602.11,0.0,6971.4771,0.0,20159.83,19473.83,18020.56,57.1,TQQQ_100,"Bull trend confirmed: Price > SMA50 & SMA250, RSI 57.1",240602.11,2406.02,1035.29,17419.19
2024-10-16,TQQQ_100,1.0,250465.07,0.0,6971.4771,0.0,20174.05,19515.75,18041.61,57.39,TQQQ_100,"Bull trend confirmed: Price > SMA50 & SMA250, RSI 57.4",240465.07,2404.65,1036.09,17409.61
2024-10-17,TQQQ_100,1.0,251218.69,0.0,6971.4771,0.0,20190.42,19562.21,18063.24,57.74,TQQQ_100,"Bull trend confirmed: Price > SMA50 & SMA250, RSI 57.7",241218.69,2412.19,1037.01,17462.29
2024-10-18,TQQQ_100,1.0,255671.63,0.0,6971.4771,0.0,20324.04,19600.42,18086.3,60.62,TQQQ_100,"Bull trend confirmed: Price > SMA50 & SMA250, RSI 60.6",245671.63,2456.72,1044.54,17773.59
2024-10-21,TQQQ_100,1.0,257076.09,0.0,6971.4771,0.0,20361.47,19637.38,18109.32,61.41,TQQQ_100,"Bull trend confirmed: Price > SMA50 & SMA250, RSI 61.4",247076.09,2470.76,1046.65,17871.77
2024-10-22,TQQQ_100,1.0,257829.63,0.0,6971.4771,0.0,20390.46,19674.35,18131.9,62.05,TQQQ_100,"Bull trend confirmed: Price > SMA50 & SMA250, RSI 62.0",247829.63,2478.3,1048.28,17924.45
2024-10-23,TQQQ_100,1.0,245909.29,0.0,6971.4771,0.0,20066.96,19695.56,18154.64,51.78,TQQQ_100,"Bull trend confirmed: Price > SMA50 & SMA250, RSI 51.8",235909.29,2359.09,1030.06,17091.12
2024-10-24,TQQQ_100,1.0,251766.69,0.0,6971.4771,0.0,20232.87,19719.77,18179.14,55.82,TQQQ_100,"Bull trend confirmed: Price > SMA50 & SMA250, RSI 55.8",241766.69,2417.67,1039.4,17500.6
2024-10-25,TQQQ_100,1.0,256014.22,0.0,6971.4771,0.0,20352.02,19737.0,18203.82,58.5,TQQQ_100,"Bull trend confirmed: Price > SMA50 & SMA250, RSI 58.5",246014.22,2460.14,1046.11,17797.54
2024-10-28,TQQQ_100,1.0,256253.96,0.0,6971.4771,0.0,20351.07,19753.85,18227.88,58.47,TQQQ_100,"Bull trend confirmed: Price > SMA50 & SMA250, RSI 58.5",246253.96,2462.54,1046.06,17814.3
2024-10-29,TQQQ_50,0.5,263344.55,131672.28,3485.7386,0.0,20550.65,19769.54,18252.45,62.86,TQQQ_50,Bearish RSI divergence,253344.55,2533.45,1057.3,18309.99
2024-10-30,TQQQ_50,0.5,260432.06,131688.51,3485.7386,0.0,20387.7,19782.9,18275.34,57.52,TQQQ_50,Bearish RSI divergence,250432.06,2504.32,1048.12,17900.5
2024-10-31,TQQQ_50,0.5,250651.66,131704.75,3485.7386,0.0,19890.42,19784.21,18295.22,44.96,TQQQ_50,Bearish RSI divergence,240651.66,2406.52,1020.12,16530.77
2024-11-01,TQQQ_50,0.5,253202.72,131720.98,3485.7386,0.0,20033.14,19795.03,18314.96,48.44,TQQQ_50,Bearish RSI divergence,243202.72,2432.03,1028.16,16885.18
2024-11-04,TQQQ_50,0.5,252121.04,131769.7,3485.7386,0.0,19963.6,19799.89,18334.19,46.88,TQQQ_50,Bearish RSI divergence,242121.04,2421.21,1024.24,16727.13
2024-11-05,TQQQ_50,0.5,256710.19,131785.95,3485.7386,0.0,20227.46,19814.11,18353.92,53.04,TQQQ_50,Bearish RSI divergence,246710.19,2467.1,1039.1,17366.5
2024-11-06,TQQQ_50,0.5,266865.62,131802.2,3485.7386,0.0,20781.33,19838.1,18375.79,62.8,TQQQ_50,Bearish RSI divergence,256865.62,2568.66,1070.29,18784.13
2024-11-07,TQQQ_100,1.0,273201.72,0.0,6735.6607,0.0,21101.57,19873.12,18399.44,67.06,TQQQ_100,"Bull trend confirmed: Price > SMA50 & SMA250, RSI 67.1",263201.72,2632.02,1088.33,19667.75
2024-11-08,TQQQ_100,1.0,273863.64,0.0,6735.6607,0.0,21117.18,19908.95,18421.8,67.26,TQQQ_100,"Bull trend confirmed: Price > SMA50 & SMA250, RSI 67.3",263863.64,2638.64,1089.2,19715.64
2024-11-11,TQQQ_100,1.0,273367.19,0.0,6735.6607,0.0,21106.59,19939.59,18444.29,66.96,TQQQ_100,"Bull trend confirmed: Price > SMA50 & SMA250, RSI 67.0",263367.19,2633.67,1088.61,19679.72
2024-11-12,TQQQ_100,1.0,271877.94,0.0,6735.6607,0.0,21070.79,19981.83,18465.33,65.92,TQQQ_100,"Bull trend confirmed: Price > SMA50 & SMA250, RSI 65.9",261877.94,2618.78,1086.59,19571.97
2024-11-13,TQQQ_100,1.0,270686.46,0.0,6735.6607,0.0,21036.16,20024.13,18486.2,64.87,TQQQ_100,"Bull trend confirmed: Price > SMA50 & SMA250, RSI 64.9",260686.46,2606.86,1084.64,19485.76
2024-11-14,TQQQ_100,1.0,264960.98,0.0,6735.6607,0.0,20896.67,20063.46,18506.46,60.66,TQQQ_100,"Bull trend confirmed: Price > SMA50 & SMA250, RSI 60.7",254960.98,2549.61,1076.79,19071.48
2024-11-15,TQQQ_100,1.0,245798.84,0.0,6735.6607,0.0,20394.13,20102.91,18524.68,48.48,TQQQ_100,"Bull trend confirmed: Price > SMA50 & SMA250, RSI 48.5",235798.84,2357.99,1048.49,17684.99
2024-11-18,TQQQ_100,1.0,250763.15,0.0,6735.6607,0.0,20539.19,20140.48,18542.73,51.51,TQQQ_100,"Bull trend confirmed: Price > SMA50 & SMA250, RSI 51.5",240763.15,2407.63,1056.66,18044.19
2024-11-19,TQQQ_100,1.0,255793.62,0.0,6735.6607,0.0,20684.59,20177.59,18561.73,54.4,TQQQ_100,"Bull trend confirmed: Price > SMA50 & SMA250, RSI 54.4",245793.62,2457.94,1064.84,18408.17
2024-11-20,TQQQ_100,1.0,255495.74,0.0,6735.6607,0.0,20667.1,20206.19,18580.4,53.98,TQQQ_100,"Bull trend confirmed: Price > SMA50 & SMA250, RSI 54.0",245495.74,2454.96,1063.86,18386.62
2024-11-21,TQQQ_100,1.0,258011.0,0.0,6735.6607,0.0,20740.78,20232.54,18599.43,55.53,TQQQ_100,"Bull trend confirmed: Price > SMA50 & SMA250, RSI 55.5",248011.0,2480.11,1068.01,18568.61
2024-11-22,TQQQ_100,1.0,258970.74,0.0,6735.6607,0.0,20776.23,20257.77,18618.69,56.29,TQQQ_100,"Bull trend confirmed: Price > SMA50 & SMA250, RSI 56.3",248970.74,2489.71,1070.0,18638.05
2024-11-25,TQQQ_100,1.0,260162.2,0.0,6735.6607,0.0,20804.89,20285.41,18637.87,56.93,TQQQ_100,"Bull trend confirmed: Price > SMA50 & SMA250, RSI 56.9",250162.2,2501.62,1071.62,18724.26
2024-11-26,TQQQ_100,1.0,264199.8,0.0,6735.6607,0.0,20922.9,20315.22,18657.61,59.57,TQQQ_100,"Bull trend confirmed: Price > SMA50 & SMA250, RSI 59.6",254199.8,2542.0,1078.26,19016.41
2024-11-27,TQQQ_100,1.0,257812.43,0.0,6735.6607,0.0,20744.49,20343.22,18676.79,54.17,TQQQ_100,"Bull trend confirmed: Price > SMA50 & SMA250, RSI 54.2",247812.43,2478.12,1068.22,18554.24
2024-11-29,TQQQ_100,1.0,264398.35,0.0,6735.6607,0.0,20930.37,20365.03,18696.52,58.4,TQQQ_100,"Bull trend confirmed: Price > SMA50 & SMA250, RSI 58.4",254398.35,2543.98,1078.68,19030.77
2024-12-02,TQQQ_50,0.5,272970.06,136485.03,3367.8303,0.0,21164.6,20392.49,18717.82,63.03,TQQQ_50,Bearish RSI divergence,262970.06,2629.7,1091.87,19650.99
2024-12-03,TQQQ_50,0.5,274194.86,136501.86,3367.8303,0.0,21229.32,20420.03,18739.23,64.21,TQQQ_50,Bearish RSI divergence,264194.86,2641.95,1095.52,19825.8
2024-12-04,TQQQ_100,1.0,279242.19,0.0,6589.2463,0.0,21492.36,20450.99,18762.05,68.61,TQQQ_100,"Bull trend confirmed: Price > SMA50 & SMA250, RSI 68.6",269242.19,2692.42,1110.33,20553.77
2024-12-05,TQQQ_100,1.0,276943.45,0.0,6589.2463,0.0,21425.22,20480.04,18783.66,66.37,TQQQ_100,"Bull trend confirmed: Price > SMA50 & SMA250, RSI 66.4",266943.45,2669.43,1106.55,20383.74
2024-12-06,TQQQ_100,1.0,284066.16,0.0,6589.2463,0.0,21622.25,20510.17,18805.81,69.52,TQQQ_100,"Bull trend confirmed: Price > SMA50 & SMA250, RSI 69.5",274066.16,2740.66,1117.65,20910.57
2024-12-09,TQQQ_100,1.0,277429.13,0.0,6589.2463,0.0,21440.82,20538.82,18826.68,63.61,TQQQ_100,"Bull trend confirmed: Price > SMA50 & SMA250, RSI 63.6",267429.13,2674.29,1107.43,20419.67
2024-12-10,TQQQ_100,1.0,274418.14,0.0,6589.2463,0.0,21368.18,20564.97,18846.74,61.36,TQQQ_100,"Bull trend confirmed: Price > SMA50 & SMA250, RSI 61.4",264418.14,2644.18,1103.34,20196.96
2024-12-11,TQQQ_100,1.0,289084.46,0.0,6589.2463,0.0,21763.98,20604.78,18867.55,68.0,TQQQ_100,"Bull trend confirmed: Price > SMA50 & SMA250, RSI 68.0",279084.46,2790.84,1125.63,21281.74
2024-12-12,TQQQ_100,1.0,283353.91,0.0,6589.2463,0.0,21615.27,20641.03,18887.86,63.58,TQQQ_100,"Bull trend confirmed: Price > SMA50 & SMA250, RSI 63.6",273353.91,2733.54,1117.25,20857.88
2024-12-13,TQQQ_100,1.0,289440.56,0.0,6589.2463,0.0,21780.25,20680.77,18908.48,66.2,TQQQ_100,"Bull trend confirmed: Price > SMA50 & SMA250, RSI 66.2",279440.56,2794.41,1126.54,21308.08
2024-12-16,TQQQ_100,1.0,302034.81,0.0,6589.2463,0.0,22096.66,20722.0,18929.95,70.58,TQQQ_100,"Bull trend confirmed: Price > SMA50 & SMA250, RSI 70.6",292034.81,2920.35,1144.36,22239.59
2024-12-17,TQQQ_100,1.0,297987.8,0.0,6589.2463,0.0,22001.08,20766.01,18950.71,67.73,TQQQ_100,"Bull trend confirmed: Price > SMA50 & SMA250, RSI 67.7",287987.8,2879.88,1138.98,21940.26
2024-12-18,TQQQ_100,1.0,265773.8,0.0,6589.2463,0.0,21209.32,20788.04,18969.33,49.77,TQQQ_100,"Bull trend confirmed: Price > SMA50 & SMA250, RSI 49.8",255773.8,2557.74,1094.39,19557.6
2024-12-19,TQQQ_100,1.0,262018.21,0.0,6589.2463,0.0,21110.51,20804.87,18986.74,48.06,TQQQ_100,"Bull trend confirmed: Price > SMA50 & SMA250, RSI 48.1",252018.21,2520.18,1088.83,19279.82
2024-12-20,TQQQ_100,1.0,268817.14,0.0,6589.2463,0.0,21289.15,20825.82,19004.79,51.32,TQQQ_100,"Bull trend confirmed: Price > SMA50 & SMA250, RSI 51.3",258817.14,2588.17,1098.89,19782.69
2024-12-23,TQQQ_100,1.0,276304.6,0.0,6589.2463,0.0,21503.17,20850.45,19023.29,54.97,TQQQ_100,"Bull trend confirmed: Price > SMA50 & SMA250, RSI 55.0",266304.6,2663.05,1110.94,20336.49
2024-12-24,TQQQ_100,1.0,287283.99,0.0,6589.2463,0.0,21797.65,20877.62,19042.85,59.47,TQQQ_100,"Bull trend confirmed: Price > SMA50 & SMA250, RSI 59.5",277283.99,2772.84,1127.52,21148.57
2024-12-26,TQQQ_100,1.0,286666.8,0.0,6589.2463,0.0,21768.31,20909.79,19062.33,58.84,TQQQ_100,"Bull trend confirmed: Price > SMA50 & SMA250, RSI 58.8",276666.8,2766.67,1125.87,21102.92
2024-12-27,TQQQ_100,1.0,275005.24,0.0,6589.2463,0.0,21473.02,20935.77,19080.92,52.77,TQQQ_100,"Bull trend confirmed: Price > SMA50 & SMA250, RSI 52.8",265005.24,2650.05,1109.24,20240.39
2024-12-30,TQQQ_100,1.0,263960.84,0.0,6589.2463,0.0,21197.09,20955.9,19099.53,47.81,TQQQ_100,"Bull trend confirmed: Price > SMA50 & SMA250, RSI 47.8",253960.84,2539.61,1093.7,19423.5
2024-12-31,TQQQ_100,1.0,257041.86,0.0,6589.2463,0.0,21012.17,20969.66,19118.11,44.77,TQQQ_100,"Bull trend confirmed: Price > SMA50 & SMA250, RSI 44.8",247041.86,2470.42,1083.29,18911.75
2025-01-02,CASH,0.0,255417.7,255417.7,0.0,0.0,20975.62,20981.95,19136.88,44.17,CASH,Clean exit: NDX 20975.6 broke below SMA50 (20981.9),245417.7,2454.18,1081.23,18791.62
2025-01-03,TQQQ_100,1.0,255449.19,0.0,6288.5482,0.0,21326.16,21000.66,19156.96,50.94,TQQQ_100,"Bull trend confirmed: Price > SMA50 & SMA250, RSI 50.9",245449.19,2454.49,1100.97,19697.4
2025-01-06,TQQQ_100,1.0,264160.52,0.0,6288.5482,0.0,21559.5,21030.51,19176.6,54.86,TQQQ_100,"Bull trend confirmed: Price > SMA50 & SMA250, RSI 54.9",254160.52,2541.61,1114.11,20372.53
2025-01-07,TQQQ_100,1.0,249931.0,0.0,6288.5482,0.0,21173.04,21049.31,19194.58,48.01,TQQQ_100,"Bull trend confirmed: Price > SMA50 & SMA250, RSI 48.0",239931.0,2399.31,1092.35,19269.74
2025-01-08,TQQQ_100,1.0,250117.01,0.0,6288.5482,0.0,21180.97,21065.89,19212.13,48.16,TQQQ_100,"Bull trend confirmed: Price > SMA50 & SMA250, RSI 48.2",240117.01,2401.17,1092.8,19284.15
2025-01-10,CASH,0.0,238181.59,238181.59,0.0,0.0,20847.58,21075.82,19228.24,42.83,CASH,Clean exit: NDX 20847.6 broke below SMA50 (21075.8),228181.59,2281.82,1074.02,18359.15
2025-01-13,CASH,0.0,238269.69,238269.69,0.0,0.0,20784.72,21080.51,19244.04,41.89,CASH,Clean exit: NDX 20784.7 broke below SMA50 (21080.5),228269.69,2282.7,1070.48,18166.94
2025-01-14,CASH,0.0,238299.06,238299.06,0.0,0.0,20757.41,21087.9,19259.75,41.46,CASH,Clean exit: NDX 20757.4 broke below SMA50 (21087.9),228299.06,2282.99,1068.94,18102.08
2025-01-15,CASH,0.0,238328.44,238328.44,0.0,0.0,21237.85,21114.85,19277.76,50.92,CASH,1% confirmation buffer: NDX 21237.8 <= threshold (21326.0),228328.44,2283.28,1096.0,19332.21
2025-01-16,CASH,0.0,238357.82,238357.82,0.0,0.0,21091.25,21136.01,19294.19,48.35,CASH,Clean exit: NDX 21091.2 broke below SMA50 (21136.0),228357.82,2283.58,1087.74,18935.78
2025-01-17,TQQQ_100,1.0,238387.21,0.0,5816.2888,0.0,21441.16,21165.56,19310.7,54.28,TQQQ_100,"Bull trend confirmed: Price > SMA50 & SMA250, RSI 54.3",228387.21,2283.87,1107.45,19875.19
2025-01-21,TQQQ_100,1.0,242344.06,0.0,5816.2888,0.0,21566.51,21192.34,19327.64,56.22,TQQQ_100,"Bull trend confirmed: Price > SMA50 & SMA250, RSI 56.2",232344.06,2323.44,1114.51,20206.75
2025-01-22,TQQQ_100,1.0,251748.81,0.0,5816.2888,0.0,21853.0,21213.78,19345.44,60.36,TQQQ_100,"Bull trend confirmed: Price > SMA50 & SMA250, RSI 60.4",241748.81,2417.49,1130.64,20994.8
2025-01-23,TQQQ_100,1.0,253297.13,0.0,5816.2888,0.0,21900.93,21229.76,19363.05,61.02,TQQQ_100,"Bull trend confirmed: Price > SMA50 & SMA250, RSI 61.0",243297.13,2432.97,1133.34,21124.54
2025-01-24,TQQQ_100,1.0,248738.16,0.0,5816.2888,0.0,21774.01,21242.9,19380.07,58.24,TQQQ_100,"Bull trend confirmed: Price > SMA50 & SMA250, RSI 58.2",238738.16,2387.38,1126.19,20742.53
2025-01-27,CASH,0.0,226918.02,226918.02,0.0,0.0,21127.28,21243.31,19394.9,46.59,CASH,Clean exit: NDX 21127.3 broke below SMA50 (21243.3),216918.02,2169.18,1089.77,18914.15
2025-01-28,CASH,0.0,226946.0,226946.0,0.0,0.0,21463.04,21251.16,19410.37,51.96,CASH,1% confirmation buffer: NDX 21463.0 <= threshold (21463.7),216946.0,2169.46,1108.68,19757.47
2025-01-29,CASH,0.0,226973.98,226973.98,0.0,0.0,21411.46,21258.66,19426.11,51.11,CASH,1% confirmation buffer: NDX 21411.5 <= threshold (21471.3),216973.98,2169.74,1105.78,19634.93
2025-01-30,TQQQ_100,1.0,227001.96,0.0,5536.509,0.0,21508.12,21270.89,19443.59,52.68,TQQQ_100,"Bull trend confirmed: Price > SMA50 & SMA250, RSI 52.7",217001.96,2170.02,1111.22,19882.4
2025-01-31,TQQQ_100,1.0,225773.76,0.0,5536.509,0.0,21478.05,21292.57,19460.12,52.12,TQQQ_100,"Bull trend confirmed: Price > SMA50 & SMA250, RSI 52.1",215773.76,2157.74,1109.53,19774.28
2025-02-03,CASH,0.0,220315.04,220315.04,0.0,0.0,21297.58,21307.74,19474.74,48.78,CASH,Clean exit: NDX 21297.6 broke below SMA50 (21307.7),210315.04,2103.15,1099.36,19293.76
2025-02-04,TQQQ_100,1.0,220342.2,0.0,5343.241,0.0,21566.92,21325.39,19490.56,53.56,TQQQ_100,"Bull trend confirmed: Price > SMA50 & SMA250, RSI 53.6",210342.2,2103.42,1114.53,19997.73
2025-02-05,TQQQ_100,1.0,223213.37,0.0,5343.241,0.0,21658.16,21345.21,19506.9,55.09,TQQQ_100,"Bull trend confirmed: Price > SMA50 & SMA250, RSI 55.1",213213.37,2132.13,1119.67,20259.61
2025-02-06,TQQQ_100,1.0,226558.64,0.0,5343.241,0.0,21774.07,21365.87,19522.97,57.03,TQQQ_100,"Bull trend confirmed: Price > SMA50 & SMA250, RSI 57.0",216558.64,2165.59,1126.2,20564.74
2025-02-07,TQQQ_100,1.0,217918.8,0.0,5343.241,0.0,21491.31,21380.17,19537.81,51.22,TQQQ_100,"Bull trend confirmed: Price > SMA50 & SMA250, RSI 51.2",207918.8,2079.19,1110.27,19776.68
2025-02-10,TQQQ_100,1.0,225584.06,0.0,5343.241,0.0,21756.73,21399.21,19552.98,55.78,TQQQ_100,"Bull trend confirmed: Price > SMA50 & SMA250, RSI 55.8",215584.06,2155.84,1125.22,20475.84
2025-02-11,TQQQ_100,1.0,223977.24,0.0,5343.241,0.0,21693.52,21414.62,19568.23,54.47,TQQQ_100,"Bull trend confirmed: Price > SMA50 & SMA250, RSI 54.5",213977.24,2139.77,1121.66,20329.28
2025-02-12,TQQQ_100,1.0,224425.03,0.0,5343.241,0.0,21719.26,21434.12,19584.7,54.93,TQQQ_100,"Bull trend confirmed: Price > SMA50 & SMA250, RSI 54.9",214425.03,2144.25,1123.11,20370.13
2025-02-13,TQQQ_50,0.5,233881.43,116940.71,2671.6205,0.0,22030.71,21456.13,19601.6,60.2,TQQQ_50,Bearish RSI divergence,223881.43,2238.81,1140.65,21232.66
2025-02-14,TQQQ_100,1.0,235265.58,0.0,5312.6359,0.0,22114.69,21475.13,19618.67,61.5,TQQQ_100,"Bull trend confirmed: Price > SMA50 & SMA250, RSI 61.5",225265.58,2252.66,1145.38,21482.53
2025-02-18,TQQQ_100,1.0,236732.24,0.0,5312.6359,0.0,22164.61,21493.83,19636.59,62.29,TQQQ_100,"Bull trend confirmed: Price > SMA50 & SMA250, RSI 62.3",226732.24,2267.32,1148.19,21617.08
2025-02-19,TQQQ_100,1.0,236758.4,0.0,5312.6359,0.0,22175.6,21507.5,19655.1,62.48,TQQQ_100,"Bull trend confirmed: Price > SMA50 & SMA250, RSI 62.5",226758.4,2267.58,1148.81,21619.48
2025-02-20,TQQQ_100,1.0,233877.52,0.0,5312.6359,0.0,22068.06,21520.36,19673.46,59.44,TQQQ_100,"Bull trend confirmed: Price > SMA50 & SMA250, RSI 59.4",223877.52,2238.78,1142.75,21355.19
2025-02-21,TQQQ_100,1.0,219237.23,0.0,5312.6359,0.0,21614.08,21520.19,19687.9,48.67,TQQQ_100,"Bull trend confirmed: Price > SMA50 & SMA250, RSI 48.7",209237.23,2092.37,1117.19,20012.14
2025-02-24,CASH,0.0,211354.02,211354.02,0.0,0.0,21352.08,21518.42,19701.56,43.75,CASH,Clean exit: NDX 21352.1 broke below SMA50 (21518.4),201354.02,2013.54,1102.43,19288.96
2025-02-25,CASH,0.0,211380.08,211380.08,0.0,0.0,21087.25,21512.8,19714.17,39.41,CASH,Clean exit: NDX 21087.2 broke below SMA50 (21512.8),201380.08,2013.8,1087.52,18548.96
2025-02-26,CASH,0.0,211406.14,211406.14,0.0,0.0,21132.92,21500.18,19726.82,40.51,CASH,Clean exit: NDX 21132.9 broke below SMA50 (21500.2),201406.14,2014.06,1090.09,18669.09
2025-02-27,CASH,0.0,211432.2,211432.2,0.0,0.0,20550.95,21478.89,19737.53,32.45,CASH,Clean exit: NDX 20550.9 broke below SMA50 (21478.9),201432.2,2014.32,1057.32,17112.2
2025-02-28,CASH,0.0,211458.27,211458.27,0.0,0.0,20884.41,21460.97,19748.89,39.83,CASH,Clean exit: NDX 20884.4 broke below SMA50 (21461.0),201458.27,2014.58,1076.1,17900.26
2025-03-03,CASH,0.0,211536.48,211536.48,0.0,0.0,20425.58,21427.55,19757.38,34.28,CASH,Clean exit: NDX 20425.6 broke below SMA50 (21427.6),201536.48,2015.36,1050.26,16737.4
2025-03-04,CASH,0.0,211562.56,211562.56,0.0,0.0,20352.53,21394.58,19765.88,33.48,CASH,Clean exit: NDX 20352.5 broke below SMA50 (21394.6),201562.56,2015.63,1046.14,16552.4
2025-03-05,CASH,0.0,211588.64,211588.64,0.0,0.0,20628.46,21382.96,19776.8,39.25,CASH,Clean exit: NDX 20628.5 broke below SMA50 (21383.0),201588.64,2015.89,1061.68,17201.1
2025-03-06,CASH,0.0,211614.73,211614.73,0.0,0.0,20052.63,21361.81,19784.94,32.85,CASH,Clean exit: NDX 20052.6 broke below SMA50 (21361.8),201614.73,2016.15,1029.25,15766.75
2025-03-07,CASH,0.0,211640.82,211640.82,0.0,0.0,20201.37,21340.05,19792.56,35.76,CASH,Clean exit: NDX 20201.4 broke below SMA50 (21340.1),201640.82,2016.41,1037.63,16095.9
2025-03-10,CASH,0.0,211719.09,211719.09,0.0,0.0,19430.95,21298.61,19798.21,28.79,CASH,Defensive cash in bear regime,201719.09,2017.19,994.25,14269.93
2025-03-11,CASH,0.0,211745.2,211745.2,0.0,0.0,19376.96,21250.19,19803.91,28.37,CASH,Defensive cash in bear regime,201745.2,2017.45,991.2,14101.75
2025-03-12,CASH,0.0,211771.3,211771.3,0.0,0.0,19596.02,21206.75,19809.42,32.64,CASH,Defensive cash in bear regime,201771.3,2017.71,1003.54,14587.08
2025-03-13,CASH,0.0,211797.41,211797.41,0.0,0.0,19225.48,21161.8,19814.05,29.45,CASH,Defensive cash in bear regime,201797.41,2017.97,982.67,13784.61
2025-03-14,SQQQ,0.0,211823.52,0.0,0.0,1278.7216,19704.64,21131.95,19820.8,37.91,SQQQ,"Bear signal: Below SMAs, RSI 37.9 in SQQQ zone",201823.52,2018.24,1009.66,14769.67
2025-03-17,SQQQ,0.0,207728.96,0.0,0.0,1278.7216,19812.24,21107.95,19828.82,39.66,SQQQ,"Bear signal: Below SMAs, RSI 39.7 in SQQQ zone",197728.96,1977.29,1015.72,15057.98
2025-03-18,SQQQ,0.0,218224.95,0.0,0.0,1278.7216,19483.36,21078.1,19834.81,36.29,SQQQ,"Bear signal: Below SMAs, RSI 36.3 in SQQQ zone",208224.95,2082.25,997.2,14293.96
2025-03-19,SQQQ,0.0,209920.41,0.0,0.0,1278.7216,19736.66,21046.31,19841.63,40.48,SQQQ,"Bear signal: Below SMAs, RSI 40.5 in SQQQ zone",199920.41,1999.2,1011.46,14853.76
2025-03-20,SQQQ,0.0,211938.86,0.0,0.0,1278.7216,19677.61,21008.68,19847.38,39.83,SQQQ,"Bear signal: Below SMAs, RSI 39.8 in SQQQ zone",201938.86,2019.39,1008.14,14700.0
2025-03-21,SQQQ,0.0,209920.41,0.0,0.0,1278.7216,19753.97,20980.29,19853.12,41.16,SQQQ,"Bear signal: Below SMAs, RSI 41.2 in SQQQ zone",199920.41,1999.2,1012.44,14839.35
2025-03-24,CASH,0.0,196829.22,196829.22,0.0,0.0,20180.45,20960.28,19860.48,48.07,CASH,Clean exit: NDX 20180.4 broke below SMA50 (20960.3),186829.22,1868.29,1036.45,15788.37
2025-03-25,CASH,0.0,196853.48,196853.48,0.0,0.0,20287.83,20949.09,19868.52,49.67,CASH,Clean exit: NDX 20287.8 broke below SMA50 (20949.1),186853.48,1868.53,1042.5,16071.88
2025-03-26,CASH,0.0,196877.75,196877.75,0.0,0.0,19916.99,20931.73,19875.35,44.56,CASH,Clean exit: NDX 19917.0 broke below SMA50 (20931.7),186877.75,1868.78,1021.62,15172.59
2025-03-27,SQQQ,0.0,196902.02,0.0,0.0,1213.1695,19798.62,20912.56,19881.42,43.03,SQQQ,"Bear signal: Below SMAs, RSI 43.0 in SQQQ zone",186902.02,1869.02,1014.95,14912.34
2025-03-28,SQQQ,0.0,212612.01,0.0,0.0,1213.1695,19281.4,20873.43,19885.53,37.07,SQQQ,"Bear signal: Below SMAs, RSI 37.1 in SQQQ zone",202612.01,2026.12,985.82,13717.14
2025-03-31,SQQQ,0.0,212834.07,0.0,0.0,1213.1695,19278.45,20837.17,19889.47,37.04,SQQQ,"Bear signal: Below SMAs, RSI 37.0 in SQQQ zone",202834.07,2028.34,985.66,13707.5
2025-04-01,SQQQ,0.0,207837.95,0.0,0.0,1213.1695,19436.42,20797.08,19894.73,39.98,SQQQ,"Bear signal: Below SMAs, RSI 40.0 in SQQQ zone",197837.95,1978.38,994.55,14025.58
2025-04-02,SQQQ,0.0,203174.92,0.0,0.0,1213.1695,19581.78,20757.38,19900.41,42.64,SQQQ,"Bear signal: Below SMAs, RSI 42.6 in SQQQ zone",193174.92,1931.75,1002.74,14341.24
2025-04-03,CASH,0.0,236093.73,236093.73,0.0,0.0,18521.47,20690.75,19902.98,31.64,CASH,Defensive cash in bear regime,226093.73,2260.94,943.03,12020.72
2025-04-04,CASH,0.0,236122.84,236122.84,0.0,0.0,17397.7,20600.69,19900.14,24.44,CASH,Defensive cash in bear regime,226122.84,2261.23,879.74,9801.4
2025-04-07,CASH,0.0,236210.18,236210.18,0.0,0.0,17430.68,20513.82,19897.46,24.98,CASH,Defensive cash in bear regime,226210.18,2262.1,881.6,9839.95
2025-04-08,CASH,0.0,236239.3,236239.3,0.0,0.0,17090.4,20433.08,19893.14,23.14,CASH,Defensive cash in bear regime,226239.3,2262.39,862.44,9273.68
2025-04-09,SQQQ,0.0,236268.42,0.0,0.0,1506.2509,19145.06,20386.72,19897.68,48.0,SQQQ,"Bear signal: Below SMAs, RSI 48.0 in SQQQ zone",226268.42,2262.68,978.15,12577.36
2025-04-10,SQQQ,0.0,263355.2,0.0,0.0,1506.2509,18343.57,20325.37,19897.82,42.26,SQQQ,"Bear signal: Below SMAs, RSI 42.3 in SQQQ zone",253355.2,2533.55,933.01,11018.29
2025-04-11,SQQQ,0.0,249639.52,0.0,0.0,1506.2509,18690.05,20269.01,19900.57,45.3,SQQQ,"Bear signal: Below SMAs, RSI 45.3 in SQQQ zone",239639.52,2396.4,952.52,11606.25
2025-04-14,SQQQ,0.0,244332.41,0.0,0.0,1506.2509,18796.02,20215.37,19904.92,46.24,SQQQ,"Bear signal: Below SMAs, RSI 46.2 in SQQQ zone",234332.41,2343.32,958.49,11852.04
2025-04-15,SQQQ,0.0,243574.25,0.0,0.0,1506.2509,18830.23,20166.02,19909.39,46.55,SQQQ,"Bear signal: Below SMAs, RSI 46.6 in SQQQ zone",233574.25,2335.74,960.42,11897.82
2025-04-16,SQQQ,0.0,265629.65,0.0,0.0,1506.2509,18257.64,20099.83,19912.45,42.08,SQQQ,"Bear signal: Below SMAs, RSI 42.1 in SQQQ zone",255629.65,2556.3,928.17,10813.47
2025-04-17,SQQQ,0.0,266318.88,0.0,0.0,1506.2509,18258.09,20031.83,19915.9,42.08,SQQQ,"Bear signal: Below SMAs, RSI 42.1 in SQQQ zone",256318.88,2563.19,928.2,10782.14
2025-04-21,SQQQ,0.0,285961.95,0.0,0.0,1506.2509,17808.3,19952.52,19918.98,38.69,SQQQ,"Bear signal: Below SMAs, RSI 38.7 in SQQQ zone",275961.95,2759.62,902.87,9986.94
2025-04-22,SQQQ,0.0,263837.67,0.0,0.0,1506.2509,18276.41,19888.22,19923.25,43.77,SQQQ,"Bear signal: Below SMAs, RSI 43.8 in SQQQ zone",253837.67,2538.38,929.23,10758.04
2025-04-23,SQQQ,0.0,246469.06,0.0,0.0,1506.2509,18693.26,19826.95,19928.13,47.9,SQQQ,"Bear signal: Below SMAs, RSI 47.9 in SQQQ zone",236469.06,2364.69,952.7,11478.54
2025-04-24,SQQQ,0.0,225516.44,0.0,0.0,1506.2509,19214.4,19777.37,19934.88,52.6,SQQQ,"Bear signal: Below SMAs, RSI 52.6 in SQQQ zone",215516.44,2155.16,982.05,12464.1
2025-04-25,SQQQ,0.0,218141.63,0.0,0.0,1506.2509,19432.56,19731.63,19942.89,54.45,SQQQ,"Bear signal: Below SMAs, RSI 54.4 in SQQQ zone",208141.63,2081.42,994.34,12878.57
2025-04-28,SQQQ,0.0,218417.34,0.0,0.0,1506.2509,19427.29,19679.56,19949.73,54.39,SQQQ,"Bear signal: Below SMAs, RSI 54.4 in SQQQ zone",208417.34,2084.17,994.04,12868.93
2025-04-29,CASH,0.0,214213.03,214213.03,0.0,0.0,19544.95,19628.17,19956.78,55.48,CASH,Defensive cash in bear regime,204213.03,2042.13,1000.67,13121.94
2025-04-30,CASH,0.0,214239.44,214239.44,0.0,0.0,19571.02,19576.3,19965.3,55.73,CASH,Defensive cash in bear regime,204239.44,2042.39,1002.13,13124.35
2025-05-01,TQQQ_30,0.3,214265.85,149986.09,2290.0712,0.0,19786.71,19528.52,19975.17,57.85,TQQQ_30,Counter-trend rally below SMA250,204265.85,2042.66,1014.28,13579.78
2025-05-02,TQQQ_100,1.0,217296.22,0.0,7395.0321,0.0,20102.61,19489.21,19985.41,60.82,TQQQ_100,"Bull trend confirmed: Price > SMA50 & SMA250, RSI 60.8",207296.22,2072.96,1032.07,14220.76
2025-05-05,TQQQ_30,0.3,213530.21,149471.15,2218.5096,0.0,19967.94,19456.29,19993.72,58.91,TQQQ_30,Counter-trend rally below SMA250,203530.21,2035.3,1024.49,13972.56
2025-05-06,TQQQ_30,0.3,211727.77,149489.58,2218.5096,0.0,19791.35,19425.07,20000.51,56.42,TQQQ_30,Counter-trend rally below SMA250,201727.77,2017.28,1014.54,13572.55
2025-05-07,TQQQ_30,0.3,212470.16,149508.01,2218.5096,0.0,19867.97,19400.69,20007.62,57.27,TQQQ_30,Counter-trend rally below SMA250,202470.16,2024.7,1018.86,13731.59
2025-05-08,TQQQ_100,1.0,214364.29,0.0,7334.747,0.0,20063.56,19379.3,20015.53,59.43,TQQQ_100,"Bull trend confirmed: Price > SMA50 & SMA250, RSI 59.4",204364.29,2043.64,1029.87,14143.65
2025-05-09,TQQQ_100,1.0,213856.6,0.0,7334.747,0.0,20061.45,19369.51,20023.33,59.39,TQQQ_100,"Bull trend confirmed: Price > SMA50 & SMA250, RSI 59.4",203856.6,2038.57,1029.75,14109.92
2025-05-12,TQQQ_100,1.0,239750.04,0.0,7334.747,0.0,20868.15,19369.18,20034.15,67.3,TQQQ_100,"Bull trend confirmed: Price > SMA50 & SMA250, RSI 67.3",229750.04,2297.5,1075.18,15830.43
2025-05-13,TQQQ_100,1.0,250738.39,0.0,7334.747,0.0,21197.7,19384.63,20046.15,69.88,TQQQ_100,"Bull trend confirmed: Price > SMA50 & SMA250, RSI 69.9",240738.39,2407.38,1093.74,16560.56
2025-05-14,TQQQ_100,1.0,255162.76,0.0,7334.747,0.0,21319.21,19403.96,20058.14,70.79,TQQQ_100,"Bull trend confirmed: Price > SMA50 & SMA250, RSI 70.8",245162.76,2451.63,1100.58,16854.55
2025-05-15,TQQQ_100,1.0,255960.61,0.0,7334.747,0.0,21335.82,19418.11,20069.09,70.92,TQQQ_100,"Bull trend confirmed: Price > SMA50 & SMA250, RSI 70.9",245960.61,2459.61,1101.52,16907.56
2025-05-16,TQQQ_100,1.0,259115.7,0.0,7334.747,0.0,21427.94,19445.61,20080.57,71.67,TQQQ_100,"Bull trend confirmed: Price > SMA50 & SMA250, RSI 71.7",249115.7,2491.16,1106.7,17117.2
2025-05-19,TQQQ_100,1.0,259804.76,0.0,7334.747,0.0,21447.05,19470.53,20092.18,71.84,TQQQ_100,"Bull trend confirmed: Price > SMA50 & SMA250, RSI 71.8",249804.76,2498.05,1107.78,17162.99
2025-05-20,TQQQ_100,1.0,257084.84,0.0,7334.747,0.0,21367.37,19509.26,20102.95,70.03,TQQQ_100,"Bull trend confirmed: Price > SMA50 & SMA250, RSI 70.0",247084.84,2470.85,1103.29,16982.26
2025-05-21,TQQQ_100,1.0,246386.6,0.0,7334.747,0.0,21080.36,19543.32,20112.42,63.8,TQQQ_100,"Bull trend confirmed: Price > SMA50 & SMA250, RSI 63.8",236386.6,2363.87,1087.13,16271.4
2025-05-22,TQQQ_100,1.0,247655.85,0.0,7334.747,0.0,21112.47,19573.65,20122.04,64.18,TQQQ_100,"Bull trend confirmed: Price > SMA50 & SMA250, RSI 64.2",237655.85,2376.56,1088.94,16355.74
2025-05-23,TQQQ_100,1.0,240511.56,0.0,7334.747,0.0,20915.66,19607.46,20131.21,59.98,TQQQ_100,"Bull trend confirmed: Price > SMA50 & SMA250, RSI 60.0",230511.56,2305.12,1077.86,15881.03
2025-05-27,TQQQ_100,1.0,257266.17,0.0,7334.747,0.0,21414.99,19641.66,20141.64,66.05,TQQQ_100,"Bull trend confirmed: Price > SMA50 & SMA250, RSI 66.1",247266.17,2472.66,1105.98,16994.31
2025-05-28,TQQQ_100,1.0,253966.03,0.0,7334.747,0.0,21318.17,19671.78,20151.43,64.02,TQQQ_100,"Bull trend confirmed: Price > SMA50 & SMA250, RSI 64.0",243966.03,2439.66,1100.52,16775.03
2025-05-29,TQQQ_100,1.0,255199.02,0.0,7334.747,0.0,21363.95,19709.39,20161.94,64.58,TQQQ_100,"Bull trend confirmed: Price > SMA50 & SMA250, RSI 64.6",245199.02,2451.99,1103.1,16856.95
2025-05-30,TQQQ_100,1.0,253857.25,0.0,7334.747,0.0,21340.99,19741.48,20173.15,64.05,TQQQ_100,"Bull trend confirmed: Price > SMA50 & SMA250, RSI 64.0",243857.25,2438.57,1101.81,16767.8
2025-06-02,TQQQ_100,1.0,259695.97,0.0,7334.747,0.0,21491.75,19777.76,20184.97,66.03,TQQQ_100,"Bull trend confirmed: Price > SMA50 & SMA250, RSI 66.0",249695.97,2496.96,1110.3,17155.76
2025-06-03,TQQQ_50,0.5,265752.26,132876.13,3667.3735,0.0,21662.58,19815.94,20197.22,68.17,TQQQ_50,Bearish RSI divergence,255752.26,2557.52,1119.92,17558.18
2025-06-04,TQQQ_50,0.5,266838.48,132892.51,3667.3735,0.0,21721.92,19846.77,20209.49,68.9,TQQQ_50,Bearish RSI divergence,256838.48,2568.38,1123.26,17700.35
2025-06-05,TQQQ_50,0.5,263736.02,132908.9,3667.3735,0.0,21547.43,19871.96,20219.54,64.22,TQQQ_50,Bearish RSI divergence,253736.02,2537.36,1113.43,17285.88
2025-06-06,TQQQ_50,0.5,267487.74,132925.28,3667.3735,0.0,21761.79,19908.85,20230.5,67.17,TQQQ_50,Bearish RSI divergence,257487.74,2574.88,1125.51,17782.28
2025-06-09,TQQQ_50,0.5,268135.29,132974.45,3667.3735,0.0,21797.87,19948.84,20241.69,67.65,TQQQ_50,Bearish RSI divergence,258135.29,2581.35,1127.54,17861.79
2025-06-10,TQQQ_50,0.5,270762.79,132990.84,3667.3735,0.0,21941.92,20002.05,20253.16,69.58,TQQQ_50,Bearish RSI divergence,260762.79,2607.63,1135.65,18208.79
2025-06-11,TQQQ_50,0.5,269364.83,133007.24,3667.3735,0.0,21860.8,20053.7,20263.76,67.15,TQQQ_50,Bearish RSI divergence,259364.83,2593.65,1131.08,18020.83
2025-06-12,TQQQ_50,0.5,270269.76,133023.64,3667.3735,0.0,21913.32,20103.23,20273.55,67.93,TQQQ_50,Bearish RSI divergence,260269.76,2602.7,1134.04,18138.91
2025-06-13,TQQQ_50,0.5,265100.19,133040.04,3667.3735,0.0,21631.04,20144.22,20281.77,59.73,TQQQ_50,Bearish RSI divergence,255100.19,2551.0,1118.14,17449.74
2025-06-16,TQQQ_50,0.5,270534.8,133089.24,3667.3735,0.0,21937.57,20212.54,20290.88,64.71,TQQQ_50,Bearish RSI divergence,260534.8,2605.35,1135.4,18165.42
2025-06-17,TQQQ_50,0.5,266489.48,133105.65,3667.3735,0.0,21719.08,20298.97,20298.14,59.1,TQQQ_50,Bearish RSI divergence,256489.48,2564.89,1123.1,17625.64
2025-06-18,TQQQ_100,1.0,266324.58,0.0,7332.5319,0.0,21719.69,20384.75,20305.39,59.11,TQQQ_100,"Bull trend confirmed: Price > SMA50 & SMA250, RSI 59.1",256324.58,2563.25,1123.13,17601.55
2025-06-20,TQQQ_100,1.0,262662.84,0.0,7332.5319,0.0,21626.39,20475.47,20312.88,56.68,TQQQ_100,"Bull trend confirmed: Price > SMA50 & SMA250, RSI 56.7",252662.84,2526.63,1117.88,17358.17
2025-06-23,TQQQ_100,1.0,270820.08,0.0,7332.5319,0.0,21856.33,20529.69,20321.51,60.94,TQQQ_100,"Bull trend confirmed: Price > SMA50 & SMA250, RSI 60.9",260820.08,2608.2,1130.83,17900.35
2025-06-24,TQQQ_100,1.0,283146.6,0.0,7332.5319,0.0,22190.52,20606.63,20332.37,66.16,TQQQ_100,"Bull trend confirmed: Price > SMA50 & SMA250, RSI 66.2",273146.6,2731.47,1149.65,18719.64
2025-06-25,TQQQ_50,0.5,285320.7,142660.35,3666.2659,0.0,22237.74,20677.59,20342.52,66.84,TQQQ_50,Bearish RSI divergence,275320.7,2753.21,1152.31,18864.15
2025-06-26,TQQQ_100,1.0,289246.52,0.0,7235.2113,0.0,22447.29,20750.61,20353.3,69.72,TQQQ_100,"Bull trend confirmed: Price > SMA50 & SMA250, RSI 69.7",279246.52,2792.47,1164.11,19383.68
2025-06-27,TQQQ_100,1.0,292080.53,0.0,7235.2113,0.0,22534.2,20824.69,20364.28,70.85,TQQQ_100,"Bull trend confirmed: Price > SMA50 & SMA250, RSI 70.9",282080.53,2820.81,1169.0,19574.58
2025-06-30,TQQQ_100,1.0,297748.5,0.0,7235.2113,0.0,22679.01,20913.12,20376.27,72.68,TQQQ_100,"Bull trend confirmed: Price > SMA50 & SMA250, RSI 72.7",287748.5,2877.48,1177.16,19956.37
2025-07-01,TQQQ_100,1.0,290179.24,0.0,7235.2113,0.0,22478.13,20997.52,20386.93,66.44,TQQQ_100,"Bull trend confirmed: Price > SMA50 & SMA250, RSI 66.4",280179.24,2801.79,1165.85,19446.5
2025-07-02,TQQQ_100,1.0,295954.85,0.0,7235.2113,0.0,22641.89,21094.19,20397.45,68.8,TQQQ_100,"Bull trend confirmed: Price > SMA50 & SMA250, RSI 68.8",285954.85,2859.55,1175.07,19835.55
2025-07-03,TQQQ_100,1.0,304241.62,0.0,7235.2113,0.0,22866.97,21186.0,20408.17,71.73,TQQQ_100,"Bull trend confirmed: Price > SMA50 & SMA250, RSI 71.7",294241.62,2942.42,1187.74,20393.75
2025-07-07,TQQQ_100,1.0,297461.51,0.0,7235.2113,0.0,22685.57,21265.85,20417.35,66.32,TQQQ_100,"Bull trend confirmed: Price > SMA50 & SMA250, RSI 66.3",287461.51,2874.62,1177.53,19937.04
2025-07-08,TQQQ_100,1.0,297856.11,0.0,7235.2113,0.0,22702.25,21335.61,20426.4,66.57,TQQQ_100,"Bull trend confirmed: Price > SMA50 & SMA250, RSI 66.6",287856.11,2878.56,1178.47,19963.62
2025-07-09,TQQQ_100,1.0,304026.37,0.0,7235.2113,0.0,22864.91,21404.25,20436.05,68.98,TQQQ_100,"Bull trend confirmed: Price > SMA50 & SMA250, RSI 69.0",294026.37,2940.26,1187.63,20379.25
2025-07-10,TQQQ_100,1.0,302627.29,0.0,7235.2113,0.0,22829.26,21472.29,20444.66,67.83,TQQQ_100,"Bull trend confirmed: Price > SMA50 & SMA250, RSI 67.8",292627.29,2926.27,1185.62,20285.01
2025-07-11,TQQQ_100,1.0,300331.4,0.0,7235.2113,0.0,22780.6,21537.01,20454.94,66.2,TQQQ_100,"Bull trend confirmed: Price > SMA50 & SMA250, RSI 66.2",290331.4,2903.31,1182.88,20130.36
2025-07-14,TQQQ_100,1.0,303524.13,0.0,7235.2113,0.0,22855.63,21602.7,20465.04,67.49,TQQQ_100,"Bull trend confirmed: Price > SMA50 & SMA250, RSI 67.5",293524.13,2935.24,1187.1,20345.42
2025-07-15,TQQQ_50,0.5,304313.36,152156.68,3617.6057,0.0,22884.59,21664.65,20475.03,68.0,TQQQ_50,Bearish RSI divergence,294313.36,2943.13,1188.74,20398.58
2025-07-16,TQQQ_50,0.5,304762.6,152175.44,3617.6057,0.0,22907.97,21720.76,20485.06,68.44,TQQQ_50,Bearish RSI divergence,294762.6,2947.63,1190.05,20456.57
2025-07-17,TQQQ_50,0.5,308332.82,152194.2,3617.6057,0.0,23081.05,21783.02,20498.19,71.5,TQQQ_50,Bearish RSI divergence,298332.82,2983.33,1199.8,20935.03
2025-07-18,TQQQ_50,0.5,307813.46,152212.96,3617.6057,0.0,23065.47,21848.51,20511.63,70.83,TQQQ_50,Bearish RSI divergence,297813.46,2978.13,1198.92,20862.53
2025-07-21,TQQQ_100,1.0,310237.4,0.0,7104.7022,0.0,23180.06,21914.75,20526.26,72.84,TQQQ_100,"Bull trend confirmed: Price > SMA50 & SMA250, RSI 72.8",300237.4,3002.37,1205.37,21181.5
2025-07-22,TQQQ_100,1.0,305411.4,0.0,7104.7022,0.0,23063.58,21974.75,20539.23,67.74,TQQQ_100,"Bull trend confirmed: Price > SMA50 & SMA250, RSI 67.7",295411.4,2954.11,1198.82,20850.45
2025-07-23,TQQQ_100,1.0,309427.2,0.0,7104.7022,0.0,23162.41,22036.77,20552.86,69.68,TQQQ_100,"Bull trend confirmed: Price > SMA50 & SMA250, RSI 69.7",299427.2,2994.27,1204.38,21125.92
2025-07-24,TQQQ_100,1.0,311470.33,0.0,7104.7022,0.0,23219.87,22083.8,20569.61,70.78,TQQQ_100,"Bull trend confirmed: Price > SMA50 & SMA250, RSI 70.8",301470.33,3014.7,1207.62,21266.08
2025-07-25,TQQQ_100,1.0,313231.6,0.0,7104.7022,0.0,23272.25,22125.29,20587.37,71.78,TQQQ_100,"Bull trend confirmed: Price > SMA50 & SMA250, RSI 71.8",303231.6,3032.32,1210.57,21386.9
2025-07-28,TQQQ_100,1.0,316296.3,0.0,7104.7022,0.0,23356.27,22166.03,20604.7,73.36,TQQQ_100,"Bull trend confirmed: Price > SMA50 & SMA250, RSI 73.4",306296.3,3062.96,1215.3,21597.13
2025-07-29,TQQQ_100,1.0,314852.02,0.0,7104.7022,0.0,23308.3,22205.48,20621.7,70.92,TQQQ_100,"Bull trend confirmed: Price > SMA50 & SMA250, RSI 70.9",304852.02,3048.52,1212.6,21498.05
2025-07-30,TQQQ_100,1.0,315944.08,0.0,7104.7022,0.0,23345.41,22243.83,20639.9,71.71,TQQQ_100,"Bull trend confirmed: Price > SMA50 & SMA250, RSI 71.7",305944.08,3059.44,1214.69,21572.97
2025-07-31,TQQQ_100,1.0,310730.6,0.0,7104.7022,0.0,23218.12,22279.26,20655.32,65.2,TQQQ_100,"Bull trend confirmed: Price > SMA50 & SMA250, RSI 65.2",300730.6,3007.31,1207.52,21215.33
2025-08-01,TQQQ_100,1.0,292095.88,0.0,7104.7022,0.0,22763.31,22307.17,20670.81,48.33,TQQQ_100,"Bull trend confirmed: Price > SMA50 & SMA250, RSI 48.3",282095.88,2820.96,1181.91,19937.04
2025-08-04,TQQQ_100,1.0,308088.62,0.0,7104.7022,0.0,23188.61,22349.34,20689.8,59.01,TQQQ_100,"Bull trend confirmed: Price > SMA50 & SMA250, RSI 59.0",298088.62,2980.89,1205.86,21034.1
2025-08-05,TQQQ_100,1.0,301677.44,0.0,7104.7022,0.0,23018.56,22387.46,20710.3,54.19,TQQQ_100,"Bull trend confirmed: Price > SMA50 & SMA250, RSI 54.2",291677.44,2916.77,1196.28,20594.31
2025-08-06,TQQQ_100,1.0,312949.82,0.0,7104.7022,0.0,23315.04,22435.45,20731.24,60.28,TQQQ_100,"Bull trend confirmed: Price > SMA50 & SMA250, RSI 60.3",302949.82,3029.5,1212.98,21367.57
2025-08-07,TQQQ_100,1.0,316120.17,0.0,7104.7022,0.0,23389.53,22474.94,20753.33,61.66,TQQQ_100,"Bull trend confirmed: Price > SMA50 & SMA250, RSI 61.7",306120.17,3061.2,1217.17,21585.04
2025-08-08,TQQQ_100,1.0,324644.95,0.0,7104.7022,0.0,23611.27,22520.8,20774.12,65.51,TQQQ_100,"Bull trend confirmed: Price > SMA50 & SMA250, RSI 65.5",314644.95,3146.45,1229.66,22169.82
2025-08-11,TQQQ_50,0.5,321791.62,160895.81,3552.3511,0.0,23526.63,22564.05,20794.18,62.91,TQQQ_50,Bearish RSI divergence,311791.62,3117.92,1224.89,21974.09
2025-08-12,TQQQ_50,0.5,327747.09,160915.65,3552.3511,0.0,23839.2,22614.02,20815.36,67.96,TQQQ_50,Bearish RSI divergence,317747.09,3177.47,1242.49,22788.43
2025-08-13,TQQQ_50,0.5,328013.49,160935.48,3552.3511,0.0,23849.04,22661.16,20834.74,68.1,TQQQ_50,Bearish RSI divergence,318013.49,3180.13,1243.05,22822.26
2025-08-14,TQQQ_50,0.5,327575.39,160955.33,3552.3511,0.0,23832.44,22704.56,20853.97,67.54,TQQQ_50,Bearish RSI divergence,317575.39,3175.75,1242.11,22759.43
2025-08-15,TQQQ_50,0.5,325235.09,160975.17,3552.3511,0.0,23712.07,22744.36,20870.86,63.44,TQQQ_50,Bearish RSI divergence,315235.09,3152.35,1235.33,22435.63
2025-08-18,TQQQ_50,0.5,325083.26,161034.71,3552.3511,0.0,23713.76,22787.69,20887.68,63.48,TQQQ_50,Bearish RSI divergence,315083.26,3150.83,1235.43,22406.63
2025-08-19,TQQQ_50,0.5,318410.12,161054.56,3552.3511,0.0,23384.77,22820.15,20902.16,53.25,TQQQ_50,Bearish RSI divergence,308410.12,3084.1,1216.9,21488.39
2025-08-20,TQQQ_50,0.5,315559.04,161074.42,3552.3511,0.0,23249.57,22849.19,20916.28,49.71,TQQQ_50,Bearish RSI divergence,305559.04,3055.59,1209.29,21094.51
2025-08-21,TQQQ_50,0.5,313430.11,161094.28,3552.3511,0.0,23142.58,22873.2,20929.55,47.04,TQQQ_50,Bearish RSI divergence,303430.11,3034.3,1203.26,20799.71
2025-08-22,TQQQ_50,0.5,320301.47,161114.14,3552.3511,0.0,23498.12,22905.94,20945.57,55.57,TQQQ_50,Bearish RSI divergence,310301.47,3103.01,1223.29,21739.7
2025-08-25,TQQQ_50,0.5,318969.62,161173.73,3552.3511,0.0,23425.61,22936.19,20960.39,53.67,TQQQ_50,Bearish RSI divergence,308969.62,3089.7,1219.2,21548.8
2025-08-26,TQQQ_50,0.5,320821.26,161193.6,3552.3511,0.0,23525.29,22974.08,20976.43,55.9,TQQQ_50,Bearish RSI divergence,310821.26,3108.21,1224.82,21800.11
2025-08-27,TQQQ_100,1.0,321563.28,0.0,7123.8356,0.0,23565.85,23006.64,20992.36,56.82,TQQQ_100,"Bull trend confirmed: Price > SMA50 & SMA250, RSI 56.8",311563.28,3115.63,1227.1,21899.18
2025-08-28,TQQQ_100,1.0,327426.56,0.0,7123.8356,0.0,23703.45,23046.33,21009.77,59.85,TQQQ_100,"Bull trend confirmed: Price > SMA50 & SMA250, RSI 59.8",317426.56,3174.27,1234.85,22300.31
2025-08-29,TQQQ_100,1.0,315629.31,0.0,7123.8356,0.0,23415.42,23080.24,21026.13,51.67,TQQQ_100,"Bull trend confirmed: Price > SMA50 & SMA250, RSI 51.7",305629.31,3056.29,1218.63,21493.22
2025-09-02,TQQQ_100,1.0,307576.11,0.0,7123.8356,0.0,23231.11,23112.34,21040.76,47.22,TQQQ_100,"Bull trend confirmed: Price > SMA50 & SMA250, RSI 47.2",297576.11,2975.76,1208.25,20942.28
2025-09-03,TQQQ_100,1.0,314746.28,0.0,7123.8356,0.0,23414.84,23143.51,21058.58,51.69,TQQQ_100,"Bull trend confirmed: Price > SMA50 & SMA250, RSI 51.7",304746.28,3047.46,1218.6,21432.81
2025-09-04,TQQQ_100,1.0,323258.69,0.0,7123.8356,0.0,23633.01,23172.36,21077.43,56.4,TQQQ_100,"Bull trend confirmed: Price > SMA50 & SMA250, RSI 56.4",313258.69,3132.59,1230.88,22015.17
2025-09-05,TQQQ_100,1.0,324318.33,0.0,7123.8356,0.0,23652.44,23200.65,21096.32,56.81,TQQQ_100,"Bull trend confirmed: Price > SMA50 & SMA250, RSI 56.8",314318.33,3143.18,1231.98,22087.67
2025-09-08,TQQQ_100,1.0,328945.33,0.0,7123.8356,0.0,23762.3,23226.95,21117.68,59.12,TQQQ_100,"Bull trend confirmed: Price > SMA50 & SMA250, RSI 59.1",318945.33,3189.45,1238.16,22404.21
2025-09-09,TQQQ_100,1.0,331629.79,0.0,7123.8356,0.0,23839.8,23253.06,21138.4,60.71,TQQQ_100,"Bull trend confirmed: Price > SMA50 & SMA250, RSI 60.7",321629.79,3216.3,1242.53,22587.87
2025-09-10,TQQQ_50,0.5,331982.98,165991.49,3561.9178,0.0,23849.27,23276.47,21158.48,60.91,TQQQ_50,Bearish RSI divergence,321982.98,3219.83,1243.06,22612.03
2025-09-11,TQQQ_50,0.5,334793.82,166011.96,3561.9178,0.0,23992.56,23306.76,21177.5,63.92,TQQQ_50,Bearish RSI divergence,324793.82,3247.94,1251.13,22993.83
2025-09-12,TQQQ_100,1.0,336915.91,0.0,7022.7194,0.0,24092.19,23335.76,21196.18,65.88,TQQQ_100,"Bull trend confirmed: Price > SMA50 & SMA250, RSI 65.9",326915.91,3269.16,1256.74,23281.38
2025-09-15,TQQQ_100,1.0,345516.35,0.0,7022.7194,0.0,24293.78,23364.3,21215.29,69.5,TQQQ_100,"Bull trend confirmed: Price > SMA50 & SMA250, RSI 69.5",335516.35,3355.16,1268.09,23878.24
2025-09-16,TQQQ_100,1.0,344576.2,0.0,7022.7194,0.0,24274.25,23396.07,21234.7,68.74,TQQQ_100,"Bull trend confirmed: Price > SMA50 & SMA250, RSI 68.7",334576.2,3345.76,1266.99,23812.99
2025-09-17,TQQQ_100,1.0,342382.56,0.0,7022.7194,0.0,24223.69,23426.5,21253.86,66.7,TQQQ_100,"Bull trend confirmed: Price > SMA50 & SMA250, RSI 66.7",332382.56,3323.83,1264.15,23660.76
2025-09-18,TQQQ_100,1.0,351609.82,0.0,7022.7194,0.0,24454.89,23458.3,21274.31,70.94,TQQQ_100,"Bull trend confirmed: Price > SMA50 & SMA250, RSI 70.9",341609.82,3416.1,1277.17,24301.12
2025-09-19,TQQQ_100,1.0,358573.76,0.0,7022.7194,0.0,24626.25,23494.24,21293.45,73.62,TQQQ_100,"Bull trend confirmed: Price > SMA50 & SMA250, RSI 73.6",348573.76,3485.74,1286.82,24784.4
2025-09-22,TQQQ_30,0.3,364632.41,255242.69,2106.8158,0.0,24761.07,23533.85,21313.33,75.53,TQQQ_30,Overbought: RSI 75.5 >= 75,354632.41,3546.32,1294.41,25204.86
2025-09-23,TQQQ_30,0.3,362459.77,255274.15,2106.8158,0.0,24580.17,23568.34,21332.24,68.37,TQQQ_30,Overbought trim active,352459.77,3524.6,1284.22,24694.99
2025-09-24,TQQQ_30,0.3,361339.02,255305.63,2106.8158,0.0,24503.57,23600.72,21350.48,65.54,TQQQ_30,Overbought trim active,351339.02,3513.39,1279.91,24428.45
2025-09-25,TQQQ_30,0.3,359948.48,255337.1,2106.8158,0.0,24397.31,23630.51,21368.17,61.72,TQQQ_30,Overbought trim active,349948.48,3499.48,1273.92,24099.5
2025-09-26,TQQQ_30,0.3,361234.67,255368.58,2106.8158,0.0,24503.85,23658.96,21385.73,63.99,TQQQ_30,Overbought trim active,351234.67,3512.35,1279.92,24389.75
2025-09-29,TQQQ_30,0.3,362740.67,255463.03,2106.8158,0.0,24611.35,23689.88,21404.14,66.16,TQQQ_30,Overbought trim active,352740.67,3527.41,1285.98,24716.28
2025-09-30,TQQQ_30,0.3,363608.63,255494.53,2106.8158,0.0,24679.99,23719.88,21422.62,67.51,TQQQ_30,Overbought trim active,353608.63,3536.09,1289.84,24909.77
2025-10-01,TQQQ_30,0.3,365166.69,255526.03,2106.8158,0.0,24800.86,23754.63,21442.73,69.8,TQQQ_30,Overbought trim active,355166.69,3551.67,1296.65,25262.91
2025-10-02,TQQQ_30,0.3,366536.56,255557.53,2106.8158,0.0,24892.76,23789.23,21463.09,71.44,TQQQ_30,Overbought trim active,356536.56,3565.37,1301.82,25572.51
2025-10-03,TQQQ_30,0.3,365062.42,255589.04,2106.8158,0.0,24785.52,23820.55,21483.06,66.87,TQQQ_30,Overbought trim active,355062.42,3550.62,1295.79,25224.21
2025-10-06,TQQQ_30,0.3,367603.64,255683.57,2106.8158,0.0,24978.56,23854.67,21502.83,70.53,TQQQ_30,Overbought trim active,357603.64,3576.04,1306.66,25790.2
2025-10-07,TQQQ_30,0.3,365826.28,255715.09,2106.8158,0.0,24840.23,23884.35,21522.99,64.99,TQQQ_30,Overbought trim active,355826.28,3558.26,1298.87,25371.75
2025-10-08,TQQQ_30,0.3,369590.57,255746.62,2106.8158,0.0,25136.62,23920.92,21543.1,70.36,TQQQ_30,Overbought trim active,359590.57,3595.91,1315.56,26235.24
2025-10-09,TQQQ_30,0.3,369172.49,255778.15,2106.8158,0.0,25098.18,23955.97,21562.42,68.88,TQQQ_30,Overbought trim active,359172.49,3591.72,1313.39,26131.24
2025-10-10,TQQQ_30,0.3,357305.21,255809.69,2106.8158,0.0,24221.74,23976.05,21578.34,45.46,TQQQ_30,Overbought trim active,347305.21,3473.05,1264.04,23378.71
2025-10-13,TQQQ_30,0.3,363840.66,255904.3,2106.8158,0.0,24750.25,24015.78,21596.25,55.33,TQQQ_30,Overbought trim active,353840.66,3538.41,1293.8,24868.66
2025-10-14,TQQQ_30,0.3,361676.47,255935.85,2106.8158,0.0,24579.32,24043.6,21612.81,52.05,TQQQ_30,Overbought trim active,351676.47,3516.76,1284.17,24360.72
2025-10-15,TQQQ_30,0.3,363872.4,255967.4,2106.8158,0.0,24745.36,24078.13,21631.16,54.85,TQQQ_30,Overbought trim active,353872.4,3538.72,1293.52,24861.4
2025-10-16,TQQQ_30,0.3,362701.52,255998.96,2106.8158,0.0,24657.24,24104.98,21649.09,53.08,TQQQ_30,Overbought trim active,352701.52,3527.02,1288.56,24583.24
2025-10-17,TQQQ_30,0.3,364761.54,256030.52,2106.8158,0.0,24817.95,24133.55,21667.6,55.87,TQQQ_30,Overbought trim active,354761.54,3547.62,1297.61,25052.48
2025-10-20,TQQQ_50,0.5,368934.04,184467.02,3445.1032,0.0,25141.02,24164.14,21686.87,60.92,TQQQ_50,Bearish RSI divergence,358934.04,3589.34,1315.81,25995.79
2025-10-21,TQQQ_50,0.5,368751.6,184489.76,3445.1032,0.0,25127.13,24196.15,21705.93,60.6,TQQQ_50,Bearish RSI divergence,358751.6,3587.52,1315.02,25966.77
2025-10-22,TQQQ_50,0.5,363354.39,184512.51,3445.1032,0.0,24879.01,24216.95,21723.88,55.02,TQQQ_50,Bearish RSI divergence,353354.39,3533.54,1301.05,25200.03
2025-10-23,TQQQ_50,0.5,367856.73,184535.26,3445.1032,0.0,25097.41,24241.92,21744.01,58.63,TQQQ_50,Bearish RSI divergence,357856.73,3578.57,1313.35,25833.74
2025-10-24,TQQQ_50,0.5,373590.09,184558.01,3445.1032,0.0,25358.16,24272.43,21764.51,62.5,TQQQ_50,Bearish RSI divergence,363590.09,3635.9,1328.03,26641.59
2025-10-27,TQQQ_50,0.5,383694.71,184626.27,3445.1032,0.0,25821.55,24314.62,21786.39,68.19,TQQQ_50,Bearish RSI divergence,373694.71,3736.95,1354.13,28061.4
2025-10-28,TQQQ_50,0.5,388265.45,184649.03,3445.1032,0.0,26012.15,24360.59,21809.03,70.19,TQQQ_50,Bearish RSI divergence,378265.45,3782.65,1364.86,28704.78
2025-10-29,TQQQ_50,0.5,390887.07,184671.8,3445.1032,0.0,26119.85,24415.29,21831.31,71.29,TQQQ_50,Bearish RSI divergence,380887.07,3808.87,1370.93,29072.43
2025-10-30,TQQQ_100,1.0,381471.9,0.0,6678.6657,0.0,25734.81,24464.99,21852.69,62.42,TQQQ_100,"Bull trend confirmed: Price > SMA50 & SMA250, RSI 62.4",371471.9,3714.72,1349.24,27737.28
2025-10-31,TQQQ_100,1.0,386874.63,0.0,6678.6657,0.0,25858.13,24519.3,21876.57,63.97,TQQQ_100,"Bull trend confirmed: Price > SMA50 & SMA250, RSI 64.0",376874.63,3768.75,1356.19,28131.54
2025-11-03,TQQQ_100,1.0,392177.91,0.0,6678.6657,0.0,25972.94,24568.8,21900.32,65.4,TQQQ_100,"Bull trend confirmed: Price > SMA50 & SMA250, RSI 65.4",382177.91,3821.78,1362.65,28518.54
2025-11-04,TQQQ_100,1.0,368180.58,0.0,6678.6657,0.0,25435.7,24609.0,21922.21,54.51,TQQQ_100,"Bull trend confirmed: Price > SMA50 & SMA250, RSI 54.5",358180.58,3581.81,1332.4,26767.37
2025-11-05,TQQQ_100,1.0,375339.98,0.0,6678.6657,0.0,25620.03,24650.9,21943.78,57.15,TQQQ_100,"Bull trend confirmed: Price > SMA50 & SMA250, RSI 57.1",365339.98,3653.4,1342.78,27289.82
2025-11-06,TQQQ_100,1.0,354292.56,0.0,6678.6657,0.0,25130.04,24682.18,21961.18,49.02,TQQQ_100,"Bull trend confirmed: Price > SMA50 & SMA250, RSI 49.0",344292.56,3442.93,1315.19,25753.92
2025-11-07,TQQQ_100,1.0,350613.42,0.0,6678.6657,0.0,25059.81,24709.31,21977.01,47.96,TQQQ_100,"Bull trend confirmed: Price > SMA50 & SMA250, RSI 48.0",340613.42,3406.13,1311.23,25485.44
2025-11-10,TQQQ_100,1.0,373583.28,0.0,6678.6657,0.0,25611.74,24753.24,21994.99,55.97,TQQQ_100,"Bull trend confirmed: Price > SMA50 & SMA250, RSI 56.0",363583.28,3635.83,1342.31,27161.62
2025-11-11,TQQQ_100,1.0,370500.73,0.0,6678.6657,0.0,25533.49,24799.28,22012.7,54.69,TQQQ_100,"Bull trend confirmed: Price > SMA50 & SMA250, RSI 54.7",360500.73,3605.01,1337.91,26936.68
2025-11-12,TQQQ_100,1.0,369738.4,0.0,6678.6657,0.0,25517.33,24841.33,22030.48,54.41,TQQQ_100,"Bull trend confirmed: Price > SMA50 & SMA250, RSI 54.4",359738.4,3597.38,1337.0,26881.05
2025-11-13,TQQQ_100,1.0,346901.18,0.0,6678.6657,0.0,24993.46,24868.54,22046.31,46.21,TQQQ_100,"Bull trend confirmed: Price > SMA50 & SMA250, RSI 46.2",336901.18,3369.01,1307.5,25214.54
2025-11-14,TQQQ_100,1.0,347166.27,0.0,6678.6657,0.0,25008.24,24895.66,22062.76,46.46,TQQQ_100,"Bull trend confirmed: Price > SMA50 & SMA250, RSI 46.5",337166.27,3371.66,1308.33,25233.89
2025-11-17,CASH,0.0,338250.13,338250.13,0.0,0.0,24799.92,24916.41,22080.38,43.45,CASH,Clean exit: NDX 24799.9 broke below SMA50 (24916.4),328250.13,3282.5,1296.6,24583.24
2025-11-18,CASH,0.0,338291.83,338291.83,0.0,0.0,24503.1,24929.68,22096.24,39.53,CASH,Clean exit: NDX 24503.1 broke below SMA50 (24929.7),328291.83,3282.92,1279.88,23690.73
2025-11-19,CASH,0.0,338333.53,338333.53,0.0,0.0,24640.52,24945.5,22112.06,42.14,CASH,Clean exit: NDX 24640.5 broke below SMA50 (24945.5),328333.53,3283.34,1287.62,24099.5
2025-11-20,CASH,0.0,338375.25,338375.25,0.0,0.0,24054.38,24946.74,22125.61,35.18,CASH,Clean exit: NDX 24054.4 broke below SMA50 (24946.7),328375.25,3283.75,1254.61,22370.1
2025-11-21,CASH,0.0,338416.96,338416.96,0.0,0.0,24239.57,24949.69,22139.61,38.62,CASH,Clean exit: NDX 24239.6 broke below SMA50 (24949.7),328416.96,3284.17,1265.04,22868.36
2025-11-24,CASH,0.0,338542.13,338542.13,0.0,0.0,24873.85,24961.29,22156.0,48.69,CASH,Clean exit: NDX 24873.8 broke below SMA50 (24961.3),328542.13,3285.42,1300.76,24609.85
2025-11-25,CASH,0.0,338583.87,338583.87,0.0,0.0,25018.36,24976.17,22172.85,50.68,CASH,1% confirmation buffer: NDX 25018.4 <= threshold (25225.9),328583.87,3285.84,1308.9,25059.74
2025-11-26,CASH,0.0,338625.61,338625.61,0.0,0.0,25236.94,24996.43,22190.11,53.6,CASH,1% confirmation buffer: NDX 25236.9 <= threshold (25246.4),328625.61,3286.26,1321.21,25717.64
2025-11-28,TQQQ_100,1.0,338709.11,0.0,6256.7166,0.0,25434.89,25016.03,22208.87,56.14,TQQQ_100,"Bull trend confirmed: Price > SMA50 & SMA250, RSI 56.1",328709.11,3287.09,1332.35,26283.62
2025-12-01,TQQQ_100,1.0,335666.05,0.0,6256.7166,0.0,25342.85,25030.37,22226.52,54.64,TQQQ_100,"Bull trend confirmed: Price > SMA50 & SMA250, RSI 54.6",325666.05,3256.66,1327.17,26046.58
2025-12-02,TQQQ_100,1.0,343428.93,0.0,6256.7166,0.0,25555.86,25046.26,22244.08,57.47,TQQQ_100,"Bull trend confirmed: Price > SMA50 & SMA250, RSI 57.5",333428.93,3334.29,1339.17,26651.27
2025-12-03,TQQQ_100,1.0,345850.95,0.0,6256.7166,0.0,25606.54,25066.79,22261.59,58.14,TQQQ_100,"Bull trend confirmed: Price > SMA50 & SMA250, RSI 58.1",335850.95,3358.51,1342.02,26839.93
2025-12-04,TQQQ_100,1.0,344733.09,0.0,6256.7166,0.0,25581.7,25088.35,22277.95,57.66,TQQQ_100,"Bull trend confirmed: Price > SMA50 & SMA250, RSI 57.7",334733.09,3347.33,1340.62,26752.86
2025-12-05,TQQQ_100,1.0,348707.7,0.0,6256.7166,0.0,25692.05,25114.25,22295.02,59.26,TQQQ_100,"Bull trend confirmed: Price > SMA50 & SMA250, RSI 59.3",338707.7,3387.08,1346.84,27062.46
2025-12-08,TQQQ_100,1.0,346534.06,0.0,6256.7166,0.0,25627.95,25136.73,22311.04,57.89,TQQQ_100,"Bull trend confirmed: Price > SMA50 & SMA250, RSI 57.9",336534.06,3365.34,1343.23,26893.14
2025-12-09,TQQQ_100,1.0,347838.21,0.0,6256.7166,0.0,25668.69,25157.87,22327.95,58.55,TQQQ_100,"Bull trend confirmed: Price > SMA50 & SMA250, RSI 58.5",337838.21,3378.38,1345.52,26994.73
2025-12-10,TQQQ_100,1.0,351812.81,0.0,6256.7166,0.0,25776.44,25179.8,22345.58,60.31,TQQQ_100,"Bull trend confirmed: Price > SMA50 & SMA250, RSI 60.3",341812.81,3418.13,1351.59,27304.33
2025-12-11,TQQQ_100,1.0,348459.26,0.0,6256.7166,0.0,25686.69,25197.52,22361.27,58.09,TQQQ_100,"Bull trend confirmed: Price > SMA50 & SMA250, RSI 58.1",338459.26,3384.59,1346.53,27043.1
2025-12-12,CASH,0.0,328027.43,328027.43,0.0,0.0,25196.73,25203.6,22375.6,47.78,CASH,Clean exit: NDX 25196.7 broke below SMA50 (25203.6),318027.43,3180.27,1318.94,25451.57
2025-12-15,CASH,0.0,328148.76,328148.76,0.0,0.0,25067.27,25209.23,22388.75,45.48,CASH,Clean exit: NDX 25067.3 broke below SMA50 (25209.2),318148.76,3181.49,1311.65,25064.58
2025-12-16,CASH,0.0,328189.22,328189.22,0.0,0.0,25132.94,25212.32,22400.89,46.88,CASH,Clean exit: NDX 25132.9 broke below SMA50 (25212.3),318189.22,3181.89,1315.35,25214.54
2025-12-17,CASH,0.0,328229.68,328229.68,0.0,0.0,24647.61,25208.47,22411.48,38.94,CASH,Clean exit: NDX 24647.6 broke below SMA50 (25208.5),318229.68,3182.3,1288.02,23797.15
2025-12-18,CASH,0.0,328270.14,328270.14,0.0,0.0,25019.37,25206.13,22426.72,46.42,CASH,Clean exit: NDX 25019.4 broke below SMA50 (25206.1),318270.14,3182.7,1308.95,24817.86
2025-12-19,CASH,0.0,328310.62,328310.62,0.0,0.0,25346.18,25211.09,22443.66,51.99,CASH,1% confirmation buffer: NDX 25346.2 <= threshold (25463.2),318310.62,3183.11,1327.36,25790.2
2025-12-22,CASH,0.0,328432.05,328432.05,0.0,0.0,25461.7,25235.88,22460.35,53.82,CASH,1% confirmation buffer: NDX 25461.7 <= threshold (25488.2),318432.05,3184.32,1333.86,26143.33
2025-12-23,TQQQ_100,1.0,328472.54,0.0,6015.7832,0.0,25587.83,25252.64,22476.69,55.8,TQQQ_100,"Bull trend confirmed: Price > SMA50 & SMA250, RSI 55.8",318472.54,3184.73,1340.97,26510.98
2025-12-24,TQQQ_100,1.0,331080.07,0.0,6015.7832,0.0,25656.15,25274.17,22492.13,56.87,TQQQ_100,"Bull trend confirmed: Price > SMA50 & SMA250, RSI 56.9",321080.07,3210.8,1344.81,26722.23
2025-12-26,TQQQ_100,1.0,330781.03,0.0,6015.7832,0.0,25644.39,25292.15,22507.63,56.62,TQQQ_100,"Bull trend confirmed: Price > SMA50 & SMA250, RSI 56.6",320781.03,3207.81,1344.15,26698.0
2025-12-29,TQQQ_100,1.0,325877.03,0.0,6015.7832,0.0,25525.56,25309.52,22523.84,53.98,TQQQ_100,"Bull trend confirmed: Price > SMA50 & SMA250, RSI 54.0",315877.03,3158.77,1337.46,26300.71
2025-12-30,TQQQ_100,1.0,323544.62,0.0,6015.7832,0.0,25462.56,25322.41,22540.9,52.58,TQQQ_100,"Bull trend confirmed: Price > SMA50 & SMA250, RSI 52.6",313544.62,3135.45,1333.91,26111.75
2025-12-31,CASH,0.0,315291.56,315291.56,0.0,0.0,25249.85,25324.59,22557.85,48.04,CASH,Clean exit: NDX 25249.8 broke below SMA50 (25324.6),305291.56,3052.92,1321.93,25443.13
2026-01-02,CASH,0.0,315369.3,315369.3,0.0,0.0,25206.17,25326.17,22574.77,47.14,CASH,Clean exit: NDX 25206.2 broke below SMA50 (25326.2),305369.3,3053.69,1319.47,25263.87
2026-01-05,CASH,0.0,315485.94,315485.94,0.0,0.0,25401.32,25336.62,22591.08,51.51,CASH,1% confirmation buffer: NDX 25401.3 <= threshold (25590.0),305485.94,3054.86,1330.46,25869.5
2026-01-06,TQQQ_100,1.0,315524.84,0.0,5769.6196,0.0,25639.71,25347.46,22607.4,56.26,TQQQ_100,"Bull trend confirmed: Price > SMA50 & SMA250, RSI 56.3",305524.84,3055.25,1343.89,26552.65
2026-01-07,TQQQ_100,1.0,316442.58,0.0,5769.6196,0.0,25653.9,25353.38,22625.32,56.53,TQQQ_100,"Bull trend confirmed: Price > SMA50 & SMA250, RSI 56.5",306442.58,3064.43,1344.69,26630.17
2026-01-08,TQQQ_100,1.0,310821.5,0.0,5769.6196,0.0,25507.1,25347.09,22642.62,52.86,TQQQ_100,"Bull trend confirmed: Price > SMA50 & SMA250, RSI 52.9",300821.5,3008.22,1336.42,26155.35
2026-01-09,TQQQ_50,0.5,319826.65,159913.33,2884.8098,0.0,25766.26,25342.17,22662.3,58.05,TQQQ_50,Bearish RSI divergence,309826.65,3098.27,1351.02,26916.03
2026-01-12,TQQQ_100,1.0,320258.64,0.0,5763.9738,0.0,25787.66,25335.53,22682.31,58.45,TQQQ_100,"Bull trend confirmed: Price > SMA50 & SMA250, RSI 58.5",310258.64,3102.59,1352.22,26979.01
2026-01-13,TQQQ_100,1.0,318596.91,0.0,5763.9738,0.0,25741.95,25335.67,22702.25,57.18,TQQQ_100,"Bull trend confirmed: Price > SMA50 & SMA250, RSI 57.2",308596.91,3085.97,1349.65,26838.51
2026-01-14,TQQQ_100,1.0,308454.55,0.0,5763.9738,0.0,25465.94,25327.82,22719.16,50.08,TQQQ_100,"Bull trend confirmed: Price > SMA50 & SMA250, RSI 50.1",298454.55,2984.55,1334.1,25980.94
2026-01-15,TQQQ_100,1.0,311606.12,0.0,5763.9738,0.0,25547.07,25319.31,22736.98,51.97,TQQQ_100,"Bull trend confirmed: Price > SMA50 & SMA250, RSI 52.0",301606.12,3016.06,1338.67,26247.41
2026-01-16,TQQQ_100,1.0,310230.85,0.0,5763.9738,0.0,25529.26,25321.18,22753.34,51.5,TQQQ_100,"Bull trend confirmed: Price > SMA50 & SMA250, RSI 51.5",300230.85,3002.31,1337.67,26131.13
2026-01-20,CASH,0.0,290691.01,290691.01,0.0,0.0,24987.57,25308.53,22767.02,39.92,CASH,Clean exit: NDX 24987.6 broke below SMA50 (25308.5),280691.01,2806.91,1307.16,24478.96
2026-01-21,CASH,0.0,290726.85,290726.85,0.0,0.0,25326.58,25312.46,22780.92,47.83,CASH,1% confirmation buffer: NDX 25326.6 <= threshold (25565.6),280726.85,2807.27,1326.25,25447.98
2026-01-22,CASH,0.0,290762.69,290762.69,0.0,0.0,25518.35,25321.63,22795.39,51.7,CASH,1% confirmation buffer: NDX 25518.3 <= threshold (25574.8),280762.69,2807.63,1337.05,26014.85
2026-01-23,TQQQ_100,1.0,290798.54,0.0,5379.0828,0.0,25605.47,25321.51,22810.71,53.4,TQQQ_100,"Bull trend confirmed: Price > SMA50 & SMA250, RSI 53.4",280798.54,2807.99,1341.96,26247.41
2026-01-26,TQQQ_100,1.0,294541.8,0.0,5379.0828,0.0,25713.21,25325.1,22829.05,55.47,TQQQ_100,"Bull trend confirmed: Price > SMA50 & SMA250, RSI 55.5",284541.8,2845.42,1348.03,26586.57
2026-01-27,TQQQ_100,1.0,302349.19,0.0,5379.0828,0.0,25939.74,25333.55,22846.96,59.56,TQQQ_100,"Bull trend confirmed: Price > SMA50 & SMA250, RSI 59.6",292349.19,2923.49,1360.78,27293.94
2026-01-28,TQQQ_100,1.0,305129.9,0.0,5379.0828,0.0,26022.79,25354.13,22865.41,60.97,TQQQ_100,"Bull trend confirmed: Price > SMA50 & SMA250, RSI 61.0",295129.9,2951.3,1365.46,27545.89
2026-01-29,TQQQ_100,1.0,299675.41,0.0,5379.0828,0.0,25884.3,25371.66,22882.91,57.37,TQQQ_100,"Bull trend confirmed: Price > SMA50 & SMA250, RSI 57.4",289675.41,2896.75,1357.66,27051.69
2026-01-30,TQQQ_100,1.0,288766.46,0.0,5379.0828,0.0,25552.39,25386.71,22899.21,49.78,TQQQ_100,"Bull trend confirmed: Price > SMA50 & SMA250, RSI 49.8",278766.46,2787.66,1338.97,26063.3
2026-02-02,TQQQ_100,1.0,294648.73,0.0,5379.0828,0.0,25738.61,25411.42,22916.97,53.5,TQQQ_100,"Bull trend confirmed: Price > SMA50 & SMA250, RSI 53.5",284648.73,2846.49,1349.46,26596.25
2026-02-03,CASH,0.0,280852.1,280852.1,0.0,0.0,25338.62,25425.38,22932.06,45.68,CASH,Clean exit: NDX 25338.6 broke below SMA50 (25425.4),270852.1,2708.52,1326.93,25346.23
2026-02-04,CASH,0.0,280886.73,280886.73,0.0,0.0,24891.24,25442.11,22944.99,38.84,CASH,Clean exit: NDX 24891.2 broke below SMA50 (25442.1),270886.73,2708.87,1301.74,24009.0
2026-02-05,CASH,0.0,280921.36,280921.36,0.0,0.0,24548.69,25448.3,22956.09,34.57,CASH,Clean exit: NDX 24548.7 broke below SMA50 (25448.3),270921.36,2709.21,1282.45,22981.84
2026-02-06,CASH,0.0,280955.99,280955.99,0.0,0.0,25075.77,25452.34,22970.43,44.65,CASH,Clean exit: NDX 25075.8 broke below SMA50 (25452.3),270955.99,2709.56,1312.13,24411.14
2026-02-09,CASH,0.0,281059.91,281059.91,0.0,0.0,25268.14,25457.33,22984.47,47.81,CASH,Clean exit: NDX 25268.1 broke below SMA50 (25457.3),271059.91,2710.6,1322.96,24968.32
2026-02-10,CASH,0.0,281094.56,281094.56,0.0,0.0,25127.64,25455.14,22998.21,45.76,CASH,Clean exit: NDX 25127.6 broke below SMA50 (25455.1),271094.56,2710.95,1315.05,24619.47
2026-02-11,CASH,0.0,281129.22,281129.22,0.0,0.0,25201.26,25450.47,23012.14,47.04,CASH,Clean exit: NDX 25201.3 broke below SMA50 (25450.5),271129.22,2711.29,1319.2,24803.59
2026-02-12,CASH,0.0,281163.88,281163.88,0.0,0.0,24687.61,25437.37,23022.77,39.94,CASH,Clean exit: NDX 24687.6 broke below SMA50 (25437.4),271163.88,2711.64,1290.27,23282.24
2026-02-13,CASH,0.0,281198.54,281198.54,0.0,0.0,24732.73,25420.9,23033.24,40.78,CASH,Clean exit: NDX 24732.7 broke below SMA50 (25420.9),271198.54,2711.99,1292.81,23383.98
2026-02-17,CASH,0.0,281337.21,281337.21,0.0,0.0,24701.6,25402.81,23043.39,40.36,CASH,Clean exit: NDX 24701.6 broke below SMA50 (25402.8),271337.21,2713.37,1291.06,23325.84
2026-02-18,CASH,0.0,281371.9,281371.9,0.0,0.0,24898.87,25389.15,23054.28,44.3,CASH,Clean exit: NDX 24898.9 broke below SMA50 (25389.1),271371.9,2713.72,1302.17,23829.73
2026-02-19,CASH,0.0,281406.59,281406.59,0.0,0.0,24797.34,25371.26,23065.2,42.73,CASH,Clean exit: NDX 24797.3 broke below SMA50 (25371.3),271406.59,2714.07,1296.45,23558.41
2026-02-20,CASH,0.0,281441.28,281441.28,0.0,0.0,25012.62,25358.95,23078.79,47.0,CASH,Clean exit: NDX 25012.6 broke below SMA50 (25358.9),271441.28,2714.41,1308.57,24154.35
2026-02-23,CASH,0.0,281545.38,281545.38,0.0,0.0,24708.94,25339.75,23092.22,42.22,CASH,Clean exit: NDX 24708.9 broke below SMA50 (25339.8),271545.38,2715.45,1291.47,23272.55
2026-02-24,CASH,0.0,281580.09,281580.09,0.0,0.0,24977.04,25323.77,23107.78,47.32,CASH,Clean exit: NDX 24977.0 broke below SMA50 (25323.8),271580.09,2715.8,1306.57,24018.69
2026-02-25,CASH,0.0,281614.8,281614.8,0.0,0.0,25329.04,25316.61,23124.56,53.16,CASH,1% confirmation buffer: NDX 25329.0 <= threshold (25569.8),271614.8,2716.15,1326.39,25031.3
2026-02-26,CASH,0.0,281649.52,281649.52,0.0,0.0,25034.37,25313.37,23142.5,48.33,CASH,Clean exit: NDX 25034.4 broke below SMA50 (25313.4),271649.52,2716.5,1309.8,24149.5
2026-02-27,CASH,0.0,281684.25,281684.25,0.0,0.0,24960.04,25311.22,23158.8,47.16,CASH,Clean exit: NDX 24960.0 broke below SMA50 (25311.2),271684.25,2716.84,1305.61,23892.72
2026-03-02,CASH,0.0,281788.43,281788.43,0.0,0.0,24992.6,25308.41,23177.07,47.76,CASH,Clean exit: NDX 24992.6 broke below SMA50 (25308.4),271788.43,2717.88,1307.45,23979.93
2026-03-03,CASH,0.0,281823.17,281823.17,0.0,0.0,24720.08,25309.86,23194.54,43.36,CASH,Clean exit: NDX 24720.1 broke below SMA50 (25309.9),271823.17,2718.23,1292.1,23204.72
2026-03-04,CASH,0.0,281857.92,281857.92,0.0,0.0,25093.68,25311.35,23212.4,50.14,CASH,Clean exit: NDX 25093.7 broke below SMA50 (25311.3),271857.92,2718.58,1313.14,24251.25
2026-03-05,CASH,0.0,281892.67,281892.67,0.0,0.0,25020.41,25304.83,23232.27,48.9,CASH,Clean exit: NDX 25020.4 broke below SMA50 (25304.8),271892.67,2718.93,1309.01,24028.38
2026-03-06,CASH,0.0,281927.42,281927.42,0.0,0.0,24643.02,25288.46,23250.03,43.02,CASH,Clean exit: NDX 24643.0 broke below SMA50 (25288.5),271927.42,2719.27,1287.76,22933.39
2026-03-09,CASH,0.0,282031.7,282031.7,0.0,0.0,24967.25,25276.05,23272.18,48.73,CASH,Clean exit: NDX 24967.2 broke below SMA50 (25276.0),272031.7,2720.32,1306.02,23829.73
2026-03-10,CASH,0.0,282066.47,282066.47,0.0,0.0,24956.47,25262.06,23294.5,48.55,CASH,Clean exit: NDX 24956.5 broke below SMA50 (25262.1),272066.47,2720.66,1305.41,23834.57
2026-03-11,CASH,0.0,282101.24,282101.24,0.0,0.0,24965.01,25248.47,23315.97,48.71,CASH,Clean exit: NDX 24965.0 broke below SMA50 (25248.5),272101.24,2721.01,1305.89,23810.35
2026-03-12,CASH,0.0,282136.02,282136.02,0.0,0.0,24533.58,25228.63,23337.21,41.8,CASH,Clean exit: NDX 24533.6 broke below SMA50 (25228.6),272136.02,2721.36,1281.6,22589.4
2026-03-13,CASH,0.0,282170.81,282170.81,0.0,0.0,24380.73,25206.99,23355.91,39.66,CASH,Clean exit: NDX 24380.7 broke below SMA50 (25207.0),272170.81,2721.71,1272.99,22153.34
2026-03-16,CASH,0.0,282275.17,282275.17,0.0,0.0,24655.34,25195.1,23375.28,45.11,CASH,Clean exit: NDX 24655.3 broke below SMA50 (25195.1),272275.17,2722.75,1288.45,22894.63
2026-03-17,CASH,0.0,282309.97,282309.97,0.0,0.0,24780.42,25186.59,23396.47,47.44,CASH,Clean exit: NDX 24780.4 broke below SMA50 (25186.6),272309.97,2723.1,1295.5,23233.79
2026-03-18,CASH,0.0,282344.78,282344.78,0.0,0.0,24425.09,25167.06,23415.22,41.99,CASH,Clean exit: NDX 24425.1 broke below SMA50 (25167.1),272344.78,2723.45,1275.49,22235.7
2026-03-19,CASH,0.0,282379.59,282379.59,0.0,0.0,24355.28,25141.37,23433.94,40.99,CASH,Clean exit: NDX 24355.3 broke below SMA50 (25141.4),272379.59,2723.8,1271.56,22037.06
2026-03-20,CASH,0.0,282414.4,282414.4,0.0,0.0,23898.15,25106.26,23450.51,35.11,CASH,Clean exit: NDX 23898.2 broke below SMA50 (25106.3),272414.4,2724.14,1245.81,20772.5
2026-03-23,CASH,0.0,282518.85,282518.85,0.0,0.0,24188.59,25079.89,23466.54,40.91,CASH,Clean exit: NDX 24188.6 broke below SMA50 (25079.9),272518.85,2725.19,1262.17,21494.41
2026-03-24,CASH,0.0,282553.69,282553.69,0.0,0.0,24002.45,25044.61,23481.4,38.53,CASH,Clean exit: NDX 24002.4 broke below SMA50 (25044.6),272553.69,2725.54,1251.69,21034.13
2026-03-25,CASH,0.0,282588.52,282588.52,0.0,0.0,24162.98,25012.12,23498.39,41.68,CASH,Clean exit: NDX 24163.0 broke below SMA50 (25012.1),272588.52,2725.89,1260.73,21442.76
2026-03-26,CASH,0.0,282623.36,282623.36,0.0,0.0,23586.99,24969.02,23513.54,34.8,CASH,Clean exit: NDX 23587.0 broke below SMA50 (24969.0),272623.36,2726.23,1228.29,19909.19
2026-03-27,CASH,0.0,282658.21,282658.21,0.0,0.0,23132.77,24922.36,23528.95,30.52,CASH,Defensive cash in bear regime,272658.21,2726.58,1202.71,18720.19
2026-03-30,CASH,0.0,282762.75,282762.75,0.0,0.0,22953.38,24870.48,23543.65,29.0,CASH,Defensive cash in bear regime,272762.75,2727.63,1192.61,18288.27
2026-03-31,CASH,0.0,282797.61,282797.61,0.0,0.0,23740.19,24834.7,23560.86,42.5,CASH,Clean exit: NDX 23740.2 broke below SMA50 (24834.7),272797.61,2727.98,1236.92,20127.58
2026-04-01,CASH,0.0,282832.48,282832.48,0.0,0.0,24019.99,24815.35,23578.61,46.4,CASH,Clean exit: NDX 24020.0 broke below SMA50 (24815.3),272832.48,2728.32,1252.67,20879.8
2026-04-02,CASH,0.0,282867.35,282867.35,0.0,0.0,24045.53,24789.73,23600.71,46.76,CASH,Clean exit: NDX 24045.5 broke below SMA50 (24789.7),272867.35,2728.67,1254.11,20928.34
2026-04-06,CASH,0.0,283006.84,283006.84,0.0,0.0,24192.17,24763.2,23627.89,48.85,CASH,Clean exit: NDX 24192.2 broke below SMA50 (24763.2),273006.84,2730.07,1262.37,21302.02
2026-04-07,CASH,0.0,283041.73,283041.73,0.0,0.0,24202.37,24735.14,23654.97,49.01,CASH,Clean exit: NDX 24202.4 broke below SMA50 (24735.1),273041.73,2730.42,1262.95,21326.29
2026-04-08,CASH,0.0,283076.63,283076.63,0.0,0.0,24903.17,24718.94,23686.23,58.12,CASH,1% confirmation buffer: NDX 24903.2 <= threshold (24966.1),273076.63,2730.77,1302.41,23194.72
2026-04-09,TQQQ_100,1.0,283111.53,0.0,5807.0284,0.0,25082.09,24701.79,23709.97,60.08,TQQQ_100,"Bull trend confirmed: Price > SMA50 & SMA250, RSI 60.1",273111.53,2731.12,1312.49,23660.61
2026-04-10,TQQQ_100,1.0,284325.84,0.0,5807.0284,0.0,25116.34,24683.66,23737.07,60.46,TQQQ_100,"Bull trend confirmed: Price > SMA50 & SMA250, RSI 60.5",274325.84,2743.26,1314.42,23762.52
2026-04-13,TQQQ_100,1.0,292941.79,0.0,5807.0284,0.0,25383.72,24673.65,23763.84,63.4,TQQQ_100,"Bull trend confirmed: Price > SMA50 & SMA250, RSI 63.4",282941.79,2829.42,1329.47,24485.63
2026-04-14,TQQQ_100,1.0,308843.69,0.0,5807.0284,0.0,25842.0,24679.44,23792.02,67.82,TQQQ_100,"Bull trend confirmed: Price > SMA50 & SMA250, RSI 67.8",298843.69,2988.44,1355.28,25820.23
2026-04-15,TQQQ_100,1.0,321796.51,0.0,5807.0284,0.0,26204.58,24688.76,23821.52,70.82,TQQQ_100,"Bull trend confirmed: Price > SMA50 & SMA250, RSI 70.8",311796.51,3117.97,1375.7,26907.31
2026-04-16,TQQQ_100,1.0,326306.89,0.0,5807.0284,0.0,26333.0,24708.65,23853.82,71.83,TQQQ_100,"Bull trend confirmed: Price > SMA50 & SMA250, RSI 71.8",316306.89,3163.07,1382.93,27285.85
2026-04-17,TQQQ_100,1.0,338797.08,0.0,5807.0284,0.0,26672.43,24744.27,23887.48,74.34,TQQQ_100,"Bull trend confirmed: Price > SMA50 & SMA250, RSI 74.3",328797.08,3287.97,1402.05,28334.11
2026-04-20,TQQQ_100,1.0,335848.02,0.0,5807.0284,0.0,26590.34,24785.1,23922.61,72.65,TQQQ_100,"Bull trend confirmed: Price > SMA50 & SMA250, RSI 72.6",325848.02,3258.48,1397.42,28086.61
2026-04-21,TQQQ_100,1.0,331915.9,0.0,5807.0284,0.0,26479.47,24813.18,23955.42,70.33,TQQQ_100,"Bull trend confirmed: Price > SMA50 & SMA250, RSI 70.3",321915.9,3219.16,1391.18,27756.6
2026-04-22,TQQQ_100,1.0,348164.72,0.0,5807.0284,0.0,26937.28,24846.56,23988.4,74.02,TQQQ_100,"Bull trend confirmed: Price > SMA50 & SMA250, RSI 74.0",338164.72,3381.65,1416.96,29120.31
2026-04-23,TQQQ_100,1.0,342440.05,0.0,5807.0284,0.0,26782.63,24879.66,24018.67,70.82,TQQQ_100,"Bull trend confirmed: Price > SMA50 & SMA250, RSI 70.8",332440.05,3324.4,1408.25,28639.86
2026-04-24,TQQQ_100,1.0,361753.63,0.0,5807.0284,0.0,27303.67,24921.71,24050.15,74.78,TQQQ_100,"Bull trend confirmed: Price > SMA50 & SMA250, RSI 74.8",351753.63,3517.54,1437.59,30260.78
2026-04-27,TQQQ_100,1.0,362216.23,0.0,5807.0284,0.0,27305.68,24974.07,24081.67,74.79,TQQQ_100,"Bull trend confirmed: Price > SMA50 & SMA250, RSI 74.8",352216.23,3522.16,1437.71,30299.61
2026-04-28,TQQQ_100,1.0,351229.48,0.0,5807.0284,0.0,27029.01,25020.0,24111.6,69.03,TQQQ_100,"Bull trend confirmed: Price > SMA50 & SMA250, RSI 69.0",341229.48,3412.29,1422.13,29377.52
2026-04-29,TQQQ_100,1.0,357705.89,0.0,5807.0284,0.0,27186.98,25069.7,24142.07,70.43,TQQQ_100,"Bull trend confirmed: Price > SMA50 & SMA250, RSI 70.4",347705.89,3477.06,1431.02,29921.07
2026-04-30,TQQQ_100,1.0,367420.5,0.0,5807.0284,0.0,27452.12,25120.77,24172.73,72.66,TQQQ_100,"Bull trend confirmed: Price > SMA50 & SMA250, RSI 72.7",357420.5,3574.21,1445.95,30736.38
2026-05-01,TQQQ_100,1.0,377597.73,0.0,5807.0284,0.0,27710.36,25179.03,24203.16,74.67,TQQQ_100,"Bull trend confirmed: Price > SMA50 & SMA250, RSI 74.7",367597.73,3675.98,1460.5,31590.52
2026-05-04,TQQQ_100,1.0,375342.56,0.0,5807.0284,0.0,27651.82,25231.81,24233.9,73.36,TQQQ_100,"Bull trend confirmed: Price > SMA50 & SMA250, RSI 73.4",365342.56,3653.43,1457.2,31401.26
2026-05-05,TQQQ_30,0.3,389683.14,272778.2,1742.1085,0.0,28015.06,25297.94,24266.79,76.16,TQQQ_30,Overbought: RSI 76.2 >= 75,379683.14,3796.83,1477.66,32604.81
2026-05-06,TQQQ_30,0.3,396968.04,272811.83,1742.1085,0.0,28599.17,25370.38,24301.72,79.84,TQQQ_30,Overbought: RSI 79.8 >= 75,386968.04,3869.68,1510.55,34633.4
2026-05-07,TQQQ_30,0.3,396602.67,272845.46,1742.1085,0.0,28563.95,25435.08,24335.72,79.05,TQQQ_30,Overbought: RSI 79.0 >= 75,386602.67,3866.03,1508.57,34521.77
2026-05-08,TQQQ_30,0.3,405205.99,272879.1,1742.1085,0.0,29234.99,25519.09,24372.41,82.59,TQQQ_30,Overbought: RSI 82.6 >= 75,395205.99,3952.06,1546.36,36919.19
2026-05-11,TQQQ_30,0.3,406486.55,272980.03,1742.1085,0.0,29320.66,25606.3,24406.22,82.99,TQQQ_30,Overbought: RSI 83.0 >= 75,396486.55,3964.87,1551.18,37249.2
2026-05-12,TQQQ_30,0.3,403050.7,273013.68,1742.1085,0.0,29064.8,25687.74,24437.69,77.34,TQQQ_30,Overbought: RSI 77.3 >= 75,393050.7,3930.51,1536.77,36278.58
2026-05-13,TQQQ_30,0.3,407039.6,273047.34,1742.1085,0.0,29366.94,25780.68,24469.88,79.14,TQQQ_30,Overbought: RSI 79.1 >= 75,397039.6,3970.4,1553.79,37385.08
2026-05-14,TQQQ_30,0.3,410039.68,273081.01,1742.1085,0.0,29580.3,25870.41,24502.86,80.33,TQQQ_30,Overbought: RSI 80.3 >= 75,400039.68,4000.4,1565.8,38214.96
2026-05-15,TQQQ_30,0.3,403810.89,273114.67,1742.1085,0.0,29125.2,25952.51,24533.65,71.01,TQQQ_30,Overbought trim active,393810.89,3938.11,1540.17,36463.0
2026-05-18,TQQQ_30,0.3,402142.47,273215.69,1742.1085,0.0,28994.37,26039.54,24563.84,68.55,TQQQ_30,Overbought trim active,392142.47,3921.42,1532.8,35967.99
2026-05-19,TQQQ_30,0.3,399764.83,273249.37,1742.1085,0.0,28818.84,26116.57,24593.64,65.28,TQQQ_30,Overbought trim active,389764.83,3897.65,1522.92,35293.41
2026-05-20,TQQQ_30,0.3,406008.94,273283.06,1742.1085,0.0,29297.7,26203.39,24626.51,69.55,TQQQ_30,Overbought trim active,396008.94,3960.09,1549.89,37030.81
2026-05-21,TQQQ_30,0.3,406805.93,273316.75,1742.1085,0.0,29357.27,26291.24,24659.49,70.04,TQQQ_30,Overbought trim active,396805.93,3968.06,1553.24,37244.34
2026-05-22,TQQQ_30,0.3,408383.54,273350.45,1742.1085,0.0,29481.64,26390.2,24693.75,71.09,TQQQ_30,Overbought trim active,398383.54,3983.84,1560.25,37676.26
2026-05-26,TQQQ_30,0.3,415648.18,273485.25,1742.1085,0.0,30001.32,26502.61,24728.1,75.04,TQQQ_30,Overbought: RSI 75.0 >= 75,405648.18,4056.48,1589.51,39670.87
2026-05-27,TQQQ_30,0.3,415196.18,273518.97,1742.1085,0.0,29973.57,26608.98,24762.72,74.46,TQQQ_30,Overbought trim active,405196.18,4051.96,1587.95,39534.99
2026-05-28,TQQQ_30,0.3,418716.74,273552.69,1742.1085,0.0,30223.89,26717.85,24798.16,76.25,TQQQ_30,Overbought: RSI 76.3 >= 75,408716.74,4087.17,1602.04,40510.45
2026-05-29,TQQQ_30,0.3,420277.05,273586.42,1742.1085,0.0,30333.18,26836.01,24834.13,77.02,TQQQ_30,Overbought: RSI 77.0 >= 75,410277.05,4102.77,1608.2,40937.53
2026-06-01,TQQQ_30,0.3,422945.68,273687.61,1742.1085,0.0,30513.86,26959.18,24870.22,78.26,TQQQ_30,Overbought: RSI 78.3 >= 75,412945.68,4129.46,1618.37,41655.78
2026-06-02,TQQQ_30,0.3,425026.44,273721.35,1742.1085,0.0,30660.6,27094.43,24906.21,79.24,TQQQ_30,Overbought: RSI 79.2 >= 75,415026.44,4150.26,1626.64,42228.44
2026-06-03,TQQQ_30,0.3,423915.22,273755.1,1742.1085,0.0,30571.24,27222.08,24941.61,76.96,TQQQ_30,Overbought: RSI 77.0 >= 75,413915.22,4139.15,1621.61,41908.14
2026-06-04,TQQQ_30,0.3,421624.43,273788.85,1742.1085,0.0,30407.81,27350.19,24977.05,72.84,TQQQ_30,Overbought trim active,411624.43,4116.24,1612.4,41257.83
2026-06-05,TQQQ_30,0.3,400546.24,273822.6,1742.1085,0.0,28957.6,27446.08,25005.83,48.2,TQQQ_30,Overbought trim active,390546.24,3905.46,1530.73,35351.65
2026-06-08,TQQQ_30,0.3,406233.41,273923.88,1742.1085,0.0,29414.26,27562.63,25036.3,53.53,TQQQ_30,Overbought trim active,396233.41,3962.33,1556.45,36914.33
2026-06-09,TQQQ_30,0.3,401843.57,273957.65,1742.1085,0.0,29084.5,27681.66,25064.87,49.56,TQQQ_30,Overbought trim active,391843.57,3918.44,1537.88,35676.8
2026-06-10,TQQQ_30,0.3,394157.69,273991.43,1742.1085,0.0,28508.03,27792.75,25091.46,43.49,TQQQ_30,Overbought trim active,384157.69,3841.58,1505.42,33517.19
2026-06-11,TQQQ_30,0.3,405883.71,274025.21,1742.1085,0.0,29446.18,27906.87,25121.59,53.48,TQQQ_30,Overbought trim active,395883.71,3958.84,1558.25,36788.16
2026-06-12,TQQQ_30,0.3,408536.96,274058.99,1742.1085,0.0,29635.95,28019.19,25153.61,55.2,TQQQ_30,Overbought trim active,398536.96,3985.37,1568.94,37520.97
2026-06-15,TQQQ_100,1.0,420903.02,0.0,4996.902,0.0,30543.92,28149.16,25188.03,62.38,TQQQ_100,"Bull trend confirmed: Price > SMA50 & SMA250, RSI 62.4",410903.02,4109.03,1620.07,40952.08
2026-06-16,TQQQ_100,1.0,397715.84,0.0,4996.902,0.0,29968.13,28264.68,25221.03,56.23,TQQQ_100,"Bull trend confirmed: Price > SMA50 & SMA250, RSI 56.2",387715.84,3877.16,1587.64,38690.56
2026-06-17,TQQQ_100,1.0,385823.65,0.0,4996.902,0.0,29670.95,28374.05,25252.84,53.3,TQQQ_100,"Bull trend confirmed: Price > SMA50 & SMA250, RSI 53.3",375823.65,3758.24,1570.91,37530.67
2026-06-18,TQQQ_100,1.0,412344.68,0.0,4996.902,0.0,30406.19,28484.11,25287.95,58.99,TQQQ_100,"Bull trend confirmed: Price > SMA50 & SMA250, RSI 59.0",402344.68,4023.45,1612.31,40117.36
2026-06-22,TQQQ_100,1.0,410901.71,0.0,4996.902,0.0,30347.08,28589.41,25321.92,58.37,TQQQ_100,"Bull trend confirmed: Price > SMA50 & SMA250, RSI 58.4",400901.71,4009.02,1608.98,39976.62
2026-06-23,TQQQ_100,1.0,370398.68,0.0,4996.902,0.0,29347.27,28674.03,25350.54,49.05,TQQQ_100,"Bull trend confirmed: Price > SMA50 & SMA250, RSI 49.1",360398.68,3603.99,1552.68,36026.23
2026-06-24,TQQQ_100,1.0,365566.01,0.0,4996.902,0.0,29220.06,28750.76,25378.47,48.0,TQQQ_100,"Bull trend confirmed: Price > SMA50 & SMA250, RSI 48.0",355566.01,3555.66,1545.51,35554.88
2026-06-25,TQQQ_100,1.0,373794.97,0.0,4996.902,0.0,29440.32,28822.72,25406.45,50.0,TQQQ_100,"Bull trend confirmed: Price > SMA50 & SMA250, RSI 50.0",363794.97,3637.95,1557.92,36357.48
2026-06-26,TQQQ_100,1.0,358234.74,0.0,4996.902,0.0,29118.24,28881.0,25432.78,47.15,TQQQ_100,"Bull trend confirmed: Price > SMA50 & SMA250, RSI 47.2",348234.74,3482.35,1539.78,34839.84
2026-06-29,TQQQ_100,1.0,384966.44,0.0,4996.902,0.0,29774.75,28949.83,25461.17,53.03,TQQQ_100,"Bull trend confirmed: Price > SMA50 & SMA250, RSI 53.0",374966.44,3749.66,1576.75,37447.07
2026-06-30,TQQQ_100,1.0,403967.91,0.0,4996.902,0.0,30276.35,29021.91,25492.36,56.96,TQQQ_100,"Bull trend confirmed: Price > SMA50 & SMA250, RSI 57.0",393967.91,3939.68,1605.0,39300.35
2026-07-01,TQQQ_100,1.0,386313.0,0.0,4996.902,0.0,29809.13,29086.29,25521.03,52.55,TQQQ_100,"Bull trend confirmed: Price > SMA50 & SMA250, RSI 52.5",376313.0,3763.13,1578.69,37578.4
2026-07-02,TQQQ_100,1.0,365815.37,0.0,4996.902,0.0,29329.21,29143.28,25546.88,48.39,TQQQ_100,"Bull trend confirmed: Price > SMA50 & SMA250, RSI 48.4",355815.37,3558.15,1551.66,35579.2
2026-07-06,TQQQ_100,1.0,381126.24,0.0,4996.902,0.0,29697.87,29198.49,25574.93,51.56,TQQQ_100,"Bull trend confirmed: Price > SMA50 & SMA250, RSI 51.6",371126.24,3711.26,1572.42,37072.52
2026-07-07,CASH,0.0,360229.66,360229.66,0.0,0.0,29173.02,29246.3,25600.81,47.13,CASH,Clean exit: NDX 29173.0 broke below SMA50 (29246.3),350229.66,3502.3,1542.87,35034.41
2026-07-08,CASH,0.0,360274.07,360274.07,0.0,0.0,29252.56,29285.28,25626.36,47.86,CASH,Clean exit: NDX 29252.6 broke below SMA50 (29285.3),350274.07,3502.74,1547.34,35272.75
2026-07-09,TQQQ_100,1.0,360318.49,0.0,4729.0447,0.0,29727.1,29333.71,25653.95,52.12,TQQQ_100,"Bull trend confirmed: Price > SMA50 & SMA250, RSI 52.1",350318.49,3503.18,1574.07,37033.6
2026-07-10,TQQQ_100,1.0,363575.26,0.0,4729.0447,0.0,29825.11,29389.63,25682.13,52.97,TQQQ_100,"Bull trend confirmed: Price > SMA50 & SMA250, RSI 53.0",353575.26,3535.75,1579.59,37369.24
2026-07-13,CASH,0.0,342854.81,342854.81,0.0,0.0,29264.1,29431.17,25707.76,47.72,CASH,Clean exit: NDX 29264.1 broke below SMA50 (29431.2),332854.81,3328.55,1547.99,35233.84
2026-07-14,CASH,0.0,342897.08,342897.08,0.0,0.0,29586.29,29473.85,25734.57,50.74,CASH,1% confirmation buffer: NDX 29586.3 <= threshold (29768.6),332897.08,3328.97,1566.14,36391.53
2026-07-15,CASH,0.0,342939.35,342939.35,0.0,0.0,29502.6,29509.7,25760.95,49.93,CASH,Clean exit: NDX 29502.6 broke below SMA50 (29509.7),332939.35,3329.39,1561.43,36109.4
2026-07-16,CASH,0.0,342981.63,342981.63,0.0,0.0,29025.77,29537.18,25784.73,45.5,CASH,Clean exit: NDX 29025.8 broke below SMA50 (29537.2),332981.63,3329.82,1534.57,34309.63
2026-07-17,CASH,0.0,343023.92,343023.92,0.0,0.0,28592.66,29548.73,25806.84,41.86,CASH,Clean exit: NDX 28592.7 broke below SMA50 (29548.7),333023.92,3330.24,1510.18,32748.21
2026-07-20,CASH,0.0,343150.79,343150.79,0.0,0.0,28604.23,29548.83,25828.53,41.99,CASH,Clean exit: NDX 28604.2 broke below SMA50 (29548.8),333150.79,3331.51,1510.83,32806.59
2026-07-21,CASH,0.0,343193.09,343193.09,0.0,0.0,29155.18,29560.66,25852.9,48.1,CASH,Clean exit: NDX 29155.2 broke below SMA50 (29560.7),333193.09,3331.93,1541.86,34616.08
2026-07-22,CASH,0.0,343235.41,343235.41,0.0,0.0,28998.1,29555.92,25876.24,46.59,CASH,Clean exit: NDX 28998.1 broke below SMA50 (29555.9),333235.41,3332.35,1533.01,34085.88
2026-07-23,CASH,0.0,343277.72,343277.72,0.0,0.0,28454.81,29538.6,25897.18,41.73,CASH,Clean exit: NDX 28454.8 broke below SMA50 (29538.6),333277.72,3332.78,1502.42,32149.91
2026-07-24,CASH,0.0,343320.04,343320.04,0.0,0.0,28128.34,29519.87,25916.61,39.08,CASH,Clean exit: NDX 28128.3 broke below SMA50 (29519.9),333320.04,3333.2,1484.03,31031.14
2026-07-27,CASH,0.0,343447.03,343447.03,0.0,0.0,28039.21,29493.32,25935.34,38.37,CASH,Clean exit: NDX 28039.2 broke below SMA50 (29493.3),333447.03,3334.47,1479.02,30739.28
2026-07-28,CASH,0.0,343489.37,343489.37,0.0,0.0,27763.13,29456.97,25953.16,36.17,CASH,Clean exit: NDX 27763.1 broke below SMA50 (29457.0),333489.37,3334.89,1463.47,29844.26
2026-07-29,CASH,0.0,343531.72,343531.72,0.0,0.0,27192.31,29418.32,25968.54,32.06,CASH,Clean exit: NDX 27192.3 broke below SMA50 (29418.3),333531.72,3335.32,1431.32,27990.99
2026-07-30,CASH,0.0,343574.07,343574.07,0.0,0.0,28106.35,29400.56,25988.1,43.18,CASH,Clean exit: NDX 28106.3 broke below SMA50 (29400.6),333574.07,3335.74,1482.8,30690.64
2026-07-31,CASH,0.0,343616.43,343616.43,0.0,0.0,28274.2,29389.66,26010.14,44.96,CASH,Clean exit: NDX 28274.2 broke below SMA50 (29389.7),333616.43,3336.16,1492.25,31332.72
2026-08-03,CASH,0.0,343743.52,343743.52,0.0,0.0,28776.8,29379.24,26032.49,50.01,CASH,Clean exit: NDX 28776.8 broke below SMA50 (29379.2),333743.52,3337.44,1520.55,32957.37
2026-08-04,TQQQ_100,1.0,343785.9,0.0,4603.7247,0.0,29733.16,29386.76,26059.35,57.93,TQQQ_100,"Bull trend confirmed: Price > SMA50 & SMA250, RSI 57.9",333785.9,3337.86,1574.41,36294.24
2026-08-05,TQQQ_100,1.0,334688.11,0.0,4603.7247,0.0,29487.79,29386.89,26084.04,55.5,TQQQ_100,"Bull trend confirmed: Price > SMA50 & SMA250, RSI 55.5",324688.11,3246.88,1560.59,35331.12
2026-08-06,CASH,0.0,330966.3,330966.3,0.0,0.0,29373.33,29374.33,26107.98,54.35,CASH,Clean exit: NDX 29373.3 broke below SMA50 (29374.3),320966.3,3209.66,1554.15,34937.12
2026-08-07,TQQQ_100,1.0,331007.1,0.0,4453.4335,0.0,29722.3,29369.3,26132.42,57.25,TQQQ_100,"Bull trend confirmed: Price > SMA50 & SMA250, RSI 57.2",321007.1,3210.07,1573.8,36123.99
2026-08-10,TQQQ_100,1.0,328029.09,0.0,4453.4335,0.0,29621.8,29357.26,26156.8,56.14,TQQQ_100,"Bull trend confirmed: Price > SMA50 & SMA250, RSI 56.1",318029.09,3180.29,1568.14,35798.09
2026-08-11,TQQQ_100,1.0,324739.88,0.0,4453.4335,0.0,29525.48,29341.1,26179.55,55.05,TQQQ_100,"Bull trend confirmed: Price > SMA50 & SMA250, RSI 55.0",314739.88,3147.4,1562.71,35438.14
2026-08-12,TQQQ_100,1.0,331584.95,0.0,4453.4335,0.0,29742.6,29325.68,26203.12,57.08,TQQQ_100,"Bull trend confirmed: Price > SMA50 & SMA250, RSI 57.1",321584.95,3215.85,1574.94,36187.23
2026-08-13,TQQQ_100,1.0,342919.27,0.0,4453.4335,0.0,30084.5,29314.16,26228.13,60.14,TQQQ_100,"Bull trend confirmed: Price > SMA50 & SMA250, RSI 60.1",332919.27,3329.19,1594.2,37427.61
2026-08-14,TQQQ_100,1.0,341319.16,0.0,4453.4335,0.0,30046.14,29303.66,26253.47,59.63,TQQQ_100,"Bull trend confirmed: Price > SMA50 & SMA250, RSI 59.6",331319.16,3313.19,1592.03,37252.5
2026-08-17,TQQQ_100,1.0,339585.65,0.0,4453.4335,0.0,29995.38,29295.41,26278.59,58.91,TQQQ_100,"Bull trend confirmed: Price > SMA50 & SMA250, RSI 58.9",329585.65,3295.86,1589.18,37062.79
2026-08-18,TQQQ_100,1.0,322384.11,0.0,4453.4335,0.0,29490.96,29306.07,26303.02,52.2,TQQQ_100,"Bull trend confirmed: Price > SMA50 & SMA250, RSI 52.2",312384.11,3123.84,1560.77,35180.33
2026-08-19,TQQQ_100,1.0,320295.04,0.0,4453.4335,0.0,29426.02,29306.31,26327.72,51.39,TQQQ_100,"Bull trend confirmed: Price > SMA50 & SMA250, RSI 51.4",310295.04,3102.95,1557.11,34951.71
2026-08-20,CASH,0.0,313272.23,313272.23,0.0,0.0,29213.16,29308.88,26352.01,48.71,CASH,Clean exit: NDX 29213.2 broke below SMA50 (29308.9),303272.23,3032.72,1545.13,34183.17
2026-08-21,CASH,0.0,313310.85,313310.85,0.0,0.0,29308.86,29324.9,26375.25,49.97,CASH,Clean exit: NDX 29308.9 broke below SMA50 (29324.9),303310.85,3033.11,1550.52,34518.79
2026-08-24,CASH,0.0,313426.74,313426.74,0.0,0.0,29023.18,29316.44,26397.64,46.31,CASH,Clean exit: NDX 29023.2 broke below SMA50 (29316.4),303426.74,3034.27,1534.43,33468.12
2026-08-25,CASH,0.0,313465.38,313465.38,0.0,0.0,29209.23,29307.9,26420.37,48.93,CASH,Clean exit: NDX 29209.2 broke below SMA50 (29307.9),303465.38,3034.65,1544.9,34081.01
2026-08-26,CASH,0.0,313504.02,313504.02,0.0,0.0,29224.52,29281.52,26443.01,49.15,CASH,Clean exit: NDX 29224.5 broke below SMA50 (29281.5),303504.02,3035.04,1545.77,34178.3
2026-08-27,TQQQ_100,1.0,313542.67,0.0,4285.7978,0.0,29641.56,29274.99,26466.76,54.86,TQQQ_100,"Bull trend confirmed: Price > SMA50 & SMA250, RSI 54.9",303542.67,3035.43,1569.25,35554.88
2026-08-28,TQQQ_100,1.0,307340.25,0.0,4285.7978,0.0,29433.43,29270.23,26490.83,51.74,TQQQ_100,"Bull trend confirmed: Price > SMA50 & SMA250, RSI 51.7",297340.25,2973.4,1557.53,34849.56
2026-08-31,TQQQ_100,1.0,307639.66,0.0,4285.7978,0.0,29456.97,29251.25,26515.74,52.07,TQQQ_100,"Bull trend confirmed: Price > SMA50 & SMA250, RSI 52.1",297639.66,2976.4,1558.86,34883.61
2026-09-01,CASH,0.0,295790.94,295790.94,0.0,0.0,29077.22,29225.85,26538.39,46.51,CASH,Clean exit: NDX 29077.2 broke below SMA50 (29225.9),285790.94,2857.91,1537.47,33536.22
2026-09-02,CASH,0.0,295827.41,295827.41,0.0,0.0,29143.33,29221.77,26560.43,47.56,CASH,Clean exit: NDX 29143.3 broke below SMA50 (29221.8),285827.41,2858.27,1541.19,33755.11
2026-09-03,CASH,0.0,295863.88,295863.88,0.0,0.0,29482.32,29227.02,26583.75,52.69,CASH,1% confirmation buffer: NDX 29482.3 <= threshold (29519.3),285863.88,2858.64,1560.28,34937.12
2026-09-04,TQQQ_100,1.0,295900.36,0.0,4096.6219,0.0,29544.15,29229.1,26606.87,53.58,TQQQ_100,"Bull trend confirmed: Price > SMA50 & SMA250, RSI 53.6",285900.36,2859.0,1563.77,35102.51
2026-09-08,TQQQ_100,1.0,295041.73,0.0,4096.6219,0.0,29507.7,29236.89,26629.55,52.95,TQQQ_100,"Bull trend confirmed: Price > SMA50 & SMA250, RSI 52.9",285041.73,2850.42,1561.71,35000.36
2026-09-09,TQQQ_100,1.0,292547.6,0.0,4096.6219,0.0,29421.55,29229.82,26651.84,51.4,TQQQ_100,"Bull trend confirmed: Price > SMA50 & SMA250, RSI 51.4",282547.6,2825.48,1556.86,34703.64
2026-09-10,CASH,0.0,282979.99,282979.99,0.0,0.0,29103.51,29206.36,26672.28,46.05,CASH,Clean exit: NDX 29103.5 broke below SMA50 (29206.4),272979.99,2729.8,1538.95,33565.4
2026-09-11,CASH,0.0,283014.88,283014.88,0.0,0.0,29368.44,29197.55,26693.38,50.66,CASH,1% confirmation buffer: NDX 29368.4 <= threshold (29489.5),273014.88,2730.15,1553.87,34426.38
2026-09-14,CASH,0.0,283119.55,283119.55,0.0,0.0,29127.16,29193.51,26712.72,46.74,CASH,Clean exit: NDX 29127.2 broke below SMA50 (29193.5),273119.55,2731.2,1540.28,33594.59
2026-09-15,CASH,0.0,283154.46,283154.46,0.0,0.0,28937.84,29178.31,26731.37,43.88,CASH,Clean exit: NDX 28937.8 broke below SMA50 (29178.3),273154.46,2731.54,1529.62,32928.19
2026-09-16,CASH,0.0,283189.37,283189.37,0.0,0.0,28945.06,29173.75,26750.26,44.02,CASH,Clean exit: NDX 28945.1 broke below SMA50 (29173.8),273189.37,2731.89,1530.03,32942.78
2026-09-17,CASH,0.0,283224.28,283224.28,0.0,0.0,29446.98,29177.64,26770.23,52.88,CASH,1% confirmation buffer: NDX 29447.0 <= threshold (29469.4),273224.28,2732.24,1558.29,34620.94
2026-09-18,TQQQ_100,1.0,283259.2,0.0,3907.0341,0.0,29644.17,29175.98,26790.3,55.84,TQQQ_100,"Bull trend confirmed: Price > SMA50 & SMA250, RSI 55.8",273259.2,2732.59,1569.4,35233.84
2026-09-21,TQQQ_100,1.0,307709.04,0.0,3907.0341,0.0,30482.35,29189.12,26813.18,65.69,TQQQ_100,"Bull trend confirmed: Price > SMA50 & SMA250, RSI 65.7",297709.04,2977.09,1616.6,38283.72
2026-09-22,TQQQ_100,1.0,315196.09,0.0,3907.0341,0.0,30732.4,29218.49,26837.79,67.99,TQQQ_100,"Bull trend confirmed: Price > SMA50 & SMA250, RSI 68.0",305196.09,3051.96,1630.68,39217.65
2026-09-23,TQQQ_100,1.0,307327.32,0.0,3907.0341,0.0,30470.29,29236.17,26861.66,63.21,TQQQ_100,"Bull trend confirmed: Price > SMA50 & SMA250, RSI 63.2",297327.32,2973.27,1615.92,38236.1
2026-09-24,TQQQ_100,1.0,307014.75,0.0,3907.0341,0.0,30478.86,29255.7,26885.98,63.3,TQQQ_100,"Bull trend confirmed: Price > SMA50 & SMA250, RSI 63.3",297014.75,2970.15,1616.4,38197.11
2026-09-25,TQQQ_100,1.0,310999.91,0.0,3907.0341,0.0,30608.13,29287.34,26910.4,64.72,TQQQ_100,"Bull trend confirmed: Price > SMA50 & SMA250, RSI 64.7",300999.91,3010.0,1623.68,38694.22
2026-09-28,TQQQ_100,1.0,300997.91,0.0,3907.0341,0.0,30276.81,29321.03,26933.06,58.5,TQQQ_100,"Bull trend confirmed: Price > SMA50 & SMA250, RSI 58.5",290997.91,2909.98,1605.02,37446.57
2026-09-29,TQQQ_100,1.0,302638.86,0.0,3907.0341,0.0,30339.33,29355.73,26955.7,59.29,TQQQ_100,"Bull trend confirmed: Price > SMA50 & SMA250, RSI 59.3",292638.86,2926.39,1608.55,37651.26
2026-09-30,TQQQ_100,1.0,304865.87,0.0,3907.0341,0.0,30408.5,29380.79,26978.13,60.2,TQQQ_100,"Bull trend confirmed: Price > SMA50 & SMA250, RSI 60.2",294865.87,2948.66,1612.44,37929.06
2026-10-01,TQQQ_100,1.0,307600.81,0.0,3907.0341,0.0,30501.56,29410.86,27000.57,61.45,TQQQ_100,"Bull trend confirmed: Price > SMA50 & SMA250, RSI 61.4",297600.81,2976.01,1617.68,38270.22
